source_type,product,record_id,path,filename,date,year,month,time_bin,coverage_percent,count,read_ok_bool,passes_coverage_filter,tiny_footprint_flag,footprint_fraction_of_full_aoi,usable_record,epsg,crs,aoi_footprint_pixel_count,full_product_aoi_pixel_count,mean,median,min,max,std
raster,esi,ECO_L4T_ESI.002_ESI_20190219T121450_aid0001_32N.tif,data/ESI/ECO_L4T_ESI.002_ESI_20190219T121450_aid0001_32N.tif,ECO_L4T_ESI.002_ESI_20190219T121450_aid0001_32N.tif,2019-02-19 00:00:00,2019,2,midday_afternoon,27.5243877874018,9565.0,True,False,False,1.0,False,32632.0,EPSG:32632,34751.0,34751.0,0.7636628150939941,0.9999999403953552,0.0,1.0,0.3727534413337707
raster,esi,ECO_L4T_ESI.002_ESI_20190604T145035_aid0001_32N.tif,data/ESI/ECO_L4T_ESI.002_ESI_20190604T145035_aid0001_32N.tif,ECO_L4T_ESI.002_ESI_20190604T145035_aid0001_32N.tif,2019-06-04 00:00:00,2019,6,evening,20.32171736065149,7062.0,True,False,False,1.0,False,32632.0,EPSG:32632,34751.0,34751.0,0.9571644067764282,1.0,0.0,1.0,0.1260393410921096
raster,esi,ECO_L4T_ESI.002_ESI_20190609T122043_aid0001_32N.tif,data/ESI/ECO_L4T_ESI.002_ESI_20190609T122043_aid0001_32N.tif,ECO_L4T_ESI.002_ESI_20190609T122043_aid0001_32N.tif,2019-06-09 00:00:00,2019,6,midday_afternoon,17.71459814106069,6156.0,True,False,False,1.0,False,32632.0,EPSG:32632,34751.0,34751.0,0.8613293766975403,0.9524269104003906,0.0767981484532356,1.0,0.171405628323555
raster,esi,ECO_L4T_ESI.002_ESI_20190610T162134_aid0001_32N.tif,data/ESI/ECO_L4T_ESI.002_ESI_20190610T162134_aid0001_32N.tif,ECO_L4T_ESI.002_ESI_20190610T162134_aid0001_32N.tif,2019-06-10 00:00:00,2019,6,evening,54.06750884866622,18789.0,True,False,False,1.0,False,32632.0,EPSG:32632,34751.0,34751.0,0.8937016129493713,1.0,0.1172104179859161,1.0,0.1777037233114242
raster,esi,ECO_L4T_ESI.002_ESI_20190612T112813_aid0001_32N.tif,data/ESI/ECO_L4T_ESI.002_ESI_20190612T112813_aid0001_32N.tif,ECO_L4T_ESI.002_ESI_20190612T112813_aid0001_32N.tif,2019-06-12 00:00:00,2019,6,midday_afternoon,0.6704843026099968,233.0,True,False,False,1.0,False,32632.0,EPSG:32632,34751.0,34751.0,0.9935994148254396,1.0,0.7618241310119629,1.0,0.0304143615067005
raster,esi,ECO_L4T_ESI.002_ESI_20190614T144037_aid0001_32N.tif,data/ESI/ECO_L4T_ESI.002_ESI_20190614T144037_aid0001_32N.tif,ECO_L4T_ESI.002_ESI_20190614T144037_aid0001_32N.tif,2019-06-14 00:00:00,2019,6,evening,53.191489361702125,50.0,True,False,True,0.002704958130701275,False,32632.0,EPSG:32632,94.0,34751.0,0.6753724813461304,1.0,0.0282576084136962,1.0,0.4523877501487732
raster,esi,ECO_L4T_ESI.002_ESI_20190615T103650_aid0001_32N.tif,data/ESI/ECO_L4T_ESI.002_ESI_20190615T103650_aid0001_32N.tif,ECO_L4T_ESI.002_ESI_20190615T103650_aid0001_32N.tif,2019-06-15 00:00:00,2019,6,midday_afternoon,56.97965526171909,19801.0,True,False,False,1.0,False,32632.0,EPSG:32632,34751.0,34751.0,0.8783114552497864,0.9656804800033568,0.0318574644625186,1.0,0.1668945252895355
raster,esi,ECO_L4T_ESI.002_ESI_20200204T133500_aid0001_32N.tif,data/ESI/ECO_L4T_ESI.002_ESI_20200204T133500_aid0001_32N.tif,ECO_L4T_ESI.002_ESI_20200204T133500_aid0001_32N.tif,2020-02-04 00:00:00,2020,2,midday_afternoon,49.08347961209749,17057.0,True,False,False,1.0,False,32632.0,EPSG:32632,34751.0,34751.0,0.9260621666908264,1.0,0.0737263187766075,1.0,0.1468364745378494
raster,esi,ECO_L4T_ESI.002_ESI_20200404T132654_aid0001_32N.tif,data/ESI/ECO_L4T_ESI.002_ESI_20200404T132654_aid0001_32N.tif,ECO_L4T_ESI.002_ESI_20200404T132654_aid0001_32N.tif,2020-04-04 00:00:00,2020,4,midday_afternoon,31.25665448476303,10862.0,True,False,False,1.0,False,32632.0,EPSG:32632,34751.0,34751.0,0.8808574080467224,0.9999999403953552,0.0,1.0,0.2095879018306732
raster,esi,ECO_L4T_ESI.002_ESI_20200421T112222_aid0001_32N.tif,data/ESI/ECO_L4T_ESI.002_ESI_20200421T112222_aid0001_32N.tif,ECO_L4T_ESI.002_ESI_20200421T112222_aid0001_32N.tif,2020-04-21 00:00:00,2020,4,midday_afternoon,1.0560847169865617,367.0,True,False,False,1.0,False,32632.0,EPSG:32632,34751.0,34751.0,0.9849592447280884,1.0,0.8141152858734131,1.0,0.0397515445947647
raster,esi,ECO_L4T_ESI.002_ESI_20200605T131348_aid0001_32N.tif,data/ESI/ECO_L4T_ESI.002_ESI_20200605T131348_aid0001_32N.tif,ECO_L4T_ESI.002_ESI_20200605T131348_aid0001_32N.tif,2020-06-05 00:00:00,2020,6,midday_afternoon,55.93508100486317,19438.0,True,False,False,1.0,False,32632.0,EPSG:32632,34751.0,34751.0,0.8722996115684509,0.9271717071533204,0.0974995270371437,1.0,0.1609853208065033
raster,esi,ECO_L4T_ESI.002_ESI_20200606T122604_aid0001_32N.tif,data/ESI/ECO_L4T_ESI.002_ESI_20200606T122604_aid0001_32N.tif,ECO_L4T_ESI.002_ESI_20200606T122604_aid0001_32N.tif,2020-06-06 00:00:00,2020,6,midday_afternoon,1.1021265575091364,383.0,True,False,False,1.0,False,32632.0,EPSG:32632,34751.0,34751.0,0.8149641752243042,0.8096238374710083,0.3942962288856506,1.0,0.1086459979414939
raster,esi,ECO_L4T_ESI.002_ESI_20200606T171752_aid0001_32N.tif,data/ESI/ECO_L4T_ESI.002_ESI_20200606T171752_aid0001_32N.tif,ECO_L4T_ESI.002_ESI_20200606T171752_aid0001_32N.tif,2020-06-06 00:00:00,2020,6,evening,11.04140888031999,3837.0,True,False,False,1.0,False,32632.0,EPSG:32632,34751.0,34751.0,0.7992252707481384,0.7926064729690552,0.0716811567544937,1.0,0.1581936925649643
raster,esi,ECO_L4T_ESI.002_ESI_20200608T122708_aid0001_32N.tif,data/ESI/ECO_L4T_ESI.002_ESI_20200608T122708_aid0001_32N.tif,ECO_L4T_ESI.002_ESI_20200608T122708_aid0001_32N.tif,2020-06-08 00:00:00,2020,6,midday_afternoon,3.2574602169721736,1132.0,True,False,False,1.0,False,32632.0,EPSG:32632,34751.0,34751.0,0.8432814478874207,0.8589649796485901,0.5080195069313049,1.0,0.1152190417051315
raster,esi,ECO_L4T_ESI.002_ESI_20200610T105207_aid0001_32N.tif,data/ESI/ECO_L4T_ESI.002_ESI_20200610T105207_aid0001_32N.tif,ECO_L4T_ESI.002_ESI_20200610T105207_aid0001_32N.tif,2020-06-10 00:00:00,2020,6,midday_afternoon,33.76881240827602,11735.0,True,False,False,1.0,False,32632.0,EPSG:32632,34751.0,34751.0,0.8079425096511841,0.8162766098976135,0.1144990921020507,1.0,0.1167308762669563
raster,esi,ECO_L4T_ESI.002_ESI_20200611T145525_aid0001_32N.tif,data/ESI/ECO_L4T_ESI.002_ESI_20200611T145525_aid0001_32N.tif,ECO_L4T_ESI.002_ESI_20200611T145525_aid0001_32N.tif,2020-06-11 00:00:00,2020,6,evening,4.540876521538949,1578.0,True,False,False,1.0,False,32632.0,EPSG:32632,34751.0,34751.0,0.8493281602859497,0.7982907295227051,0.2980773746967315,1.0,0.1145512461662292
raster,esi,ECO_L4T_ESI.002_ESI_20200612T105304_aid0001_32N.tif,data/ESI/ECO_L4T_ESI.002_ESI_20200612T105304_aid0001_32N.tif,ECO_L4T_ESI.002_ESI_20200612T105304_aid0001_32N.tif,2020-06-12 00:00:00,2020,6,midday_afternoon,50.89062185260856,17685.0,True,False,False,1.0,False,32632.0,EPSG:32632,34751.0,34751.0,0.8279452919960022,0.8231024146080017,0.1280112564563751,1.0,0.1200757175683975
raster,esi,ECO_L4T_ESI.002_ESI_20200614T091731_aid0001_32N.tif,data/ESI/ECO_L4T_ESI.002_ESI_20200614T091731_aid0001_32N.tif,ECO_L4T_ESI.002_ESI_20200614T091731_aid0001_32N.tif,2020-06-14 00:00:00,2020,6,midday_afternoon,5.481856637219073,1905.0,True,False,False,1.0,False,32632.0,EPSG:32632,34751.0,34751.0,0.8154510855674744,0.7862986326217651,0.3319159746170044,1.0,0.0784087032079696
raster,esi,ECO_L4T_ESI.002_ESI_20200617T083012_aid0001_32N.tif,data/ESI/ECO_L4T_ESI.002_ESI_20200617T083012_aid0001_32N.tif,ECO_L4T_ESI.002_ESI_20200617T083012_aid0001_32N.tif,2020-06-17 00:00:00,2020,6,morning,34.86230612068717,12115.0,True,False,False,1.0,False,32632.0,EPSG:32632,34751.0,34751.0,0.7977558970451355,0.7837311029434204,0.2902221083641052,1.0,0.093931995332241
raster,esi,ECO_L4T_ESI.002_ESI_20210127T152613_aid0001_32N.tif,data/ESI/ECO_L4T_ESI.002_ESI_20210127T152613_aid0001_32N.tif,ECO_L4T_ESI.002_ESI_20210127T152613_aid0001_32N.tif,2021-01-27 00:00:00,2021,1,evening,20.69580731489741,7192.0,True,False,False,1.0,False,32632.0,EPSG:32632,34751.0,34751.0,0.988715648651123,1.0,0.3432027399539947,1.0,0.0704821273684501
raster,esi,ECO_L4T_ESI.002_ESI_20210129T152744_aid0001_32N.tif,data/ESI/ECO_L4T_ESI.002_ESI_20210129T152744_aid0001_32N.tif,ECO_L4T_ESI.002_ESI_20210129T152744_aid0001_32N.tif,2021-01-29 00:00:00,2021,1,evening,3.539466490172945,1230.0,True,False,False,1.0,False,32632.0,EPSG:32632,34751.0,34751.0,0.1982940733432769,0.0,0.0,1.0,0.3981263339519501
raster,esi,ECO_L4T_ESI.002_ESI_20210422T101429_aid0001_32N.tif,data/ESI/ECO_L4T_ESI.002_ESI_20210422T101429_aid0001_32N.tif,ECO_L4T_ESI.002_ESI_20210422T101429_aid0001_32N.tif,2021-04-22 00:00:00,2021,4,midday_afternoon,0.5927886967281517,206.0,True,False,False,1.0,False,32632.0,EPSG:32632,34751.0,34751.0,0.850675106048584,0.8934392333030701,0.376456618309021,1.0,0.1516272872686386
raster,esi,ECO_L4T_ESI.002_ESI_20210426T084149_aid0001_32N.tif,data/ESI/ECO_L4T_ESI.002_ESI_20210426T084149_aid0001_32N.tif,ECO_L4T_ESI.002_ESI_20210426T084149_aid0001_32N.tif,2021-04-26 00:00:00,2021,4,morning,4.230094098011568,1470.0,True,False,False,1.0,False,32632.0,EPSG:32632,34751.0,34751.0,0.877177894115448,0.9393139481544496,0.433799684047699,1.0,0.1518972665071487
raster,esi,ECO_L4T_ESI.002_ESI_20210430T070859_aid0001_32N.tif,data/ESI/ECO_L4T_ESI.002_ESI_20210430T070859_aid0001_32N.tif,ECO_L4T_ESI.002_ESI_20210430T070859_aid0001_32N.tif,2021-04-30 00:00:00,2021,4,morning,19.061321976346004,6624.0,True,False,False,1.0,False,32632.0,EPSG:32632,34751.0,34751.0,0.8978654146194458,0.974335789680481,0.3851054310798645,1.0,0.1374834179878235
raster,esi,ECO_L4T_ESI.002_ESI_20210504T053602_aid0001_32N.tif,data/ESI/ECO_L4T_ESI.002_ESI_20210504T053602_aid0001_32N.tif,ECO_L4T_ESI.002_ESI_20210504T053602_aid0001_32N.tif,2021-05-04 00:00:00,2021,5,morning,36.1716209605479,12570.0,True,False,False,1.0,False,32632.0,EPSG:32632,34751.0,34751.0,0.4093191027641296,0.5516018867492676,0.0,1.0,0.3876978158950805
raster,esi,ECO_L4T_ESI.002_ESI_20210506T053802_aid0001_32N.tif,data/ESI/ECO_L4T_ESI.002_ESI_20210506T053802_aid0001_32N.tif,ECO_L4T_ESI.002_ESI_20210506T053802_aid0001_32N.tif,2021-05-06 00:00:00,2021,5,morning,25.82083968806653,8973.0,True,False,False,1.0,False,32632.0,EPSG:32632,34751.0,34751.0,0.7083462476730347,0.6574878096580505,0.0838072672486305,1.0,0.1483777463436126
raster,esi,ECO_L4T_ESI.002_ESI_20210524T174926_aid0001_32N.tif,data/ESI/ECO_L4T_ESI.002_ESI_20210524T174926_aid0001_32N.tif,ECO_L4T_ESI.002_ESI_20210524T174926_aid0001_32N.tif,2021-05-24 00:00:00,2021,5,evening,59.70475669764899,20748.0,True,False,False,1.0,False,32632.0,EPSG:32632,34751.0,34751.0,0.7254297733306885,0.9269309043884276,0.0,1.0,0.388048380613327
raster,esi,ECO_L4T_ESI.002_ESI_20210529T152944_aid0001_32N.tif,data/ESI/ECO_L4T_ESI.002_ESI_20210529T152944_aid0001_32N.tif,ECO_L4T_ESI.002_ESI_20210529T152944_aid0001_32N.tif,2021-05-29 00:00:00,2021,5,evening,69.7648988518316,24244.0,True,False,False,1.0,False,32632.0,EPSG:32632,34751.0,34751.0,0.8775308132171631,0.9937047362327576,0.0,1.0,0.206109806895256
raster,esi,ECO_L4T_ESI.002_ESI_20210607T162802_aid0001_32N.tif,data/ESI/ECO_L4T_ESI.002_ESI_20210607T162802_aid0001_32N.tif,ECO_L4T_ESI.002_ESI_20210607T162802_aid0001_32N.tif,2021-06-07 00:00:00,2021,6,evening,3.320767747690714,1154.0,True,False,False,1.0,False,32632.0,EPSG:32632,34751.0,34751.0,0.55601567029953,0.890318751335144,0.0,1.0,0.4801700115203857
raster,esi,ECO_L4T_ESI.002_ESI_20210611T145512_aid0001_32N.tif,data/ESI/ECO_L4T_ESI.002_ESI_20210611T145512_aid0001_32N.tif,ECO_L4T_ESI.002_ESI_20210611T145512_aid0001_32N.tif,2021-06-11 00:00:00,2021,6,evening,60.3522200799977,20973.0,True,False,False,1.0,False,32632.0,EPSG:32632,34751.0,34751.0,0.7830517292022705,0.8196132779121399,0.0,1.0,0.2196310013532638
raster,esi,ECO_L4T_ESI.002_ESI_20210612T140746_aid0001_32N.tif,data/ESI/ECO_L4T_ESI.002_ESI_20210612T140746_aid0001_32N.tif,ECO_L4T_ESI.002_ESI_20210612T140746_aid0001_32N.tif,2021-06-12 00:00:00,2021,6,evening,58.92780063883054,20478.0,True,False,False,1.0,False,32632.0,EPSG:32632,34751.0,34751.0,0.8771776556968689,0.8713827133178711,0.019912676885724,1.0,0.134865716099739
raster,esi,ECO_L4T_ESI.002_ESI_20210622T061157_aid0001_32N.tif,data/ESI/ECO_L4T_ESI.002_ESI_20210622T061157_aid0001_32N.tif,ECO_L4T_ESI.002_ESI_20210622T061157_aid0001_32N.tif,2021-06-22 00:00:00,2021,6,morning,30.997669131823542,10772.0,True,False,False,1.0,False,32632.0,EPSG:32632,34751.0,34751.0,0.7816015481948853,0.7890685796737671,0.217311218380928,1.0,0.1610334664583206
raster,esi,ECO_L4T_ESI.002_ESI_20220130T140709_aid0001_32N.tif,data/ESI/ECO_L4T_ESI.002_ESI_20220130T140709_aid0001_32N.tif,ECO_L4T_ESI.002_ESI_20220130T140709_aid0001_32N.tif,2022-01-30 00:00:00,2022,1,evening,0.8373859745043307,291.0,True,False,False,1.0,False,32632.0,EPSG:32632,34751.0,34751.0,0.4195774793624878,0.6027545928955078,0.0,1.0,0.3958138823509216
raster,esi,ECO_L4T_ESI.002_ESI_20220412T101425_aid0001_32N.tif,data/ESI/ECO_L4T_ESI.002_ESI_20220412T101425_aid0001_32N.tif,ECO_L4T_ESI.002_ESI_20220412T101425_aid0001_32N.tif,2022-04-12 00:00:00,2022,4,midday_afternoon,25.48128111421254,8855.0,True,False,False,1.0,False,32632.0,EPSG:32632,34751.0,34751.0,0.8660576939582825,1.0,0.0,1.0,0.3235977590084076
raster,esi,ECO_L4T_ESI.002_ESI_20220419T110355_aid0001_32N.tif,data/ESI/ECO_L4T_ESI.002_ESI_20220419T110355_aid0001_32N.tif,ECO_L4T_ESI.002_ESI_20220419T110355_aid0001_32N.tif,2022-04-19 00:00:00,2022,4,midday_afternoon,4.753820033955857,1652.0,True,False,False,1.0,False,32632.0,EPSG:32632,34751.0,34751.0,0.9024205803871156,0.9515140056610109,0.0236785113811492,1.0,0.1576880663633346
raster,esi,ECO_L4T_ESI.002_ESI_20220422T101457_aid0001_32N.tif,data/ESI/ECO_L4T_ESI.002_ESI_20220422T101457_aid0001_32N.tif,ECO_L4T_ESI.002_ESI_20220422T101457_aid0001_32N.tif,2022-04-22 00:00:00,2022,4,midday_afternoon,2.6272625248194297,913.0,True,False,False,1.0,False,32632.0,EPSG:32632,34751.0,34751.0,0.9926688075065612,1.0,0.8723411560058594,1.0,0.021170737221837
raster,esi,ECO_L4T_ESI.002_ESI_20220528T154844_aid0001_32N.tif,data/ESI/ECO_L4T_ESI.002_ESI_20220528T154844_aid0001_32N.tif,ECO_L4T_ESI.002_ESI_20220528T154844_aid0001_32N.tif,2022-05-28 00:00:00,2022,5,evening,42.908117752007136,14911.0,True,False,False,1.0,False,32632.0,EPSG:32632,34751.0,34751.0,0.8270902037620544,0.9400482773780824,0.0,1.0,0.2544032037258148
raster,esi,ECO_L4T_ESI.002_ESI_20220529T150000_aid0001_32N.tif,data/ESI/ECO_L4T_ESI.002_ESI_20220529T150000_aid0001_32N.tif,ECO_L4T_ESI.002_ESI_20220529T150000_aid0001_32N.tif,2022-05-29 00:00:00,2022,5,evening,28.804926476935915,10010.0,True,False,False,1.0,False,32632.0,EPSG:32632,34751.0,34751.0,0.8736745715141296,0.9874407052993774,0.0,1.0,0.2073857188224792
raster,esi,ECO_L4T_ESI.002_ESI_20220529T150052_aid0001_32N.tif,data/ESI/ECO_L4T_ESI.002_ESI_20220529T150052_aid0001_32N.tif,ECO_L4T_ESI.002_ESI_20220529T150052_aid0001_32N.tif,2022-05-29 00:00:00,2022,5,evening,63.88017611004,22199.0,True,False,False,1.0,False,32632.0,EPSG:32632,34751.0,34751.0,0.7068677544593811,0.7746603488922119,0.0,1.0,0.2733675539493561
raster,esi,ECO_L4T_ESI.002_ESI_20220601T141211_aid0001_32N.tif,data/ESI/ECO_L4T_ESI.002_ESI_20220601T141211_aid0001_32N.tif,ECO_L4T_ESI.002_ESI_20220601T141211_aid0001_32N.tif,2022-06-01 00:00:00,2022,6,evening,0.1841673620902995,64.0,True,False,False,1.0,False,32632.0,EPSG:32632,34751.0,34751.0,0.9257699251174928,0.9030184149742126,0.804405689239502,0.9979430437088012,0.0496579334139823
raster,esi,ECO_L4T_ESI.002_ESI_20220601T141303_aid0001_32N.tif,data/ESI/ECO_L4T_ESI.002_ESI_20220601T141303_aid0001_32N.tif,ECO_L4T_ESI.002_ESI_20220601T141303_aid0001_32N.tif,2022-06-01 00:00:00,2022,6,evening,2.140945584299732,744.0,True,False,False,1.0,False,32632.0,EPSG:32632,34751.0,34751.0,0.7462102174758911,0.8845402002334595,0.0616602189838886,1.0,0.2769612669944763
raster,esi,ECO_L4T_ESI.002_ESI_20220605T123628_aid0001_32N.tif,data/ESI/ECO_L4T_ESI.002_ESI_20220605T123628_aid0001_32N.tif,ECO_L4T_ESI.002_ESI_20220605T123628_aid0001_32N.tif,2022-06-05 00:00:00,2022,6,midday_afternoon,60.09323472705821,20883.0,True,False,False,1.0,False,32632.0,EPSG:32632,34751.0,34751.0,0.745109498500824,0.8370292782783508,0.0008463179110549,1.0,0.2532053887844085
raster,esi,ECO_L4T_ESI.002_ESI_20220606T114746_aid0001_32N.tif,data/ESI/ECO_L4T_ESI.002_ESI_20220606T114746_aid0001_32N.tif,ECO_L4T_ESI.002_ESI_20220606T114746_aid0001_32N.tif,2022-06-06 00:00:00,2022,6,midday_afternoon,53.16106011337804,18474.0,True,False,False,1.0,False,32632.0,EPSG:32632,34751.0,34751.0,0.7579215168952942,0.8517560958862305,0.013587187975645,1.0,0.2530104219913482
raster,esi,ECO_L4T_ESI.002_ESI_20220606T114838_aid0001_32N.tif,data/ESI/ECO_L4T_ESI.002_ESI_20220606T114838_aid0001_32N.tif,ECO_L4T_ESI.002_ESI_20220606T114838_aid0001_32N.tif,2022-06-06 00:00:00,2022,6,midday_afternoon,49.20433944346925,17099.0,True,False,False,1.0,False,32632.0,EPSG:32632,34751.0,34751.0,0.8193458318710327,0.8973881006240845,0.0457168966531753,1.0,0.2127707749605178
raster,esi,ECO_L4T_ESI.002_ESI_20220607T155034_aid0001_32N.tif,data/ESI/ECO_L4T_ESI.002_ESI_20220607T155034_aid0001_32N.tif,ECO_L4T_ESI.002_ESI_20220607T155034_aid0001_32N.tif,2022-06-07 00:00:00,2022,6,evening,0.8575292797329573,298.0,True,False,False,1.0,False,32632.0,EPSG:32632,34751.0,34751.0,0.8156211376190186,0.8461968302726746,0.4662072658538818,0.9999999403953552,0.1339275240898132
raster,esi,ECO_L4T_ESI.002_ESI_20220607T155126_aid0001_32N.tif,data/ESI/ECO_L4T_ESI.002_ESI_20220607T155126_aid0001_32N.tif,ECO_L4T_ESI.002_ESI_20220607T155126_aid0001_32N.tif,2022-06-07 00:00:00,2022,6,evening,25.59063048545366,8893.0,True,False,False,1.0,False,32632.0,EPSG:32632,34751.0,34751.0,0.8172484040260315,0.7919787764549255,0.2830706238746643,1.0,0.1066752448678016
raster,esi,ECO_L4T_ESI.002_ESI_20220612T101126_aid0001_32N.tif,data/ESI/ECO_L4T_ESI.002_ESI_20220612T101126_aid0001_32N.tif,ECO_L4T_ESI.002_ESI_20220612T101126_aid0001_32N.tif,2022-06-12 00:00:00,2022,6,midday_afternoon,0.0345313803919311,12.0,True,False,False,1.0,False,32632.0,EPSG:32632,34751.0,34751.0,0.9390800595283508,0.9370962381362916,0.9346148371696472,0.9612067937850952,0.0069395322352647
raster,esi,ECO_L4T_ESI.002_ESI_20220613T092328_aid0001_32N.tif,data/ESI/ECO_L4T_ESI.002_ESI_20220613T092328_aid0001_32N.tif,ECO_L4T_ESI.002_ESI_20220613T092328_aid0001_32N.tif,2022-06-13 00:00:00,2022,6,midday_afternoon,39.76288452130874,13818.0,True,False,False,1.0,False,32632.0,EPSG:32632,34751.0,34751.0,0.7752969264984131,0.8298985958099365,0.0342584066092968,1.0,0.1610539853572845
raster,esi,ECO_L4T_ESI.002_ESI_20220616T083449_aid0001_32N.tif,data/ESI/ECO_L4T_ESI.002_ESI_20220616T083449_aid0001_32N.tif,ECO_L4T_ESI.002_ESI_20220616T083449_aid0001_32N.tif,2022-06-16 00:00:00,2022,6,morning,47.42309573825214,16480.0,True,False,False,1.0,False,32632.0,EPSG:32632,34751.0,34751.0,0.8466075658798218,0.8761584162712097,0.0612902753055095,1.0,0.130343958735466
raster,esi,ECO_L4T_ESI.002_ESI_20220627T074901_aid0001_32N.tif,data/ESI/ECO_L4T_ESI.002_ESI_20220627T074901_aid0001_32N.tif,ECO_L4T_ESI.002_ESI_20220627T074901_aid0001_32N.tif,2022-06-27 00:00:00,2022,6,morning,5.99982734309804,2085.0,True,False,False,1.0,False,32632.0,EPSG:32632,34751.0,34751.0,0.5100500583648682,0.5196537375450134,0.0201486703008413,0.999999701976776,0.2797211408615112
raster,esi,ECO_L4T_ESI.002_ESI_20230207T110713_aid0001_32N.tif,data/ESI/ECO_L4T_ESI.002_ESI_20230207T110713_aid0001_32N.tif,ECO_L4T_ESI.002_ESI_20230207T110713_aid0001_32N.tif,2023-02-07 00:00:00,2023,2,midday_afternoon,18.20667031164571,6327.0,True,False,False,1.0,False,32632.0,EPSG:32632,34751.0,34751.0,0.4918660819530487,0.4982984066009521,0.0,1.0,0.3948838114738464
raster,esi,ECO_L4T_ESI.002_ESI_20230222T084457_aid0001_32N.tif,data/ESI/ECO_L4T_ESI.002_ESI_20230222T084457_aid0001_32N.tif,ECO_L4T_ESI.002_ESI_20230222T084457_aid0001_32N.tif,2023-02-22 00:00:00,2023,2,morning,10.845731058099048,3769.0,True,False,False,1.0,False,32632.0,EPSG:32632,34751.0,34751.0,0.6405845880508423,0.7481429576873779,0.0,1.0,0.3402647078037262
raster,esi,ECO_L4T_ESI.002_ESI_20230226T071051_aid0001_32N.tif,data/ESI/ECO_L4T_ESI.002_ESI_20230226T071051_aid0001_32N.tif,ECO_L4T_ESI.002_ESI_20230226T071051_aid0001_32N.tif,2023-02-26 00:00:00,2023,2,morning,17.9937267992288,6253.0,True,False,False,1.0,False,32632.0,EPSG:32632,34751.0,34751.0,0.1280380189418792,0.0,0.0,1.0,0.2780255973339081
raster,esi,ECO_L4T_ESI.002_ESI_20230301T062449_aid0001_32N.tif,data/ESI/ECO_L4T_ESI.002_ESI_20230301T062449_aid0001_32N.tif,ECO_L4T_ESI.002_ESI_20230301T062449_aid0001_32N.tif,2023-03-01 00:00:00,2023,3,morning,4.333688239187362,1506.0,True,False,False,1.0,False,32632.0,EPSG:32632,34751.0,34751.0,0.0006564134382642,0.0,0.0,0.5065883994102478,0.0180061608552932
raster,esi,ECO_L4T_ESI.002_ESI_20230330T143200_aid0001_32N.tif,data/ESI/ECO_L4T_ESI.002_ESI_20230330T143200_aid0001_32N.tif,ECO_L4T_ESI.002_ESI_20230330T143200_aid0001_32N.tif,2023-03-30 00:00:00,2023,3,evening,17.423959022761935,6055.0,True,False,False,1.0,False,32632.0,EPSG:32632,34751.0,34751.0,0.843022346496582,0.9956692457199096,0.0,1.0,0.3103973567485809
raster,esi,ECO_L4T_ESI.002_ESI_20230411T094752_aid0001_32N.tif,data/ESI/ECO_L4T_ESI.002_ESI_20230411T094752_aid0001_32N.tif,ECO_L4T_ESI.002_ESI_20230411T094752_aid0001_32N.tif,2023-04-11 00:00:00,2023,4,midday_afternoon,22.32165980835084,7757.0,True,False,False,1.0,False,32632.0,EPSG:32632,34751.0,34751.0,0.8692609667778015,0.9092498421669006,0.0354707576334476,1.0,0.1659168452024459
raster,esi,ECO_L4T_ESI.002_ESI_20230412T135038_aid0001_32N.tif,data/ESI/ECO_L4T_ESI.002_ESI_20230412T135038_aid0001_32N.tif,ECO_L4T_ESI.002_ESI_20230412T135038_aid0001_32N.tif,2023-04-12 00:00:00,2023,4,midday_afternoon,22.433886794624616,7796.0,True,False,False,1.0,False,32632.0,EPSG:32632,34751.0,34751.0,0.9351525902748108,0.9996057748794556,0.2395290285348892,1.0,0.1020304858684539
raster,esi,ECO_L4T_ESI.002_ESI_20230412T135130_aid0001_32N.tif,data/ESI/ECO_L4T_ESI.002_ESI_20230412T135130_aid0001_32N.tif,ECO_L4T_ESI.002_ESI_20230412T135130_aid0001_32N.tif,2023-04-12 00:00:00,2023,4,midday_afternoon,52.68049840292366,18307.0,True,False,False,1.0,False,32632.0,EPSG:32632,34751.0,34751.0,0.8850695490837097,0.9313371777534484,0.1754459589719772,1.0,0.1456825733184814
raster,esi,ECO_L4T_ESI.002_ESI_20230413T130243_aid0001_32N.tif,data/ESI/ECO_L4T_ESI.002_ESI_20230413T130243_aid0001_32N.tif,ECO_L4T_ESI.002_ESI_20230413T130243_aid0001_32N.tif,2023-04-13 00:00:00,2023,4,midday_afternoon,0.8863054300595666,308.0,True,False,False,1.0,False,32632.0,EPSG:32632,34751.0,34751.0,0.8098249435424805,0.8458952903747559,0.063203364610672,1.0,0.2419831901788711
raster,esi,ECO_L4T_ESI.002_ESI_20230425T081223_aid0001_32N.tif,data/ESI/ECO_L4T_ESI.002_ESI_20230425T081223_aid0001_32N.tif,ECO_L4T_ESI.002_ESI_20230425T081223_aid0001_32N.tif,2023-04-25 00:00:00,2023,4,morning,7.838623348968375,2724.0,True,False,False,1.0,False,32632.0,EPSG:32632,34751.0,34751.0,0.7526538372039795,0.7819560766220093,0.0,1.0,0.2111889123916626
raster,esi,ECO_L4T_ESI.002_ESI_20230501T063446_aid0001_32N.tif,data/ESI/ECO_L4T_ESI.002_ESI_20230501T063446_aid0001_32N.tif,ECO_L4T_ESI.002_ESI_20230501T063446_aid0001_32N.tif,2023-05-01 00:00:00,2023,5,morning,16.192339788783055,5627.0,True,False,False,1.0,False,32632.0,EPSG:32632,34751.0,34751.0,0.928967297077179,0.954312801361084,0.4782165586948395,1.0,0.0878468379378318
raster,esi,ECO_L4T_ESI.002_ESI_20230603T124450_aid0001_32N.tif,data/ESI/ECO_L4T_ESI.002_ESI_20230603T124450_aid0001_32N.tif,ECO_L4T_ESI.002_ESI_20230603T124450_aid0001_32N.tif,2023-06-03 00:00:00,2023,6,midday_afternoon,7.286121262697476,2532.0,True,False,False,1.0,False,32632.0,EPSG:32632,34751.0,34751.0,0.8113259673118591,0.8868323564529419,0.0,1.0,0.2407002002000808
raster,esi,ECO_L4T_ESI.002_ESI_20230606T115505_aid0001_32N.tif,data/ESI/ECO_L4T_ESI.002_ESI_20230606T115505_aid0001_32N.tif,ECO_L4T_ESI.002_ESI_20230606T115505_aid0001_32N.tif,2023-06-06 00:00:00,2023,6,midday_afternoon,51.62153607090444,17939.0,True,False,False,1.0,False,32632.0,EPSG:32632,34751.0,34751.0,0.8147076368331909,0.865509033203125,0.0230978913605213,1.0,0.1951329559087753
raster,esi,ECO_L4T_ESI.002_ESI_20230607T110557_aid0001_32N.tif,data/ESI/ECO_L4T_ESI.002_ESI_20230607T110557_aid0001_32N.tif,ECO_L4T_ESI.002_ESI_20230607T110557_aid0001_32N.tif,2023-06-07 00:00:00,2023,6,midday_afternoon,25.308624212252884,8795.0,True,False,False,1.0,False,32632.0,EPSG:32632,34751.0,34751.0,0.8354438543319702,0.8977516889572144,0.0008200238225981,1.0,0.2199400663375854
raster,esi,ECO_L4T_ESI.002_ESI_20230608T150806_aid0001_32N.tif,data/ESI/ECO_L4T_ESI.002_ESI_20230608T150806_aid0001_32N.tif,ECO_L4T_ESI.002_ESI_20230608T150806_aid0001_32N.tif,2023-06-08 00:00:00,2023,6,evening,55.22431009179593,19191.0,True,False,False,1.0,False,32632.0,EPSG:32632,34751.0,34751.0,0.870664656162262,0.8637774586677551,0.0760632529854774,1.0,0.126356691122055
raster,esi,ECO_L4T_ESI.002_ESI_20230609T141922_aid0001_32N.tif,data/ESI/ECO_L4T_ESI.002_ESI_20230609T141922_aid0001_32N.tif,ECO_L4T_ESI.002_ESI_20230609T141922_aid0001_32N.tif,2023-06-09 00:00:00,2023,6,evening,15.23984921297229,5296.0,True,False,False,1.0,False,32632.0,EPSG:32632,34751.0,34751.0,0.8910144567489624,0.9031141996383668,0.0528858117759227,1.0,0.1042514443397522
raster,esi,ECO_L4T_ESI.002_ESI_20230612T132855_aid0001_32N.tif,data/ESI/ECO_L4T_ESI.002_ESI_20230612T132855_aid0001_32N.tif,ECO_L4T_ESI.002_ESI_20230612T132855_aid0001_32N.tif,2023-06-12 00:00:00,2023,6,midday_afternoon,30.692641938361486,10666.0,True,False,False,1.0,False,32632.0,EPSG:32632,34751.0,34751.0,0.737342119216919,0.8385442495346069,0.0014326646924018,1.0,0.2618139982223511
raster,esi,ECO_L4T_ESI.002_ESI_20230616T114931_aid0001_32N.tif,data/ESI/ECO_L4T_ESI.002_ESI_20230616T114931_aid0001_32N.tif,ECO_L4T_ESI.002_ESI_20230616T114931_aid0001_32N.tif,2023-06-16 00:00:00,2023,6,midday_afternoon,41.19593680757389,14316.0,True,False,False,1.0,False,32632.0,EPSG:32632,34751.0,34751.0,0.7915122509002686,0.873046875,0.0379705168306827,1.0,0.2167656868696212
raster,esi,ECO_L4T_ESI.002_ESI_20230619T110056_aid0001_32N.tif,data/ESI/ECO_L4T_ESI.002_ESI_20230619T110056_aid0001_32N.tif,ECO_L4T_ESI.002_ESI_20230619T110056_aid0001_32N.tif,2023-06-19 00:00:00,2023,6,midday_afternoon,15.64271531754482,5436.0,True,False,False,1.0,False,32632.0,EPSG:32632,34751.0,34751.0,0.5541014075279236,0.6606858372688293,0.0145347118377685,1.0,0.346443772315979
raster,esi,ECO_L4T_ESI.002_ESI_20230621T060918_aid0001_32N.tif,data/ESI/ECO_L4T_ESI.002_ESI_20230621T060918_aid0001_32N.tif,ECO_L4T_ESI.002_ESI_20230621T060918_aid0001_32N.tif,2023-06-21 00:00:00,2023,6,morning,10.221288596011624,3552.0,True,False,False,1.0,False,32632.0,EPSG:32632,34751.0,34751.0,0.8185722827911377,0.8004829287528992,0.0429707318544387,1.0,0.1607668101787567
raster,esi,ECO_L4T_ESI.002_ESI_20230622T052033_aid0001_32N.tif,data/ESI/ECO_L4T_ESI.002_ESI_20230622T052033_aid0001_32N.tif,ECO_L4T_ESI.002_ESI_20230622T052033_aid0001_32N.tif,2023-06-22 00:00:00,2023,6,morning,61.54930793358464,21389.0,True,False,False,1.0,False,32632.0,EPSG:32632,34751.0,34751.0,0.807990550994873,0.7901562452316284,0.0,1.0,0.1297694891691208
raster,esi,ECO_L4T_ESI.002_ESI_20230623T043153_aid0001_32N.tif,data/ESI/ECO_L4T_ESI.002_ESI_20230623T043153_aid0001_32N.tif,ECO_L4T_ESI.002_ESI_20230623T043153_aid0001_32N.tif,2023-06-23 00:00:00,2023,6,morning,0.0374089954245921,13.0,True,False,False,1.0,False,32632.0,EPSG:32632,34751.0,34751.0,0.9039376378059388,0.8981750011444092,0.8953002095222473,0.9394201636314392,0.0149043845012784
raster,esi,ECO_L4T_ESI.002_ESI_20240616T103858_aid0001_32N.tif,data/ESI/ECO_L4T_ESI.002_ESI_20240616T103858_aid0001_32N.tif,ECO_L4T_ESI.002_ESI_20240616T103858_aid0001_32N.tif,2024-06-16 00:00:00,2024,6,midday_afternoon,12.64999568357745,4396.0,True,False,False,1.0,False,32632.0,EPSG:32632,34751.0,34751.0,0.8724336624145508,0.9798583984375,0.060211818665266,1.0,0.1761596351861953
raster,esi,ECO_L4T_ESI.002_ESI_20250222T071815_aid0001_32N.tif,data/ESI/ECO_L4T_ESI.002_ESI_20250222T071815_aid0001_32N.tif,ECO_L4T_ESI.002_ESI_20250222T071815_aid0001_32N.tif,2025-02-22 00:00:00,2025,2,morning,30.459555120715955,10585.0,True,False,False,1.0,False,32632.0,EPSG:32632,34751.0,34751.0,0.7359195351600647,0.969830334186554,0.0,1.0,0.3604452013969421
raster,esi,ECO_L4T_ESI.002_ESI_20250516T175254_aid0001_32N.tif,data/ESI/ECO_L4T_ESI.002_ESI_20250516T175254_aid0001_32N.tif,ECO_L4T_ESI.002_ESI_20250516T175254_aid0001_32N.tif,2025-05-16 00:00:00,2025,5,evening,0.0057552300653218,2.0,True,False,False,1.0,False,32632.0,EPSG:32632,34751.0,34751.0,0.5576428771018982,0.5576428771018982,0.5294206738471985,0.5858650803565979,0.0282222032546997
raster,esi,ECO_L4T_ESI.002_ESI_20250603T112957_aid0001_32N.tif,data/ESI/ECO_L4T_ESI.002_ESI_20250603T112957_aid0001_32N.tif,ECO_L4T_ESI.002_ESI_20250603T112957_aid0001_32N.tif,2025-06-03 00:00:00,2025,6,midday_afternoon,38.75571925987742,13468.0,True,False,False,1.0,False,32632.0,EPSG:32632,34751.0,34751.0,0.8259354829788208,0.9103588461875916,0.0149978324770927,1.0,0.2004447281360626
raster,esi,ECO_L4T_ESI.002_ESI_20250624T072630_aid0001_32N.tif,data/ESI/ECO_L4T_ESI.002_ESI_20250624T072630_aid0001_32N.tif,ECO_L4T_ESI.002_ESI_20250624T072630_aid0001_32N.tif,2025-06-24 00:00:00,2025,6,morning,48.76694195850479,16947.0,True,False,False,1.0,False,32632.0,EPSG:32632,34751.0,34751.0,0.7764719128608704,0.8628883957862854,0.0116499839350581,1.0,0.2156641632318496
raster,et,ECO_L3T_JET.002_ETdaily_20190219T121450_aid0001_32N.tif,data/ET/ECO_L3T_JET.002_ETdaily_20190219T121450_aid0001_32N.tif,ECO_L3T_JET.002_ETdaily_20190219T121450_aid0001_32N.tif,2019-02-19 00:00:00,2019,2,midday_afternoon,27.5243877874018,9565.0,True,False,False,1.0,False,32632.0,EPSG:32632,34751.0,34751.0,0.2424881756305694,0.2274037599563598,0.0,0.9936405420303344,0.1921009719371795
raster,et,ECO_L3T_JET.002_ETdaily_20190604T145035_aid0001_32N.tif,data/ET/ECO_L3T_JET.002_ETdaily_20190604T145035_aid0001_32N.tif,ECO_L3T_JET.002_ETdaily_20190604T145035_aid0001_32N.tif,2019-06-04 00:00:00,2019,6,evening,20.32171736065149,7062.0,True,False,False,1.0,False,32632.0,EPSG:32632,34751.0,34751.0,0.6621391177177429,0.6613723039627075,0.0,2.597302198410034,0.3277113139629364
raster,et,ECO_L3T_JET.002_ETdaily_20190609T122043_aid0001_32N.tif,data/ET/ECO_L3T_JET.002_ETdaily_20190609T122043_aid0001_32N.tif,ECO_L3T_JET.002_ETdaily_20190609T122043_aid0001_32N.tif,2019-06-09 00:00:00,2019,6,midday_afternoon,17.71459814106069,6156.0,True,False,False,1.0,False,32632.0,EPSG:32632,34751.0,34751.0,1.2045366764068604,1.281236171722412,0.1826845854520797,2.6725845336914062,0.4073609709739685
raster,et,ECO_L3T_JET.002_ETdaily_20190610T162134_aid0001_32N.tif,data/ET/ECO_L3T_JET.002_ETdaily_20190610T162134_aid0001_32N.tif,ECO_L3T_JET.002_ETdaily_20190610T162134_aid0001_32N.tif,2019-06-10 00:00:00,2019,6,evening,54.06750884866622,18789.0,True,False,False,1.0,False,32632.0,EPSG:32632,34751.0,34751.0,0.80865079164505,0.6951082944869995,0.0705071240663528,2.788593053817749,0.4152003824710846
raster,et,ECO_L3T_JET.002_ETdaily_20190612T112813_aid0001_32N.tif,data/ET/ECO_L3T_JET.002_ETdaily_20190612T112813_aid0001_32N.tif,ECO_L3T_JET.002_ETdaily_20190612T112813_aid0001_32N.tif,2019-06-12 00:00:00,2019,6,midday_afternoon,0.6704843026099968,233.0,True,False,False,1.0,False,32632.0,EPSG:32632,34751.0,34751.0,1.5093501806259155,1.4279441833496094,0.5030900239944458,2.7636094093322754,0.3908030390739441
raster,et,ECO_L3T_JET.002_ETdaily_20190614T144037_aid0001_32N.tif,data/ET/ECO_L3T_JET.002_ETdaily_20190614T144037_aid0001_32N.tif,ECO_L3T_JET.002_ETdaily_20190614T144037_aid0001_32N.tif,2019-06-14 00:00:00,2019,6,evening,53.191489361702125,50.0,True,False,True,0.002704958130701275,False,32632.0,EPSG:32632,94.0,34751.0,1.7489961385726929,1.907215595245361,1.0405189990997314,2.5346693992614746,0.4855944514274597
raster,et,ECO_L3T_JET.002_ETdaily_20190615T103650_aid0001_32N.tif,data/ET/ECO_L3T_JET.002_ETdaily_20190615T103650_aid0001_32N.tif,ECO_L3T_JET.002_ETdaily_20190615T103650_aid0001_32N.tif,2019-06-15 00:00:00,2019,6,midday_afternoon,56.97965526171909,19801.0,True,False,False,1.0,False,32632.0,EPSG:32632,34751.0,34751.0,2.3822262287139893,2.2469611167907715,0.2022667378187179,6.110996246337891,1.139837622642517
raster,et,ECO_L3T_JET.002_ETdaily_20200204T133500_aid0001_32N.tif,data/ET/ECO_L3T_JET.002_ETdaily_20200204T133500_aid0001_32N.tif,ECO_L3T_JET.002_ETdaily_20200204T133500_aid0001_32N.tif,2020-02-04 00:00:00,2020,2,midday_afternoon,49.08347961209749,17057.0,True,False,False,1.0,False,32632.0,EPSG:32632,34751.0,34751.0,0.2401814758777618,0.2531078159809112,0.0410113036632537,0.5019412636756897,0.0704946517944336
raster,et,ECO_L3T_JET.002_ETdaily_20200404T132654_aid0001_32N.tif,data/ET/ECO_L3T_JET.002_ETdaily_20200404T132654_aid0001_32N.tif,ECO_L3T_JET.002_ETdaily_20200404T132654_aid0001_32N.tif,2020-04-04 00:00:00,2020,4,midday_afternoon,31.25665448476303,10862.0,True,False,False,1.0,False,32632.0,EPSG:32632,34751.0,34751.0,0.6629940867424011,0.6380316019058228,0.0,1.6722503900527954,0.3229130208492279
raster,et,ECO_L3T_JET.002_ETdaily_20200421T112222_aid0001_32N.tif,data/ET/ECO_L3T_JET.002_ETdaily_20200421T112222_aid0001_32N.tif,ECO_L3T_JET.002_ETdaily_20200421T112222_aid0001_32N.tif,2020-04-21 00:00:00,2020,4,midday_afternoon,1.0560847169865617,367.0,True,False,False,1.0,False,32632.0,EPSG:32632,34751.0,34751.0,2.4140987396240234,2.323326110839844,1.9194930791854856,3.4008917808532715,0.2929145693778991
raster,et,ECO_L3T_JET.002_ETdaily_20200605T131348_aid0001_32N.tif,data/ET/ECO_L3T_JET.002_ETdaily_20200605T131348_aid0001_32N.tif,ECO_L3T_JET.002_ETdaily_20200605T131348_aid0001_32N.tif,2020-06-05 00:00:00,2020,6,midday_afternoon,55.93508100486317,19438.0,True,False,False,1.0,False,32632.0,EPSG:32632,34751.0,34751.0,2.1965198516845703,2.180634021759033,0.3851510286331177,5.368775844573975,0.5710400342941284
raster,et,ECO_L3T_JET.002_ETdaily_20200606T122604_aid0001_32N.tif,data/ET/ECO_L3T_JET.002_ETdaily_20200606T122604_aid0001_32N.tif,ECO_L3T_JET.002_ETdaily_20200606T122604_aid0001_32N.tif,2020-06-06 00:00:00,2020,6,midday_afternoon,1.1021265575091364,383.0,True,False,False,1.0,False,32632.0,EPSG:32632,34751.0,34751.0,1.1532198190689087,1.1658811569213867,0.5607273578643799,1.6531356573104858,0.1635577827692031
raster,et,ECO_L3T_JET.002_ETdaily_20200606T171752_aid0001_32N.tif,data/ET/ECO_L3T_JET.002_ETdaily_20200606T171752_aid0001_32N.tif,ECO_L3T_JET.002_ETdaily_20200606T171752_aid0001_32N.tif,2020-06-06 00:00:00,2020,6,evening,11.04140888031999,3837.0,True,False,False,1.0,False,32632.0,EPSG:32632,34751.0,34751.0,1.4890341758728027,1.564909815788269,0.0446024909615516,3.234591245651245,0.4338693022727966
raster,et,ECO_L3T_JET.002_ETdaily_20200608T122708_aid0001_32N.tif,data/ET/ECO_L3T_JET.002_ETdaily_20200608T122708_aid0001_32N.tif,ECO_L3T_JET.002_ETdaily_20200608T122708_aid0001_32N.tif,2020-06-08 00:00:00,2020,6,midday_afternoon,3.2574602169721736,1132.0,True,False,False,1.0,False,32632.0,EPSG:32632,34751.0,34751.0,0.6393543481826782,0.6361724138259888,0.1962656825780868,1.1656627655029297,0.1790982037782669
raster,et,ECO_L3T_JET.002_ETdaily_20200610T105207_aid0001_32N.tif,data/ET/ECO_L3T_JET.002_ETdaily_20200610T105207_aid0001_32N.tif,ECO_L3T_JET.002_ETdaily_20200610T105207_aid0001_32N.tif,2020-06-10 00:00:00,2020,6,midday_afternoon,33.76881240827602,11735.0,True,False,False,1.0,False,32632.0,EPSG:32632,34751.0,34751.0,0.6323300004005432,0.6197906732559204,0.0500225611031055,1.8651007413864136,0.259631335735321
raster,et,ECO_L3T_JET.002_ETdaily_20200611T145525_aid0001_32N.tif,data/ET/ECO_L3T_JET.002_ETdaily_20200611T145525_aid0001_32N.tif,ECO_L3T_JET.002_ETdaily_20200611T145525_aid0001_32N.tif,2020-06-11 00:00:00,2020,6,evening,4.540876521538949,1578.0,True,False,False,1.0,False,32632.0,EPSG:32632,34751.0,34751.0,1.324104070663452,1.3413132429122925,0.2473108321428299,2.831535577774048,0.3681000769138336
raster,et,ECO_L3T_JET.002_ETdaily_20200612T105304_aid0001_32N.tif,data/ET/ECO_L3T_JET.002_ETdaily_20200612T105304_aid0001_32N.tif,ECO_L3T_JET.002_ETdaily_20200612T105304_aid0001_32N.tif,2020-06-12 00:00:00,2020,6,midday_afternoon,50.89062185260856,17685.0,True,False,False,1.0,False,32632.0,EPSG:32632,34751.0,34751.0,3.3777379989624023,3.440401792526245,1.6223596334457395,6.176009654998779,0.3238599598407745
raster,et,ECO_L3T_JET.002_ETdaily_20200614T091731_aid0001_32N.tif,data/ET/ECO_L3T_JET.002_ETdaily_20200614T091731_aid0001_32N.tif,ECO_L3T_JET.002_ETdaily_20200614T091731_aid0001_32N.tif,2020-06-14 00:00:00,2020,6,midday_afternoon,5.481856637219073,1905.0,True,False,False,1.0,False,32632.0,EPSG:32632,34751.0,34751.0,1.311798095703125,1.324466109275818,1.1550291776657104,1.5238587856292725,0.0717200711369514
raster,et,ECO_L3T_JET.002_ETdaily_20200617T083012_aid0001_32N.tif,data/ET/ECO_L3T_JET.002_ETdaily_20200617T083012_aid0001_32N.tif,ECO_L3T_JET.002_ETdaily_20200617T083012_aid0001_32N.tif,2020-06-17 00:00:00,2020,6,morning,34.86230612068717,12115.0,True,False,False,1.0,False,32632.0,EPSG:32632,34751.0,34751.0,0.769088089466095,0.7580339312553406,0.2542820870876312,1.2730098962783811,0.1216807961463928
raster,et,ECO_L3T_JET.002_ETdaily_20210127T152613_aid0001_32N.tif,data/ET/ECO_L3T_JET.002_ETdaily_20210127T152613_aid0001_32N.tif,ECO_L3T_JET.002_ETdaily_20210127T152613_aid0001_32N.tif,2021-01-27 00:00:00,2021,1,evening,20.69580731489741,7192.0,True,False,False,1.0,False,32632.0,EPSG:32632,34751.0,34751.0,0.4467672407627105,0.4301790595054626,0.0851756781339645,0.8231298923492432,0.1232428774237632
raster,et,ECO_L3T_JET.002_ETdaily_20210129T152744_aid0001_32N.tif,data/ET/ECO_L3T_JET.002_ETdaily_20210129T152744_aid0001_32N.tif,ECO_L3T_JET.002_ETdaily_20210129T152744_aid0001_32N.tif,2021-01-29 00:00:00,2021,1,evening,3.539466490172945,1230.0,True,False,False,1.0,False,32632.0,EPSG:32632,34751.0,34751.0,0.0477076582610607,0.0,0.0,0.7390446066856384,0.1240051910281181
raster,et,ECO_L3T_JET.002_ETdaily_20210422T101429_aid0001_32N.tif,data/ET/ECO_L3T_JET.002_ETdaily_20210422T101429_aid0001_32N.tif,ECO_L3T_JET.002_ETdaily_20210422T101429_aid0001_32N.tif,2021-04-22 00:00:00,2021,4,midday_afternoon,0.5927886967281517,206.0,True,False,False,1.0,False,32632.0,EPSG:32632,34751.0,34751.0,1.2969075441360474,1.2452529668807983,0.7916010618209839,1.9657642841339111,0.2796412110328674
raster,et,ECO_L3T_JET.002_ETdaily_20210426T084149_aid0001_32N.tif,data/ET/ECO_L3T_JET.002_ETdaily_20210426T084149_aid0001_32N.tif,ECO_L3T_JET.002_ETdaily_20210426T084149_aid0001_32N.tif,2021-04-26 00:00:00,2021,4,morning,4.230094098011568,1470.0,True,False,False,1.0,False,32632.0,EPSG:32632,34751.0,34751.0,0.5888954401016235,0.524465024471283,0.1880881935358047,1.2990018129348757,0.2239898443222046
raster,et,ECO_L3T_JET.002_ETdaily_20210430T070859_aid0001_32N.tif,data/ET/ECO_L3T_JET.002_ETdaily_20210430T070859_aid0001_32N.tif,ECO_L3T_JET.002_ETdaily_20210430T070859_aid0001_32N.tif,2021-04-30 00:00:00,2021,4,morning,19.061321976346004,6624.0,True,False,False,1.0,False,32632.0,EPSG:32632,34751.0,34751.0,1.335260272026062,1.3159725666046145,0.2565308213233948,4.151263236999512,0.447359561920166
raster,et,ECO_L3T_JET.002_ETdaily_20210504T053602_aid0001_32N.tif,data/ET/ECO_L3T_JET.002_ETdaily_20210504T053602_aid0001_32N.tif,ECO_L3T_JET.002_ETdaily_20210504T053602_aid0001_32N.tif,2021-05-04 00:00:00,2021,5,morning,36.1716209605479,12570.0,True,False,False,1.0,False,32632.0,EPSG:32632,34751.0,34751.0,0.2894248366355896,0.0537688583135604,0.0,5.308125019073486,0.4481965601444244
raster,et,ECO_L3T_JET.002_ETdaily_20210506T053802_aid0001_32N.tif,data/ET/ECO_L3T_JET.002_ETdaily_20210506T053802_aid0001_32N.tif,ECO_L3T_JET.002_ETdaily_20210506T053802_aid0001_32N.tif,2021-05-06 00:00:00,2021,5,morning,25.82083968806653,8973.0,True,False,False,1.0,False,32632.0,EPSG:32632,34751.0,34751.0,1.2162095308303833,1.2964526414871216,0.4079340100288391,1.8673791885375977,0.2415949255228042
raster,et,ECO_L3T_JET.002_ETdaily_20210524T174926_aid0001_32N.tif,data/ET/ECO_L3T_JET.002_ETdaily_20210524T174926_aid0001_32N.tif,ECO_L3T_JET.002_ETdaily_20210524T174926_aid0001_32N.tif,2021-05-24 00:00:00,2021,5,evening,59.70475669764899,20748.0,True,False,False,1.0,False,32632.0,EPSG:32632,34751.0,34751.0,0.1506402492523193,0.1283494085073471,0.0,1.1656955480575562,0.1548512578010559
raster,et,ECO_L3T_JET.002_ETdaily_20210529T152944_aid0001_32N.tif,data/ET/ECO_L3T_JET.002_ETdaily_20210529T152944_aid0001_32N.tif,ECO_L3T_JET.002_ETdaily_20210529T152944_aid0001_32N.tif,2021-05-29 00:00:00,2021,5,evening,69.7648988518316,24244.0,True,False,False,1.0,False,32632.0,EPSG:32632,34751.0,34751.0,1.2473489046096802,1.1941683292388916,0.0,4.630959510803223,0.6836559176445007
raster,et,ECO_L3T_JET.002_ETdaily_20210607T162802_aid0001_32N.tif,data/ET/ECO_L3T_JET.002_ETdaily_20210607T162802_aid0001_32N.tif,ECO_L3T_JET.002_ETdaily_20210607T162802_aid0001_32N.tif,2021-06-07 00:00:00,2021,6,evening,3.320767747690714,1154.0,True,False,False,1.0,False,32632.0,EPSG:32632,34751.0,34751.0,0.1233767867088317,0.070933774113655,0.0,1.4521150588989258,0.1512759774923324
raster,et,ECO_L3T_JET.002_ETdaily_20210611T145512_aid0001_32N.tif,data/ET/ECO_L3T_JET.002_ETdaily_20210611T145512_aid0001_32N.tif,ECO_L3T_JET.002_ETdaily_20210611T145512_aid0001_32N.tif,2021-06-11 00:00:00,2021,6,evening,60.3522200799977,20973.0,True,False,False,1.0,False,32632.0,EPSG:32632,34751.0,34751.0,0.9805324673652648,0.9699680209159852,0.0,3.1069912910461426,0.3835684657096863
raster,et,ECO_L3T_JET.002_ETdaily_20210612T140746_aid0001_32N.tif,data/ET/ECO_L3T_JET.002_ETdaily_20210612T140746_aid0001_32N.tif,ECO_L3T_JET.002_ETdaily_20210612T140746_aid0001_32N.tif,2021-06-12 00:00:00,2021,6,evening,58.92780063883054,20478.0,True,False,False,1.0,False,32632.0,EPSG:32632,34751.0,34751.0,2.5166847705841064,2.538114547729492,0.2008099108934402,6.193124771118164,0.7030272483825684
raster,et,ECO_L3T_JET.002_ETdaily_20210622T061157_aid0001_32N.tif,data/ET/ECO_L3T_JET.002_ETdaily_20210622T061157_aid0001_32N.tif,ECO_L3T_JET.002_ETdaily_20210622T061157_aid0001_32N.tif,2021-06-22 00:00:00,2021,6,morning,30.997669131823542,10772.0,True,False,False,1.0,False,32632.0,EPSG:32632,34751.0,34751.0,1.9733480215072632,1.7823615074157717,0.3264380395412445,4.854681491851807,0.6641581058502197
raster,et,ECO_L3T_JET.002_ETdaily_20220130T140709_aid0001_32N.tif,data/ET/ECO_L3T_JET.002_ETdaily_20220130T140709_aid0001_32N.tif,ECO_L3T_JET.002_ETdaily_20220130T140709_aid0001_32N.tif,2022-01-30 00:00:00,2022,1,evening,0.8373859745043307,291.0,True,False,False,1.0,False,32632.0,EPSG:32632,34751.0,34751.0,0.0258618388324975,0.008764068596065,0.0,0.1404460370540619,0.0337531827390193
raster,et,ECO_L3T_JET.002_ETdaily_20220412T101425_aid0001_32N.tif,data/ET/ECO_L3T_JET.002_ETdaily_20220412T101425_aid0001_32N.tif,ECO_L3T_JET.002_ETdaily_20220412T101425_aid0001_32N.tif,2022-04-12 00:00:00,2022,4,midday_afternoon,25.48128111421254,8855.0,True,False,False,1.0,False,32632.0,EPSG:32632,34751.0,34751.0,0.849362850189209,0.7848467826843262,0.0,4.108068466186523,0.6544625759124756
raster,et,ECO_L3T_JET.002_ETdaily_20220419T110355_aid0001_32N.tif,data/ET/ECO_L3T_JET.002_ETdaily_20220419T110355_aid0001_32N.tif,ECO_L3T_JET.002_ETdaily_20220419T110355_aid0001_32N.tif,2022-04-19 00:00:00,2022,4,midday_afternoon,4.753820033955857,1652.0,True,False,False,1.0,False,32632.0,EPSG:32632,34751.0,34751.0,1.8679367303848269,2.055081605911255,0.1606384962797165,3.451882839202881,0.4794139862060547
raster,et,ECO_L3T_JET.002_ETdaily_20220422T101457_aid0001_32N.tif,data/ET/ECO_L3T_JET.002_ETdaily_20220422T101457_aid0001_32N.tif,ECO_L3T_JET.002_ETdaily_20220422T101457_aid0001_32N.tif,2022-04-22 00:00:00,2022,4,midday_afternoon,2.6272625248194297,913.0,True,False,False,1.0,False,32632.0,EPSG:32632,34751.0,34751.0,1.8856229782104488,1.8131049871444704,0.6778160333633423,3.952527761459351,0.4579977691173553
raster,et,ECO_L3T_JET.002_ETdaily_20220528T154844_aid0001_32N.tif,data/ET/ECO_L3T_JET.002_ETdaily_20220528T154844_aid0001_32N.tif,ECO_L3T_JET.002_ETdaily_20220528T154844_aid0001_32N.tif,2022-05-28 00:00:00,2022,5,evening,42.908117752007136,14911.0,True,False,False,1.0,False,32632.0,EPSG:32632,34751.0,34751.0,2.082072496414185,2.061740636825561,0.0,5.871294498443604,1.0404531955718994
raster,et,ECO_L3T_JET.002_ETdaily_20220529T150000_aid0001_32N.tif,data/ET/ECO_L3T_JET.002_ETdaily_20220529T150000_aid0001_32N.tif,ECO_L3T_JET.002_ETdaily_20220529T150000_aid0001_32N.tif,2022-05-29 00:00:00,2022,5,evening,28.804926476935915,10010.0,True,False,False,1.0,False,32632.0,EPSG:32632,34751.0,34751.0,1.0655145645141602,1.0632390975952148,0.0,3.190002202987671,0.4534070789813995
raster,et,ECO_L3T_JET.002_ETdaily_20220529T150052_aid0001_32N.tif,data/ET/ECO_L3T_JET.002_ETdaily_20220529T150052_aid0001_32N.tif,ECO_L3T_JET.002_ETdaily_20220529T150052_aid0001_32N.tif,2022-05-29 00:00:00,2022,5,evening,63.88017611004,22199.0,True,False,False,1.0,False,32632.0,EPSG:32632,34751.0,34751.0,0.993894100189209,0.9986430406570436,0.0,3.994318962097168,0.3799231052398681
raster,et,ECO_L3T_JET.002_ETdaily_20220601T141211_aid0001_32N.tif,data/ET/ECO_L3T_JET.002_ETdaily_20220601T141211_aid0001_32N.tif,ECO_L3T_JET.002_ETdaily_20220601T141211_aid0001_32N.tif,2022-06-01 00:00:00,2022,6,evening,0.1841673620902995,64.0,True,False,False,1.0,False,32632.0,EPSG:32632,34751.0,34751.0,1.4483399391174316,1.4140396118164062,1.093422532081604,1.915432929992676,0.190408855676651
raster,et,ECO_L3T_JET.002_ETdaily_20220601T141303_aid0001_32N.tif,data/ET/ECO_L3T_JET.002_ETdaily_20220601T141303_aid0001_32N.tif,ECO_L3T_JET.002_ETdaily_20220601T141303_aid0001_32N.tif,2022-06-01 00:00:00,2022,6,evening,2.140945584299732,744.0,True,False,False,1.0,False,32632.0,EPSG:32632,34751.0,34751.0,1.5795806646347046,1.6065292358398438,0.2312114238739013,2.2569735050201416,0.3039325177669525
raster,et,ECO_L3T_JET.002_ETdaily_20220605T123628_aid0001_32N.tif,data/ET/ECO_L3T_JET.002_ETdaily_20220605T123628_aid0001_32N.tif,ECO_L3T_JET.002_ETdaily_20220605T123628_aid0001_32N.tif,2022-06-05 00:00:00,2022,6,midday_afternoon,60.09323472705821,20883.0,True,False,False,1.0,False,32632.0,EPSG:32632,34751.0,34751.0,2.077772855758667,2.060218572616577,0.0105499541386961,5.414580345153809,0.7867235541343689
raster,et,ECO_L3T_JET.002_ETdaily_20220606T114746_aid0001_32N.tif,data/ET/ECO_L3T_JET.002_ETdaily_20220606T114746_aid0001_32N.tif,ECO_L3T_JET.002_ETdaily_20220606T114746_aid0001_32N.tif,2022-06-06 00:00:00,2022,6,midday_afternoon,53.16106011337804,18474.0,True,False,False,1.0,False,32632.0,EPSG:32632,34751.0,34751.0,2.565898895263672,2.6698198318481445,0.2798948287963867,6.604520320892334,0.8863649964332581
raster,et,ECO_L3T_JET.002_ETdaily_20220606T114838_aid0001_32N.tif,data/ET/ECO_L3T_JET.002_ETdaily_20220606T114838_aid0001_32N.tif,ECO_L3T_JET.002_ETdaily_20220606T114838_aid0001_32N.tif,2022-06-06 00:00:00,2022,6,midday_afternoon,49.20433944346925,17099.0,True,False,False,1.0,False,32632.0,EPSG:32632,34751.0,34751.0,2.860780715942383,2.865346908569336,0.3433964252471924,6.628365516662598,0.7008159756660461
raster,et,ECO_L3T_JET.002_ETdaily_20220607T155034_aid0001_32N.tif,data/ET/ECO_L3T_JET.002_ETdaily_20220607T155034_aid0001_32N.tif,ECO_L3T_JET.002_ETdaily_20220607T155034_aid0001_32N.tif,2022-06-07 00:00:00,2022,6,evening,0.8575292797329573,298.0,True,False,False,1.0,False,32632.0,EPSG:32632,34751.0,34751.0,1.077730655670166,1.01772141456604,0.525382936000824,2.486872673034668,0.2718261480331421
raster,et,ECO_L3T_JET.002_ETdaily_20220607T155126_aid0001_32N.tif,data/ET/ECO_L3T_JET.002_ETdaily_20220607T155126_aid0001_32N.tif,ECO_L3T_JET.002_ETdaily_20220607T155126_aid0001_32N.tif,2022-06-07 00:00:00,2022,6,evening,25.59063048545366,8893.0,True,False,False,1.0,False,32632.0,EPSG:32632,34751.0,34751.0,1.1780189275741575,1.198572874069214,0.3897795379161834,2.2269537448883057,0.20371675491333
raster,et,ECO_L3T_JET.002_ETdaily_20220612T101126_aid0001_32N.tif,data/ET/ECO_L3T_JET.002_ETdaily_20220612T101126_aid0001_32N.tif,ECO_L3T_JET.002_ETdaily_20220612T101126_aid0001_32N.tif,2022-06-12 00:00:00,2022,6,midday_afternoon,0.0345313803919311,12.0,True,False,False,1.0,False,32632.0,EPSG:32632,34751.0,34751.0,2.657791376113892,2.4629464149475098,2.403265953063965,3.159970283508301,0.3031787574291229
raster,et,ECO_L3T_JET.002_ETdaily_20220613T092328_aid0001_32N.tif,data/ET/ECO_L3T_JET.002_ETdaily_20220613T092328_aid0001_32N.tif,ECO_L3T_JET.002_ETdaily_20220613T092328_aid0001_32N.tif,2022-06-13 00:00:00,2022,6,midday_afternoon,39.76288452130874,13818.0,True,False,False,1.0,False,32632.0,EPSG:32632,34751.0,34751.0,2.91151762008667,2.916090965270996,0.8668404817581177,4.905220031738281,0.4448262155056
raster,et,ECO_L3T_JET.002_ETdaily_20220616T083449_aid0001_32N.tif,data/ET/ECO_L3T_JET.002_ETdaily_20220616T083449_aid0001_32N.tif,ECO_L3T_JET.002_ETdaily_20220616T083449_aid0001_32N.tif,2022-06-16 00:00:00,2022,6,morning,47.42309573825214,16480.0,True,False,False,1.0,False,32632.0,EPSG:32632,34751.0,34751.0,3.7444355487823486,3.678253650665283,0.1730397641658783,7.110137939453125,1.044198513031006
raster,et,ECO_L3T_JET.002_ETdaily_20220627T074901_aid0001_32N.tif,data/ET/ECO_L3T_JET.002_ETdaily_20220627T074901_aid0001_32N.tif,ECO_L3T_JET.002_ETdaily_20220627T074901_aid0001_32N.tif,2022-06-27 00:00:00,2022,6,morning,5.99982734309804,2085.0,True,False,False,1.0,False,32632.0,EPSG:32632,34751.0,34751.0,2.6092638969421387,2.638779401779175,0.0736793056130409,5.353671073913574,1.0805743932724
raster,et,ECO_L3T_JET.002_ETdaily_20230207T110713_aid0001_32N.tif,data/ET/ECO_L3T_JET.002_ETdaily_20230207T110713_aid0001_32N.tif,ECO_L3T_JET.002_ETdaily_20230207T110713_aid0001_32N.tif,2023-02-07 00:00:00,2023,2,midday_afternoon,18.20667031164571,6327.0,True,False,False,1.0,False,32632.0,EPSG:32632,34751.0,34751.0,0.203179195523262,0.2393271625041961,0.0,0.7399505376815796,0.1529885977506637
raster,et,ECO_L3T_JET.002_ETdaily_20230222T084457_aid0001_32N.tif,data/ET/ECO_L3T_JET.002_ETdaily_20230222T084457_aid0001_32N.tif,ECO_L3T_JET.002_ETdaily_20230222T084457_aid0001_32N.tif,2023-02-22 00:00:00,2023,2,morning,10.845731058099048,3769.0,True,False,False,1.0,False,32632.0,EPSG:32632,34751.0,34751.0,0.3288248181343078,0.3445861935615539,0.0,1.004375696182251,0.222095638513565
raster,et,ECO_L3T_JET.002_ETdaily_20230226T071051_aid0001_32N.tif,data/ET/ECO_L3T_JET.002_ETdaily_20230226T071051_aid0001_32N.tif,ECO_L3T_JET.002_ETdaily_20230226T071051_aid0001_32N.tif,2023-02-26 00:00:00,2023,2,morning,17.9937267992288,6253.0,True,False,False,1.0,False,32632.0,EPSG:32632,34751.0,34751.0,0.0457071922719478,0.0,0.0,1.409387230873108,0.1305646896362304
raster,et,ECO_L3T_JET.002_ETdaily_20230301T062449_aid0001_32N.tif,data/ET/ECO_L3T_JET.002_ETdaily_20230301T062449_aid0001_32N.tif,ECO_L3T_JET.002_ETdaily_20230301T062449_aid0001_32N.tif,2023-03-01 00:00:00,2023,3,morning,4.333688239187362,1506.0,True,False,False,1.0,False,32632.0,EPSG:32632,34751.0,34751.0,0.0008637146675027,0.0,0.0,0.7185851335525513,0.0238153897225856
raster,et,ECO_L3T_JET.002_ETdaily_20230330T143200_aid0001_32N.tif,data/ET/ECO_L3T_JET.002_ETdaily_20230330T143200_aid0001_32N.tif,ECO_L3T_JET.002_ETdaily_20230330T143200_aid0001_32N.tif,2023-03-30 00:00:00,2023,3,evening,17.423959022761935,6055.0,True,False,False,1.0,False,32632.0,EPSG:32632,34751.0,34751.0,0.3584477007389068,0.3840732872486114,0.0,1.035376787185669,0.2069024741649627
raster,et,ECO_L3T_JET.002_ETdaily_20230411T094752_aid0001_32N.tif,data/ET/ECO_L3T_JET.002_ETdaily_20230411T094752_aid0001_32N.tif,ECO_L3T_JET.002_ETdaily_20230411T094752_aid0001_32N.tif,2023-04-11 00:00:00,2023,4,midday_afternoon,22.32165980835084,7757.0,True,False,False,1.0,False,32632.0,EPSG:32632,34751.0,34751.0,1.1769307851791382,1.2124629020690918,0.2334227412939071,2.544088125228882,0.2595269680023193
raster,et,ECO_L3T_JET.002_ETdaily_20230412T135038_aid0001_32N.tif,data/ET/ECO_L3T_JET.002_ETdaily_20230412T135038_aid0001_32N.tif,ECO_L3T_JET.002_ETdaily_20230412T135038_aid0001_32N.tif,2023-04-12 00:00:00,2023,4,midday_afternoon,22.433886794624616,7796.0,True,False,False,1.0,False,32632.0,EPSG:32632,34751.0,34751.0,1.4822988510131836,1.5241249799728394,0.2838484644889831,2.801330804824829,0.3564580976963043
raster,et,ECO_L3T_JET.002_ETdaily_20230412T135130_aid0001_32N.tif,data/ET/ECO_L3T_JET.002_ETdaily_20230412T135130_aid0001_32N.tif,ECO_L3T_JET.002_ETdaily_20230412T135130_aid0001_32N.tif,2023-04-12 00:00:00,2023,4,midday_afternoon,52.68049840292366,18307.0,True,False,False,1.0,False,32632.0,EPSG:32632,34751.0,34751.0,1.326960802078247,1.3473076820373535,0.3441226482391357,2.6182453632354736,0.3216776251792907
raster,et,ECO_L3T_JET.002_ETdaily_20230413T130243_aid0001_32N.tif,data/ET/ECO_L3T_JET.002_ETdaily_20230413T130243_aid0001_32N.tif,ECO_L3T_JET.002_ETdaily_20230413T130243_aid0001_32N.tif,2023-04-13 00:00:00,2023,4,midday_afternoon,0.8863054300595666,308.0,True,False,False,1.0,False,32632.0,EPSG:32632,34751.0,34751.0,0.3993819952011108,0.4058607816696167,0.1239351630210876,0.5499671101570129,0.0894205570220947
raster,et,ECO_L3T_JET.002_ETdaily_20230425T081223_aid0001_32N.tif,data/ET/ECO_L3T_JET.002_ETdaily_20230425T081223_aid0001_32N.tif,ECO_L3T_JET.002_ETdaily_20230425T081223_aid0001_32N.tif,2023-04-25 00:00:00,2023,4,morning,7.838623348968375,2724.0,True,False,False,1.0,False,32632.0,EPSG:32632,34751.0,34751.0,0.7919572591781616,0.7291544079780579,0.0,2.4417998790740967,0.3365628719329834
raster,et,ECO_L3T_JET.002_ETdaily_20230501T063446_aid0001_32N.tif,data/ET/ECO_L3T_JET.002_ETdaily_20230501T063446_aid0001_32N.tif,ECO_L3T_JET.002_ETdaily_20230501T063446_aid0001_32N.tif,2023-05-01 00:00:00,2023,5,morning,16.192339788783055,5627.0,True,False,False,1.0,False,32632.0,EPSG:32632,34751.0,34751.0,0.8491554856300354,0.8528283834457397,0.3898053169250488,1.6310930252075195,0.1588716953992843
raster,et,ECO_L3T_JET.002_ETdaily_20230603T124450_aid0001_32N.tif,data/ET/ECO_L3T_JET.002_ETdaily_20230603T124450_aid0001_32N.tif,ECO_L3T_JET.002_ETdaily_20230603T124450_aid0001_32N.tif,2023-06-03 00:00:00,2023,6,midday_afternoon,7.286121262697476,2532.0,True,False,False,1.0,False,32632.0,EPSG:32632,34751.0,34751.0,0.3783100545406341,0.2877736687660217,0.0,1.2076481580734253,0.2757929265499115
raster,et,ECO_L3T_JET.002_ETdaily_20230606T115505_aid0001_32N.tif,data/ET/ECO_L3T_JET.002_ETdaily_20230606T115505_aid0001_32N.tif,ECO_L3T_JET.002_ETdaily_20230606T115505_aid0001_32N.tif,2023-06-06 00:00:00,2023,6,midday_afternoon,51.62153607090444,17939.0,True,False,False,1.0,False,32632.0,EPSG:32632,34751.0,34751.0,2.3360958099365234,2.3796579837799072,0.1194542571902275,5.586380958557129,0.8619811534881592
raster,et,ECO_L3T_JET.002_ETdaily_20230607T110557_aid0001_32N.tif,data/ET/ECO_L3T_JET.002_ETdaily_20230607T110557_aid0001_32N.tif,ECO_L3T_JET.002_ETdaily_20230607T110557_aid0001_32N.tif,2023-06-07 00:00:00,2023,6,midday_afternoon,25.308624212252884,8795.0,True,False,False,1.0,False,32632.0,EPSG:32632,34751.0,34751.0,3.134592294692993,3.0126233100891118,0.0925232619047164,6.856480121612549,1.063146471977234
raster,et,ECO_L3T_JET.002_ETdaily_20230608T150806_aid0001_32N.tif,data/ET/ECO_L3T_JET.002_ETdaily_20230608T150806_aid0001_32N.tif,ECO_L3T_JET.002_ETdaily_20230608T150806_aid0001_32N.tif,2023-06-08 00:00:00,2023,6,evening,55.22431009179593,19191.0,True,False,False,1.0,False,32632.0,EPSG:32632,34751.0,34751.0,0.7114290595054626,0.6523112654685974,0.0583195649087429,2.827277660369873,0.3370271325111389
raster,et,ECO_L3T_JET.002_ETdaily_20230609T141922_aid0001_32N.tif,data/ET/ECO_L3T_JET.002_ETdaily_20230609T141922_aid0001_32N.tif,ECO_L3T_JET.002_ETdaily_20230609T141922_aid0001_32N.tif,2023-06-09 00:00:00,2023,6,evening,15.23984921297229,5296.0,True,False,False,1.0,False,32632.0,EPSG:32632,34751.0,34751.0,1.2620137929916382,1.212723731994629,0.0788072124123573,3.2091023921966557,0.4851790964603424
raster,et,ECO_L3T_JET.002_ETdaily_20230612T132855_aid0001_32N.tif,data/ET/ECO_L3T_JET.002_ETdaily_20230612T132855_aid0001_32N.tif,ECO_L3T_JET.002_ETdaily_20230612T132855_aid0001_32N.tif,2023-06-12 00:00:00,2023,6,midday_afternoon,30.692641938361486,10666.0,True,False,False,1.0,False,32632.0,EPSG:32632,34751.0,34751.0,1.9479918479919436,1.9732861518859863,0.0245395265519619,5.412207126617432,0.7496310472488403
raster,et,ECO_L3T_JET.002_ETdaily_20230616T114931_aid0001_32N.tif,data/ET/ECO_L3T_JET.002_ETdaily_20230616T114931_aid0001_32N.tif,ECO_L3T_JET.002_ETdaily_20230616T114931_aid0001_32N.tif,2023-06-16 00:00:00,2023,6,midday_afternoon,41.19593680757389,14316.0,True,False,False,1.0,False,32632.0,EPSG:32632,34751.0,34751.0,2.081711769104004,2.071261405944824,0.0436522327363491,5.778607368469238,0.7378373146057129
raster,et,ECO_L3T_JET.002_ETdaily_20230619T110056_aid0001_32N.tif,data/ET/ECO_L3T_JET.002_ETdaily_20230619T110056_aid0001_32N.tif,ECO_L3T_JET.002_ETdaily_20230619T110056_aid0001_32N.tif,2023-06-19 00:00:00,2023,6,midday_afternoon,15.64271531754482,5436.0,True,False,False,1.0,False,32632.0,EPSG:32632,34751.0,34751.0,1.9824562072753904,1.7797175645828247,0.063551016151905,6.222582817077637,1.29330313205719
raster,et,ECO_L3T_JET.002_ETdaily_20230621T060918_aid0001_32N.tif,data/ET/ECO_L3T_JET.002_ETdaily_20230621T060918_aid0001_32N.tif,ECO_L3T_JET.002_ETdaily_20230621T060918_aid0001_32N.tif,2023-06-21 00:00:00,2023,6,morning,10.221288596011624,3552.0,True,False,False,1.0,False,32632.0,EPSG:32632,34751.0,34751.0,2.345754146575928,2.387290954589844,0.2906426191329956,4.314153671264648,0.5154445767402649
raster,et,ECO_L3T_JET.002_ETdaily_20230622T052033_aid0001_32N.tif,data/ET/ECO_L3T_JET.002_ETdaily_20230622T052033_aid0001_32N.tif,ECO_L3T_JET.002_ETdaily_20230622T052033_aid0001_32N.tif,2023-06-22 00:00:00,2023,6,morning,61.54930793358464,21389.0,True,False,False,1.0,False,32632.0,EPSG:32632,34751.0,34751.0,2.4546895027160645,2.548645257949829,0.0,6.488578796386719,0.6667057275772095
raster,et,ECO_L3T_JET.002_ETdaily_20230623T043153_aid0001_32N.tif,data/ET/ECO_L3T_JET.002_ETdaily_20230623T043153_aid0001_32N.tif,ECO_L3T_JET.002_ETdaily_20230623T043153_aid0001_32N.tif,2023-06-23 00:00:00,2023,6,morning,0.0374089954245921,13.0,True,False,False,1.0,False,32632.0,EPSG:32632,34751.0,34751.0,3.415800809860229,3.381154537200928,3.2328245639801025,3.801680088043213,0.1705467104911804
raster,et,ECO_L3T_JET.002_ETdaily_20240616T103858_aid0001_32N.tif,data/ET/ECO_L3T_JET.002_ETdaily_20240616T103858_aid0001_32N.tif,ECO_L3T_JET.002_ETdaily_20240616T103858_aid0001_32N.tif,2024-06-16 00:00:00,2024,6,midday_afternoon,12.64999568357745,4396.0,True,False,False,1.0,False,32632.0,EPSG:32632,34751.0,34751.0,2.551067352294922,2.5198240280151367,0.8148298859596252,5.236430168151856,0.7586643099784851
raster,et,ECO_L3T_JET.002_ETdaily_20250222T071815_aid0001_32N.tif,data/ET/ECO_L3T_JET.002_ETdaily_20250222T071815_aid0001_32N.tif,ECO_L3T_JET.002_ETdaily_20250222T071815_aid0001_32N.tif,2025-02-22 00:00:00,2025,2,morning,30.459555120715955,10585.0,True,False,False,1.0,False,32632.0,EPSG:32632,34751.0,34751.0,0.313566505908966,0.2762555778026581,0.0,1.1832029819488523,0.2068271040916443
raster,et,ECO_L3T_JET.002_ETdaily_20250516T175254_aid0001_32N.tif,data/ET/ECO_L3T_JET.002_ETdaily_20250516T175254_aid0001_32N.tif,ECO_L3T_JET.002_ETdaily_20250516T175254_aid0001_32N.tif,2025-05-16 00:00:00,2025,5,evening,0.0057552300653218,2.0,True,False,False,1.0,False,32632.0,EPSG:32632,34751.0,34751.0,0.3231939673423767,0.3231939673423767,0.3022391200065613,0.3441488146781921,0.0209548473358154
raster,et,ECO_L3T_JET.002_ETdaily_20250603T112957_aid0001_32N.tif,data/ET/ECO_L3T_JET.002_ETdaily_20250603T112957_aid0001_32N.tif,ECO_L3T_JET.002_ETdaily_20250603T112957_aid0001_32N.tif,2025-06-03 00:00:00,2025,6,midday_afternoon,38.75571925987742,13468.0,True,False,False,1.0,False,32632.0,EPSG:32632,34751.0,34751.0,2.3122711181640625,2.2199809551239014,0.0509305968880653,6.16917896270752,1.0058250427246094
raster,et,ECO_L3T_JET.002_ETdaily_20250624T072630_aid0001_32N.tif,data/ET/ECO_L3T_JET.002_ETdaily_20250624T072630_aid0001_32N.tif,ECO_L3T_JET.002_ETdaily_20250624T072630_aid0001_32N.tif,2025-06-24 00:00:00,2025,6,morning,48.76694195850479,16947.0,True,False,False,1.0,False,32632.0,EPSG:32632,34751.0,34751.0,3.1431055068969727,3.287020444869995,0.1046406850218772,5.64599609375,0.8607842326164246
statistics_csv,esi,ECO_L4T_ESI_002_ESI_doy2019046140410_aid0001,,,2019-02-15 14:04:10,2019,2,evening,0.3337,119.0,True,False,False,,False,,,,,0.4147234,0.1670242,0.0,1.0,0.4602309
statistics_csv,esi,ECO_L4T_ESI_002_ESI_doy2019048090743_aid0001,,,2019-02-17 09:07:43,2019,2,midday_afternoon,0.3337,119.0,True,False,False,,False,,,,,0.4698251,0.0087909,0.0,1.0,0.491299
statistics_csv,esi,ECO_L4T_ESI_002_ESI_doy2019050121450_aid0001,,,2019-02-19 12:14:50,2019,2,midday_afternoon,27.9742,9977.0,True,False,False,,False,,,,,0.7696682,0.9999999,0.0,1.0,0.3688506
statistics_csv,esi,ECO_L4T_ESI_002_ESI_doy2019052120841_aid0001,,,2019-02-21 12:08:41,2019,2,midday_afternoon,0.3337,119.0,True,False,False,,False,,,,,0.6502255,1.0,0.0,1.0,0.4489379
statistics_csv,esi,ECO_L4T_ESI_002_ESI_doy2019155145035_aid0001,,,2019-06-04 14:50:35,2019,6,evening,20.258000000000003,7225.0,True,False,False,,False,,,,,0.9552593,1.0,0.0,1.0,0.1299452
statistics_csv,esi,ECO_L4T_ESI_002_ESI_doy2019160122043_aid0001,,,2019-06-09 12:20:43,2019,6,midday_afternoon,17.3279,6180.0,True,False,False,,False,,,,,0.8612989,0.9523386,0.0767981,1.0,0.1713347
statistics_csv,esi,ECO_L4T_ESI_002_ESI_doy2019161162134_aid0001,,,2019-06-10 16:21:34,2019,6,evening,54.0025,19260.0,True,False,False,,False,,,,,0.893097,1.0,0.1172104,1.0,0.1783974
statistics_csv,esi,ECO_L4T_ESI_002_ESI_doy2019163112813_aid0001,,,2019-06-12 11:28:13,2019,6,midday_afternoon,0.7262000000000001,259.0,True,False,False,,False,,,,,0.994242,1.0,0.7618241,1.0,0.0289115
statistics_csv,esi,ECO_L4T_ESI_002_ESI_doy2019165144037_aid0001,,,2019-06-14 14:40:37,2019,6,evening,0.1879,67.0,True,False,False,,False,,,,,0.663801,1.0,0.0282576,1.0,0.4490822
statistics_csv,esi,ECO_L4T_ESI_002_ESI_doy2019166103650_aid0001,,,2019-06-15 10:36:50,2019,6,midday_afternoon,56.7727,20248.0,True,False,False,,False,,,,,0.8784692,0.9656855,0.0318575,1.0,0.1667391
statistics_csv,esi,ECO_L4T_ESI_002_ESI_doy2019175062441_aid0001,,,2019-06-24 06:24:41,2019,6,morning,0.3337,119.0,True,False,False,,False,,,,,0.671358,0.8509368,0.0480526,1.0,0.3722152
statistics_csv,esi,ECO_L4T_ESI_002_ESI_doy2020035133500_aid0001,,,2020-02-04 13:35:00,2020,2,midday_afternoon,49.4126,17623.0,True,False,False,,False,,,,,0.9263987,1.0,0.0737263,1.0,0.1474486
statistics_csv,esi,ECO_L4T_ESI_002_ESI_doy2020090154618_aid0001,,,2020-03-30 15:46:18,2020,3,evening,0.3337,119.0,True,False,False,,False,,,,,0.8121994,0.9999999,0.3385608,1.0,0.2738763
statistics_csv,esi,ECO_L4T_ESI_002_ESI_doy2020091145901_aid0001,,,2020-03-31 14:59:01,2020,3,evening,0.3337,119.0,True,False,False,,False,,,,,0.7407981,0.9999999,0.1215687,1.0,0.3639242
statistics_csv,esi,ECO_L4T_ESI_002_ESI_doy2020095132654_aid0001,,,2020-04-04 13:26:54,2020,4,midday_afternoon,31.490299999999998,11231.0,True,False,False,,False,,,,,0.8824162,0.9999999,0.0,1.0,0.2086974
statistics_csv,esi,ECO_L4T_ESI_002_ESI_doy2020098124205_aid0001,,,2020-04-07 12:42:05,2020,4,midday_afternoon,0.3337,119.0,True,False,False,,False,,,,,0.7966412,1.0,0.0,1.0,0.3521216
statistics_csv,esi,ECO_L4T_ESI_002_ESI_doy2020112112222_aid0001,,,2020-04-21 11:22:22,2020,4,midday_afternoon,1.0290000000000001,367.0,True,False,False,,False,,,,,0.9849592,1.0,0.8141153,1.0,0.0397515
statistics_csv,esi,ECO_L4T_ESI_002_ESI_doy2020157131348_aid0001,,,2020-06-05 13:13:48,2020,6,midday_afternoon,56.167100000000005,20032.0,True,False,False,,False,,,,,0.8731236,0.9288102,0.0974995,1.0,0.1613573
statistics_csv,esi,ECO_L4T_ESI_002_ESI_doy2020158122604_aid0001,,,2020-06-06 12:26:04,2020,6,midday_afternoon,1.0823,386.0,True,False,False,,False,,,,,0.8118911,0.8095345,0.3942962,1.0,0.1136727
statistics_csv,esi,ECO_L4T_ESI_002_ESI_doy2020158171752_aid0001,,,2020-06-06 17:17:52,2020,6,evening,11.3332,4042.0,True,False,False,,False,,,,,0.8007699,0.7930816,0.0716812,1.0,0.1578008
statistics_csv,esi,ECO_L4T_ESI_002_ESI_doy2020160122708_aid0001,,,2020-06-08 12:27:08,2020,6,midday_afternoon,3.1936,1139.0,True,False,False,,False,,,,,0.8433919,0.8587019,0.5080195,1.0,0.1151154
statistics_csv,esi,ECO_L4T_ESI_002_ESI_doy2020162105207_aid0001,,,2020-06-10 10:52:07,2020,6,midday_afternoon,33.5847,11978.0,True,False,False,,False,,,,,0.8078427,0.8162205,0.1144991,1.0,0.116556
statistics_csv,esi,ECO_L4T_ESI_002_ESI_doy2020163145525_aid0001,,,2020-06-11 14:55:25,2020,6,evening,4.5591,1626.0,True,False,False,,False,,,,,0.8487917,0.7981051,0.2980774,1.0,0.1137887
statistics_csv,esi,ECO_L4T_ESI_002_ESI_doy2020164105304_aid0001,,,2020-06-12 10:53:04,2020,6,midday_afternoon,51.013600000000004,18194.0,True,False,False,,False,,,,,0.8281491,0.8227527,0.1280113,1.0,0.1209378
statistics_csv,esi,ECO_L4T_ESI_002_ESI_doy2020166091731_aid0001,,,2020-06-14 09:17:31,2020,6,midday_afternoon,5.7199,2040.0,True,False,False,,False,,,,,0.8158268,0.7862661,0.331916,1.0,0.0792778
statistics_csv,esi,ECO_L4T_ESI_002_ESI_doy2020169083012_aid0001,,,2020-06-17 08:30:12,2020,6,morning,35.2418,12569.0,True,False,False,,False,,,,,0.7970369,0.783714,0.2902221,1.0,0.0936075
statistics_csv,esi,ECO_L4T_ESI_002_ESI_doy2020179083636_aid0001,,,2020-06-27 08:36:36,2020,6,morning,0.3337,119.0,True,False,False,,False,,,,,0.6916883,0.8535355,0.2853769,0.9999999,0.2680282
statistics_csv,esi,ECO_L4T_ESI_002_ESI_doy2021027152613_aid0001,,,2021-01-27 15:26:13,2021,1,evening,21.186,7556.0,True,False,False,,False,,,,,0.9877219,1.0,0.3432027,1.0,0.0741887
statistics_csv,esi,ECO_L4T_ESI_002_ESI_doy2021029152744_aid0001,,,2021-01-29 15:27:44,2021,1,evening,3.7740000000000005,1346.0,True,False,False,,False,,,,,0.1949444,0.0,0.0,1.0,0.395382
statistics_csv,esi,ECO_L4T_ESI_002_ESI_doy2021031135337_aid0001,,,2021-01-31 13:53:37,2021,1,midday_afternoon,0.3337,119.0,True,False,False,,False,,,,,0.54966,0.7726241,0.0,1.0,0.2960574
statistics_csv,esi,ECO_L4T_ESI_002_ESI_doy2021038113525_aid0001,,,2021-02-07 11:35:25,2021,2,midday_afternoon,0.3337,119.0,True,False,False,,False,,,,,0.8798262,0.9487604,0.635506,1.0,0.1263982
statistics_csv,esi,ECO_L4T_ESI_002_ESI_doy2021112101429_aid0001,,,2021-04-22 10:14:29,2021,4,midday_afternoon,0.6281,224.0,True,False,False,,False,,,,,0.8524739,0.8989199,0.3764566,1.0,0.1526497
statistics_csv,esi,ECO_L4T_ESI_002_ESI_doy2021115092913_aid0001,,,2021-04-25 09:29:13,2021,4,midday_afternoon,0.3337,119.0,True,False,False,,False,,,,,0.7912487,0.9544456,0.2967021,1.0,0.2723561
statistics_csv,esi,ECO_L4T_ESI_002_ESI_doy2021116084149_aid0001,,,2021-04-26 08:41:49,2021,4,morning,4.2507,1516.0,True,False,False,,False,,,,,0.8787346,0.939835,0.4337997,1.0,0.1506278
statistics_csv,esi,ECO_L4T_ESI_002_ESI_doy2021120070859_aid0001,,,2021-04-30 07:08:59,2021,4,morning,19.585,6985.0,True,False,False,,False,,,,,0.8982546,0.974098,0.3790118,1.0,0.1364987
statistics_csv,esi,ECO_L4T_ESI_002_ESI_doy2021124053602_aid0001,,,2021-05-04 05:36:02,2021,5,morning,36.573699999999995,13044.0,True,False,False,,False,,,,,0.4114128,0.5625171,0.0,1.0,0.3877624
statistics_csv,esi,ECO_L4T_ESI_002_ESI_doy2021126053802_aid0001,,,2021-05-06 05:38:02,2021,5,morning,26.2554,9364.0,True,False,False,,False,,,,,0.7086155,0.6578229,0.0838073,1.0,0.1500394
statistics_csv,esi,ECO_L4T_ESI_002_ESI_doy2021144174926_aid0001,,,2021-05-24 17:49:26,2021,5,evening,59.618700000000004,21263.0,True,False,False,,False,,,,,0.725588,0.9269565,0.0,1.0,0.3881387
statistics_csv,esi,ECO_L4T_ESI_002_ESI_doy2021149152944_aid0001,,,2021-05-29 15:29:44,2021,5,evening,69.8612,24916.0,True,False,False,,False,,,,,0.8778884,0.9944897,0.0,1.0,0.206346
statistics_csv,esi,ECO_L4T_ESI_002_ESI_doy2021158162802_aid0001,,,2021-06-07 16:28:02,2021,6,evening,3.3562000000000003,1197.0,True,False,False,,False,,,,,0.5570525,0.8817807,0.0,1.0,0.4784387
statistics_csv,esi,ECO_L4T_ESI_002_ESI_doy2021162145512_aid0001,,,2021-06-11 14:55:12,2021,6,evening,60.55239999999999,21596.0,True,False,False,,False,,,,,0.7827388,0.8198873,0.0,1.0,0.2203962
statistics_csv,esi,ECO_L4T_ESI_002_ESI_doy2021163140746_aid0001,,,2021-06-12 14:07:46,2021,6,evening,58.682199999999995,20929.0,True,False,False,,False,,,,,0.8777463,0.8725639,0.0199127,1.0,0.1348201
statistics_csv,esi,ECO_L4T_ESI_002_ESI_doy2021164100603_aid0001,,,2021-06-13 10:06:03,2021,6,midday_afternoon,0.3337,119.0,True,False,False,,False,,,,,0.7039954,0.9835364,0.0592678,1.0,0.4029038
statistics_csv,esi,ECO_L4T_ESI_002_ESI_doy2021173061157_aid0001,,,2021-06-22 06:11:57,2021,6,morning,30.879,11013.0,True,False,False,,False,,,,,0.7825797,0.7905195,0.2173112,1.0,0.1621361
statistics_csv,esi,ECO_L4T_ESI_002_ESI_doy2022030140709_aid0001,,,2022-01-30 14:07:09,2022,1,evening,0.8916000000000001,318.0,True,False,False,,False,,,,,0.3924731,0.5774658,0.0,1.0,0.397871
statistics_csv,esi,ECO_L4T_ESI_002_ESI_doy2022038105502_aid0001,,,2022-02-07 10:55:02,2022,2,midday_afternoon,0.3337,119.0,True,False,False,,False,,,,,0.7499797,0.9999999,0.0,1.0,0.3777675
statistics_csv,esi,ECO_L4T_ESI_002_ESI_doy2022042091942_aid0001,,,2022-02-11 09:19:42,2022,2,midday_afternoon,0.3337,119.0,True,False,False,,False,,,,,0.5065035,0.364942,0.0,1.0,0.4383256
statistics_csv,esi,ECO_L4T_ESI_002_ESI_doy2022096164256_aid0001,,,2022-04-06 16:42:56,2022,4,evening,0.3337,119.0,True,False,False,,False,,,,,0.8233331,0.8476827,0.4115263,1.0,0.1734841
statistics_csv,esi,ECO_L4T_ESI_002_ESI_doy2022102101425_aid0001,,,2022-04-12 10:14:25,2022,4,midday_afternoon,25.419900000000002,9066.0,True,False,False,,False,,,,,0.8647114,1.0,0.0,1.0,0.3249375
statistics_csv,esi,ECO_L4T_ESI_002_ESI_doy2022109110355_aid0001,,,2022-04-19 11:03:55,2022,4,midday_afternoon,4.8759,1739.0,True,False,False,,False,,,,,0.9055077,0.9545498,0.0236785,1.0,0.1546084
statistics_csv,esi,ECO_L4T_ESI_002_ESI_doy2022112101457_aid0001,,,2022-04-22 10:14:57,2022,4,midday_afternoon,2.6581,948.0,True,False,False,,False,,,,,0.9928755,1.0,0.8723412,1.0,0.0208935
statistics_csv,esi,ECO_L4T_ESI_002_ESI_doy2022148154844_aid0001,,,2022-05-28 15:48:44,2022,5,evening,43.196400000000004,15406.0,True,False,False,,False,,,,,0.8284573,0.9413924,0.0,1.0,0.253933
statistics_csv,esi,ECO_L4T_ESI_002_ESI_doy2022149150000_aid0001,,,2022-05-29 15:00:00,2022,5,evening,28.6051,10202.0,True,False,False,,False,,,,,0.8731204,0.987378,0.0,1.0,0.2082382
statistics_csv,esi,ECO_L4T_ESI_002_ESI_doy2022149150052_aid0001,,,2022-05-29 15:00:52,2022,5,evening,63.8189,22761.0,True,False,False,,False,,,,,0.7088497,0.7784158,0.0,1.0,0.2735107
statistics_csv,esi,ECO_L4T_ESI_002_ESI_doy2022152141211_aid0001,,,2022-06-01 14:12:11,2022,6,evening,0.21589999999999998,77.0,True,False,False,,False,,,,,0.920782,0.899701,0.7914608,0.997943,0.0527942
statistics_csv,esi,ECO_L4T_ESI_002_ESI_doy2022152141303_aid0001,,,2022-06-01 14:13:03,2022,6,evening,2.1814,778.0,True,False,False,,False,,,,,0.7402924,0.882228,0.0616602,1.0,0.2784073
statistics_csv,esi,ECO_L4T_ESI_002_ESI_doy2022156123628_aid0001,,,2022-06-05 12:36:28,2022,6,midday_afternoon,59.8206,21335.0,True,False,False,,False,,,,,0.7452668,0.8369151,0.0008463,1.0,0.2530112
statistics_csv,esi,ECO_L4T_ESI_002_ESI_doy2022157114746_aid0001,,,2022-06-06 11:47:46,2022,6,midday_afternoon,52.8978,18866.0,True,False,False,,False,,,,,0.7592583,0.8519365,0.0135872,1.0,0.2521219
statistics_csv,esi,ECO_L4T_ESI_002_ESI_doy2022157114838_aid0001,,,2022-06-06 11:48:38,2022,6,midday_afternoon,49.4631,17641.0,True,False,False,,False,,,,,0.8194717,0.8973673,0.0457169,1.0,0.212312
statistics_csv,esi,ECO_L4T_ESI_002_ESI_doy2022158155034_aid0001,,,2022-06-07 15:50:34,2022,6,evening,0.9365,334.0,True,False,False,,False,,,,,0.8149682,0.8448958,0.4662073,0.9999999,0.1365085
statistics_csv,esi,ECO_L4T_ESI_002_ESI_doy2022158155126_aid0001,,,2022-06-07 15:51:26,2022,6,evening,25.876900000000003,9229.0,True,False,False,,False,,,,,0.8162116,0.7918472,0.2830706,1.0,0.1076101
statistics_csv,esi,ECO_L4T_ESI_002_ESI_doy2022163101126_aid0001,,,2022-06-12 10:11:26,2022,6,midday_afternoon,0.0561,20.0,True,False,False,,False,,,,,0.9294643,0.9370817,0.701391,0.9923053,0.053919
statistics_csv,esi,ECO_L4T_ESI_002_ESI_doy2022164092328_aid0001,,,2022-06-13 09:23:28,2022,6,midday_afternoon,40.2327,14349.0,True,False,False,,False,,,,,0.7776819,0.8340527,0.0342584,1.0,0.1613027
statistics_csv,esi,ECO_L4T_ESI_002_ESI_doy2022167083449_aid0001,,,2022-06-16 08:34:49,2022,6,morning,47.612500000000004,16981.0,True,False,False,,False,,,,,0.8473085,0.8764863,0.0612903,1.0,0.1303338
statistics_csv,esi,ECO_L4T_ESI_002_ESI_doy2022178074901_aid0001,,,2022-06-27 07:49:01,2022,6,morning,6.1293,2186.0,True,False,False,,False,,,,,0.5206051,0.5347155,0.0201487,0.9999997,0.2821442
statistics_csv,esi,ECO_L4T_ESI_002_ESI_doy2023038110713_aid0001,,,2023-02-07 11:07:13,2023,2,midday_afternoon,18.7635,6692.0,True,False,False,,False,,,,,0.4990433,0.5164957,0.0,1.0,0.3960411
statistics_csv,esi,ECO_L4T_ESI_002_ESI_doy2023040093133_aid0001,,,2023-02-09 09:31:33,2023,2,midday_afternoon,0.3337,119.0,True,False,False,,False,,,,,0.6068726,0.8790707,0.0,1.0,0.4050978
statistics_csv,esi,ECO_L4T_ESI_002_ESI_doy2023053084457_aid0001,,,2023-02-22 08:44:57,2023,2,morning,10.9884,3919.0,True,False,False,,False,,,,,0.6452277,0.7553154,0.0,1.0,0.3396549
statistics_csv,esi,ECO_L4T_ESI_002_ESI_doy2023057071051_aid0001,,,2023-02-26 07:10:51,2023,2,morning,18.528,6608.0,True,False,False,,False,,,,,0.1229567,0.0,0.0,1.0,0.2735932
statistics_csv,esi,ECO_L4T_ESI_002_ESI_doy2023060062449_aid0001,,,2023-03-01 06:24:49,2023,3,morning,4.5423,1620.0,True,False,False,,False,,,,,0.0006102,0.0,0.0,0.5065884,0.0173619
statistics_csv,esi,ECO_L4T_ESI_002_ESI_doy2023089143200_aid0001,,,2023-03-30 14:32:00,2023,3,evening,17.4317,6217.0,True,False,False,,False,,,,,0.8400771,0.9941727,0.0,1.0,0.313295
statistics_csv,esi,ECO_L4T_ESI_002_ESI_doy2023101094752_aid0001,,,2023-04-11 09:47:52,2023,4,midday_afternoon,22.9497,8185.0,True,False,False,,False,,,,,0.8712435,0.9164579,0.034568,1.0,0.1657916
statistics_csv,esi,ECO_L4T_ESI_002_ESI_doy2023102135038_aid0001,,,2023-04-12 13:50:38,2023,4,midday_afternoon,22.4253,7998.0,True,False,False,,False,,,,,0.9341039,0.9993725,0.239529,1.0,0.1032241
statistics_csv,esi,ECO_L4T_ESI_002_ESI_doy2023102135130_aid0001,,,2023-04-12 13:51:30,2023,4,midday_afternoon,52.4688,18713.0,True,False,False,,False,,,,,0.8846843,0.9314165,0.1480397,1.0,0.1467336
statistics_csv,esi,ECO_L4T_ESI_002_ESI_doy2023103130243_aid0001,,,2023-04-13 13:02:43,2023,4,midday_afternoon,0.9645000000000001,344.0,True,False,False,,False,,,,,0.8119307,0.8734161,0.0622793,1.0,0.2463475
statistics_csv,esi,ECO_L4T_ESI_002_ESI_doy2023115081223_aid0001,,,2023-04-25 08:12:23,2023,4,morning,7.963000000000001,2840.0,True,False,False,,False,,,,,0.7554555,0.7828188,0.0,1.0,0.2095308
statistics_csv,esi,ECO_L4T_ESI_002_ESI_doy2023121063446_aid0001,,,2023-05-01 06:34:46,2023,5,morning,16.554,5904.0,True,False,False,,False,,,,,0.9287554,0.9527755,0.4782166,1.0,0.0875157
statistics_csv,esi,ECO_L4T_ESI_002_ESI_doy2023154124450_aid0001,,,2023-06-03 12:44:50,2023,6,midday_afternoon,7.326499999999999,2613.0,True,False,False,,False,,,,,0.8102198,0.8874804,0.0,1.0,0.2419618
statistics_csv,esi,ECO_L4T_ESI_002_ESI_doy2023157115505_aid0001,,,2023-06-06 11:55:05,2023,6,midday_afternoon,51.717400000000005,18445.0,True,False,False,,False,,,,,0.816107,0.8659012,0.0230979,1.0,0.1947556
statistics_csv,esi,ECO_L4T_ESI_002_ESI_doy2023158110557_aid0001,,,2023-06-07 11:05:57,2023,6,midday_afternoon,25.4844,9089.0,True,False,False,,False,,,,,0.8348547,0.8978077,0.00082,1.0,0.2219181
statistics_csv,esi,ECO_L4T_ESI_002_ESI_doy2023159150806_aid0001,,,2023-06-08 15:08:06,2023,6,evening,55.093199999999996,19649.0,True,False,False,,False,,,,,0.8709462,0.8644366,0.0760633,1.0,0.1268611
statistics_csv,esi,ECO_L4T_ESI_002_ESI_doy2023160141922_aid0001,,,2023-06-09 14:19:22,2023,6,evening,15.2082,5424.0,True,False,False,,False,,,,,0.8911391,0.9033401,0.0528858,1.0,0.1045821
statistics_csv,esi,ECO_L4T_ESI_002_ESI_doy2023163132855_aid0001,,,2023-06-12 13:28:55,2023,6,midday_afternoon,31.0024,11057.0,True,False,False,,False,,,,,0.7355621,0.8386819,0.0014327,1.0,0.2641791
statistics_csv,esi,ECO_L4T_ESI_002_ESI_doy2023167114931_aid0001,,,2023-06-16 11:49:31,2023,6,midday_afternoon,41.2421,14709.0,True,False,False,,False,,,,,0.7908698,0.8729752,0.0379705,1.0,0.2182562
statistics_csv,esi,ECO_L4T_ESI_002_ESI_doy2023170110056_aid0001,,,2023-06-19 11:00:56,2023,6,midday_afternoon,15.8447,5651.0,True,False,False,,False,,,,,0.5600813,0.6712474,0.0145347,1.0,0.3461823
statistics_csv,esi,ECO_L4T_ESI_002_ESI_doy2023172060918_aid0001,,,2023-06-21 06:09:18,2023,6,morning,10.7444,3832.0,True,False,False,,False,,,,,0.8153769,0.7941224,0.0429707,1.0,0.1639067
statistics_csv,esi,ECO_L4T_ESI_002_ESI_doy2023173052033_aid0001,,,2023-06-22 05:20:33,2023,6,morning,61.5842,21964.0,True,False,False,,False,,,,,0.8082038,0.7901646,0.0,1.0,0.1304294
statistics_csv,esi,ECO_L4T_ESI_002_ESI_doy2023174043153_aid0001,,,2023-06-23 04:31:53,2023,6,morning,0.0393,14.0,True,False,False,,False,,,,,0.9064859,0.8982342,0.8953002,0.939613,0.0170496
statistics_csv,esi,ECO_L4T_ESI_002_ESI_doy2023174092314_aid0001,,,2023-06-23 09:23:14,2023,6,midday_afternoon,0.33089999999999997,118.0,True,False,False,,False,,,,,0.657344,0.7821496,0.3410741,1.0,0.2152185
statistics_csv,esi,ECO_L4T_ESI_002_ESI_doy2024168103858_aid0001,,,2024-06-16 10:38:58,2024,6,midday_afternoon,12.881,4594.0,True,False,False,,False,,,,,0.8756424,0.9847038,0.0602118,1.0,0.1745443
statistics_csv,esi,ECO_L4T_ESI_002_ESI_doy2025053071815_aid0001,,,2025-02-22 07:18:15,2025,2,morning,30.8902,11017.0,True,False,False,,False,,,,,0.7382956,0.974412,0.0,1.0,0.3598006
statistics_csv,esi,ECO_L4T_ESI_002_ESI_doy2025118054918_aid0001,,,2025-04-28 05:49:18,2025,4,morning,0.3337,119.0,True,False,False,,False,,,,,0.8598948,1.0,0.557332,1.0,0.1936039
statistics_csv,esi,ECO_L4T_ESI_002_ESI_doy2025136175254_aid0001,,,2025-05-16 17:52:54,2025,5,evening,0.0112,4.0,True,False,False,,False,,,,,0.5900613,0.566714,0.5294207,0.6973965,0.0652339
statistics_csv,esi,ECO_L4T_ESI_002_ESI_doy2025154112957_aid0001,,,2025-06-03 11:29:57,2025,6,midday_afternoon,39.2233,13989.0,True,False,False,,False,,,,,0.827226,0.9116603,0.0149978,1.0,0.2004701
statistics_csv,esi,ECO_L4T_ESI_002_ESI_doy2025175072630_aid0001,,,2025-06-24 07:26:30,2025,6,morning,48.835,17417.0,True,False,False,,False,,,,,0.7755008,0.8627331,0.01165,1.0,0.2171489
statistics_csv,et,ECO_L3T_JET_002_ETdaily_doy2019046140410_aid0001,,,2019-02-15 14:04:10,2019,2,evening,0.3337,119.0,True,False,False,,False,,,,,0.1381369,0.1005172,0.0,0.5344794,0.1419604
statistics_csv,et,ECO_L3T_JET_002_ETdaily_doy2019048090743_aid0001,,,2019-02-17 09:07:43,2019,2,midday_afternoon,0.3337,119.0,True,False,False,,False,,,,,0.0995649,0.0655623,0.0,0.5340666,0.1101426
statistics_csv,et,ECO_L3T_JET_002_ETdaily_doy2019050121450_aid0001,,,2019-02-19 12:14:50,2019,2,midday_afternoon,27.9742,9977.0,True,False,False,,False,,,,,0.2450956,0.2317811,0.0,0.9936405,0.1913996
statistics_csv,et,ECO_L3T_JET_002_ETdaily_doy2019052120841_aid0001,,,2019-02-21 12:08:41,2019,2,midday_afternoon,0.3337,119.0,True,False,False,,False,,,,,0.1924928,0.1874427,0.0,0.5884012,0.1509651
statistics_csv,et,ECO_L3T_JET_002_ETdaily_doy2019155145035_aid0001,,,2019-06-04 14:50:35,2019,6,evening,20.258000000000003,7225.0,True,False,False,,False,,,,,0.6594933,0.6583761,0.0,2.5973022,0.3266468
statistics_csv,et,ECO_L3T_JET_002_ETdaily_doy2019160122043_aid0001,,,2019-06-09 12:20:43,2019,6,midday_afternoon,17.3279,6180.0,True,False,False,,False,,,,,1.2062613,1.2818618,0.1826846,2.6725845,0.4083
statistics_csv,et,ECO_L3T_JET_002_ETdaily_doy2019161162134_aid0001,,,2019-06-10 16:21:34,2019,6,evening,54.0025,19260.0,True,False,False,,False,,,,,0.8105956,0.6987088,0.0705071,2.7885931,0.4139037
statistics_csv,et,ECO_L3T_JET_002_ETdaily_doy2019163112813_aid0001,,,2019-06-12 11:28:13,2019,6,midday_afternoon,0.7262000000000001,259.0,True,False,False,,False,,,,,1.4732338,1.406884,0.3629543,2.7636094,0.4024023
statistics_csv,et,ECO_L3T_JET_002_ETdaily_doy2019165144037_aid0001,,,2019-06-14 14:40:37,2019,6,evening,0.1879,67.0,True,False,False,,False,,,,,1.7900764,1.9168175,1.040519,3.5063112,0.5615332
statistics_csv,et,ECO_L3T_JET_002_ETdaily_doy2019166103650_aid0001,,,2019-06-15 10:36:50,2019,6,midday_afternoon,56.7727,20248.0,True,False,False,,False,,,,,2.3856881,2.2490854,0.2022667,6.1109962,1.1392969
statistics_csv,et,ECO_L3T_JET_002_ETdaily_doy2020035133500_aid0001,,,2020-02-04 13:35:00,2020,2,midday_afternoon,49.4126,17623.0,True,False,False,,False,,,,,0.2396322,0.2524148,0.0410113,0.5019413,0.0705094
statistics_csv,et,ECO_L3T_JET_002_ETdaily_doy2020090154618_aid0001,,,2020-03-30 15:46:18,2020,3,evening,0.3337,119.0,True,False,False,,False,,,,,0.1776984,0.1608472,0.1182802,0.3012884,0.0443383
statistics_csv,et,ECO_L3T_JET_002_ETdaily_doy2020091145901_aid0001,,,2020-03-31 14:59:01,2020,3,evening,0.3337,119.0,True,False,False,,False,,,,,0.4097247,0.3804657,0.2542539,0.8426056,0.1157402
statistics_csv,et,ECO_L3T_JET_002_ETdaily_doy2020095132654_aid0001,,,2020-04-04 13:26:54,2020,4,midday_afternoon,31.490299999999998,11231.0,True,False,False,,False,,,,,0.6622669,0.6389982,0.0,1.6722504,0.3215145
statistics_csv,et,ECO_L3T_JET_002_ETdaily_doy2020098124205_aid0001,,,2020-04-07 12:42:05,2020,4,midday_afternoon,0.3337,119.0,True,False,False,,False,,,,,0.6352049,0.7218571,0.0,1.7898071,0.4030497
statistics_csv,et,ECO_L3T_JET_002_ETdaily_doy2020112112222_aid0001,,,2020-04-21 11:22:22,2020,4,midday_afternoon,1.0290000000000001,367.0,True,False,False,,False,,,,,2.4140987,2.3233261,1.9194931,3.4008918,0.2929146
statistics_csv,et,ECO_L3T_JET_002_ETdaily_doy2020157131348_aid0001,,,2020-06-05 13:13:48,2020,6,midday_afternoon,56.167100000000005,20032.0,True,False,False,,False,,,,,2.1951714,2.1789786,0.385151,5.3687758,0.5689483
statistics_csv,et,ECO_L3T_JET_002_ETdaily_doy2020158122604_aid0001,,,2020-06-06 12:26:04,2020,6,midday_afternoon,1.0823,386.0,True,False,False,,False,,,,,1.154474,1.1659697,0.5607274,1.6531357,0.1639679
statistics_csv,et,ECO_L3T_JET_002_ETdaily_doy2020158171752_aid0001,,,2020-06-06 17:17:52,2020,6,evening,11.3332,4042.0,True,False,False,,False,,,,,1.4877906,1.5670394,0.0446025,3.2345912,0.4325789
statistics_csv,et,ECO_L3T_JET_002_ETdaily_doy2020160122708_aid0001,,,2020-06-08 12:27:08,2020,6,midday_afternoon,3.1936,1139.0,True,False,False,,False,,,,,0.6399571,0.6364167,0.1962657,1.1656628,0.1789953
statistics_csv,et,ECO_L3T_JET_002_ETdaily_doy2020162105207_aid0001,,,2020-06-10 10:52:07,2020,6,midday_afternoon,33.5847,11978.0,True,False,False,,False,,,,,0.6350555,0.6226649,0.0500226,1.8651007,0.260227
statistics_csv,et,ECO_L3T_JET_002_ETdaily_doy2020163145525_aid0001,,,2020-06-11 14:55:25,2020,6,evening,4.5591,1626.0,True,False,False,,False,,,,,1.328894,1.3434671,0.2473108,2.8315356,0.3719776
statistics_csv,et,ECO_L3T_JET_002_ETdaily_doy2020164105304_aid0001,,,2020-06-12 10:53:04,2020,6,midday_afternoon,51.013600000000004,18194.0,True,False,False,,False,,,,,3.3800247,3.4421881,1.6223596,6.1760097,0.3236482
statistics_csv,et,ECO_L3T_JET_002_ETdaily_doy2020166091731_aid0001,,,2020-06-14 09:17:31,2020,6,midday_afternoon,5.7199,2040.0,True,False,False,,False,,,,,1.3132087,1.3251567,1.1550292,1.5238588,0.0723303
statistics_csv,et,ECO_L3T_JET_002_ETdaily_doy2020169083012_aid0001,,,2020-06-17 08:30:12,2020,6,morning,35.2418,12569.0,True,False,False,,False,,,,,0.7695575,0.7589456,0.2532271,1.2730099,0.1227951
statistics_csv,et,ECO_L3T_JET_002_ETdaily_doy2020179083636_aid0001,,,2020-06-27 08:36:36,2020,6,morning,0.3337,119.0,True,False,False,,False,,,,,2.518496,2.4101923,1.6710917,3.4813972,0.3912061
statistics_csv,et,ECO_L3T_JET_002_ETdaily_doy2021027152613_aid0001,,,2021-01-27 15:26:13,2021,1,evening,21.186,7556.0,True,False,False,,False,,,,,0.4513502,0.4346048,0.0851757,0.8231299,0.1250063
statistics_csv,et,ECO_L3T_JET_002_ETdaily_doy2021029152744_aid0001,,,2021-01-29 15:27:44,2021,1,evening,3.7740000000000005,1346.0,True,False,False,,False,,,,,0.0456032,0.0,0.0,0.7390446,0.1203665
statistics_csv,et,ECO_L3T_JET_002_ETdaily_doy2021031135337_aid0001,,,2021-01-31 13:53:37,2021,1,midday_afternoon,0.3337,119.0,True,False,False,,False,,,,,0.121639,0.1495567,0.0,0.1647801,0.0600176
statistics_csv,et,ECO_L3T_JET_002_ETdaily_doy2021038113525_aid0001,,,2021-02-07 11:35:25,2021,2,midday_afternoon,0.3337,119.0,True,False,False,,False,,,,,0.1687328,0.1266583,0.0446253,0.4333271,0.1215687
statistics_csv,et,ECO_L3T_JET_002_ETdaily_doy2021112101429_aid0001,,,2021-04-22 10:14:29,2021,4,midday_afternoon,0.6281,224.0,True,False,False,,False,,,,,1.2908908,1.2400323,0.7916011,1.9657643,0.2813965
statistics_csv,et,ECO_L3T_JET_002_ETdaily_doy2021115092913_aid0001,,,2021-04-25 09:29:13,2021,4,midday_afternoon,0.3337,119.0,True,False,False,,False,,,,,0.8781792,0.8328132,0.5870655,1.2080165,0.135616
statistics_csv,et,ECO_L3T_JET_002_ETdaily_doy2021116084149_aid0001,,,2021-04-26 08:41:49,2021,4,morning,4.2507,1516.0,True,False,False,,False,,,,,0.5862392,0.5238181,0.1880882,1.2990018,0.2213952
statistics_csv,et,ECO_L3T_JET_002_ETdaily_doy2021120070859_aid0001,,,2021-04-30 07:08:59,2021,4,morning,19.585,6985.0,True,False,False,,False,,,,,1.3346025,1.3166171,0.2565308,4.1512632,0.4449117
statistics_csv,et,ECO_L3T_JET_002_ETdaily_doy2021124053602_aid0001,,,2021-05-04 05:36:02,2021,5,morning,36.573699999999995,13044.0,True,False,False,,False,,,,,0.2908908,0.057368,0.0,5.308125,0.4452776
statistics_csv,et,ECO_L3T_JET_002_ETdaily_doy2021126053802_aid0001,,,2021-05-06 05:38:02,2021,5,morning,26.2554,9364.0,True,False,False,,False,,,,,1.2161773,1.2958689,0.3769515,1.8673792,0.2428225
statistics_csv,et,ECO_L3T_JET_002_ETdaily_doy2021144174926_aid0001,,,2021-05-24 17:49:26,2021,5,evening,59.618700000000004,21263.0,True,False,False,,False,,,,,0.1516506,0.1284967,0.0,1.1743522,0.157035
statistics_csv,et,ECO_L3T_JET_002_ETdaily_doy2021149152944_aid0001,,,2021-05-29 15:29:44,2021,5,evening,69.8612,24916.0,True,False,False,,False,,,,,1.2452931,1.193404,0.0,4.6309595,0.6815876
statistics_csv,et,ECO_L3T_JET_002_ETdaily_doy2021158162802_aid0001,,,2021-06-07 16:28:02,2021,6,evening,3.3562000000000003,1197.0,True,False,False,,False,,,,,0.1265001,0.0764227,0.0,1.4521151,0.1579677
statistics_csv,et,ECO_L3T_JET_002_ETdaily_doy2021162145512_aid0001,,,2021-06-11 14:55:12,2021,6,evening,60.55239999999999,21596.0,True,False,False,,False,,,,,0.9770062,0.9674212,0.0,3.1069913,0.3833663
statistics_csv,et,ECO_L3T_JET_002_ETdaily_doy2021163140746_aid0001,,,2021-06-12 14:07:46,2021,6,evening,58.682199999999995,20929.0,True,False,False,,False,,,,,2.516427,2.537828,0.2008099,6.1931248,0.7034148
statistics_csv,et,ECO_L3T_JET_002_ETdaily_doy2021164100603_aid0001,,,2021-06-13 10:06:03,2021,6,midday_afternoon,0.3337,119.0,True,False,False,,False,,,,,2.4188662,2.3747532,0.350514,4.474956,0.7795377
statistics_csv,et,ECO_L3T_JET_002_ETdaily_doy2021173061157_aid0001,,,2021-06-22 06:11:57,2021,6,morning,30.879,11013.0,True,False,False,,False,,,,,1.9770607,1.7835371,0.326438,4.8546815,0.6668369
statistics_csv,et,ECO_L3T_JET_002_ETdaily_doy2022030140709_aid0001,,,2022-01-30 14:07:09,2022,1,evening,0.8916000000000001,318.0,True,False,False,,False,,,,,0.0239064,0.0020748,0.0,0.140446,0.0330221
statistics_csv,et,ECO_L3T_JET_002_ETdaily_doy2022038105502_aid0001,,,2022-02-07 10:55:02,2022,2,midday_afternoon,0.3337,119.0,True,False,False,,False,,,,,0.0510429,0.0500418,0.0,0.1242579,0.035398
statistics_csv,et,ECO_L3T_JET_002_ETdaily_doy2022042091942_aid0001,,,2022-02-11 09:19:42,2022,2,midday_afternoon,0.3337,119.0,True,False,False,,False,,,,,0.0253849,0.0257875,0.0,0.1061363,0.0214227
statistics_csv,et,ECO_L3T_JET_002_ETdaily_doy2022096164256_aid0001,,,2022-04-06 16:42:56,2022,4,evening,0.3337,119.0,True,False,False,,False,,,,,0.4027017,0.4170203,0.0337418,0.9916363,0.1716459
statistics_csv,et,ECO_L3T_JET_002_ETdaily_doy2022102101425_aid0001,,,2022-04-12 10:14:25,2022,4,midday_afternoon,25.419900000000002,9066.0,True,False,False,,False,,,,,0.8506421,0.7856311,0.0,4.1080685,0.6570404
statistics_csv,et,ECO_L3T_JET_002_ETdaily_doy2022109110355_aid0001,,,2022-04-19 11:03:55,2022,4,midday_afternoon,4.8759,1739.0,True,False,False,,False,,,,,1.8757893,2.0567625,0.1606385,3.6612771,0.4795623
statistics_csv,et,ECO_L3T_JET_002_ETdaily_doy2022112101457_aid0001,,,2022-04-22 10:14:57,2022,4,midday_afternoon,2.6581,948.0,True,False,False,,False,,,,,1.8869636,1.8169818,0.677816,3.9525278,0.4577593
statistics_csv,et,ECO_L3T_JET_002_ETdaily_doy2022148154844_aid0001,,,2022-05-28 15:48:44,2022,5,evening,43.196400000000004,15406.0,True,False,False,,False,,,,,2.0827703,2.0623037,0.0,5.8712945,1.037899
statistics_csv,et,ECO_L3T_JET_002_ETdaily_doy2022149150000_aid0001,,,2022-05-29 15:00:00,2022,5,evening,28.6051,10202.0,True,False,False,,False,,,,,1.0686637,1.0668526,0.0,3.1900022,0.452639
statistics_csv,et,ECO_L3T_JET_002_ETdaily_doy2022149150052_aid0001,,,2022-05-29 15:00:52,2022,5,evening,63.8189,22761.0,True,False,False,,False,,,,,0.9966974,1.0012994,0.0,3.994319,0.3794296
statistics_csv,et,ECO_L3T_JET_002_ETdaily_doy2022152141211_aid0001,,,2022-06-01 14:12:11,2022,6,evening,0.21589999999999998,77.0,True,False,False,,False,,,,,1.4460905,1.4098066,1.0934225,1.9318535,0.1900137
statistics_csv,et,ECO_L3T_JET_002_ETdaily_doy2022152141303_aid0001,,,2022-06-01 14:13:03,2022,6,evening,2.1814,778.0,True,False,False,,False,,,,,1.5744896,1.5995731,0.2312114,2.2569735,0.3023709
statistics_csv,et,ECO_L3T_JET_002_ETdaily_doy2022156123628_aid0001,,,2022-06-05 12:36:28,2022,6,midday_afternoon,59.8206,21335.0,True,False,False,,False,,,,,2.0800452,2.0615139,0.01055,5.4145803,0.7854825
statistics_csv,et,ECO_L3T_JET_002_ETdaily_doy2022157114746_aid0001,,,2022-06-06 11:47:46,2022,6,midday_afternoon,52.8978,18866.0,True,False,False,,False,,,,,2.5716763,2.6780493,0.2798948,6.6045203,0.883698
statistics_csv,et,ECO_L3T_JET_002_ETdaily_doy2022157114838_aid0001,,,2022-06-06 11:48:38,2022,6,midday_afternoon,49.4631,17641.0,True,False,False,,False,,,,,2.8582454,2.8629093,0.3433964,6.6283655,0.7023323
statistics_csv,et,ECO_L3T_JET_002_ETdaily_doy2022158155034_aid0001,,,2022-06-07 15:50:34,2022,6,evening,0.9365,334.0,True,False,False,,False,,,,,1.0910162,1.0449857,0.5253829,2.4868727,0.2762451
statistics_csv,et,ECO_L3T_JET_002_ETdaily_doy2022158155126_aid0001,,,2022-06-07 15:51:26,2022,6,evening,25.876900000000003,9229.0,True,False,False,,False,,,,,1.1802675,1.2010832,0.3897795,2.2269537,0.2040669
statistics_csv,et,ECO_L3T_JET_002_ETdaily_doy2022163101126_aid0001,,,2022-06-12 10:11:26,2022,6,midday_afternoon,0.0561,20.0,True,False,False,,False,,,,,2.6121507,2.4627047,2.3761394,3.1599703,0.2818886
statistics_csv,et,ECO_L3T_JET_002_ETdaily_doy2022164092328_aid0001,,,2022-06-13 09:23:28,2022,6,midday_afternoon,40.2327,14349.0,True,False,False,,False,,,,,2.9207132,2.9210229,0.8668405,4.9650278,0.4463653
statistics_csv,et,ECO_L3T_JET_002_ETdaily_doy2022167083449_aid0001,,,2022-06-16 08:34:49,2022,6,morning,47.612500000000004,16981.0,True,False,False,,False,,,,,3.7354341,3.6667266,0.1730398,7.1101379,1.0401995
statistics_csv,et,ECO_L3T_JET_002_ETdaily_doy2022178074901_aid0001,,,2022-06-27 07:49:01,2022,6,morning,6.1293,2186.0,True,False,False,,False,,,,,2.6575637,2.6696718,0.0736793,5.3536711,1.099256
statistics_csv,et,ECO_L3T_JET_002_ETdaily_doy2023038110713_aid0001,,,2023-02-07 11:07:13,2023,2,midday_afternoon,18.7635,6692.0,True,False,False,,False,,,,,0.2035795,0.2380787,0.0,0.7399505,0.15258
statistics_csv,et,ECO_L3T_JET_002_ETdaily_doy2023040093133_aid0001,,,2023-02-09 09:31:33,2023,2,midday_afternoon,0.3337,119.0,True,False,False,,False,,,,,0.093475,0.09285,0.0,0.2943686,0.0546592
statistics_csv,et,ECO_L3T_JET_002_ETdaily_doy2023053084457_aid0001,,,2023-02-22 08:44:57,2023,2,morning,10.9884,3919.0,True,False,False,,False,,,,,0.3268837,0.3417795,0.0,1.0043757,0.2209913
statistics_csv,et,ECO_L3T_JET_002_ETdaily_doy2023057071051_aid0001,,,2023-02-26 07:10:51,2023,2,morning,18.528,6608.0,True,False,False,,False,,,,,0.0440217,0.0,0.0,1.4093872,0.1285201
statistics_csv,et,ECO_L3T_JET_002_ETdaily_doy2023060062449_aid0001,,,2023-03-01 06:24:49,2023,3,morning,4.5423,1620.0,True,False,False,,False,,,,,0.0008029,0.0,0.0,0.7185851,0.0229632
statistics_csv,et,ECO_L3T_JET_002_ETdaily_doy2023089143200_aid0001,,,2023-03-30 14:32:00,2023,3,evening,17.4317,6217.0,True,False,False,,False,,,,,0.3581056,0.3843704,0.0,1.0353768,0.2083346
statistics_csv,et,ECO_L3T_JET_002_ETdaily_doy2023101094752_aid0001,,,2023-04-11 09:47:52,2023,4,midday_afternoon,22.9497,8185.0,True,False,False,,False,,,,,1.1710351,1.1928202,0.2334227,2.5440881,0.2595687
statistics_csv,et,ECO_L3T_JET_002_ETdaily_doy2023102135038_aid0001,,,2023-04-12 13:50:38,2023,4,midday_afternoon,22.4253,7998.0,True,False,False,,False,,,,,1.4808328,1.5222422,0.2838485,2.8013308,0.3602296
statistics_csv,et,ECO_L3T_JET_002_ETdaily_doy2023102135130_aid0001,,,2023-04-12 13:51:30,2023,4,midday_afternoon,52.4688,18713.0,True,False,False,,False,,,,,1.3237462,1.3442153,0.3441226,2.6182454,0.3216038
statistics_csv,et,ECO_L3T_JET_002_ETdaily_doy2023103130243_aid0001,,,2023-04-13 13:02:43,2023,4,midday_afternoon,0.9645000000000001,344.0,True,False,False,,False,,,,,0.3983198,0.4007199,0.1239352,0.5499671,0.0879771
statistics_csv,et,ECO_L3T_JET_002_ETdaily_doy2023115081223_aid0001,,,2023-04-25 08:12:23,2023,4,morning,7.963000000000001,2840.0,True,False,False,,False,,,,,0.7919172,0.7311274,0.0,2.4417999,0.3336373
statistics_csv,et,ECO_L3T_JET_002_ETdaily_doy2023121063446_aid0001,,,2023-05-01 06:34:46,2023,5,morning,16.554,5904.0,True,False,False,,False,,,,,0.8521402,0.8546177,0.3898053,1.631093,0.1606327
statistics_csv,et,ECO_L3T_JET_002_ETdaily_doy2023154124450_aid0001,,,2023-06-03 12:44:50,2023,6,midday_afternoon,7.326499999999999,2613.0,True,False,False,,False,,,,,0.375392,0.2839448,0.0,1.2076482,0.2745884
statistics_csv,et,ECO_L3T_JET_002_ETdaily_doy2023157115505_aid0001,,,2023-06-06 11:55:05,2023,6,midday_afternoon,51.717400000000005,18445.0,True,False,False,,False,,,,,2.3291974,2.3752887,0.1194543,5.586381,0.862021
statistics_csv,et,ECO_L3T_JET_002_ETdaily_doy2023158110557_aid0001,,,2023-06-07 11:05:57,2023,6,midday_afternoon,25.4844,9089.0,True,False,False,,False,,,,,3.1187541,3.0019879,0.0925233,6.8564801,1.0608294
statistics_csv,et,ECO_L3T_JET_002_ETdaily_doy2023159150806_aid0001,,,2023-06-08 15:08:06,2023,6,evening,55.093199999999996,19649.0,True,False,False,,False,,,,,0.7109348,0.6528937,0.0583196,2.8272777,0.3357736
statistics_csv,et,ECO_L3T_JET_002_ETdaily_doy2023160141922_aid0001,,,2023-06-09 14:19:22,2023,6,evening,15.2082,5424.0,True,False,False,,False,,,,,1.2552294,1.2041247,0.0788072,3.2091024,0.4896256
statistics_csv,et,ECO_L3T_JET_002_ETdaily_doy2023163132855_aid0001,,,2023-06-12 13:28:55,2023,6,midday_afternoon,31.0024,11057.0,True,False,False,,False,,,,,1.9421113,1.9695455,0.0245395,5.4122071,0.7542973
statistics_csv,et,ECO_L3T_JET_002_ETdaily_doy2023167114931_aid0001,,,2023-06-16 11:49:31,2023,6,midday_afternoon,41.2421,14709.0,True,False,False,,False,,,,,2.0802782,2.0718508,0.0436522,5.7786074,0.7391406
statistics_csv,et,ECO_L3T_JET_002_ETdaily_doy2023170110056_aid0001,,,2023-06-19 11:00:56,2023,6,midday_afternoon,15.8447,5651.0,True,False,False,,False,,,,,1.9996849,1.8007591,0.063551,6.2225828,1.2975737
statistics_csv,et,ECO_L3T_JET_002_ETdaily_doy2023172060918_aid0001,,,2023-06-21 06:09:18,2023,6,morning,10.7444,3832.0,True,False,False,,False,,,,,2.3479168,2.3910302,0.2906426,4.3141537,0.5159459
statistics_csv,et,ECO_L3T_JET_002_ETdaily_doy2023173052033_aid0001,,,2023-06-22 05:20:33,2023,6,morning,61.5842,21964.0,True,False,False,,False,,,,,2.4498081,2.5472341,0.0,6.4885788,0.6714728
statistics_csv,et,ECO_L3T_JET_002_ETdaily_doy2023174043153_aid0001,,,2023-06-23 04:31:53,2023,6,morning,0.0393,14.0,True,False,False,,False,,,,,3.4435642,3.381344,3.2328246,3.8044941,0.1924302
statistics_csv,et,ECO_L3T_JET_002_ETdaily_doy2023174092314_aid0001,,,2023-06-23 09:23:14,2023,6,midday_afternoon,0.33089999999999997,118.0,True,False,False,,False,,,,,2.1824489,2.1718117,1.8343406,2.5092049,0.1443684
statistics_csv,et,ECO_L3T_JET_002_ETdaily_doy2024168103858_aid0001,,,2024-06-16 10:38:58,2024,6,midday_afternoon,12.881,4594.0,True,False,False,,False,,,,,2.5417013,2.4957464,0.8148299,5.2364302,0.7548857
statistics_csv,et,ECO_L3T_JET_002_ETdaily_doy2025053071815_aid0001,,,2025-02-22 07:18:15,2025,2,morning,30.8902,11017.0,True,False,False,,False,,,,,0.3145925,0.276389,0.0,1.183203,0.2066319
statistics_csv,et,ECO_L3T_JET_002_ETdaily_doy2025118054918_aid0001,,,2025-04-28 05:49:18,2025,4,morning,0.3337,119.0,True,False,False,,False,,,,,0.3339916,0.3263448,0.1566248,0.7459903,0.0919231
statistics_csv,et,ECO_L3T_JET_002_ETdaily_doy2025136175254_aid0001,,,2025-05-16 17:52:54,2025,5,evening,0.0112,4.0,True,False,False,,False,,,,,0.3037564,0.323194,0.1621316,0.4065062,0.08979
statistics_csv,et,ECO_L3T_JET_002_ETdaily_doy2025154112957_aid0001,,,2025-06-03 11:29:57,2025,6,midday_afternoon,39.2233,13989.0,True,False,False,,False,,,,,2.3100524,2.21334,0.0509306,6.169179,1.0038826
statistics_csv,et,ECO_L3T_JET_002_ETdaily_doy2025175072630_aid0001,,,2025-06-24 07:26:30,2025,6,morning,48.835,17417.0,True,False,False,,False,,,,,3.13275,3.2737999,0.1046407,5.6459961,0.8636937
statistics_csv,ndvi,ECO_L2T_STARS_002_NDVI_doy2019039120053_aid0001,,,2019-02-08 12:00:53,2019,2,midday_afternoon,0.3337,119.0,True,False,False,,False,,,,,0.0939627,0.0940325,-0.7226387,0.4385225,0.1845741
statistics_csv,ndvi,ECO_L2T_STARS_002_NDVI_doy2019041115446_aid0001,,,2019-02-10 11:54:46,2019,2,midday_afternoon,0.3337,119.0,True,False,False,,False,,,,,0.036597,0.0077468,-0.9097487,0.4557904,0.2131038
statistics_csv,ndvi,ECO_L2T_STARS_002_NDVI_doy2019044105702_aid0001,,,2019-02-13 10:57:02,2019,2,midday_afternoon,0.3337,119.0,True,False,False,,False,,,,,-0.0549985,-0.0456336,-0.1701228,0.4503141,0.0855893
statistics_csv,ndvi,ECO_L2T_STARS_002_NDVI_doy2019046140410_aid0001,,,2019-02-15 14:04:10,2019,2,evening,0.3337,119.0,True,False,False,,False,,,,,-0.0584555,-0.0528972,-0.1700875,0.4570088,0.0830231
statistics_csv,ndvi,ECO_L2T_STARS_002_NDVI_doy2019048090743_aid0001,,,2019-02-17 09:07:43,2019,2,midday_afternoon,0.3337,119.0,True,False,False,,False,,,,,-0.0571154,-0.0492626,-0.1700278,0.4635804,0.0829006
statistics_csv,ndvi,ECO_L2T_STARS_002_NDVI_doy2019053111758_aid0001,,,2019-02-22 11:17:58,2019,2,midday_afternoon,0.3337,119.0,True,False,False,,False,,,,,-0.090024,-0.0738976,-0.249916,0.3962736,0.088588
statistics_csv,ndvi,ECO_L2T_STARS_002_NDVI_doy2019054071215_aid0001,,,2019-02-23 07:12:15,2019,2,morning,0.3337,119.0,True,False,False,,False,,,,,-0.1057613,-0.0753294,-0.3530643,0.3771896,0.1105968
statistics_csv,ndvi,ECO_L2T_STARS_002_NDVI_doy2019059092317_aid0001,,,2019-02-28 09:23:17,2019,2,midday_afternoon,0.3337,119.0,True,False,False,,False,,,,,-0.0898584,-0.0800579,-0.2623255,0.2989044,0.0768735
statistics_csv,ndvi,ECO_L2T_STARS_002_NDVI_doy2019160122043_aid0001,,,2019-06-09 12:20:43,2019,6,midday_afternoon,0.3337,119.0,True,False,False,,False,,,,,-0.0717686,-0.1252159,-0.1465757,0.5761056,0.137752
statistics_csv,ndvi,ECO_L2T_STARS_002_NDVI_doy2019164103920_aid0001,,,2019-06-13 10:39:20,2019,6,midday_afternoon,0.3337,119.0,True,False,False,,False,,,,,0.0092817,-0.0695994,-0.092256,0.6674837,0.1764013
statistics_csv,ndvi,ECO_L2T_STARS_002_NDVI_doy2019165144037_aid0001,,,2019-06-14 14:40:37,2019,6,evening,0.3337,119.0,True,False,False,,False,,,,,0.0045823,-0.0728446,-0.095524,0.6602373,0.1762772
statistics_csv,ndvi,ECO_L2T_STARS_002_NDVI_doy2019172071621_aid0001,,,2019-06-21 07:16:21,2019,6,morning,0.3337,119.0,True,False,False,,False,,,,,0.1212332,-0.0257029,-0.0765526,0.662838,0.2082508
statistics_csv,ndvi,ECO_L2T_STARS_002_NDVI_doy2020031150849_aid0001,,,2020-01-31 15:08:49,2020,1,evening,0.3337,119.0,True,False,False,,False,,,,,0.0331945,0.0073397,-0.1707683,0.521661,0.1139198
statistics_csv,ndvi,ECO_L2T_STARS_002_NDVI_doy2020042143038_aid0001,,,2020-02-11 14:30:38,2020,2,evening,0.3337,119.0,True,False,False,,False,,,,,0.057328,0.0148992,-0.2115156,0.3674167,0.1306263
statistics_csv,ndvi,ECO_L2T_STARS_002_NDVI_doy2020090154618_aid0001,,,2020-03-30 15:46:18,2020,3,evening,0.3337,119.0,True,False,False,,False,,,,,0.0265599,-0.0026649,-0.128823,0.3,0.1280694
statistics_csv,ndvi,ECO_L2T_STARS_002_NDVI_doy2020091145901_aid0001,,,2020-03-31 14:59:01,2020,3,evening,0.3337,119.0,True,False,False,,False,,,,,0.03508,-0.0016258,-0.1298727,0.3,0.1306528
statistics_csv,ndvi,ECO_L2T_STARS_002_NDVI_doy2020094141346_aid0001,,,2020-04-03 14:13:46,2020,4,evening,0.3337,119.0,True,False,False,,False,,,,,0.0094234,-0.0398247,-0.1392429,0.3,0.1298142
statistics_csv,ndvi,ECO_L2T_STARS_002_NDVI_doy2020097164324_aid0001,,,2020-04-06 16:43:24,2020,4,evening,0.3337,119.0,True,False,False,,False,,,,,-0.0271001,-0.0629117,-0.1428625,0.162345,0.0863829
statistics_csv,ndvi,ECO_L2T_STARS_002_NDVI_doy2020098124205_aid0001,,,2020-04-07 12:42:05,2020,4,midday_afternoon,0.3337,119.0,True,False,False,,False,,,,,-0.0917119,-0.1018908,-0.1774198,0.0470981,0.0471283
statistics_csv,ndvi,ECO_L2T_STARS_002_NDVI_doy2020099115513_aid0001,,,2020-04-08 11:55:13,2020,4,midday_afternoon,0.3337,119.0,True,False,False,,False,,,,,-0.0770839,-0.0855966,-0.1571368,0.0979148,0.0455913
statistics_csv,ndvi,ECO_L2T_STARS_002_NDVI_doy2020101151152_aid0001,,,2020-04-10 15:11:52,2020,4,evening,0.3337,119.0,True,False,False,,False,,,,,-0.0767893,-0.0848868,-0.1526644,0.0929207,0.0436823
statistics_csv,ndvi,ECO_L2T_STARS_002_NDVI_doy2020105134001_aid0001,,,2020-04-14 13:40:01,2020,4,midday_afternoon,0.3337,119.0,True,False,False,,False,,,,,-0.0817279,-0.0901564,-0.1657655,0.1146226,0.0481219
statistics_csv,ndvi,ECO_L2T_STARS_002_NDVI_doy2020108080401_aid0001,,,2020-04-17 08:04:01,2020,4,morning,0.3337,119.0,True,False,False,,False,,,,,-0.0664289,-0.0799332,-0.1526836,0.1107251,0.0518435
statistics_csv,ndvi,ECO_L2T_STARS_002_NDVI_doy2020111071859_aid0001,,,2020-04-20 07:18:59,2020,4,morning,0.3337,119.0,True,False,False,,False,,,,,0.0188431,0.0207621,-0.070049,0.243546,0.0492519
statistics_csv,ndvi,ECO_L2T_STARS_002_NDVI_doy2020121072602_aid0001,,,2020-04-30 07:26:02,2020,4,morning,0.3337,119.0,True,False,False,,False,,,,,-0.0775027,-0.0939615,-0.1381895,0.2351075,0.058804
statistics_csv,ndvi,ECO_L2T_STARS_002_NDVI_doy2020124063952_aid0001,,,2020-05-03 06:39:52,2020,5,morning,0.3337,119.0,True,False,False,,False,,,,,-0.0605135,-0.085599,-0.1381895,0.2368585,0.0692681
statistics_csv,ndvi,ECO_L2T_STARS_002_NDVI_doy2020160122800_aid0001,,,2020-06-08 12:28:00,2020,6,midday_afternoon,0.3337,119.0,True,False,False,,False,,,,,0.0522267,-0.0188965,-0.0764558,0.7291421,0.1679747
statistics_csv,ndvi,ECO_L2T_STARS_002_NDVI_doy2020161113922_aid0001,,,2020-06-09 11:39:22,2020,6,midday_afternoon,0.3337,119.0,True,False,False,,False,,,,,0.0585263,-0.0171476,-0.0763998,0.594796,0.1681557
statistics_csv,ndvi,ECO_L2T_STARS_002_NDVI_doy2020162105207_aid0001,,,2020-06-10 10:52:07,2020,6,midday_afternoon,0.3337,119.0,True,False,False,,False,,,,,0.3164723,0.3,0.3,0.5947347,0.0400252
statistics_csv,ndvi,ECO_L2T_STARS_002_NDVI_doy2020164105304_aid0001,,,2020-06-12 10:53:04,2020,6,midday_afternoon,0.3337,119.0,True,False,False,,False,,,,,0.3139976,0.3,0.3,0.408583,0.0307725
statistics_csv,ndvi,ECO_L2T_STARS_002_NDVI_doy2020171114557_aid0001,,,2020-06-19 11:45:57,2020,6,midday_afternoon,0.3337,119.0,True,False,False,,False,,,,,0.3,0.3,0.3,0.3,1e-07
statistics_csv,ndvi,ECO_L2T_STARS_002_NDVI_doy2020179083636_aid0001,,,2020-06-27 08:36:36,2020,6,morning,0.3337,119.0,True,False,False,,False,,,,,0.300119,0.3,0.3,0.314163,0.0012928
statistics_csv,ndvi,ECO_L2T_STARS_002_NDVI_doy2021031135337_aid0001,,,2021-01-31 13:53:37,2021,1,midday_afternoon,0.3337,119.0,True,False,False,,False,,,,,0.2436038,0.3,-0.0356523,0.3,0.114327
statistics_csv,ndvi,ECO_L2T_STARS_002_NDVI_doy2021038113525_aid0001,,,2021-02-07 11:35:25,2021,2,midday_afternoon,0.3337,119.0,True,False,False,,False,,,,,0.1218331,0.1338844,-0.0696077,0.3219066,0.1062901
statistics_csv,ndvi,ECO_L2T_STARS_002_NDVI_doy2021047123350_aid0001,,,2021-02-16 12:33:50,2021,2,midday_afternoon,0.3337,119.0,True,False,False,,False,,,,,-0.0366584,-0.0559907,-0.1264424,0.1708207,0.0783979
statistics_csv,ndvi,ECO_L2T_STARS_002_NDVI_doy2021048114619_aid0001,,,2021-02-17 11:46:19,2021,2,midday_afternoon,0.3337,119.0,True,False,False,,False,,,,,-0.0555154,-0.0652004,-0.1263859,0.1952259,0.0549975
statistics_csv,ndvi,ECO_L2T_STARS_002_NDVI_doy2021089152831_aid0001,,,2021-03-30 15:28:31,2021,3,evening,0.3337,119.0,True,False,False,,False,,,,,-0.0783638,-0.0851954,-0.0998896,0.1041341,0.0293508
statistics_csv,ndvi,ECO_L2T_STARS_002_NDVI_doy2021095122034_aid0001,,,2021-04-05 12:20:34,2021,4,midday_afternoon,0.3337,119.0,True,False,False,,False,,,,,-0.0927027,-0.0982994,-0.1662513,0.1984293,0.0512887
statistics_csv,ndvi,ECO_L2T_STARS_002_NDVI_doy2021096162426_aid0001,,,2021-04-06 16:24:26,2021,4,evening,0.3337,119.0,True,False,False,,False,,,,,-0.0926161,-0.0981323,-0.1662581,0.1980577,0.0514424
statistics_csv,ndvi,ECO_L2T_STARS_002_NDVI_doy2021098113540_aid0001,,,2021-04-08 11:35:40,2021,4,midday_afternoon,0.3337,119.0,True,False,False,,False,,,,,-0.0902135,-0.095895,-0.1589037,0.1693949,0.0481735
statistics_csv,ndvi,ECO_L2T_STARS_002_NDVI_doy2021107074302_aid0001,,,2021-04-17 07:43:02,2021,4,morning,0.3337,119.0,True,False,False,,False,,,,,0.0206157,0.0175431,-0.0863424,0.1562809,0.0636773
statistics_csv,ndvi,ECO_L2T_STARS_002_NDVI_doy2021110065805_aid0001,,,2021-04-20 06:58:05,2021,4,morning,0.3337,119.0,True,False,False,,False,,,,,0.0205997,0.0175431,-0.0863424,0.1562809,0.0636615
statistics_csv,ndvi,ECO_L2T_STARS_002_NDVI_doy2021111061028_aid0001,,,2021-04-21 06:10:28,2021,4,morning,0.3337,119.0,True,False,False,,False,,,,,0.0205997,0.0175431,-0.0863424,0.1562809,0.0636615
statistics_csv,ndvi,ECO_L2T_STARS_002_NDVI_doy2021113061248_aid0001,,,2021-04-23 06:12:48,2021,4,morning,0.3337,119.0,True,False,False,,False,,,,,0.0302606,0.0175431,-0.0863424,0.187038,0.0761534
statistics_csv,ndvi,ECO_L2T_STARS_002_NDVI_doy2021115092913_aid0001,,,2021-04-25 09:29:13,2021,4,midday_afternoon,0.3337,119.0,True,False,False,,False,,,,,0.0146395,0.0099684,-0.1101983,0.187038,0.0882223
statistics_csv,ndvi,ECO_L2T_STARS_002_NDVI_doy2021145170232_aid0001,,,2021-05-25 17:02:32,2021,5,evening,0.3337,119.0,True,False,False,,False,,,,,0.0130141,-0.0063984,-0.0355994,0.3,0.0509426
statistics_csv,ndvi,ECO_L2T_STARS_002_NDVI_doy2021153135657_aid0001,,,2021-06-02 13:56:57,2021,6,midday_afternoon,0.3337,119.0,True,False,False,,False,,,,,-0.0548181,-0.0746669,-0.1013109,0.3878139,0.083766
statistics_csv,ndvi,ECO_L2T_STARS_002_NDVI_doy2021154130942_aid0001,,,2021-06-03 13:09:42,2021,6,midday_afternoon,0.3337,119.0,True,False,False,,False,,,,,-0.0548047,-0.074529,-0.1013494,0.3842924,0.0837464
statistics_csv,ndvi,ECO_L2T_STARS_002_NDVI_doy2021164100603_aid0001,,,2021-06-13 10:06:03,2021,6,midday_afternoon,0.3337,119.0,True,False,False,,False,,,,,0.0162489,-0.0718606,-0.105641,0.7142536,0.1986984
statistics_csv,ndvi,ECO_L2T_STARS_002_NDVI_doy2021168083310_aid0001,,,2021-06-17 08:33:10,2021,6,morning,0.3337,119.0,True,False,False,,False,,,,,0.0593361,-0.0568113,-0.0977201,0.8798476,0.2362359
statistics_csv,ndvi,ECO_L2T_STARS_002_NDVI_doy2021172070023_aid0001,,,2021-06-21 07:00:23,2021,6,morning,0.3337,119.0,True,False,False,,False,,,,,0.0593361,-0.0568113,-0.0977201,0.8798476,0.2362359
statistics_csv,ndvi,ECO_L2T_STARS_002_NDVI_doy2021177044020_aid0001,,,2021-06-26 04:40:20,2021,6,morning,0.3337,119.0,True,False,False,,False,,,,,0.1045212,-0.0059837,-0.0621884,0.7444009,0.2406256
statistics_csv,ndvi,ECO_L2T_STARS_002_NDVI_doy2021178035322_aid0001,,,2021-06-27 03:53:22,2021,6,morning,0.3337,119.0,True,False,False,,False,,,,,0.1060359,-0.0059837,-0.0621884,0.7494492,0.2437111
statistics_csv,ndvi,ECO_L2T_STARS_002_NDVI_doy2022027145413_aid0001,,,2022-01-27 14:54:13,2022,1,evening,0.3337,119.0,True,False,False,,False,,,,,-0.1658559,-0.2241004,-0.3510829,0.5387616,0.1593658
statistics_csv,ndvi,ECO_L2T_STARS_002_NDVI_doy2022031131841_aid0001,,,2022-01-31 13:18:41,2022,1,midday_afternoon,0.3337,119.0,True,False,False,,False,,,,,-0.2408146,-0.1233139,-0.7538835,0.5942457,0.2810724
statistics_csv,ndvi,ECO_L2T_STARS_002_NDVI_doy2022033131925_aid0001,,,2022-02-02 13:19:25,2022,2,midday_afternoon,0.3337,119.0,True,False,False,,False,,,,,-0.2496354,-0.1275731,-0.7532222,0.5857027,0.2720525
statistics_csv,ndvi,ECO_L2T_STARS_002_NDVI_doy2022042141112_aid0001,,,2022-02-11 14:11:12,2022,2,evening,0.3337,119.0,True,False,False,,False,,,,,-0.0390233,-0.0442185,-0.2075122,0.5227026,0.1159548
statistics_csv,ndvi,ECO_L2T_STARS_002_NDVI_doy2022095124013_aid0001,,,2022-04-05 12:40:13,2022,4,midday_afternoon,0.3337,119.0,True,False,False,,False,,,,,0.1175331,0.1649403,-0.4006415,0.3000675,0.1403439
statistics_csv,ndvi,ECO_L2T_STARS_002_NDVI_doy2022096164256_aid0001,,,2022-04-06 16:42:56,2022,4,evening,0.3337,119.0,True,False,False,,False,,,,,0.112649,0.1479983,-0.4066054,0.3007304,0.1446281
statistics_csv,ndvi,ECO_L2T_STARS_002_NDVI_doy2022099155501_aid0001,,,2022-04-09 15:55:01,2022,4,evening,0.3337,119.0,True,False,False,,False,,,,,0.1121708,0.146583,-0.4076527,0.3007304,0.1449208
statistics_csv,ndvi,ECO_L2T_STARS_002_NDVI_doy2022100150558_aid0001,,,2022-04-10 15:05:58,2022,4,evening,0.3337,119.0,True,False,False,,False,,,,,0.1121708,0.146583,-0.4076527,0.3007304,0.1449208
statistics_csv,ndvi,ECO_L2T_STARS_002_NDVI_doy2022104083835_aid0001,,,2022-04-14 08:38:35,2022,4,morning,0.3337,119.0,True,False,False,,False,,,,,-0.0330236,-0.0399793,-0.1136597,0.2398814,0.0519774
statistics_csv,ndvi,ECO_L2T_STARS_002_NDVI_doy2022110070055_aid0001,,,2022-04-20 07:00:55,2022,4,morning,0.3337,119.0,True,False,False,,False,,,,,-0.0805272,-0.1000958,-0.180856,0.2216135,0.0548365
statistics_csv,ndvi,ECO_L2T_STARS_002_NDVI_doy2022112052338_aid0001,,,2022-04-22 05:23:38,2022,4,morning,0.3337,119.0,True,False,False,,False,,,,,-0.0602802,-0.0836462,-0.1072021,0.3505873,0.0747369
statistics_csv,ndvi,ECO_L2T_STARS_002_NDVI_doy2022117075054_aid0001,,,2022-04-27 07:50:54,2022,4,morning,0.3337,119.0,True,False,False,,False,,,,,-0.0168145,-0.0514295,-0.0993989,0.4806379,0.1072736
statistics_csv,ndvi,ECO_L2T_STARS_002_NDVI_doy2022119075135_aid0001,,,2022-04-29 07:51:35,2022,4,morning,0.3337,119.0,True,False,False,,False,,,,,-0.0328705,-0.065867,-0.0973235,0.423758,0.0925947
statistics_csv,ndvi,ECO_L2T_STARS_002_NDVI_doy2022121061422_aid0001,,,2022-05-01 06:14:22,2022,5,morning,0.3337,119.0,True,False,False,,False,,,,,-0.0332575,-0.0675756,-0.0966979,0.428884,0.0923688
statistics_csv,ndvi,ECO_L2T_STARS_002_NDVI_doy2022127043843_aid0001,,,2022-05-07 04:38:43,2022,5,morning,0.3337,119.0,True,False,False,,False,,,,,-0.0325199,-0.0669547,-0.0966979,0.4272667,0.0916631
statistics_csv,ndvi,ECO_L2T_STARS_002_NDVI_doy2022144172435_aid0001,,,2022-05-24 17:24:35,2022,5,evening,0.3337,119.0,True,False,False,,False,,,,,0.3242168,0.3,0.3,0.5296066,0.0560054
statistics_csv,ndvi,ECO_L2T_STARS_002_NDVI_doy2022146154821_aid0001,,,2022-05-26 15:48:21,2022,5,evening,0.3337,119.0,True,False,False,,False,,,,,0.0239345,-0.0649768,-0.0966979,0.9632084,0.223779
statistics_csv,ndvi,ECO_L2T_STARS_002_NDVI_doy2022150141248_aid0001,,,2022-05-30 14:12:48,2022,5,evening,0.3337,119.0,True,False,False,,False,,,,,0.2736966,0.3,0.0821814,0.3,0.0587183
statistics_csv,ndvi,ECO_L2T_STARS_002_NDVI_doy2022155163858_aid0001,,,2022-06-04 16:38:58,2022,6,evening,0.3337,119.0,True,False,False,,False,,,,,0.3,0.3,0.3,0.3,1e-07
statistics_csv,ndvi,ECO_L2T_STARS_002_NDVI_doy2022165083516_aid0001,,,2022-06-14 08:35:16,2022,6,morning,0.3337,119.0,True,False,False,,False,,,,,0.3352189,0.3,0.2363034,0.657618,0.0815655
statistics_csv,ndvi,ECO_L2T_STARS_002_NDVI_doy2022169115009_aid0001,,,2022-06-18 11:50:09,2022,6,midday_afternoon,0.3337,119.0,True,False,False,,False,,,,,0.3494029,0.3,0.3,0.672021,0.1005366
statistics_csv,ndvi,ECO_L2T_STARS_002_NDVI_doy2022173052302_aid0001,,,2022-06-22 05:23:02,2022,6,morning,0.3337,119.0,True,False,False,,False,,,,,0.3482348,0.3,0.2082396,0.7344254,0.1434159
statistics_csv,ndvi,ECO_L2T_STARS_002_NDVI_doy2022178074953_aid0001,,,2022-06-27 07:49:53,2022,6,morning,0.3337,119.0,True,False,False,,False,,,,,0.267411,0.204682,0.1686014,0.8914106,0.1338989
statistics_csv,ndvi,ECO_L2T_STARS_002_NDVI_doy2023025151028_aid0001,,,2023-01-25 15:10:28,2023,1,evening,0.3337,119.0,True,False,False,,False,,,,,0.2029425,0.3,-0.1128363,1.4570836,0.2103062
statistics_csv,ndvi,ECO_L2T_STARS_002_NDVI_doy2023028142152_aid0001,,,2023-01-28 14:21:52,2023,1,evening,0.3337,119.0,True,False,False,,False,,,,,0.095763,0.0399319,-0.1919186,0.3,0.1688349
statistics_csv,ndvi,ECO_L2T_STARS_002_NDVI_doy2023031133242_aid0001,,,2023-01-31 13:32:42,2023,1,midday_afternoon,0.3337,119.0,True,False,False,,False,,,,,0.1038832,0.0454018,-0.315217,0.7940147,0.2087008
statistics_csv,ndvi,ECO_L2T_STARS_002_NDVI_doy2023040093133_aid0001,,,2023-02-09 09:31:33,2023,2,midday_afternoon,0.3337,119.0,True,False,False,,False,,,,,0.0936511,0.1020761,-0.3861137,0.7611186,0.1822968
statistics_csv,ndvi,ECO_L2T_STARS_002_NDVI_doy2023045115802_aid0001,,,2023-02-14 11:58:02,2023,2,midday_afternoon,0.3337,119.0,True,False,False,,False,,,,,-0.0972432,-0.0745322,-0.3342847,0.7131959,0.1580881
statistics_csv,ndvi,ECO_L2T_STARS_002_NDVI_doy2023099143906_aid0001,,,2023-04-09 14:39:06,2023,4,evening,0.3337,119.0,True,False,False,,False,,,,,0.1504638,0.1039793,-0.0711645,0.6986394,0.1540144
statistics_csv,ndvi,ECO_L2T_STARS_002_NDVI_doy2023102135130_aid0001,,,2023-04-12 13:51:30,2023,4,midday_afternoon,0.3337,119.0,True,False,False,,False,,,,,0.1784671,0.3,-0.3074206,0.3,0.1692888
statistics_csv,ndvi,ECO_L2T_STARS_002_NDVI_doy2023104090056_aid0001,,,2023-04-14 09:00:56,2023,4,midday_afternoon,0.3337,119.0,True,False,False,,False,,,,,0.1908891,0.3,-0.0593283,0.5836182,0.1397912
statistics_csv,ndvi,ECO_L2T_STARS_002_NDVI_doy2023105081223_aid0001,,,2023-04-15 08:12:23,2023,4,morning,0.3337,119.0,True,False,False,,False,,,,,0.1881469,0.3,-0.0593399,0.5831575,0.1416527
statistics_csv,ndvi,ECO_L2T_STARS_002_NDVI_doy2023109063619_aid0001,,,2023-04-19 06:36:19,2023,4,morning,0.3337,119.0,True,False,False,,False,,,,,-0.0075393,-0.0412566,-0.1181718,0.5664003,0.1046735
statistics_csv,ndvi,ECO_L2T_STARS_002_NDVI_doy2023112054730_aid0001,,,2023-04-22 05:47:30,2023,4,morning,0.3337,119.0,True,False,False,,False,,,,,0.0055569,-0.0357139,-0.1824142,0.5662386,0.1058569
statistics_csv,ndvi,ECO_L2T_STARS_002_NDVI_doy2023118072334_aid0001,,,2023-04-28 07:23:34,2023,4,morning,0.3337,119.0,True,False,False,,False,,,,,-0.0172352,-0.034283,-0.0534337,0.4786961,0.0820915
statistics_csv,ndvi,ECO_L2T_STARS_002_NDVI_doy2023119063501_aid0001,,,2023-04-29 06:35:01,2023,4,morning,0.3337,119.0,True,False,False,,False,,,,,-0.017231,-0.034276,-0.0534327,0.4786707,0.0820912
statistics_csv,ndvi,ECO_L2T_STARS_002_NDVI_doy2023123045809_aid0001,,,2023-05-03 04:58:09,2023,5,morning,0.3337,119.0,True,False,False,,False,,,,,-0.0173631,-0.0373565,-0.0687547,0.4759529,0.0847086
statistics_csv,ndvi,ECO_L2T_STARS_002_NDVI_doy2023147151231_aid0001,,,2023-05-27 15:12:31,2023,5,evening,0.3337,119.0,True,False,False,,False,,,,,0.0756299,-0.0162913,-0.0873101,0.682758,0.2048817
statistics_csv,ndvi,ECO_L2T_STARS_002_NDVI_doy2023154124450_aid0001,,,2023-06-03 12:44:50,2023,6,midday_afternoon,0.3337,119.0,True,False,False,,False,,,,,0.0319614,-0.0662661,-0.1291906,0.6849144,0.217528
statistics_csv,ndvi,ECO_L2T_STARS_002_NDVI_doy2023163083817_aid0001,,,2023-06-12 08:38:17,2023,6,morning,0.3337,119.0,True,False,False,,False,,,,,0.073856,-0.0277574,-0.0959421,0.6969669,0.2229949
statistics_csv,ndvi,ECO_L2T_STARS_002_NDVI_doy2023164124005_aid0001,,,2023-06-13 12:40:05,2023,6,midday_afternoon,0.3337,119.0,True,False,False,,False,,,,,0.0821086,-0.0277633,-0.0959377,0.7098858,0.236133
statistics_csv,ndvi,ECO_L2T_STARS_002_NDVI_doy2023167115022_aid0001,,,2023-06-16 11:50:22,2023,6,midday_afternoon,0.3337,119.0,True,False,False,,False,,,,,0.0949703,-0.0164589,-0.0959156,0.7250161,0.2520075
statistics_csv,ndvi,ECO_L2T_STARS_002_NDVI_doy2023170110056_aid0001,,,2023-06-19 11:00:56,2023,6,midday_afternoon,0.3337,119.0,True,False,False,,False,,,,,0.3633896,0.3,0.3,1.0501747,0.1453657
statistics_csv,ndvi,ECO_L2T_STARS_002_NDVI_doy2023181065541_aid0001,,,2023-06-30 06:55:41,2023,6,morning,0.3337,119.0,True,False,False,,False,,,,,0.1422489,0.0392694,-0.0608585,0.7376387,0.2165874
statistics_csv,ndvi,ECO_L2T_STARS_002_NDVI_doy2024027135259_aid0001,,,2024-01-27 13:52:59,2024,1,midday_afternoon,0.3337,119.0,True,False,False,,False,,,,,-0.0904859,-0.081772,-0.4690833,0.4301221,0.1625392
statistics_csv,ndvi,ECO_L2T_STARS_002_NDVI_doy2024029135433_aid0001,,,2024-01-29 13:54:33,2024,1,midday_afternoon,0.3337,119.0,True,False,False,,False,,,,,-0.2429386,-0.1406076,-0.6749837,0.5221577,0.2323794
statistics_csv,ndvi,ECO_L2T_STARS_002_NDVI_doy2024033121948_aid0001,,,2024-02-02 12:19:48,2024,2,midday_afternoon,0.3337,119.0,True,False,False,,False,,,,,-0.1978821,-0.1273498,-0.656911,0.5224089,0.2610863
statistics_csv,ndvi,ECO_L2T_STARS_002_NDVI_doy2024034113143_aid0001,,,2024-02-03 11:31:43,2024,2,midday_afternoon,0.3337,119.0,True,False,False,,False,,,,,-0.2100088,-0.1294995,-0.656911,0.5224089,0.2492149
statistics_csv,ndvi,ECO_L2T_STARS_002_NDVI_doy2024039140020_aid0001,,,2024-02-08 14:00:20,2024,2,evening,0.3337,119.0,True,False,False,,False,,,,,-0.1590837,-0.1047404,-0.4254799,0.438691,0.1648726
statistics_csv,ndvi,ECO_L2T_STARS_002_NDVI_doy2024040131134_aid0001,,,2024-02-09 13:11:34,2024,2,midday_afternoon,0.3337,119.0,True,False,False,,False,,,,,-0.1578307,-0.104504,-0.4245258,0.4380852,0.1637387
statistics_csv,ndvi,ECO_L2T_STARS_002_NDVI_doy2024041090900_aid0001,,,2024-02-10 09:09:00,2024,2,midday_afternoon,0.3337,119.0,True,False,False,,False,,,,,-0.1557515,-0.1043788,-0.4228984,0.437588,0.1630397
statistics_csv,ndvi,ECO_L2T_STARS_002_NDVI_doy2024050050752_aid0001,,,2024-02-19 05:07:52,2024,2,morning,0.3337,119.0,True,False,False,,False,,,,,0.0061052,0.0072263,-0.1145852,0.1496352,0.0475412
statistics_csv,ndvi,ECO_L2T_STARS_002_NDVI_doy2024073193401_aid0001,,,2024-03-13 19:34:01,2024,3,night,0.3337,119.0,True,False,False,,False,,,,,0.2386614,0.3,-0.0519405,0.3,0.1250533
statistics_csv,ndvi,ECO_L2T_STARS_002_NDVI_doy2024083162735_aid0001,,,2024-03-23 16:27:35,2024,3,evening,0.3337,119.0,True,False,False,,False,,,,,-0.0058135,-0.0129653,-0.0958369,0.1390016,0.0484567
statistics_csv,ndvi,ECO_L2T_STARS_002_NDVI_doy2024092122946_aid0001,,,2024-04-01 12:29:46,2024,4,midday_afternoon,0.3337,119.0,True,False,False,,False,,,,,0.0830856,0.0470999,-0.0506514,0.3,0.1141058
statistics_csv,ndvi,ECO_L2T_STARS_002_NDVI_doy2024107114146_aid0001,,,2024-04-16 11:41:46,2024,4,midday_afternoon,0.3337,119.0,True,False,False,,False,,,,,-0.0685155,-0.0703203,-0.1082677,0.0900056,0.0286842
statistics_csv,ndvi,ECO_L2T_STARS_002_NDVI_doy2024113082517_aid0001,,,2024-04-22 08:25:17,2024,4,morning,0.3337,119.0,True,False,False,,False,,,,,-0.0631931,-0.0667267,-0.1090446,0.1391756,0.0331442
statistics_csv,ndvi,ECO_L2T_STARS_002_NDVI_doy2024169063723_aid0001,,,2024-06-17 06:37:23,2024,6,morning,0.3337,119.0,True,False,False,,False,,,,,0.3,0.3,0.3,0.3,1e-07
statistics_csv,ndvi,ECO_L2T_STARS_002_NDVI_doy2024171050048_aid0001,,,2024-06-19 05:00:48,2024,6,morning,0.3337,119.0,True,False,False,,False,,,,,0.3355914,0.3,0.2004976,0.6819825,0.0878174
statistics_csv,ndvi,ECO_L2T_STARS_002_NDVI_doy2024180055252_aid0001,,,2024-06-28 05:52:52,2024,6,morning,0.3337,119.0,True,False,False,,False,,,,,0.3117634,0.3,0.3,0.4493729,0.0333485
statistics_csv,ndvi,ECO_L2T_STARS_002_NDVI_doy2025023152516_aid0001,,,2025-01-23 15:25:16,2025,1,evening,0.3337,119.0,True,False,False,,False,,,,,0.1245666,0.0433987,-0.304304,0.854923,0.2056859
statistics_csv,ndvi,ECO_L2T_STARS_002_NDVI_doy2025024143624_aid0001,,,2025-01-24 14:36:24,2025,1,evening,0.3337,119.0,True,False,False,,False,,,,,0.001791,-0.0082322,-0.2639622,0.8455647,0.1339165
statistics_csv,ndvi,ECO_L2T_STARS_002_NDVI_doy2025029165906_aid0001,,,2025-01-29 16:59:06,2025,1,evening,0.3337,119.0,True,False,False,,False,,,,,-0.0714273,-0.0527894,-0.2844379,0.7803875,0.148667
statistics_csv,ndvi,ECO_L2T_STARS_002_NDVI_doy2025032111758_aid0001,,,2025-02-01 11:17:58,2025,2,midday_afternoon,0.3337,119.0,True,False,False,,False,,,,,-0.0722763,-0.0701158,-0.2782668,0.7597297,0.1433958
statistics_csv,ndvi,ECO_L2T_STARS_002_NDVI_doy2025037134425_aid0001,,,2025-02-06 13:44:25,2025,2,midday_afternoon,0.3337,119.0,True,False,False,,False,,,,,0.0256386,-0.0197116,-0.382135,0.5982951,0.1622228
statistics_csv,ndvi,ECO_L2T_STARS_002_NDVI_doy2025039085347_aid0001,,,2025-02-08 08:53:47,2025,2,morning,0.3337,119.0,True,False,False,,False,,,,,0.0247786,-0.0193362,-0.3714612,0.6017237,0.1612831
statistics_csv,ndvi,ECO_L2T_STARS_002_NDVI_doy2025040080608_aid0001,,,2025-02-09 08:06:08,2025,2,morning,0.3337,119.0,True,False,False,,False,,,,,0.0242227,-0.0198018,-0.365918,0.609724,0.1616819
statistics_csv,ndvi,ECO_L2T_STARS_002_NDVI_doy2025042080600_aid0001,,,2025-02-11 08:06:00,2025,2,morning,0.3337,119.0,True,False,False,,False,,,,,0.0277616,-0.0184434,-0.3326755,0.6079015,0.1578238
statistics_csv,ndvi,ECO_L2T_STARS_002_NDVI_doy2025048045202_aid0001,,,2025-02-17 04:52:02,2025,2,morning,0.3337,119.0,True,False,False,,False,,,,,-0.0885734,-0.0640177,-0.3743317,0.5898657,0.1500827
statistics_csv,ndvi,ECO_L2T_STARS_002_NDVI_doy2025072000939_aid0001,,,2025-03-13 00:09:39,2025,3,night,0.3337,119.0,True,False,False,,False,,,,,-0.020899,-0.0272933,-0.1769469,0.505699,0.0908437
statistics_csv,ndvi,ECO_L2T_STARS_002_NDVI_doy2025102121003_aid0001,,,2025-04-12 12:10:03,2025,4,midday_afternoon,0.3337,119.0,True,False,False,,False,,,,,-0.0707102,-0.0983449,-0.1187846,0.4361009,0.0913076
statistics_csv,ndvi,ECO_L2T_STARS_002_NDVI_doy2025105063131_aid0001,,,2025-04-15 06:31:31,2025,4,morning,0.3337,119.0,True,False,False,,False,,,,,-0.0739367,-0.0980807,-0.1184187,0.3784731,0.0788552
statistics_csv,ndvi,ECO_L2T_STARS_002_NDVI_doy2025146144312_aid0001,,,2025-05-26 14:43:12,2025,5,evening,0.3337,119.0,True,False,False,,False,,,,,-0.0048701,-0.0221663,-0.0907409,0.5087376,0.0920699
statistics_csv,ndvi,ECO_L2T_STARS_002_NDVI_doy2025157135544_aid0001,,,2025-06-06 13:55:44,2025,6,midday_afternoon,0.3337,119.0,True,False,False,,False,,,,,0.0353998,-0.0928536,-0.1255257,0.7332697,0.2584258
statistics_csv,ndvi,ECO_L2T_STARS_002_NDVI_doy2025172081538_aid0001,,,2025-06-21 08:15:38,2025,6,morning,0.3337,119.0,True,False,False,,False,,,,,0.0775218,-0.0322517,-0.1176861,0.7199358,0.24908
statistics_csv,pet,ECO_L4T_ESI_002_PET_doy2019046140410_aid0001,,,2019-02-15 14:04:10,2019,2,evening,0.3337,119.0,True,False,False,,False,,,,,10.5732985,7.8469477,0.0,33.5997963,10.5597658
statistics_csv,pet,ECO_L4T_ESI_002_PET_doy2019048090743_aid0001,,,2019-02-17 09:07:43,2019,2,midday_afternoon,0.3337,119.0,True,False,False,,False,,,,,10.1603241,11.4598742,0.0,30.0748539,8.9425373
statistics_csv,pet,ECO_L4T_ESI_002_PET_doy2019050121450_aid0001,,,2019-02-19 12:14:50,2019,2,midday_afternoon,27.9742,9977.0,True,False,False,,False,,,,,25.2174149,27.5640106,0.0,105.7067566,18.2411957
statistics_csv,pet,ECO_L4T_ESI_002_PET_doy2019052120841_aid0001,,,2019-02-21 12:08:41,2019,2,midday_afternoon,0.3337,119.0,True,False,False,,False,,,,,19.9956722,19.3820896,0.0,57.0035477,15.5322781
statistics_csv,pet,ECO_L4T_ESI_002_PET_doy2019155145035_aid0001,,,2019-06-04 14:50:35,2019,6,evening,20.258000000000003,7225.0,True,False,False,,False,,,,,55.1169319,51.9820404,0.0,190.0237579,20.857563
statistics_csv,pet,ECO_L4T_ESI_002_PET_doy2019160122043_aid0001,,,2019-06-09 12:20:43,2019,6,midday_afternoon,17.3279,6180.0,True,False,False,,False,,,,,156.4580841,149.4609833,96.3459549,279.2229919,31.9282742
statistics_csv,pet,ECO_L4T_ESI_002_PET_doy2019161162134_aid0001,,,2019-06-10 16:21:34,2019,6,evening,54.0025,19260.0,True,False,False,,False,,,,,41.889225,34.1584911,2.8613317,207.6078644,24.9543018
statistics_csv,pet,ECO_L4T_ESI_002_PET_doy2019163112813_aid0001,,,2019-06-12 11:28:13,2019,6,midday_afternoon,0.7262000000000001,259.0,True,False,False,,False,,,,,155.4007721,157.5773926,35.6454659,286.3683777,38.273407
statistics_csv,pet,ECO_L4T_ESI_002_PET_doy2019165144037_aid0001,,,2019-06-14 14:40:37,2019,6,evening,0.1879,67.0,True,False,False,,False,,,,,188.0606537,181.1533356,140.3994598,384.2818604,40.984951
statistics_csv,pet,ECO_L4T_ESI_002_PET_doy2019166103650_aid0001,,,2019-06-15 10:36:50,2019,6,midday_afternoon,56.7727,20248.0,True,False,False,,False,,,,,343.3266602,340.2698822,32.1766014,625.1013184,107.4719009
statistics_csv,pet,ECO_L4T_ESI_002_PET_doy2019175062441_aid0001,,,2019-06-24 06:24:41,2019,6,morning,0.3337,119.0,True,False,False,,False,,,,,123.777359,116.7543182,93.1192093,214.1321564,27.3783436
statistics_csv,pet,ECO_L4T_ESI_002_PET_doy2020035133500_aid0001,,,2020-02-04 13:35:00,2020,2,midday_afternoon,49.4126,17623.0,True,False,False,,False,,,,,13.9524002,14.2937012,2.4628675,41.784832,4.3410277
statistics_csv,pet,ECO_L4T_ESI_002_PET_doy2020090154618_aid0001,,,2020-03-30 15:46:18,2020,3,evening,0.3337,119.0,True,False,False,,False,,,,,5.1418223,4.6273651,3.2490618,9.3614712,1.400157
statistics_csv,pet,ECO_L4T_ESI_002_PET_doy2020091145901_aid0001,,,2020-03-31 14:59:01,2020,3,evening,0.3337,119.0,True,False,False,,False,,,,,19.2658768,17.8303318,10.4499331,40.4847183,5.9506745
statistics_csv,pet,ECO_L4T_ESI_002_PET_doy2020095132654_aid0001,,,2020-04-04 13:26:54,2020,4,midday_afternoon,31.490299999999998,11231.0,True,False,False,,False,,,,,61.2404518,59.2322807,0.0,150.1516724,30.4068432
statistics_csv,pet,ECO_L4T_ESI_002_PET_doy2020098124205_aid0001,,,2020-04-07 12:42:05,2020,4,midday_afternoon,0.3337,119.0,True,False,False,,False,,,,,34.6938629,34.7606888,0.0,149.6470795,25.7606487
statistics_csv,pet,ECO_L4T_ESI_002_PET_doy2020112112222_aid0001,,,2020-04-21 11:22:22,2020,4,midday_afternoon,1.0290000000000001,367.0,True,False,False,,False,,,,,246.3570099,242.6258392,220.3895416,318.173584,19.3181801
statistics_csv,pet,ECO_L4T_ESI_002_PET_doy2020157131348_aid0001,,,2020-06-05 13:13:48,2020,6,midday_afternoon,56.167100000000005,20032.0,True,False,False,,False,,,,,243.6149902,222.668335,89.6957092,585.6205444,80.0326004
statistics_csv,pet,ECO_L4T_ESI_002_PET_doy2020158122604_aid0001,,,2020-06-06 12:26:04,2020,6,midday_afternoon,1.0823,386.0,True,False,False,,False,,,,,113.2100677,107.6902428,89.0128555,228.710434,20.9142704
statistics_csv,pet,ECO_L4T_ESI_002_PET_doy2020158171752_aid0001,,,2020-06-06 17:17:52,2020,6,evening,11.3332,4042.0,True,False,False,,False,,,,,47.6959343,48.1123352,11.0069456,134.1212616,16.5539017
statistics_csv,pet,ECO_L4T_ESI_002_PET_doy2020160122708_aid0001,,,2020-06-08 12:27:08,2020,6,midday_afternoon,3.1936,1139.0,True,False,False,,False,,,,,70.9099121,73.2670746,21.4758015,118.9385834,17.8282032
statistics_csv,pet,ECO_L4T_ESI_002_PET_doy2020162105207_aid0001,,,2020-06-10 10:52:07,2020,6,midday_afternoon,33.5847,11978.0,True,False,False,,False,,,,,54.1901627,51.6833382,5.3041673,181.9566193,20.9405651
statistics_csv,pet,ECO_L4T_ESI_002_PET_doy2020163145525_aid0001,,,2020-06-11 14:55:25,2020,6,evening,4.5591,1626.0,True,False,False,,False,,,,,79.0069656,80.4177284,8.4649048,201.5112915,25.2883224
statistics_csv,pet,ECO_L4T_ESI_002_PET_doy2020164105304_aid0001,,,2020-06-12 10:53:04,2020,6,midday_afternoon,51.013600000000004,18194.0,True,False,False,,False,,,,,317.2019958,312.7605438,167.0324554,536.8679199,31.7589436
statistics_csv,pet,ECO_L4T_ESI_002_PET_doy2020166091731_aid0001,,,2020-06-14 09:17:31,2020,6,midday_afternoon,5.7199,2040.0,True,False,False,,False,,,,,105.3559113,106.1563377,92.6871414,117.9347153,4.5027499
statistics_csv,pet,ECO_L4T_ESI_002_PET_doy2020169083012_aid0001,,,2020-06-17 08:30:12,2020,6,morning,35.2418,12569.0,True,False,False,,False,,,,,50.626667,50.255764,17.912241,73.0239944,7.8080792
statistics_csv,pet,ECO_L4T_ESI_002_PET_doy2020179083636_aid0001,,,2020-06-27 08:36:36,2020,6,morning,0.3337,119.0,True,False,False,,False,,,,,241.6204987,239.0050354,227.2411652,290.7631836,12.5967817
statistics_csv,pet,ECO_L4T_ESI_002_PET_doy2021027152613_aid0001,,,2021-01-27 15:26:13,2021,1,evening,21.186,7556.0,True,False,False,,False,,,,,5.9617386,5.8016019,1.0074481,10.9122753,1.6929498
statistics_csv,pet,ECO_L4T_ESI_002_PET_doy2021029152744_aid0001,,,2021-01-29 15:27:44,2021,1,evening,3.7740000000000005,1346.0,True,False,False,,False,,,,,0.749176,0.0,0.0,13.0086708,2.0226655
statistics_csv,pet,ECO_L4T_ESI_002_PET_doy2021031135337_aid0001,,,2021-01-31 13:53:37,2021,1,midday_afternoon,0.3337,119.0,True,False,False,,False,,,,,8.4533548,10.3958168,0.0,11.3317194,4.173542
statistics_csv,pet,ECO_L4T_ESI_002_PET_doy2021038113525_aid0001,,,2021-02-07 11:35:25,2021,2,midday_afternoon,0.3337,119.0,True,False,False,,False,,,,,16.0358181,11.6991949,4.1094704,42.087738,11.8735895
statistics_csv,pet,ECO_L4T_ESI_002_PET_doy2021112101429_aid0001,,,2021-04-22 10:14:29,2021,4,midday_afternoon,0.6281,224.0,True,False,False,,False,,,,,114.5562515,101.7031174,53.6823959,336.8937988,47.6021118
statistics_csv,pet,ECO_L4T_ESI_002_PET_doy2021115092913_aid0001,,,2021-04-25 09:29:13,2021,4,midday_afternoon,0.3337,119.0,True,False,False,,False,,,,,58.5021057,52.7590027,45.4572754,94.2782516,13.2378626
statistics_csv,pet,ECO_L4T_ESI_002_PET_doy2021116084149_aid0001,,,2021-04-26 08:41:49,2021,4,morning,4.2507,1516.0,True,False,False,,False,,,,,34.87397,30.4741106,10.9976997,84.7810974,13.9513044
statistics_csv,pet,ECO_L4T_ESI_002_PET_doy2021120070859_aid0001,,,2021-04-30 07:08:59,2021,4,morning,19.585,6985.0,True,False,False,,False,,,,,65.5848312,61.6184769,11.6159678,229.1297607,32.6879768
statistics_csv,pet,ECO_L4T_ESI_002_PET_doy2021124053602_aid0001,,,2021-05-04 05:36:02,2021,5,morning,36.573699999999995,13044.0,True,False,False,,False,,,,,6.3671837,1.0420218,0.0,149.5044403,11.2679873
statistics_csv,pet,ECO_L4T_ESI_002_PET_doy2021126053802_aid0001,,,2021-05-06 05:38:02,2021,5,morning,26.2554,9364.0,True,False,False,,False,,,,,27.8920364,28.7456894,8.4808798,52.0760078,4.537693
statistics_csv,pet,ECO_L4T_ESI_002_PET_doy2021144174926_aid0001,,,2021-05-24 17:49:26,2021,5,evening,59.618700000000004,21263.0,True,False,False,,False,,,,,2.0836802,1.649812,0.0,15.83638,2.1757379
statistics_csv,pet,ECO_L4T_ESI_002_PET_doy2021149152944_aid0001,,,2021-05-29 15:29:44,2021,5,evening,69.8612,24916.0,True,False,False,,False,,,,,107.8437653,96.0462379,0.0,339.405365,64.4092178
statistics_csv,pet,ECO_L4T_ESI_002_PET_doy2021158162802_aid0001,,,2021-06-07 16:28:02,2021,6,evening,3.3562000000000003,1197.0,True,False,False,,False,,,,,4.9922533,2.5773234,0.0,61.594841,6.402257
statistics_csv,pet,ECO_L4T_ESI_002_PET_doy2021162145512_aid0001,,,2021-06-11 14:55:12,2021,6,evening,60.55239999999999,21596.0,True,False,False,,False,,,,,84.519043,85.6320419,0.0,212.9894409,31.3180447
statistics_csv,pet,ECO_L4T_ESI_002_PET_doy2021163140746_aid0001,,,2021-06-12 14:07:46,2021,6,evening,58.682199999999995,20929.0,True,False,False,,False,,,,,249.1983337,240.0252228,125.0032272,428.3104248,47.7558289
statistics_csv,pet,ECO_L4T_ESI_002_PET_doy2021164100603_aid0001,,,2021-06-13 10:06:03,2021,6,midday_afternoon,0.3337,119.0,True,False,False,,False,,,,,287.0348511,271.8485413,158.6322479,485.3444214,85.1127319
statistics_csv,pet,ECO_L4T_ESI_002_PET_doy2021173061157_aid0001,,,2021-06-22 06:11:57,2021,6,morning,30.879,11013.0,True,False,False,,False,,,,,91.8678284,81.8006744,45.38657,224.9006348,27.3733978
statistics_csv,pet,ECO_L4T_ESI_002_PET_doy2022030140709_aid0001,,,2022-01-30 14:07:09,2022,1,evening,0.8916000000000001,318.0,True,False,False,,False,,,,,1.4260666,0.1499267,0.0,5.8496709,1.775367
statistics_csv,pet,ECO_L4T_ESI_002_PET_doy2022038105502_aid0001,,,2022-02-07 10:55:02,2022,2,midday_afternoon,0.3337,119.0,True,False,False,,False,,,,,3.4954462,3.7256718,0.0,10.2548828,2.5015905
statistics_csv,pet,ECO_L4T_ESI_002_PET_doy2022042091942_aid0001,,,2022-02-11 09:19:42,2022,2,midday_afternoon,0.3337,119.0,True,False,False,,False,,,,,1.4686707,1.4066459,0.0,6.4921803,1.3203181
statistics_csv,pet,ECO_L4T_ESI_002_PET_doy2022096164256_aid0001,,,2022-04-06 16:42:56,2022,4,evening,0.3337,119.0,True,False,False,,False,,,,,7.6607814,8.4038801,0.5630386,18.2301044,3.3258865
statistics_csv,pet,ECO_L4T_ESI_002_PET_doy2022102101425_aid0001,,,2022-04-12 10:14:25,2022,4,midday_afternoon,25.419900000000002,9066.0,True,False,False,,False,,,,,88.9667435,81.0411224,0.0,309.4915161,67.7014465
statistics_csv,pet,ECO_L4T_ESI_002_PET_doy2022109110355_aid0001,,,2022-04-19 11:03:55,2022,4,midday_afternoon,4.8759,1739.0,True,False,False,,False,,,,,241.7379303,259.9119263,11.5204792,331.7138062,53.7683334
statistics_csv,pet,ECO_L4T_ESI_002_PET_doy2022112101457_aid0001,,,2022-04-22 10:14:57,2022,4,midday_afternoon,2.6581,948.0,True,False,False,,False,,,,,201.1168518,192.258316,73.6893921,340.5871887,48.6465912
statistics_csv,pet,ECO_L4T_ESI_002_PET_doy2022148154844_aid0001,,,2022-05-28 15:48:44,2022,5,evening,43.196400000000004,15406.0,True,False,False,,False,,,,,133.9285431,131.0953827,0.0,312.6659546,73.0566559
statistics_csv,pet,ECO_L4T_ESI_002_PET_doy2022149150000_aid0001,,,2022-05-29 15:00:00,2022,5,evening,28.6051,10202.0,True,False,False,,False,,,,,67.1456604,63.4020233,0.0,227.1403198,32.0178146
statistics_csv,pet,ECO_L4T_ESI_002_PET_doy2022149150052_aid0001,,,2022-05-29 15:00:52,2022,5,evening,63.8189,22761.0,True,False,False,,False,,,,,81.950592,80.3497925,0.0,404.6127319,33.7708511
statistics_csv,pet,ECO_L4T_ESI_002_PET_doy2022152141211_aid0001,,,2022-06-01 14:12:11,2022,6,evening,0.21589999999999998,77.0,True,False,False,,False,,,,,117.9777451,115.7683563,102.8334656,147.6322632,10.1276274
statistics_csv,pet,ECO_L4T_ESI_002_PET_doy2022152141303_aid0001,,,2022-06-01 14:13:03,2022,6,evening,2.1814,778.0,True,False,False,,False,,,,,135.6631622,133.6254196,106.3562927,181.1590118,15.1171446
statistics_csv,pet,ECO_L4T_ESI_002_PET_doy2022156123628_aid0001,,,2022-06-05 12:36:28,2022,6,midday_afternoon,59.8206,21335.0,True,False,False,,False,,,,,278.8024902,269.7171631,166.6033173,539.9265747,43.7859802
statistics_csv,pet,ECO_L4T_ESI_002_PET_doy2022157114746_aid0001,,,2022-06-06 11:47:46,2022,6,midday_afternoon,52.8978,18866.0,True,False,False,,False,,,,,336.6748962,320.9333801,26.2294712,755.949646,74.6514587
statistics_csv,pet,ECO_L4T_ESI_002_PET_doy2022157114838_aid0001,,,2022-06-06 11:48:38,2022,6,midday_afternoon,49.4631,17641.0,True,False,False,,False,,,,,357.5185547,345.1338196,118.2162628,657.8660278,62.6555061
statistics_csv,pet,ECO_L4T_ESI_002_PET_doy2022158155034_aid0001,,,2022-06-07 15:50:34,2022,6,evening,0.9365,334.0,True,False,False,,False,,,,,64.2245483,59.5496159,28.5428047,129.1202698,23.2789516
statistics_csv,pet,ECO_L4T_ESI_002_PET_doy2022158155126_aid0001,,,2022-06-07 15:51:26,2022,6,evening,25.876900000000003,9229.0,True,False,False,,False,,,,,62.7310791,62.893486,33.9460831,139.0233917,11.0052195
statistics_csv,pet,ECO_L4T_ESI_002_PET_doy2022163101126_aid0001,,,2022-06-12 10:11:26,2022,6,midday_afternoon,0.0561,20.0,True,False,False,,False,,,,,280.711731,279.8371277,277.0085144,290.7487183,3.3656204
statistics_csv,pet,ECO_L4T_ESI_002_PET_doy2022164092328_aid0001,,,2022-06-13 09:23:28,2022,6,midday_afternoon,40.2327,14349.0,True,False,False,,False,,,,,301.362854,292.6950684,207.9302979,526.7857666,25.9486427
statistics_csv,pet,ECO_L4T_ESI_002_PET_doy2022167083449_aid0001,,,2022-06-16 08:34:49,2022,6,morning,47.612500000000004,16981.0,True,False,False,,False,,,,,344.2721863,330.7114563,207.8220062,587.6114502,58.6045532
statistics_csv,pet,ECO_L4T_ESI_002_PET_doy2022178074901_aid0001,,,2022-06-27 07:49:01,2022,6,morning,6.1293,2186.0,True,False,False,,False,,,,,236.8466187,235.3995667,145.9467468,360.4593811,40.1482315
statistics_csv,pet,ECO_L4T_ESI_002_PET_doy2023038110713_aid0001,,,2023-02-07 11:07:13,2023,2,midday_afternoon,18.7635,6692.0,True,False,False,,False,,,,,19.2152805,20.8437357,0.0,50.0651588,14.667223
statistics_csv,pet,ECO_L4T_ESI_002_PET_doy2023040093133_aid0001,,,2023-02-09 09:31:33,2023,2,midday_afternoon,0.3337,119.0,True,False,False,,False,,,,,5.5704899,5.2533355,0.0,21.4271603,3.5757792
statistics_csv,pet,ECO_L4T_ESI_002_PET_doy2023053084457_aid0001,,,2023-02-22 08:44:57,2023,2,morning,10.9884,3919.0,True,False,False,,False,,,,,19.8117943,17.3687744,0.0,66.7445908,14.157443
statistics_csv,pet,ECO_L4T_ESI_002_PET_doy2023057071051_aid0001,,,2023-02-26 07:10:51,2023,2,morning,18.528,6608.0,True,False,False,,False,,,,,1.1069357,0.0,0.0,49.4533806,3.4567015
statistics_csv,pet,ECO_L4T_ESI_002_PET_doy2023060062449_aid0001,,,2023-03-01 06:24:49,2023,3,morning,4.5423,1620.0,True,False,False,,False,,,,,0.0148317,0.0,0.0,13.563736,0.4253577
statistics_csv,pet,ECO_L4T_ESI_002_PET_doy2023089143200_aid0001,,,2023-03-30 14:32:00,2023,3,evening,17.4317,6217.0,True,False,False,,False,,,,,20.7471924,21.702713,0.0,69.7128906,12.63414
statistics_csv,pet,ECO_L4T_ESI_002_PET_doy2023101094752_aid0001,,,2023-04-11 09:47:52,2023,4,midday_afternoon,22.9497,8185.0,True,False,False,,False,,,,,99.7429962,104.3271484,7.3048844,262.971405,27.702055
statistics_csv,pet,ECO_L4T_ESI_002_PET_doy2023102135038_aid0001,,,2023-04-12 13:50:38,2023,4,midday_afternoon,22.4253,7998.0,True,False,False,,False,,,,,99.8907547,98.0406075,24.3562145,239.0985107,28.3781643
statistics_csv,pet,ECO_L4T_ESI_002_PET_doy2023102135130_aid0001,,,2023-04-12 13:51:30,2023,4,midday_afternoon,52.4688,18713.0,True,False,False,,False,,,,,99.4083862,97.8343124,18.8054924,252.1743317,30.406395
statistics_csv,pet,ECO_L4T_ESI_002_PET_doy2023103130243_aid0001,,,2023-04-13 13:02:43,2023,4,midday_afternoon,0.9645000000000001,344.0,True,False,False,,False,,,,,25.8987217,27.564518,4.581985,43.8040771,9.144083
statistics_csv,pet,ECO_L4T_ESI_002_PET_doy2023115081223_aid0001,,,2023-04-25 08:12:23,2023,4,morning,7.963000000000001,2840.0,True,False,False,,False,,,,,59.7606506,58.3879967,0.0,134.7839508,25.7871971
statistics_csv,pet,ECO_L4T_ESI_002_PET_doy2023121063446_aid0001,,,2023-05-01 06:34:46,2023,5,morning,16.554,5904.0,True,False,False,,False,,,,,28.7912693,29.207737,12.8832083,53.5602875,5.603272
statistics_csv,pet,ECO_L4T_ESI_002_PET_doy2023154124450_aid0001,,,2023-06-03 12:44:50,2023,6,midday_afternoon,7.326499999999999,2613.0,True,False,False,,False,,,,,34.3252869,25.8339291,0.0,113.4113159,24.8831406
statistics_csv,pet,ECO_L4T_ESI_002_PET_doy2023157115505_aid0001,,,2023-06-06 11:55:05,2023,6,midday_afternoon,51.717400000000005,18445.0,True,False,False,,False,,,,,323.8918152,297.5808105,65.1756744,598.2969971,87.9994507
statistics_csv,pet,ECO_L4T_ESI_002_PET_doy2023158110557_aid0001,,,2023-06-07 11:05:57,2023,6,midday_afternoon,25.4844,9089.0,True,False,False,,False,,,,,355.2285767,340.0856628,43.2470284,534.2285156,81.2533951
statistics_csv,pet,ECO_L4T_ESI_002_PET_doy2023159150806_aid0001,,,2023-06-08 15:08:06,2023,6,evening,55.093199999999996,19649.0,True,False,False,,False,,,,,47.1954498,43.4560242,5.6681881,154.2722778,20.925539
statistics_csv,pet,ECO_L4T_ESI_002_PET_doy2023160141922_aid0001,,,2023-06-09 14:19:22,2023,6,evening,15.2082,5424.0,True,False,False,,False,,,,,138.7568054,134.6294785,39.0572891,243.3710022,36.6327629
statistics_csv,pet,ECO_L4T_ESI_002_PET_doy2023163132855_aid0001,,,2023-06-12 13:28:55,2023,6,midday_afternoon,31.0024,11057.0,True,False,False,,False,,,,,242.4290466,229.6367798,140.2320557,475.9566956,57.9097633
statistics_csv,pet,ECO_L4T_ESI_002_PET_doy2023167114931_aid0001,,,2023-06-16 11:49:31,2023,6,midday_afternoon,41.2421,14709.0,True,False,False,,False,,,,,292.2812195,269.6920166,2.5150111,706.1741943,62.985733
statistics_csv,pet,ECO_L4T_ESI_002_PET_doy2023170110056_aid0001,,,2023-06-19 11:00:56,2023,6,midday_afternoon,15.8447,5651.0,True,False,False,,False,,,,,301.87146,292.46521,76.3884201,639.8588257,86.2606888
statistics_csv,pet,ECO_L4T_ESI_002_PET_doy2023172060918_aid0001,,,2023-06-21 06:09:18,2023,6,morning,10.7444,3832.0,True,False,False,,False,,,,,96.6916275,94.2136993,48.3422394,206.299057,20.4479332
statistics_csv,pet,ECO_L4T_ESI_002_PET_doy2023173052033_aid0001,,,2023-06-22 05:20:33,2023,6,morning,61.5842,21964.0,True,False,False,,False,,,,,70.1925049,75.1899681,0.0,219.7578583,20.4612637
statistics_csv,pet,ECO_L4T_ESI_002_PET_doy2023174043153_aid0001,,,2023-06-23 04:31:53,2023,6,morning,0.0393,14.0,True,False,False,,False,,,,,51.1520271,50.073452,47.9560432,57.093605,3.1317899
statistics_csv,pet,ECO_L4T_ESI_002_PET_doy2023174092314_aid0001,,,2023-06-23 09:23:14,2023,6,midday_afternoon,0.33089999999999997,118.0,True,False,False,,False,,,,,181.2590179,177.4968338,141.380722,248.6733856,15.2421618
statistics_csv,pet,ECO_L4T_ESI_002_PET_doy2024168103858_aid0001,,,2024-06-16 10:38:58,2024,6,midday_afternoon,12.881,4594.0,True,False,False,,False,,,,,272.648468,233.1237183,108.5520477,721.0026855,105.7060928
statistics_csv,pet,ECO_L4T_ESI_002_PET_doy2025053071815_aid0001,,,2025-02-22 07:18:15,2025,2,morning,30.8902,11017.0,True,False,False,,False,,,,,9.0647888,7.8232994,0.0,41.8101807,6.2039475
statistics_csv,pet,ECO_L4T_ESI_002_PET_doy2025118054918_aid0001,,,2025-04-28 05:49:18,2025,4,morning,0.3337,119.0,True,False,False,,False,,,,,8.1676455,7.8511701,3.4533663,18.5559101,2.5361216
statistics_csv,pet,ECO_L4T_ESI_002_PET_doy2025136175254_aid0001,,,2025-05-16 17:52:54,2025,5,evening,0.0112,4.0,True,False,False,,False,,,,,3.1784456,3.3823571,1.5707053,4.3783627,1.0249686
statistics_csv,pet,ECO_L4T_ESI_002_PET_doy2025154112957_aid0001,,,2025-06-03 11:29:57,2025,6,midday_afternoon,39.2233,13989.0,True,False,False,,False,,,,,335.5801697,338.4873657,6.43397,549.84375,104.8046341
statistics_csv,pet,ECO_L4T_ESI_002_PET_doy2025175072630_aid0001,,,2025-06-24 07:26:30,2025,6,morning,48.835,17417.0,True,False,False,,False,,,,,240.115387,243.8809052,97.3159103,430.6383057,50.9525146
statistics_csv,wue,ECO_L4T_WUE_002_WUE_doy2019041115446_aid0001,,,2019-02-10 11:54:46,2019,2,midday_afternoon,0.9664,344.0,True,False,False,,False,,,,,0.0,0.0,0.0,0.0,0.0
statistics_csv,wue,ECO_L4T_WUE_002_WUE_doy2019042110310_aid0001,,,2019-02-11 11:03:10,2019,2,midday_afternoon,2.489,886.0,True,False,False,,False,,,,,0.0,0.0,0.0,0.0,0.0
statistics_csv,wue,ECO_L4T_WUE_002_WUE_doy2019044105702_aid0001,,,2019-02-13 10:57:02,2019,2,midday_afternoon,4.6213,1645.0,True,False,False,,False,,,,,0.0,0.0,0.0,0.0,0.0
statistics_csv,wue,ECO_L4T_WUE_002_WUE_doy2019045145546_aid0001,,,2019-02-14 14:55:46,2019,2,evening,8.3886,2986.0,True,False,False,,False,,,,,0.0,0.0,0.0,0.0,0.0
statistics_csv,wue,ECO_L4T_WUE_002_WUE_doy2019046140410_aid0001,,,2019-02-15 14:04:10,2019,2,evening,0.0112,4.0,True,False,False,,False,,,,,0.0,0.0,0.0,0.0,0.0
statistics_csv,wue,ECO_L4T_WUE_002_WUE_doy2019050121450_aid0001,,,2019-02-19 12:14:50,2019,2,midday_afternoon,0.972,346.0,True,False,False,,False,,,,,0.0,0.0,0.0,0.0,0.0
statistics_csv,wue,ECO_L4T_WUE_002_WUE_doy2019052120841_aid0001,,,2019-02-21 12:08:41,2019,2,midday_afternoon,0.0084,3.0,True,False,False,,False,,,,,0.0,0.0,0.0,0.0,0.0
statistics_csv,wue,ECO_L4T_WUE_002_WUE_doy2019053111706_aid0001,,,2019-02-22 11:17:06,2019,2,midday_afternoon,13.9763,4975.0,True,False,False,,False,,,,,0.0,0.0,0.0,0.0,0.0
statistics_csv,wue,ECO_L4T_WUE_002_WUE_doy2019056101921_aid0001,,,2019-02-25 10:19:21,2019,2,midday_afternoon,7.5598,2691.0,True,False,False,,False,,,,,0.0292069,0.0,0.0,9.6376286,0.3864334
statistics_csv,wue,ECO_L4T_WUE_002_WUE_doy2019059092317_aid0001,,,2019-02-28 09:23:17,2019,2,midday_afternoon,9.6162,3423.0,True,False,False,,False,,,,,0.0535943,0.0,0.0,8.0388527,0.4336481
statistics_csv,wue,ECO_L4T_WUE_002_WUE_doy2019155145035_aid0001,,,2019-06-04 14:50:35,2019,6,evening,4.1437,1475.0,True,False,False,,False,,,,,2.299124,1.890411,0.0,10.0,2.4175746
statistics_csv,wue,ECO_L4T_WUE_002_WUE_doy2019159130928_aid0001,,,2019-06-08 13:09:28,2019,6,midday_afternoon,49.072900000000004,17468.0,True,False,False,,False,,,,,2.3498352,2.4722431,0.0,8.2085114,1.5001074
statistics_csv,wue,ECO_L4T_WUE_002_WUE_doy2019160122043_aid0001,,,2019-06-09 12:20:43,2019,6,midday_afternoon,9.6921,3450.0,True,False,False,,False,,,,,1.8860943,1.1015766,0.0,10.0,2.219368
statistics_csv,wue,ECO_L4T_WUE_002_WUE_doy2019161162134_aid0001,,,2019-06-10 16:21:34,2019,6,evening,20.274700000000003,7217.0,True,False,False,,False,,,,,0.5556116,0.0,0.0,8.1069365,1.0143651
statistics_csv,wue,ECO_L4T_WUE_002_WUE_doy2019163112813_aid0001,,,2019-06-12 11:28:13,2019,6,midday_afternoon,0.0421,15.0,True,False,False,,False,,,,,0.0,0.0,0.0,0.0,0.0
statistics_csv,wue,ECO_L4T_WUE_002_WUE_doy2019164103920_aid0001,,,2019-06-13 10:39:20,2019,6,midday_afternoon,55.3995,19720.0,True,False,False,,False,,,,,2.2870381,2.5576891,0.0,9.5495129,1.4623682
statistics_csv,wue,ECO_L4T_WUE_002_WUE_doy2019165144037_aid0001,,,2019-06-14 14:40:37,2019,6,evening,0.0056,2.0,True,False,False,,False,,,,,0.0,0.0,0.0,0.0,0.0
statistics_csv,wue,ECO_L4T_WUE_002_WUE_doy2019166103650_aid0001,,,2019-06-15 10:36:50,2019,6,midday_afternoon,30.818099999999998,10970.0,True,False,False,,False,,,,,0.2176,0.0,0.0,1.7905877,0.3198168
statistics_csv,wue,ECO_L4T_WUE_002_WUE_doy2019168134844_aid0001,,,2019-06-17 13:48:44,2019,6,midday_afternoon,62.0744,22096.0,True,False,False,,False,,,,,1.4991918,1.5813745,0.0,5.8016338,0.9057769
statistics_csv,wue,ECO_L4T_WUE_002_WUE_doy2019175062441_aid0001,,,2019-06-24 06:24:41,2019,6,morning,0.17700000000000002,63.0,True,False,False,,False,,,,,0.8835361,0.0,0.0,3.3377895,1.1704545
statistics_csv,wue,ECO_L4T_WUE_002_WUE_doy2020031150849_aid0001,,,2020-01-31 15:08:49,2020,1,evening,0.0815,29.0,True,False,False,,False,,,,,0.0,0.0,0.0,0.0,0.0
statistics_csv,wue,ECO_L4T_WUE_002_WUE_doy2020039120145_aid0001,,,2020-02-08 12:01:45,2020,2,midday_afternoon,8.6414,3076.0,True,False,False,,False,,,,,0.0,0.0,0.0,0.0,0.0
statistics_csv,wue,ECO_L4T_WUE_002_WUE_doy2020087163143_aid0001,,,2020-03-27 16:31:43,2020,3,evening,11.4929,4091.0,True,False,False,,False,,,,,0.0,0.0,0.0,0.0,0.0
statistics_csv,wue,ECO_L4T_WUE_002_WUE_doy2020094141346_aid0001,,,2020-04-03 14:13:46,2020,4,evening,13.849900000000002,4930.0,True,False,False,,False,,,,,0.4618905,0.0,0.0,10.0,1.793574
statistics_csv,wue,ECO_L4T_WUE_002_WUE_doy2020095132602_aid0001,,,2020-04-04 13:26:02,2020,4,midday_afternoon,15.3697,5471.0,True,False,False,,False,,,,,1.400162,0.0,0.0,10.0,2.9652982
statistics_csv,wue,ECO_L4T_WUE_002_WUE_doy2020095132654_aid0001,,,2020-04-04 13:26:54,2020,4,midday_afternoon,0.2894,103.0,True,False,False,,False,,,,,0.855241,0.0,0.0,10.0,2.5236802
statistics_csv,wue,ECO_L4T_WUE_002_WUE_doy2020099115421_aid0001,,,2020-04-08 11:54:21,2020,4,midday_afternoon,15.0747,5366.0,True,False,False,,False,,,,,3.2687812,1.2880806,0.0,10.0,3.8785298
statistics_csv,wue,ECO_L4T_WUE_002_WUE_doy2020104142716_aid0001,,,2020-04-13 14:27:16,2020,4,evening,20.4826,7291.0,True,False,False,,False,,,,,0.0,0.0,0.0,0.0,0.0
statistics_csv,wue,ECO_L4T_WUE_002_WUE_doy2020106093837_aid0001,,,2020-04-15 09:38:37,2020,4,midday_afternoon,43.283,15407.0,True,False,False,,False,,,,,0.4263479,0.0,0.0,10.0,1.5473962
statistics_csv,wue,ECO_L4T_WUE_002_WUE_doy2020108125534_aid0001,,,2020-04-17 12:55:34,2020,4,midday_afternoon,55.919200000000004,19905.0,True,False,False,,False,,,,,0.7319008,0.0,0.0,10.0,1.6433473
statistics_csv,wue,ECO_L4T_WUE_002_WUE_doy2020111071859_aid0001,,,2020-04-20 07:18:59,2020,4,morning,61.352399999999996,21839.0,True,False,False,,False,,,,,0.0,0.0,0.0,0.0,0.0
statistics_csv,wue,ECO_L4T_WUE_002_WUE_doy2020112112222_aid0001,,,2020-04-21 11:22:22,2020,4,midday_afternoon,0.2585,92.0,True,False,False,,False,,,,,0.0,0.0,0.0,0.0,0.0
statistics_csv,wue,ECO_L4T_WUE_002_WUE_doy2020114063205_aid0001,,,2020-04-23 06:32:05,2020,4,morning,37.8498,13473.0,True,False,False,,False,,,,,0.0169372,0.0,0.0,10.0,0.2994627
statistics_csv,wue,ECO_L4T_WUE_002_WUE_doy2020115054455_aid0001,,,2020-04-24 05:44:55,2020,4,morning,26.531100000000002,9444.0,True,False,False,,False,,,,,0.0112888,0.0,0.0,10.0,0.3096114
statistics_csv,wue,ECO_L4T_WUE_002_WUE_doy2020118045824_aid0001,,,2020-04-27 04:58:24,2020,4,morning,34.2258,12183.0,True,False,False,,False,,,,,0.0,0.0,0.0,0.0,0.0
statistics_csv,wue,ECO_L4T_WUE_002_WUE_doy2020120081408_aid0001,,,2020-04-29 08:14:08,2020,4,morning,22.0924,7864.0,True,False,False,,False,,,,,0.0,0.0,0.0,0.0,0.0
statistics_csv,wue,ECO_L4T_WUE_002_WUE_doy2020124063952_aid0001,,,2020-05-03 06:39:52,2020,5,morning,13.9679,4972.0,True,False,False,,False,,,,,0.0,0.0,0.0,0.0,0.0
statistics_csv,wue,ECO_L4T_WUE_002_WUE_doy2020157131348_aid0001,,,2020-06-05 13:13:48,2020,6,midday_afternoon,39.9343,14215.0,True,False,False,,False,,,,,1.0328295,0.5924965,0.0,10.0,1.3702638
statistics_csv,wue,ECO_L4T_WUE_002_WUE_doy2020158122604_aid0001,,,2020-06-06 12:26:04,2020,6,midday_afternoon,1.0844,386.0,True,False,False,,False,,,,,0.0570414,0.0,0.0,4.8632193,0.4179022
statistics_csv,wue,ECO_L4T_WUE_002_WUE_doy2020158171752_aid0001,,,2020-06-06 17:17:52,2020,6,evening,10.5995,3773.0,True,False,False,,False,,,,,0.0694317,0.0,0.0,6.7633181,0.4125855
statistics_csv,wue,ECO_L4T_WUE_002_WUE_doy2020160122708_aid0001,,,2020-06-08 12:27:08,2020,6,midday_afternoon,3.0088,1071.0,True,False,False,,False,,,,,1.8172991,0.0,0.0,10.0,3.4915814
statistics_csv,wue,ECO_L4T_WUE_002_WUE_doy2020162105207_aid0001,,,2020-06-10 10:52:07,2020,6,midday_afternoon,30.4416,10836.0,True,False,False,,False,,,,,1.4319897,0.0,0.0,10.0,3.2997522
statistics_csv,wue,ECO_L4T_WUE_002_WUE_doy2020163145525_aid0001,,,2020-06-11 14:55:25,2020,6,evening,3.6296000000000004,1292.0,True,False,False,,False,,,,,0.0,0.0,0.0,0.0,0.0
statistics_csv,wue,ECO_L4T_WUE_002_WUE_doy2020164105304_aid0001,,,2020-06-12 10:53:04,2020,6,midday_afternoon,50.4888,17972.0,True,False,False,,False,,,,,0.1864308,0.0,0.0,4.7027979,0.5531363
statistics_csv,wue,ECO_L4T_WUE_002_WUE_doy2020166091731_aid0001,,,2020-06-14 09:17:31,2020,6,midday_afternoon,5.731,2040.0,True,False,False,,False,,,,,0.0,0.0,0.0,0.0,0.0
statistics_csv,wue,ECO_L4T_WUE_002_WUE_doy2020169083012_aid0001,,,2020-06-17 08:30:12,2020,6,morning,35.3101,12569.0,True,False,False,,False,,,,,0.0,0.0,0.0,0.0,0.0
statistics_csv,wue,ECO_L4T_WUE_002_WUE_doy2020179083636_aid0001,,,2020-06-27 08:36:36,2020,6,morning,0.3343,119.0,True,False,False,,False,,,,,2.13113,2.5556474,0.0,4.1308556,1.3799279
statistics_csv,wue,ECO_L4T_WUE_002_WUE_doy2020180043425_aid0001,,,2020-06-28 04:34:25,2020,6,morning,60.967499999999994,21702.0,True,False,False,,False,,,,,0.1515339,0.0,0.0,10.0,1.1321856
statistics_csv,wue,ECO_L4T_WUE_002_WUE_doy2021034130805_aid0001,,,2021-02-03 13:08:05,2021,2,midday_afternoon,5.8938999999999995,2098.0,True,False,False,,False,,,,,0.0,0.0,0.0,0.0,0.0
statistics_csv,wue,ECO_L4T_WUE_002_WUE_doy2021035122058_aid0001,,,2021-02-04 12:20:58,2021,2,midday_afternoon,7.166500000000001,2551.0,True,False,False,,False,,,,,0.0,0.0,0.0,0.0,0.0
statistics_csv,wue,ECO_L4T_WUE_002_WUE_doy2021038113525_aid0001,,,2021-02-07 11:35:25,2021,2,midday_afternoon,0.0393,14.0,True,False,False,,False,,,,,0.0,0.0,0.0,0.0,0.0
statistics_csv,wue,ECO_L4T_WUE_002_WUE_doy2021040145149_aid0001,,,2021-02-09 14:51:49,2021,2,evening,2.5565,910.0,True,False,False,,False,,,,,0.0,0.0,0.0,0.0,0.0
statistics_csv,wue,ECO_L4T_WUE_002_WUE_doy2021047074216_aid0001,,,2021-02-16 07:42:16,2021,2,morning,0.0084,3.0,True,False,False,,False,,,,,0.0,0.0,0.0,0.0,0.0
statistics_csv,wue,ECO_L4T_WUE_002_WUE_doy2021047123350_aid0001,,,2021-02-16 12:33:50,2021,2,midday_afternoon,13.700999999999999,4877.0,True,False,False,,False,,,,,0.0,0.0,0.0,0.0,0.0
statistics_csv,wue,ECO_L4T_WUE_002_WUE_doy2021048114619_aid0001,,,2021-02-17 11:46:19,2021,2,midday_afternoon,0.3146,112.0,True,False,False,,False,,,,,0.0,0.0,0.0,0.0,0.0
statistics_csv,wue,ECO_L4T_WUE_002_WUE_doy2021050065640_aid0001,,,2021-02-19 06:56:40,2021,2,morning,0.059000000000000004,21.0,True,False,False,,False,,,,,0.0,0.0,0.0,0.0,0.0
statistics_csv,wue,ECO_L4T_WUE_002_WUE_doy2021051110048_aid0001,,,2021-02-20 11:00:48,2021,2,midday_afternoon,15.0944,5373.0,True,False,False,,False,,,,,0.0,0.0,0.0,0.0,0.0
statistics_csv,wue,ECO_L4T_WUE_002_WUE_doy2021052101322_aid0001,,,2021-02-21 10:13:22,2021,2,midday_afternoon,0.33990000000000004,121.0,True,False,False,,False,,,,,0.0,0.0,0.0,0.0,0.0
statistics_csv,wue,ECO_L4T_WUE_002_WUE_doy2021055092756_aid0001,,,2021-02-24 09:27:56,2021,2,midday_afternoon,3.2531999999999996,1158.0,True,False,False,,False,,,,,0.0,0.0,0.0,0.0,0.0
statistics_csv,wue,ECO_L4T_WUE_002_WUE_doy2021056084024_aid0001,,,2021-02-25 08:40:24,2021,2,morning,0.3961,141.0,True,False,False,,False,,,,,0.0,0.0,0.0,0.0,0.0
statistics_csv,wue,ECO_L4T_WUE_002_WUE_doy2021085170040_aid0001,,,2021-03-26 17:00:40,2021,3,evening,3.933,1400.0,True,False,False,,False,,,,,0.0,0.0,0.0,0.0,0.0
statistics_csv,wue,ECO_L4T_WUE_002_WUE_doy2021086161332_aid0001,,,2021-03-27 16:13:32,2021,3,evening,0.10389999999999999,37.0,True,False,False,,False,,,,,0.0,0.0,0.0,0.0,0.0
statistics_csv,wue,ECO_L4T_WUE_002_WUE_doy2021089152739_aid0001,,,2021-03-30 15:27:39,2021,3,evening,20.8141,7409.0,True,False,False,,False,,,,,0.2088723,0.0,0.0,10.0,1.3242946
statistics_csv,wue,ECO_L4T_WUE_002_WUE_doy2021093135515_aid0001,,,2021-04-03 13:55:15,2021,4,midday_afternoon,19.5247,6950.0,True,False,False,,False,,,,,0.122628,0.0,0.0,10.0,0.7322301
statistics_csv,wue,ECO_L4T_WUE_002_WUE_doy2021094130806_aid0001,,,2021-04-04 13:08:06,2021,4,midday_afternoon,22.3564,7958.0,True,False,False,,False,,,,,0.3569103,0.0,0.0,10.0,1.5403489
statistics_csv,wue,ECO_L4T_WUE_002_WUE_doy2021098113540_aid0001,,,2021-04-08 11:35:40,2021,4,midday_afternoon,1.2445,443.0,True,False,False,,False,,,,,0.6385953,0.0,0.0,6.9231224,1.119791
statistics_csv,wue,ECO_L4T_WUE_002_WUE_doy2021103140702_aid0001,,,2021-04-13 14:07:02,2021,4,evening,0.0028,1.0,True,False,False,,False,,,,,0.0,0.0,0.0,0.0,0.0
statistics_csv,wue,ECO_L4T_WUE_002_WUE_doy2021105091739_aid0001,,,2021-04-15 09:17:39,2021,4,midday_afternoon,0.20509999999999998,73.0,True,False,False,,False,,,,,0.0,0.0,0.0,0.0,0.0
statistics_csv,wue,ECO_L4T_WUE_002_WUE_doy2021109074455_aid0001,,,2021-04-19 07:44:55,2021,4,morning,0.0702,25.0,True,False,False,,False,,,,,0.0,0.0,0.0,0.0,0.0
statistics_csv,wue,ECO_L4T_WUE_002_WUE_doy2021110065805_aid0001,,,2021-04-20 06:58:05,2021,4,morning,1.7530000000000001,624.0,True,False,False,,False,,,,,0.0,0.0,0.0,0.0,0.0
statistics_csv,wue,ECO_L4T_WUE_002_WUE_doy2021112101429_aid0001,,,2021-04-22 10:14:29,2021,4,midday_afternoon,0.1517,54.0,True,False,False,,False,,,,,0.0,0.0,0.0,0.0,0.0
statistics_csv,wue,ECO_L4T_WUE_002_WUE_doy2021113061248_aid0001,,,2021-04-23 06:12:48,2021,4,morning,0.8063,287.0,True,False,False,,False,,,,,0.0,0.0,0.0,0.0,0.0
statistics_csv,wue,ECO_L4T_WUE_002_WUE_doy2021114052525_aid0001,,,2021-04-24 05:25:25,2021,4,morning,0.025300000000000003,9.0,True,False,False,,False,,,,,0.0,0.0,0.0,0.0,0.0
statistics_csv,wue,ECO_L4T_WUE_002_WUE_doy2021115092913_aid0001,,,2021-04-25 09:29:13,2021,4,midday_afternoon,0.0899,32.0,True,False,False,,False,,,,,0.0,0.0,0.0,0.0,0.0
statistics_csv,wue,ECO_L4T_WUE_002_WUE_doy2021116084149_aid0001,,,2021-04-26 08:41:49,2021,4,morning,2.3710999999999998,844.0,True,False,False,,False,,,,,0.0,0.0,0.0,0.0,0.0
statistics_csv,wue,ECO_L4T_WUE_002_WUE_doy2021118084347_aid0001,,,2021-04-28 08:43:47,2021,4,morning,54.466800000000006,19388.0,True,False,False,,False,,,,,0.3793811,0.0,0.0,10.0,1.7821053
statistics_csv,wue,ECO_L4T_WUE_002_WUE_doy2021119075625_aid0001,,,2021-04-29 07:56:25,2021,4,morning,56.8322,20230.0,True,False,False,,False,,,,,0.0,0.0,0.0,0.0,0.0
statistics_csv,wue,ECO_L4T_WUE_002_WUE_doy2021120070859_aid0001,,,2021-04-30 07:08:59,2021,4,morning,9.3606,3332.0,True,False,False,,False,,,,,0.0,0.0,0.0,0.0,0.0
statistics_csv,wue,ECO_L4T_WUE_002_WUE_doy2021122071054_aid0001,,,2021-05-02 07:10:54,2021,5,morning,1.857,661.0,True,False,False,,False,,,,,0.0,0.0,0.0,0.0,0.0
statistics_csv,wue,ECO_L4T_WUE_002_WUE_doy2021123062331_aid0001,,,2021-05-03 06:23:31,2021,5,morning,0.5309999999999999,189.0,True,False,False,,False,,,,,0.0,0.0,0.0,0.0,0.0
statistics_csv,wue,ECO_L4T_WUE_002_WUE_doy2021124053602_aid0001,,,2021-05-04 05:36:02,2021,5,morning,6.0007,2136.0,True,False,False,,False,,,,,0.0,0.0,0.0,0.0,0.0
statistics_csv,wue,ECO_L4T_WUE_002_WUE_doy2021127045046_aid0001,,,2021-05-07 04:50:46,2021,5,morning,10.5461,3754.0,True,False,False,,False,,,,,0.0,0.0,0.0,0.0,0.0
statistics_csv,wue,ECO_L4T_WUE_002_WUE_doy2021144174926_aid0001,,,2021-05-24 17:49:26,2021,5,evening,43.915,15632.0,True,False,False,,False,,,,,0.0,0.0,0.0,0.0,0.0
statistics_csv,wue,ECO_L4T_WUE_002_WUE_doy2021148161640_aid0001,,,2021-05-28 16:16:40,2021,5,evening,47.564299999999996,16931.0,True,False,False,,False,,,,,0.882193,0.2072132,0.0,10.0,1.3658127
statistics_csv,wue,ECO_L4T_WUE_002_WUE_doy2021149152944_aid0001,,,2021-05-29 15:29:44,2021,5,evening,28.719499999999996,10223.0,True,False,False,,False,,,,,0.4734513,0.0,0.0,8.0299063,0.8920623
statistics_csv,wue,ECO_L4T_WUE_002_WUE_doy2021152144356_aid0001,,,2021-06-01 14:43:56,2021,6,evening,47.2413,16816.0,True,False,False,,False,,,,,0.951246,1.061373,0.0,9.6585913,0.7835539
statistics_csv,wue,ECO_L4T_WUE_002_WUE_doy2021158162802_aid0001,,,2021-06-07 16:28:02,2021,6,evening,0.5422,193.0,True,False,False,,False,,,,,0.0,0.0,0.0,0.0,0.0
statistics_csv,wue,ECO_L4T_WUE_002_WUE_doy2021162145512_aid0001,,,2021-06-11 14:55:12,2021,6,evening,50.421400000000006,17948.0,True,False,False,,False,,,,,1.5577893,0.3062158,0.0,10.0,1.9940438
statistics_csv,wue,ECO_L4T_WUE_002_WUE_doy2021163140746_aid0001,,,2021-06-12 14:07:46,2021,6,evening,52.7868,18790.0,True,False,False,,False,,,,,0.6656668,0.2292003,0.0,5.7239351,0.8790771
statistics_csv,wue,ECO_L4T_WUE_002_WUE_doy2021164100603_aid0001,,,2021-06-13 10:06:03,2021,6,midday_afternoon,0.0674,24.0,True,False,False,,False,,,,,1.1099807,1.2020937,0.0,2.444669,0.6607857
statistics_csv,wue,ECO_L4T_WUE_002_WUE_doy2021173061157_aid0001,,,2021-06-22 06:11:57,2021,6,morning,18.895400000000002,6726.0,True,False,False,,False,,,,,1.6534328,0.0,0.0,10.0,2.8177688
statistics_csv,wue,ECO_L4T_WUE_002_WUE_doy2021173061248_aid0001,,,2021-06-22 06:12:48,2021,6,morning,62.979,22418.0,True,False,False,,False,,,,,1.1615199,0.0,0.0,10.0,1.8963236
statistics_csv,wue,ECO_L4T_WUE_002_WUE_doy2021177044020_aid0001,,,2021-06-26 04:40:20,2021,6,morning,55.4248,19729.0,True,False,False,,False,,,,,0.0724167,0.0,0.0,10.0,0.8323943
statistics_csv,wue,ECO_L4T_WUE_002_WUE_doy2022030140617_aid0001,,,2022-01-30 14:06:17,2022,1,evening,0.0815,29.0,True,False,False,,False,,,,,0.3448276,0.0,0.0,10.0,1.824656
statistics_csv,wue,ECO_L4T_WUE_002_WUE_doy2022033131925_aid0001,,,2022-02-02 13:19:25,2022,2,midday_afternoon,0.4495,160.0,True,False,False,,False,,,,,0.0,0.0,0.0,0.0,0.0
statistics_csv,wue,ECO_L4T_WUE_002_WUE_doy2022034123044_aid0001,,,2022-02-03 12:30:44,2022,2,midday_afternoon,35.1669,12518.0,True,False,False,,False,,,,,0.0,0.0,0.0,0.0,0.0
statistics_csv,wue,ECO_L4T_WUE_002_WUE_doy2022039145807_aid0001,,,2022-02-08 14:58:07,2022,2,evening,3.7083,1320.0,True,False,False,,False,,,,,2.334722,0.0,0.0,10.0,3.5804727
statistics_csv,wue,ECO_L4T_WUE_002_WUE_doy2022041100733_aid0001,,,2022-02-10 10:07:33,2022,2,midday_afternoon,10.6585,3794.0,True,False,False,,False,,,,,0.0,0.0,0.0,0.0,0.0
statistics_csv,wue,ECO_L4T_WUE_002_WUE_doy2022042141020_aid0001,,,2022-02-11 14:10:20,2022,2,evening,0.053399999999999996,19.0,True,False,False,,False,,,,,0.0,0.0,0.0,0.0,0.0
statistics_csv,wue,ECO_L4T_WUE_002_WUE_doy2022047114626_aid0001,,,2022-02-16 11:46:26,2022,2,midday_afternoon,0.10679999999999999,38.0,True,False,False,,False,,,,,0.0,0.0,0.0,0.0,0.0
statistics_csv,wue,ECO_L4T_WUE_002_WUE_doy2022049065543_aid0001,,,2022-02-18 06:55:43,2022,2,morning,0.0197,7.0,True,False,False,,False,,,,,0.0,0.0,0.0,0.0,0.0
statistics_csv,wue,ECO_L4T_WUE_002_WUE_doy2022050105827_aid0001,,,2022-02-19 10:58:27,2022,2,midday_afternoon,0.8259000000000001,294.0,True,False,False,,False,,,,,0.0,0.0,0.0,0.0,0.0
statistics_csv,wue,ECO_L4T_WUE_002_WUE_doy2022058074600_aid0001,,,2022-02-27 07:46:00,2022,2,morning,0.0056,2.0,True,False,False,,False,,,,,0.0,0.0,0.0,0.0,0.0
statistics_csv,wue,ECO_L4T_WUE_002_WUE_doy2022084163843_aid0001,,,2022-03-25 16:38:43,2022,3,evening,7.599200000000001,2705.0,True,False,False,,False,,,,,0.0050107,0.0,0.0,10.0,0.2039922
statistics_csv,wue,ECO_L4T_WUE_002_WUE_doy2022088150307_aid0001,,,2022-03-29 15:03:07,2022,3,evening,21.2945,7580.0,True,False,False,,False,,,,,0.0,0.0,0.0,0.0,0.0
statistics_csv,wue,ECO_L4T_WUE_002_WUE_doy2022092132741_aid0001,,,2022-04-02 13:27:41,2022,4,midday_afternoon,3.3036999999999996,1176.0,True,False,False,,False,,,,,0.0,0.0,0.0,0.0,0.0
statistics_csv,wue,ECO_L4T_WUE_002_WUE_doy2022095123921_aid0001,,,2022-04-05 12:39:21,2022,4,midday_afternoon,13.6279,4851.0,True,False,False,,False,,,,,0.0,0.0,0.0,0.0,0.0
statistics_csv,wue,ECO_L4T_WUE_002_WUE_doy2022096115137_aid0001,,,2022-04-06 11:51:37,2022,4,midday_afternoon,33.4476,11906.0,True,False,False,,False,,,,,0.7930539,0.0,0.0,10.0,2.3404367
statistics_csv,wue,ECO_L4T_WUE_002_WUE_doy2022096164256_aid0001,,,2022-04-06 16:42:56,2022,4,evening,0.1292,46.0,True,False,False,,False,,,,,0.0,0.0,0.0,0.0,0.0
statistics_csv,wue,ECO_L4T_WUE_002_WUE_doy2022100150558_aid0001,,,2022-04-10 15:05:58,2022,4,evening,4.6044,1639.0,True,False,False,,False,,,,,0.1089161,0.0,0.0,6.440506,0.5302889
statistics_csv,wue,ECO_L4T_WUE_002_WUE_doy2022101141714_aid0001,,,2022-04-11 14:17:14,2022,4,evening,40.305099999999996,14347.0,True,False,False,,False,,,,,0.0028963,0.0,0.0,2.7264161,0.0636859
statistics_csv,wue,ECO_L4T_WUE_002_WUE_doy2022102101425_aid0001,,,2022-04-12 10:14:25,2022,4,midday_afternoon,5.7703,2054.0,True,False,False,,False,,,,,0.6658295,0.0,0.0,10.0,1.4849296
statistics_csv,wue,ECO_L4T_WUE_002_WUE_doy2022102101517_aid0001,,,2022-04-12 10:15:17,2022,4,midday_afternoon,37.7936,13453.0,True,False,False,,False,,,,,0.1092273,0.0,0.0,10.0,0.7085931
statistics_csv,wue,ECO_L4T_WUE_002_WUE_doy2022103092607_aid0001,,,2022-04-13 09:26:07,2022,4,midday_afternoon,41.6395,14822.0,True,False,False,,False,,,,,0.2288617,0.0,0.0,10.0,0.8260844
statistics_csv,wue,ECO_L4T_WUE_002_WUE_doy2022104132903_aid0001,,,2022-04-14 13:29:03,2022,4,midday_afternoon,41.8137,14884.0,True,False,False,,False,,,,,1.1800923,0.3285324,0.0,10.0,1.906221
statistics_csv,wue,ECO_L4T_WUE_002_WUE_doy2022107124039_aid0001,,,2022-04-17 12:40:39,2022,4,midday_afternoon,39.4539,14044.0,True,False,False,,False,,,,,0.9612665,0.3388592,0.0,10.0,1.3123806
statistics_csv,wue,ECO_L4T_WUE_002_WUE_doy2022108115201_aid0001,,,2022-04-18 11:52:01,2022,4,midday_afternoon,42.1059,14988.0,True,False,False,,False,,,,,0.5423749,0.0,0.0,7.065825,0.819935
statistics_csv,wue,ECO_L4T_WUE_002_WUE_doy2022109110355_aid0001,,,2022-04-19 11:03:55,2022,4,midday_afternoon,3.4358,1223.0,True,False,False,,False,,,,,0.1609971,0.0,0.0,1.7435504,0.3131534
statistics_csv,wue,ECO_L4T_WUE_002_WUE_doy2022110070055_aid0001,,,2022-04-20 07:00:55,2022,4,morning,29.0426,10338.0,True,False,False,,False,,,,,0.007681,0.0,0.0,3.3621624,0.125412
statistics_csv,wue,ECO_L4T_WUE_002_WUE_doy2022111061146_aid0001,,,2022-04-21 06:11:46,2022,4,morning,23.3369,8307.0,True,False,False,,False,,,,,0.0,0.0,0.0,0.0,0.0
statistics_csv,wue,ECO_L4T_WUE_002_WUE_doy2022112101457_aid0001,,,2022-04-22 10:14:57,2022,4,midday_afternoon,0.37929999999999997,135.0,True,False,False,,False,,,,,0.0,0.0,0.0,0.0,0.0
statistics_csv,wue,ECO_L4T_WUE_002_WUE_doy2022114052320_aid0001,,,2022-04-24 05:23:20,2022,4,morning,0.6096,217.0,True,False,False,,False,,,,,0.0,0.0,0.0,0.0,0.0
statistics_csv,wue,ECO_L4T_WUE_002_WUE_doy2022115092624_aid0001,,,2022-04-25 09:26:24,2022,4,midday_afternoon,44.7915,15944.0,True,False,False,,False,,,,,0.5465944,0.0,0.0,10.0,2.0028324
statistics_csv,wue,ECO_L4T_WUE_002_WUE_doy2022116083838_aid0001,,,2022-04-26 08:38:38,2022,4,morning,40.7012,14488.0,True,False,False,,False,,,,,0.0,0.0,0.0,0.0,0.0
statistics_csv,wue,ECO_L4T_WUE_002_WUE_doy2022119075044_aid0001,,,2022-04-29 07:50:44,2022,4,morning,51.2192,18232.0,True,False,False,,False,,,,,0.1683375,0.0,0.0,5.2898812,0.4481699
statistics_csv,wue,ECO_L4T_WUE_002_WUE_doy2022120070234_aid0001,,,2022-04-30 07:02:34,2022,4,morning,42.3194,15064.0,True,False,False,,False,,,,,0.1502225,0.0,0.0,10.0,0.9360357
statistics_csv,wue,ECO_L4T_WUE_002_WUE_doy2022123061442_aid0001,,,2022-05-03 06:14:42,2022,5,morning,35.4506,12619.0,True,False,False,,False,,,,,0.007829,0.0,0.0,10.0,0.2713201
statistics_csv,wue,ECO_L4T_WUE_002_WUE_doy2022145163559_aid0001,,,2022-05-25 16:35:59,2022,5,evening,44.9461,15999.0,True,False,False,,False,,,,,0.0066541,0.0,0.0,6.7064452,0.1319132
statistics_csv,wue,ECO_L4T_WUE_002_WUE_doy2022148154844_aid0001,,,2022-05-28 15:48:44,2022,5,evening,18.7015,6657.0,True,False,False,,False,,,,,6.17e-05,0.0,0.0,0.2283426,0.0033589
statistics_csv,wue,ECO_L4T_WUE_002_WUE_doy2022149150000_aid0001,,,2022-05-29 15:00:00,2022,5,evening,11.0546,3935.0,True,False,False,,False,,,,,0.0030525,0.0,0.0,3.7994754,0.0729044
statistics_csv,wue,ECO_L4T_WUE_002_WUE_doy2022149150052_aid0001,,,2022-05-29 15:00:52,2022,5,evening,36.4002,12957.0,True,False,False,,False,,,,,0.0942319,0.0,0.0,9.2100916,0.4706637
statistics_csv,wue,ECO_L4T_WUE_002_WUE_doy2022152141211_aid0001,,,2022-06-01 14:12:11,2022,6,evening,0.2163,77.0,True,False,False,,False,,,,,0.1137178,0.0,0.0,0.8993517,0.2287426
statistics_csv,wue,ECO_L4T_WUE_002_WUE_doy2022152141303_aid0001,,,2022-06-01 14:13:03,2022,6,evening,2.1153999999999997,753.0,True,False,False,,False,,,,,0.0015412,0.0,0.0,0.22173,0.0133773
statistics_csv,wue,ECO_L4T_WUE_002_WUE_doy2022156123628_aid0001,,,2022-06-05 12:36:28,2022,6,midday_afternoon,59.6977,21250.0,True,False,False,,False,,,,,0.9487958,0.8246751,0.0,10.0,1.1133159
statistics_csv,wue,ECO_L4T_WUE_002_WUE_doy2022157114746_aid0001,,,2022-06-06 11:47:46,2022,6,midday_afternoon,50.2753,17896.0,True,False,False,,False,,,,,2.4155188,2.1912777,0.0,9.2345142,1.7662971
statistics_csv,wue,ECO_L4T_WUE_002_WUE_doy2022157114838_aid0001,,,2022-06-06 11:48:38,2022,6,midday_afternoon,48.859399999999994,17392.0,True,False,False,,False,,,,,1.5925951,1.5308688,0.0,7.1634941,1.1831794
statistics_csv,wue,ECO_L4T_WUE_002_WUE_doy2022158155034_aid0001,,,2022-06-07 15:50:34,2022,6,evening,0.5085000000000001,181.0,True,False,False,,False,,,,,1.7311776,0.2083063,0.0,10.0,2.8250768
statistics_csv,wue,ECO_L4T_WUE_002_WUE_doy2022158155126_aid0001,,,2022-06-07 15:51:26,2022,6,evening,23.4689,8354.0,True,False,False,,False,,,,,0.0610874,0.0,0.0,10.0,0.6054727
statistics_csv,wue,ECO_L4T_WUE_002_WUE_doy2022163101126_aid0001,,,2022-06-12 10:11:26,2022,6,midday_afternoon,0.0562,20.0,True,False,False,,False,,,,,1.1542379,1.16627,0.6604646,1.481654,0.2010511
statistics_csv,wue,ECO_L4T_WUE_002_WUE_doy2022164092328_aid0001,,,2022-06-13 09:23:28,2022,6,midday_afternoon,40.130900000000004,14285.0,True,False,False,,False,,,,,0.0,0.0,0.0,0.0,0.0
statistics_csv,wue,ECO_L4T_WUE_002_WUE_doy2022167083449_aid0001,,,2022-06-16 08:34:49,2022,6,morning,47.525,16917.0,True,False,False,,False,,,,,0.1447553,0.0,0.0,2.1437473,0.2828873
statistics_csv,wue,ECO_L4T_WUE_002_WUE_doy2022176092536_aid0001,,,2022-06-25 09:25:36,2022,6,midday_afternoon,69.5556,24759.0,True,False,False,,False,,,,,1.5648998,1.3547758,0.0,7.7118344,1.1381086
statistics_csv,wue,ECO_L4T_WUE_002_WUE_doy2022178074901_aid0001,,,2022-06-27 07:49:01,2022,6,morning,5.8546000000000005,2084.0,True,False,False,,False,,,,,2.6559873,2.2965794,0.0,10.0,1.8558114
statistics_csv,wue,ECO_L4T_WUE_002_WUE_doy2023035115436_aid0001,,,2023-02-04 11:54:36,2023,2,midday_afternoon,3.1155,1109.0,True,False,False,,False,,,,,0.0,0.0,0.0,0.0,0.0
statistics_csv,wue,ECO_L4T_WUE_002_WUE_doy2023037150956_aid0001,,,2023-02-06 15:09:56,2023,2,evening,0.0365,13.0,True,False,False,,False,,,,,0.0,0.0,0.0,0.0,0.0
statistics_csv,wue,ECO_L4T_WUE_002_WUE_doy2023039101912_aid0001,,,2023-02-08 10:19:12,2023,2,midday_afternoon,0.0421,15.0,True,False,False,,False,,,,,0.0,0.0,0.0,0.0,0.0
statistics_csv,wue,ECO_L4T_WUE_002_WUE_doy2023041133406_aid0001,,,2023-02-10 13:34:06,2023,2,midday_afternoon,0.22759999999999997,81.0,True,False,False,,False,,,,,0.0,0.0,0.0,0.0,0.0
statistics_csv,wue,ECO_L4T_WUE_002_WUE_doy2023043084251_aid0001,,,2023-02-12 08:42:51,2023,2,morning,0.0056,2.0,True,False,False,,False,,,,,0.0,0.0,0.0,0.0,0.0
statistics_csv,wue,ECO_L4T_WUE_002_WUE_doy2023045115802_aid0001,,,2023-02-14 11:58:02,2023,2,midday_afternoon,43.8139,15596.0,True,False,False,,False,,,,,0.0485178,0.0,0.0,10.0,0.5270615
statistics_csv,wue,ECO_L4T_WUE_002_WUE_doy2023046075455_aid0001,,,2023-02-15 07:54:55,2023,2,morning,1.208,430.0,True,False,False,,False,,,,,0.0,0.0,0.0,0.0,0.0
statistics_csv,wue,ECO_L4T_WUE_002_WUE_doy2023047070648_aid0001,,,2023-02-16 07:06:48,2023,2,morning,0.0084,3.0,True,False,False,,False,,,,,0.0,0.0,0.0,0.0,0.0
statistics_csv,wue,ECO_L4T_WUE_002_WUE_doy2023048110856_aid0001,,,2023-02-17 11:08:56,2023,2,midday_afternoon,21.7187,7731.0,True,False,False,,False,,,,,0.0,0.0,0.0,0.0,0.0
statistics_csv,wue,ECO_L4T_WUE_002_WUE_doy2023049102022_aid0001,,,2023-02-18 10:20:22,2023,2,midday_afternoon,30.160700000000002,10736.0,True,False,False,,False,,,,,0.0001335,0.0,0.0,0.5221782,0.0077081
statistics_csv,wue,ECO_L4T_WUE_002_WUE_doy2023051102041_aid0001,,,2023-02-20 10:20:41,2023,2,midday_afternoon,34.4393,12259.0,True,False,False,,False,,,,,0.0,0.0,0.0,0.0,0.0
statistics_csv,wue,ECO_L4T_WUE_002_WUE_doy2023053084457_aid0001,,,2023-02-22 08:44:57,2023,2,morning,1.2024,428.0,True,False,False,,False,,,,,0.0,0.0,0.0,0.0,0.0
statistics_csv,wue,ECO_L4T_WUE_002_WUE_doy2023059071155_aid0001,,,2023-02-28 07:11:55,2023,2,morning,0.0056,2.0,True,False,False,,False,,,,,0.0,0.0,0.0,0.0,0.0
statistics_csv,wue,ECO_L4T_WUE_002_WUE_doy2023060062449_aid0001,,,2023-03-01 06:24:49,2023,3,morning,0.0056,2.0,True,False,False,,False,,,,,0.0,0.0,0.0,0.0,0.0
statistics_csv,wue,ECO_L4T_WUE_002_WUE_doy2023082165457_aid0001,,,2023-03-23 16:54:57,2023,3,evening,30.7394,10942.0,True,False,False,,False,,,,,0.0009139,0.0,0.0,10.0,0.0955943
statistics_csv,wue,ECO_L4T_WUE_002_WUE_doy2023086152017_aid0001,,,2023-03-27 15:20:17,2023,3,evening,0.073,26.0,True,False,False,,False,,,,,0.0,0.0,0.0,0.0,0.0
statistics_csv,wue,ECO_L4T_WUE_002_WUE_doy2023089143200_aid0001,,,2023-03-30 14:32:00,2023,3,evening,7.5907,2702.0,True,False,False,,False,,,,,0.0,0.0,0.0,0.0,0.0
statistics_csv,wue,ECO_L4T_WUE_002_WUE_doy2023089143252_aid0001,,,2023-03-30 14:32:52,2023,3,evening,27.196900000000003,9681.0,True,False,False,,False,,,,,0.0,0.0,0.0,0.0,0.0
statistics_csv,wue,ECO_L4T_WUE_002_WUE_doy2023090134442_aid0001,,,2023-03-31 13:44:42,2023,3,midday_afternoon,50.309000000000005,17908.0,True,False,False,,False,,,,,0.0,0.0,0.0,0.0,0.0
statistics_csv,wue,ECO_L4T_WUE_002_WUE_doy2023093125822_aid0001,,,2023-04-03 12:58:22,2023,4,midday_afternoon,22.9127,8156.0,True,False,False,,False,,,,,0.1211316,0.0,0.0,6.7166886,0.5057428
statistics_csv,wue,ECO_L4T_WUE_002_WUE_doy2023094121017_aid0001,,,2023-04-04 12:10:17,2023,4,midday_afternoon,7.756499999999999,2761.0,True,False,False,,False,,,,,0.6154466,0.0,0.0,8.5918379,1.3849654
statistics_csv,wue,ECO_L4T_WUE_002_WUE_doy2023095161358_aid0001,,,2023-04-05 16:13:58,2023,4,evening,1.562,556.0,True,False,False,,False,,,,,0.0,0.0,0.0,0.0,0.0
statistics_csv,wue,ECO_L4T_WUE_002_WUE_doy2023097112342_aid0001,,,2023-04-07 11:23:42,2023,4,midday_afternoon,48.2161,17163.0,True,False,False,,False,,,,,0.0029289,0.0,0.0,2.9687321,0.0576979
statistics_csv,wue,ECO_L4T_WUE_002_WUE_doy2023098103534_aid0001,,,2023-04-08 10:35:34,2023,4,midday_afternoon,5.1944,1849.0,True,False,False,,False,,,,,0.0,0.0,0.0,0.0,0.0
statistics_csv,wue,ECO_L4T_WUE_002_WUE_doy2023098152616_aid0001,,,2023-04-08 15:26:16,2023,4,evening,14.7095,5236.0,True,False,False,,False,,,,,0.0,0.0,0.0,0.0,0.0
statistics_csv,wue,ECO_L4T_WUE_002_WUE_doy2023099143814_aid0001,,,2023-04-09 14:38:14,2023,4,evening,26.4861,9428.0,True,False,False,,False,,,,,0.083887,0.0,0.0,5.7288456,0.4218407
statistics_csv,wue,ECO_L4T_WUE_002_WUE_doy2023101094752_aid0001,,,2023-04-11 09:47:52,2023,4,midday_afternoon,13.408800000000001,4773.0,True,False,False,,False,,,,,0.0,0.0,0.0,0.0,0.0
statistics_csv,wue,ECO_L4T_WUE_002_WUE_doy2023102135038_aid0001,,,2023-04-12 13:50:38,2023,4,midday_afternoon,12.029399999999999,4282.0,True,False,False,,False,,,,,0.0,0.0,0.0,0.0,0.0
statistics_csv,wue,ECO_L4T_WUE_002_WUE_doy2023102135130_aid0001,,,2023-04-12 13:51:30,2023,4,midday_afternoon,31.8744,11346.0,True,False,False,,False,,,,,0.0,0.0,0.0,0.0,0.0
statistics_csv,wue,ECO_L4T_WUE_002_WUE_doy2023103130243_aid0001,,,2023-04-13 13:02:43,2023,4,midday_afternoon,0.12639999999999998,45.0,True,False,False,,False,,,,,0.0,0.0,0.0,0.0,0.0
statistics_csv,wue,ECO_L4T_WUE_002_WUE_doy2023104090004_aid0001,,,2023-04-14 09:00:04,2023,4,midday_afternoon,1.0928,389.0,True,False,False,,False,,,,,0.0,0.0,0.0,0.0,0.0
statistics_csv,wue,ECO_L4T_WUE_002_WUE_doy2023106121458_aid0001,,,2023-04-16 12:14:58,2023,4,midday_afternoon,16.4878,5869.0,True,False,False,,False,,,,,0.0,0.0,0.0,0.0,0.0
statistics_csv,wue,ECO_L4T_WUE_002_WUE_doy2023108072400_aid0001,,,2023-04-18 07:24:00,2023,4,morning,9.3157,3316.0,True,False,False,,False,,,,,0.0,0.0,0.0,0.0,0.0
statistics_csv,wue,ECO_L4T_WUE_002_WUE_doy2023109063527_aid0001,,,2023-04-19 06:35:27,2023,4,morning,5.9164,2106.0,True,False,False,,False,,,,,0.0224526,0.0,0.0,8.5417061,0.3307068
statistics_csv,wue,ECO_L4T_WUE_002_WUE_doy2023111095013_aid0001,,,2023-04-21 09:50:13,2023,4,midday_afternoon,49.3145,17554.0,True,False,False,,False,,,,,0.0,0.0,0.0,0.0,0.0
statistics_csv,wue,ECO_L4T_WUE_002_WUE_doy2023112054730_aid0001,,,2023-04-22 05:47:30,2023,4,morning,12.861,4578.0,True,False,False,,False,,,,,0.0,0.0,0.0,0.0,0.0
statistics_csv,wue,ECO_L4T_WUE_002_WUE_doy2023113045856_aid0001,,,2023-04-23 04:58:56,2023,4,morning,10.509599999999999,3741.0,True,False,False,,False,,,,,0.0160385,0.0,0.0,10.0,0.4001596
statistics_csv,wue,ECO_L4T_WUE_002_WUE_doy2023113095019_aid0001,,,2023-04-23 09:50:19,2023,4,midday_afternoon,58.51499999999999,20829.0,True,False,False,,False,,,,,0.0112296,0.0,0.0,10.0,0.2314719
statistics_csv,wue,ECO_L4T_WUE_002_WUE_doy2023114090130_aid0001,,,2023-04-24 09:01:30,2023,4,midday_afternoon,10.9591,3901.0,True,False,False,,False,,,,,0.0,0.0,0.0,0.0,0.0
statistics_csv,wue,ECO_L4T_WUE_002_WUE_doy2023115081223_aid0001,,,2023-04-25 08:12:23,2023,4,morning,3.6492999999999998,1299.0,True,False,False,,False,,,,,0.0,0.0,0.0,0.0,0.0
statistics_csv,wue,ECO_L4T_WUE_002_WUE_doy2023117081145_aid0001,,,2023-04-27 08:11:45,2023,4,morning,49.6179,17662.0,True,False,False,,False,,,,,0.0198566,0.0,0.0,4.6761146,0.1734076
statistics_csv,wue,ECO_L4T_WUE_002_WUE_doy2023118072334_aid0001,,,2023-04-28 07:23:34,2023,4,morning,66.78840000000001,23774.0,True,False,False,,False,,,,,0.0,0.0,0.0,0.0,0.0
statistics_csv,wue,ECO_L4T_WUE_002_WUE_doy2023121063446_aid0001,,,2023-05-01 06:34:46,2023,5,morning,9.759500000000001,3474.0,True,False,False,,False,,,,,0.0,0.0,0.0,0.0,0.0
statistics_csv,wue,ECO_L4T_WUE_002_WUE_doy2023122054627_aid0001,,,2023-05-02 05:46:27,2023,5,morning,15.8332,5636.0,True,False,False,,False,,,,,0.0,0.0,0.0,0.0,0.0
statistics_csv,wue,ECO_L4T_WUE_002_WUE_doy2023147151231_aid0001,,,2023-05-27 15:12:31,2023,5,evening,64.6337,23007.0,True,False,False,,False,,,,,0.4534755,0.0,0.0,10.0,0.8135059
statistics_csv,wue,ECO_L4T_WUE_002_WUE_doy2023154124450_aid0001,,,2023-06-03 12:44:50,2023,6,midday_afternoon,4.6691,1662.0,True,False,False,,False,,,,,1.9617175,0.0,0.0,10.0,3.4424968
statistics_csv,wue,ECO_L4T_WUE_002_WUE_doy2023157115505_aid0001,,,2023-06-06 11:55:05,2023,6,midday_afternoon,46.5024,16553.0,True,False,False,,False,,,,,0.8839854,0.7110137,0.0,6.4417634,0.8798854
statistics_csv,wue,ECO_L4T_WUE_002_WUE_doy2023158110557_aid0001,,,2023-06-07 11:05:57,2023,6,midday_afternoon,23.9325,8519.0,True,False,False,,False,,,,,0.2487011,0.0,0.0,8.6231871,0.5242251
statistics_csv,wue,ECO_L4T_WUE_002_WUE_doy2023159150806_aid0001,,,2023-06-08 15:08:06,2023,6,evening,49.2443,17529.0,True,False,False,,False,,,,,2.801275,0.2248845,0.0,10.0,3.7917221
statistics_csv,wue,ECO_L4T_WUE_002_WUE_doy2023160141922_aid0001,,,2023-06-09 14:19:22,2023,6,evening,14.611199999999998,5201.0,True,False,False,,False,,,,,1.0550743,1.1200515,0.0,4.3771129,0.7795549
statistics_csv,wue,ECO_L4T_WUE_002_WUE_doy2023163132855_aid0001,,,2023-06-12 13:28:55,2023,6,midday_afternoon,30.003400000000003,10680.0,True,False,False,,False,,,,,0.6732094,0.4906748,0.0,10.0,1.1620251
statistics_csv,wue,ECO_L4T_WUE_002_WUE_doy2023167114931_aid0001,,,2023-06-16 11:49:31,2023,6,midday_afternoon,39.274100000000004,13980.0,True,False,False,,False,,,,,0.4111222,0.3638261,0.0,2.4328666,0.4075796
statistics_csv,wue,ECO_L4T_WUE_002_WUE_doy2023170110056_aid0001,,,2023-06-19 11:00:56,2023,6,midday_afternoon,9.9477,3541.0,True,False,False,,False,,,,,0.4359227,0.0,0.0,7.369771,0.8727148
statistics_csv,wue,ECO_L4T_WUE_002_WUE_doy2023171101211_aid0001,,,2023-06-20 10:12:11,2023,6,midday_afternoon,69.7578,24831.0,True,False,False,,False,,,,,0.0072991,0.0,0.0,1.6428456,0.0611498
statistics_csv,wue,ECO_L4T_WUE_002_WUE_doy2023172060918_aid0001,,,2023-06-21 06:09:18,2023,6,morning,10.4281,3712.0,True,False,False,,False,,,,,2.6347299,1.444378,0.0,10.0,3.1802716
statistics_csv,wue,ECO_L4T_WUE_002_WUE_doy2023173052033_aid0001,,,2023-06-22 05:20:33,2023,6,morning,60.770900000000005,21632.0,True,False,False,,False,,,,,0.0,0.0,0.0,0.0,0.0
statistics_csv,wue,ECO_L4T_WUE_002_WUE_doy2023174043153_aid0001,,,2023-06-23 04:31:53,2023,6,morning,0.0393,14.0,True,False,False,,False,,,,,0.0,0.0,0.0,0.0,0.0
statistics_csv,wue,ECO_L4T_WUE_002_WUE_doy2023174092314_aid0001,,,2023-06-23 09:23:14,2023,6,midday_afternoon,0.33149999999999996,118.0,True,False,False,,False,,,,,0.0,0.0,0.0,0.0,0.0
statistics_csv,wue,ECO_L4T_WUE_002_WUE_doy2024039135928_aid0001,,,2024-02-08 13:59:28,2024,2,midday_afternoon,13.206499999999998,4701.0,True,False,False,,False,,,,,0.0,0.0,0.0,0.0,0.0
statistics_csv,wue,ECO_L4T_WUE_002_WUE_doy2024051091017_aid0001,,,2024-02-20 09:10:17,2024,2,midday_afternoon,0.22190000000000001,79.0,True,False,False,,False,,,,,0.0,0.0,0.0,0.0,0.0
statistics_csv,wue,ECO_L4T_WUE_002_WUE_doy2024159095329_aid0001,,,2024-06-07 09:53:29,2024,6,midday_afternoon,49.586999999999996,17651.0,True,False,False,,False,,,,,1.9032929,1.8064104,0.0,10.0,1.5980132
statistics_csv,wue,ECO_L4T_WUE_002_WUE_doy2024168103858_aid0001,,,2024-06-16 10:38:58,2024,6,midday_afternoon,7.076599999999999,2519.0,True,False,False,,False,,,,,0.7631558,0.383323,0.0,6.2168593,0.9228672
statistics_csv,wue,ECO_L4T_WUE_002_WUE_doy2025024143624_aid0001,,,2025-01-24 14:36:24,2025,1,evening,0.8175,291.0,True,False,False,,False,,,,,0.0343643,0.0,0.0,10.0,0.5852023
statistics_csv,wue,ECO_L4T_WUE_002_WUE_doy2025032111758_aid0001,,,2025-02-01 11:17:58,2025,2,midday_afternoon,1.6181999999999999,576.0,True,False,False,,False,,,,,0.0,0.0,0.0,0.0,0.0
statistics_csv,wue,ECO_L4T_WUE_002_WUE_doy2025035103027_aid0001,,,2025-02-04 10:30:27,2025,2,midday_afternoon,6.512,2318.0,True,False,False,,False,,,,,0.0,0.0,0.0,0.0,0.0
statistics_csv,wue,ECO_L4T_WUE_002_WUE_doy2025036094147_aid0001,,,2025-02-05 09:41:47,2025,2,midday_afternoon,0.0028,1.0,True,False,False,,False,,,,,0.0,0.0,0.0,0.0,0.0
statistics_csv,wue,ECO_L4T_WUE_002_WUE_doy2025037134425_aid0001,,,2025-02-06 13:44:25,2025,2,midday_afternoon,1.8626,663.0,True,False,False,,False,,,,,0.0,0.0,0.0,0.0,0.0
statistics_csv,wue,ECO_L4T_WUE_002_WUE_doy2025040080516_aid0001,,,2025-02-09 08:05:16,2025,2,morning,0.1798,64.0,True,False,False,,False,,,,,0.0,0.0,0.0,0.0,0.0
statistics_csv,wue,ECO_L4T_WUE_002_WUE_doy2025042080508_aid0001,,,2025-02-11 08:05:08,2025,2,morning,1.7137,610.0,True,False,False,,False,,,,,0.0,0.0,0.0,0.0,0.0
statistics_csv,wue,ECO_L4T_WUE_002_WUE_doy2025048094209_aid0001,,,2025-02-17 09:42:09,2025,2,midday_afternoon,0.0028,1.0,True,False,False,,False,,,,,0.0,0.0,0.0,0.0,0.0
statistics_csv,wue,ECO_L4T_WUE_002_WUE_doy2025053071815_aid0001,,,2025-02-22 07:18:15,2025,2,morning,0.1096,39.0,True,False,False,,False,,,,,0.0,0.0,0.0,0.0,0.0
statistics_csv,wue,ECO_L4T_WUE_002_WUE_doy2025089125134_aid0001,,,2025-03-30 12:51:34,2025,3,midday_afternoon,28.5762,10172.0,True,False,False,,False,,,,,0.0001585,0.0,0.0,0.3223656,0.0060861
statistics_csv,wue,ECO_L4T_WUE_002_WUE_doy2025094151752_aid0001,,,2025-04-04 15:17:52,2025,4,evening,38.4397,13683.0,True,False,False,,False,,,,,0.5036446,0.0,0.0,10.0,1.5046372
statistics_csv,wue,ECO_L4T_WUE_002_WUE_doy2025097094046_aid0001,,,2025-04-07 09:40:46,2025,4,midday_afternoon,40.0663,14262.0,True,False,False,,False,,,,,0.3206235,0.0,0.0,10.0,0.9119297
statistics_csv,wue,ECO_L4T_WUE_002_WUE_doy2025100085402_aid0001,,,2025-04-10 08:54:02,2025,4,morning,41.4344,14749.0,True,False,False,,False,,,,,0.0542999,0.0,0.0,6.730063,0.3292435
statistics_csv,wue,ECO_L4T_WUE_002_WUE_doy2025101080621_aid0001,,,2025-04-11 08:06:21,2025,4,morning,36.004000000000005,12816.0,True,False,False,,False,,,,,0.349165,0.0,0.0,10.0,1.0119509
statistics_csv,wue,ECO_L4T_WUE_002_WUE_doy2025102120912_aid0001,,,2025-04-12 12:09:12,2025,4,midday_afternoon,43.0919,15339.0,True,False,False,,False,,,,,0.5235307,0.0,0.0,10.0,0.9293948
statistics_csv,wue,ECO_L4T_WUE_002_WUE_doy2025105063131_aid0001,,,2025-04-15 06:31:31,2025,4,morning,20.5444,7313.0,True,False,False,,False,,,,,0.0,0.0,0.0,0.0,0.0
statistics_csv,wue,ECO_L4T_WUE_002_WUE_doy2025108054400_aid0001,,,2025-04-18 05:44:00,2025,4,morning,2.4666,878.0,True,False,False,,False,,,,,0.0,0.0,0.0,0.0,0.0
statistics_csv,wue,ECO_L4T_WUE_002_WUE_doy2025113081045_aid0001,,,2025-04-23 08:10:45,2025,4,morning,59.57130000000001,21205.0,True,False,False,,False,,,,,0.2132358,0.0,0.0,9.1076078,0.8828915
statistics_csv,wue,ECO_L4T_WUE_002_WUE_doy2025136175254_aid0001,,,2025-05-16 17:52:54,2025,5,evening,0.0112,4.0,True,False,False,,False,,,,,0.0,0.0,0.0,0.0,0.0
statistics_csv,wue,ECO_L4T_WUE_002_WUE_doy2025154112957_aid0001,,,2025-06-03 11:29:57,2025,6,midday_afternoon,27.3963,9752.0,True,False,False,,False,,,,,0.5370367,0.404439,0.0,3.1040995,0.569189
statistics_csv,wue,ECO_L4T_WUE_002_WUE_doy2025175072630_aid0001,,,2025-06-24 07:26:30,2025,6,morning,48.0672,17110.0,True,False,False,,False,,,,,1.7837465,1.565077,0.0,10.0,1.5213165
