source_type,product,record_id,path,filename,date,year,month,time_bin,coverage_percent,count,read_ok_bool,passes_coverage_filter,tiny_footprint_flag,footprint_fraction_of_full_aoi,usable_record,epsg,crs,aoi_footprint_pixel_count,full_product_aoi_pixel_count,mean,median,min,max,std
raster,esi,ECO_L4T_ESI.002_ESI_20190131T153850_aid0001_32N.tif,data/ESI/ECO_L4T_ESI.002_ESI_20190131T153850_aid0001_32N.tif,ECO_L4T_ESI.002_ESI_20190131T153850_aid0001_32N.tif,2019-01-31 00:00:00,2019,1,evening,99.84173117320366,34696.0,True,True,False,1.0,True,32632.0,EPSG:32632,34751.0,34751.0,0.0003335404035169,0.0,0.0,0.5440359711647034,0.0120007330551743
raster,esi,ECO_L4T_ESI.002_ESI_20190210T115446_aid0001_32N.tif,data/ESI/ECO_L4T_ESI.002_ESI_20190210T115446_aid0001_32N.tif,ECO_L4T_ESI.002_ESI_20190210T115446_aid0001_32N.tif,2019-02-10 00:00:00,2019,2,midday_afternoon,87.1025294236137,30269.0,True,True,False,1.0,True,32632.0,EPSG:32632,34751.0,34751.0,0.932763695716858,0.9931287169456482,0.0,1.0,0.1008796691894531
raster,esi,ECO_L4T_ESI.002_ESI_20190211T110310_aid0001_32N.tif,data/ESI/ECO_L4T_ESI.002_ESI_20190211T110310_aid0001_32N.tif,ECO_L4T_ESI.002_ESI_20190211T110310_aid0001_32N.tif,2019-02-11 00:00:00,2019,2,midday_afternoon,97.79574688498172,33985.0,True,True,False,1.0,True,32632.0,EPSG:32632,34751.0,34751.0,0.7859203219413757,0.871588945388794,0.0,1.0,0.2729613482952118
raster,esi,ECO_L4T_ESI.002_ESI_20190211T155330_aid0001_32N.tif,data/ESI/ECO_L4T_ESI.002_ESI_20190211T155330_aid0001_32N.tif,ECO_L4T_ESI.002_ESI_20190211T155330_aid0001_32N.tif,2019-02-11 00:00:00,2019,2,evening,99.5798682052315,34605.0,True,True,False,1.0,True,32632.0,EPSG:32632,34751.0,34751.0,0.000317873142194,0.0,0.0,1.0,0.0178261641412973
raster,esi,ECO_L4T_ESI.002_ESI_20190213T105702_aid0001_32N.tif,data/ESI/ECO_L4T_ESI.002_ESI_20190213T105702_aid0001_32N.tif,ECO_L4T_ESI.002_ESI_20190213T105702_aid0001_32N.tif,2019-02-13 00:00:00,2019,2,midday_afternoon,100.0,34751.0,True,True,False,1.0,True,32632.0,EPSG:32632,34751.0,34751.0,0.7408137917518616,0.9043847918510436,0.0,1.0,0.3473768234252929
raster,esi,ECO_L4T_ESI.002_ESI_20190214T145546_aid0001_32N.tif,data/ESI/ECO_L4T_ESI.002_ESI_20190214T145546_aid0001_32N.tif,ECO_L4T_ESI.002_ESI_20190214T145546_aid0001_32N.tif,2019-02-14 00:00:00,2019,2,evening,99.99424476993468,34749.0,True,True,False,1.0,True,32632.0,EPSG:32632,34751.0,34751.0,0.3462015986442566,0.0,0.0,1.0,0.4539145827293396
raster,esi,ECO_L4T_ESI.002_ESI_20190215T140410_aid0001_32N.tif,data/ESI/ECO_L4T_ESI.002_ESI_20190215T140410_aid0001_32N.tif,ECO_L4T_ESI.002_ESI_20190215T140410_aid0001_32N.tif,2019-02-15 00:00:00,2019,2,evening,100.0,94.0,True,True,True,0.002704958130701275,False,32632.0,EPSG:32632,94.0,34751.0,0.4213246703147888,0.1706464886665344,0.0,1.0,0.4577621221542358
raster,esi,ECO_L4T_ESI.002_ESI_20190217T090743_aid0001_32N.tif,data/ESI/ECO_L4T_ESI.002_ESI_20190217T090743_aid0001_32N.tif,ECO_L4T_ESI.002_ESI_20190217T090743_aid0001_32N.tif,2019-02-17 00:00:00,2019,2,midday_afternoon,100.0,94.0,True,True,True,0.002704958130701275,False,32632.0,EPSG:32632,94.0,34751.0,0.4669833183288574,0.0086413212120532,0.0,1.0,0.4948979616165161
raster,esi,ECO_L4T_ESI.002_ESI_20190219T121450_aid0001_32N.tif,data/ESI/ECO_L4T_ESI.002_ESI_20190219T121450_aid0001_32N.tif,ECO_L4T_ESI.002_ESI_20190219T121450_aid0001_32N.tif,2019-02-19 00:00:00,2019,2,midday_afternoon,27.5243877874018,9565.0,True,False,False,1.0,False,32632.0,EPSG:32632,34751.0,34751.0,0.7636628150939941,0.9999999403953552,0.0,1.0,0.3727534413337707
raster,esi,ECO_L4T_ESI.002_ESI_20190220T080958_aid0001_32N.tif,data/ESI/ECO_L4T_ESI.002_ESI_20190220T080958_aid0001_32N.tif,ECO_L4T_ESI.002_ESI_20190220T080958_aid0001_32N.tif,2019-02-20 00:00:00,2019,2,morning,100.0,34751.0,True,True,False,1.0,True,32632.0,EPSG:32632,34751.0,34751.0,0.6040948033332825,0.8584902882575989,0.0,1.0,0.44488325715065
raster,esi,ECO_L4T_ESI.002_ESI_20190221T071822_aid0001_32N.tif,data/ESI/ECO_L4T_ESI.002_ESI_20190221T071822_aid0001_32N.tif,ECO_L4T_ESI.002_ESI_20190221T071822_aid0001_32N.tif,2019-02-21 00:00:00,2019,2,morning,100.0,34751.0,True,True,False,1.0,True,32632.0,EPSG:32632,34751.0,34751.0,0.0006618514307774,0.0,0.0,1.0,0.0257179569453001
raster,esi,ECO_L4T_ESI.002_ESI_20190221T120841_aid0001_32N.tif,data/ESI/ECO_L4T_ESI.002_ESI_20190221T120841_aid0001_32N.tif,ECO_L4T_ESI.002_ESI_20190221T120841_aid0001_32N.tif,2019-02-21 00:00:00,2019,2,midday_afternoon,100.0,94.0,True,True,True,0.002704958130701275,False,32632.0,EPSG:32632,94.0,34751.0,0.6495369672775269,1.0,0.0,1.0,0.4544468224048614
raster,esi,ECO_L4T_ESI.002_ESI_20190222T111706_aid0001_32N.tif,data/ESI/ECO_L4T_ESI.002_ESI_20190222T111706_aid0001_32N.tif,ECO_L4T_ESI.002_ESI_20190222T111706_aid0001_32N.tif,2019-02-22 00:00:00,2019,2,midday_afternoon,100.0,34751.0,True,True,False,1.0,True,32632.0,EPSG:32632,34751.0,34751.0,0.785054624080658,1.0,0.0,1.0,0.3919274508953094
raster,esi,ECO_L4T_ESI.002_ESI_20190225T101921_aid0001_32N.tif,data/ESI/ECO_L4T_ESI.002_ESI_20190225T101921_aid0001_32N.tif,ECO_L4T_ESI.002_ESI_20190225T101921_aid0001_32N.tif,2019-02-25 00:00:00,2019,2,midday_afternoon,100.0,34751.0,True,True,False,1.0,True,32632.0,EPSG:32632,34751.0,34751.0,0.655250072479248,0.999992847442627,0.0,1.0,0.4578465819358825
raster,esi,ECO_L4T_ESI.002_ESI_20190228T092317_aid0001_32N.tif,data/ESI/ECO_L4T_ESI.002_ESI_20190228T092317_aid0001_32N.tif,ECO_L4T_ESI.002_ESI_20190228T092317_aid0001_32N.tif,2019-02-28 00:00:00,2019,2,midday_afternoon,100.0,34751.0,True,True,False,1.0,True,32632.0,EPSG:32632,34751.0,34751.0,0.7098281979560852,0.9999999403953552,0.0,1.0,0.4070140123367309
raster,esi,ECO_L4T_ESI.002_ESI_20190604T145035_aid0001_32N.tif,data/ESI/ECO_L4T_ESI.002_ESI_20190604T145035_aid0001_32N.tif,ECO_L4T_ESI.002_ESI_20190604T145035_aid0001_32N.tif,2019-06-04 00:00:00,2019,6,evening,20.32171736065149,7062.0,True,False,False,1.0,False,32632.0,EPSG:32632,34751.0,34751.0,0.9571644067764282,1.0,0.0,1.0,0.1260393410921096
raster,esi,ECO_L4T_ESI.002_ESI_20190608T130928_aid0001_32N.tif,data/ESI/ECO_L4T_ESI.002_ESI_20190608T130928_aid0001_32N.tif,ECO_L4T_ESI.002_ESI_20190608T130928_aid0001_32N.tif,2019-06-08 00:00:00,2019,6,midday_afternoon,99.87338493856292,34707.0,True,True,False,1.0,True,32632.0,EPSG:32632,34751.0,34751.0,0.8897263407707214,0.9986869692802428,0.0,1.0,0.1695644259452819
raster,esi,ECO_L4T_ESI.002_ESI_20190609T122043_aid0001_32N.tif,data/ESI/ECO_L4T_ESI.002_ESI_20190609T122043_aid0001_32N.tif,ECO_L4T_ESI.002_ESI_20190609T122043_aid0001_32N.tif,2019-06-09 00:00:00,2019,6,midday_afternoon,17.71459814106069,6156.0,True,False,False,1.0,False,32632.0,EPSG:32632,34751.0,34751.0,0.8613293766975403,0.9524269104003906,0.0767981484532356,1.0,0.171405628323555
raster,esi,ECO_L4T_ESI.002_ESI_20190610T162134_aid0001_32N.tif,data/ESI/ECO_L4T_ESI.002_ESI_20190610T162134_aid0001_32N.tif,ECO_L4T_ESI.002_ESI_20190610T162134_aid0001_32N.tif,2019-06-10 00:00:00,2019,6,evening,54.06750884866622,18789.0,True,False,False,1.0,False,32632.0,EPSG:32632,34751.0,34751.0,0.8937016129493713,1.0,0.1172104179859161,1.0,0.1777037233114242
raster,esi,ECO_L4T_ESI.002_ESI_20190612T112813_aid0001_32N.tif,data/ESI/ECO_L4T_ESI.002_ESI_20190612T112813_aid0001_32N.tif,ECO_L4T_ESI.002_ESI_20190612T112813_aid0001_32N.tif,2019-06-12 00:00:00,2019,6,midday_afternoon,0.6704843026099968,233.0,True,False,False,1.0,False,32632.0,EPSG:32632,34751.0,34751.0,0.9935994148254396,1.0,0.7618241310119629,1.0,0.0304143615067005
raster,esi,ECO_L4T_ESI.002_ESI_20190613T103920_aid0001_32N.tif,data/ESI/ECO_L4T_ESI.002_ESI_20190613T103920_aid0001_32N.tif,ECO_L4T_ESI.002_ESI_20190613T103920_aid0001_32N.tif,2019-06-13 00:00:00,2019,6,midday_afternoon,100.0,34751.0,True,True,False,1.0,True,32632.0,EPSG:32632,34751.0,34751.0,0.8932859301567078,0.96832674741745,0.0062062740325927,1.0,0.1588252186775207
raster,esi,ECO_L4T_ESI.002_ESI_20190614T144037_aid0001_32N.tif,data/ESI/ECO_L4T_ESI.002_ESI_20190614T144037_aid0001_32N.tif,ECO_L4T_ESI.002_ESI_20190614T144037_aid0001_32N.tif,2019-06-14 00:00:00,2019,6,evening,53.191489361702125,50.0,True,False,True,0.002704958130701275,False,32632.0,EPSG:32632,94.0,34751.0,0.6753724813461304,1.0,0.0282576084136962,1.0,0.4523877501487732
raster,esi,ECO_L4T_ESI.002_ESI_20190615T103650_aid0001_32N.tif,data/ESI/ECO_L4T_ESI.002_ESI_20190615T103650_aid0001_32N.tif,ECO_L4T_ESI.002_ESI_20190615T103650_aid0001_32N.tif,2019-06-15 00:00:00,2019,6,midday_afternoon,56.97965526171909,19801.0,True,False,False,1.0,False,32632.0,EPSG:32632,34751.0,34751.0,0.8783114552497864,0.9656804800033568,0.0318574644625186,1.0,0.1668945252895355
raster,esi,ECO_L4T_ESI.002_ESI_20190617T134844_aid0001_32N.tif,data/ESI/ECO_L4T_ESI.002_ESI_20190617T134844_aid0001_32N.tif,ECO_L4T_ESI.002_ESI_20190617T134844_aid0001_32N.tif,2019-06-17 00:00:00,2019,6,midday_afternoon,73.86262265834077,25668.0,True,True,False,1.0,True,32632.0,EPSG:32632,34751.0,34751.0,0.8240548372268677,0.8875380754470825,0.0083546508103609,1.0,0.178013190627098
raster,esi,ECO_L4T_ESI.002_ESI_20190619T085524_aid0001_32N.tif,data/ESI/ECO_L4T_ESI.002_ESI_20190619T085524_aid0001_32N.tif,ECO_L4T_ESI.002_ESI_20190619T085524_aid0001_32N.tif,2019-06-19 00:00:00,2019,6,morning,99.95395815947742,34735.0,True,True,False,1.0,True,32632.0,EPSG:32632,34751.0,34751.0,0.8558952808380127,0.9233968257904052,0.0042653530836105,1.0,0.1574897021055221
raster,esi,ECO_L4T_ESI.002_ESI_20190623T071413_aid0001_32N.tif,data/ESI/ECO_L4T_ESI.002_ESI_20190623T071413_aid0001_32N.tif,ECO_L4T_ESI.002_ESI_20190623T071413_aid0001_32N.tif,2019-06-23 00:00:00,2019,6,morning,96.32816321832463,33475.0,True,True,False,1.0,True,32632.0,EPSG:32632,34751.0,34751.0,0.7980027198791504,0.8089107871055603,0.0105596575886011,1.0,0.1577035933732986
raster,esi,ECO_L4T_ESI.002_ESI_20190624T062441_aid0001_32N.tif,data/ESI/ECO_L4T_ESI.002_ESI_20190624T062441_aid0001_32N.tif,ECO_L4T_ESI.002_ESI_20190624T062441_aid0001_32N.tif,2019-06-24 00:00:00,2019,6,morning,100.0,94.0,True,True,True,0.002704958130701275,False,32632.0,EPSG:32632,94.0,34751.0,0.6682888269424438,0.852471649646759,0.0480525903403759,1.0,0.3833604753017425
raster,esi,ECO_L4T_ESI.002_ESI_20190628T093339_aid0001_32N.tif,data/ESI/ECO_L4T_ESI.002_ESI_20190628T093339_aid0001_32N.tif,ECO_L4T_ESI.002_ESI_20190628T093339_aid0001_32N.tif,2019-06-28 00:00:00,2019,6,midday_afternoon,100.0,34751.0,True,True,False,1.0,True,32632.0,EPSG:32632,34751.0,34751.0,0.837673544883728,0.9176592230796814,0.0101118721067905,1.0,0.1800229102373123
raster,esi,ECO_L4T_ESI.002_ESI_20190630T044036_aid0001_32N.tif,data/ESI/ECO_L4T_ESI.002_ESI_20190630T044036_aid0001_32N.tif,ECO_L4T_ESI.002_ESI_20190630T044036_aid0001_32N.tif,2019-06-30 00:00:00,2019,6,morning,100.0,34751.0,True,True,False,1.0,True,32632.0,EPSG:32632,34751.0,34751.0,0.9102902412414552,0.9203165769577026,0.1298476457595825,1.0,0.0891851857304573
raster,esi,ECO_L4T_ESI.002_ESI_20200131T150849_aid0001_32N.tif,data/ESI/ECO_L4T_ESI.002_ESI_20200131T150849_aid0001_32N.tif,ECO_L4T_ESI.002_ESI_20200131T150849_aid0001_32N.tif,2020-01-31 00:00:00,2020,1,evening,100.0,34751.0,True,True,False,1.0,True,32632.0,EPSG:32632,34751.0,34751.0,0.0367839150130748,0.0,0.0,1.0,0.1839932948350906
raster,esi,ECO_L4T_ESI.002_ESI_20200204T133500_aid0001_32N.tif,data/ESI/ECO_L4T_ESI.002_ESI_20200204T133500_aid0001_32N.tif,ECO_L4T_ESI.002_ESI_20200204T133500_aid0001_32N.tif,2020-02-04 00:00:00,2020,2,midday_afternoon,49.08347961209749,17057.0,True,False,False,1.0,False,32632.0,EPSG:32632,34751.0,34751.0,0.9260621666908264,1.0,0.0737263187766075,1.0,0.1468364745378494
raster,esi,ECO_L4T_ESI.002_ESI_20200205T124732_aid0001_32N.tif,data/ESI/ECO_L4T_ESI.002_ESI_20200205T124732_aid0001_32N.tif,ECO_L4T_ESI.002_ESI_20200205T124732_aid0001_32N.tif,2020-02-05 00:00:00,2020,2,midday_afternoon,96.85764438433426,33659.0,True,True,False,1.0,True,32632.0,EPSG:32632,34751.0,34751.0,0.7692133784294128,0.9418074488639832,0.0,1.0,0.3379111886024475
raster,esi,ECO_L4T_ESI.002_ESI_20200208T120145_aid0001_32N.tif,data/ESI/ECO_L4T_ESI.002_ESI_20200208T120145_aid0001_32N.tif,ECO_L4T_ESI.002_ESI_20200208T120145_aid0001_32N.tif,2020-02-08 00:00:00,2020,2,midday_afternoon,100.0,34751.0,True,True,False,1.0,True,32632.0,EPSG:32632,34751.0,34751.0,0.6772021055221558,0.8825825452804565,0.0,1.0,0.3848966658115387
raster,esi,ECO_L4T_ESI.002_ESI_20200327T163143_aid0001_32N.tif,data/ESI/ECO_L4T_ESI.002_ESI_20200327T163143_aid0001_32N.tif,ECO_L4T_ESI.002_ESI_20200327T163143_aid0001_32N.tif,2020-03-27 00:00:00,2020,3,evening,85.12848551120831,29583.0,True,True,False,1.0,True,32632.0,EPSG:32632,34751.0,34751.0,0.6896290183067322,0.9597312808036804,0.0,1.0,0.4339930117130279
raster,esi,ECO_L4T_ESI.002_ESI_20200330T154618_aid0001_32N.tif,data/ESI/ECO_L4T_ESI.002_ESI_20200330T154618_aid0001_32N.tif,ECO_L4T_ESI.002_ESI_20200330T154618_aid0001_32N.tif,2020-03-30 00:00:00,2020,3,evening,100.0,94.0,True,True,True,0.002704958130701275,False,32632.0,EPSG:32632,94.0,34751.0,0.8068400621414185,1.0,0.3385608196258545,1.0,0.2769618034362793
raster,esi,ECO_L4T_ESI.002_ESI_20200331T145901_aid0001_32N.tif,data/ESI/ECO_L4T_ESI.002_ESI_20200331T145901_aid0001_32N.tif,ECO_L4T_ESI.002_ESI_20200331T145901_aid0001_32N.tif,2020-03-31 00:00:00,2020,3,evening,100.0,94.0,True,True,True,0.002704958130701275,False,32632.0,EPSG:32632,94.0,34751.0,0.730945348739624,0.9999999403953552,0.1215686872601509,1.0,0.3753813803195953
raster,esi,ECO_L4T_ESI.002_ESI_20200403T141346_aid0001_32N.tif,data/ESI/ECO_L4T_ESI.002_ESI_20200403T141346_aid0001_32N.tif,ECO_L4T_ESI.002_ESI_20200403T141346_aid0001_32N.tif,2020-04-03 00:00:00,2020,4,evening,100.0,34751.0,True,True,False,1.0,True,32632.0,EPSG:32632,34751.0,34751.0,0.9151279926300048,0.9999999403953552,0.0,1.0,0.1640053540468216
raster,esi,ECO_L4T_ESI.002_ESI_20200404T132602_aid0001_32N.tif,data/ESI/ECO_L4T_ESI.002_ESI_20200404T132602_aid0001_32N.tif,ECO_L4T_ESI.002_ESI_20200404T132602_aid0001_32N.tif,2020-04-04 00:00:00,2020,4,midday_afternoon,78.58191131190469,27308.0,True,True,False,1.0,True,32632.0,EPSG:32632,34751.0,34751.0,0.88760906457901,0.9999999403953552,0.0,1.0,0.2027041018009185
raster,esi,ECO_L4T_ESI.002_ESI_20200404T132654_aid0001_32N.tif,data/ESI/ECO_L4T_ESI.002_ESI_20200404T132654_aid0001_32N.tif,ECO_L4T_ESI.002_ESI_20200404T132654_aid0001_32N.tif,2020-04-04 00:00:00,2020,4,midday_afternoon,31.25665448476303,10862.0,True,False,False,1.0,False,32632.0,EPSG:32632,34751.0,34751.0,0.8808574080467224,0.9999999403953552,0.0,1.0,0.2095879018306732
raster,esi,ECO_L4T_ESI.002_ESI_20200407T124205_aid0001_32N.tif,data/ESI/ECO_L4T_ESI.002_ESI_20200407T124205_aid0001_32N.tif,ECO_L4T_ESI.002_ESI_20200407T124205_aid0001_32N.tif,2020-04-07 00:00:00,2020,4,midday_afternoon,100.0,94.0,True,True,True,0.002704958130701275,False,32632.0,EPSG:32632,94.0,34751.0,0.8168781995773315,1.0,0.0,1.0,0.3267732858657837
raster,esi,ECO_L4T_ESI.002_ESI_20200408T115421_aid0001_32N.tif,data/ESI/ECO_L4T_ESI.002_ESI_20200408T115421_aid0001_32N.tif,ECO_L4T_ESI.002_ESI_20200408T115421_aid0001_32N.tif,2020-04-08 00:00:00,2020,4,midday_afternoon,100.0,34751.0,True,True,False,1.0,True,32632.0,EPSG:32632,34751.0,34751.0,0.8499351739883423,0.9999999403953552,0.0,1.0,0.2846316993236542
raster,esi,ECO_L4T_ESI.002_ESI_20200413T142716_aid0001_32N.tif,data/ESI/ECO_L4T_ESI.002_ESI_20200413T142716_aid0001_32N.tif,ECO_L4T_ESI.002_ESI_20200413T142716_aid0001_32N.tif,2020-04-13 00:00:00,2020,4,evening,82.24799286351472,28582.0,True,True,False,1.0,True,32632.0,EPSG:32632,34751.0,34751.0,0.9296621084213256,1.0,0.0,1.0,0.2049724906682968
raster,esi,ECO_L4T_ESI.002_ESI_20200415T093837_aid0001_32N.tif,data/ESI/ECO_L4T_ESI.002_ESI_20200415T093837_aid0001_32N.tif,ECO_L4T_ESI.002_ESI_20200415T093837_aid0001_32N.tif,2020-04-15 00:00:00,2020,4,midday_afternoon,100.0,34751.0,True,True,False,1.0,True,32632.0,EPSG:32632,34751.0,34751.0,0.9294969439506532,0.9999999403953552,0.0,1.0,0.1486264020204544
raster,esi,ECO_L4T_ESI.002_ESI_20200417T125534_aid0001_32N.tif,data/ESI/ECO_L4T_ESI.002_ESI_20200417T125534_aid0001_32N.tif,ECO_L4T_ESI.002_ESI_20200417T125534_aid0001_32N.tif,2020-04-17 00:00:00,2020,4,midday_afternoon,100.0,34751.0,True,True,False,1.0,True,32632.0,EPSG:32632,34751.0,34751.0,0.9123728275299072,0.9817095398902892,0.0360743068158626,1.0,0.1628058850765228
raster,esi,ECO_L4T_ESI.002_ESI_20200420T071859_aid0001_32N.tif,data/ESI/ECO_L4T_ESI.002_ESI_20200420T071859_aid0001_32N.tif,ECO_L4T_ESI.002_ESI_20200420T071859_aid0001_32N.tif,2020-04-20 00:00:00,2020,4,morning,100.0,34751.0,True,True,False,1.0,True,32632.0,EPSG:32632,34751.0,34751.0,0.9273597598075868,0.9821566939353944,0.0,1.0,0.1358556449413299
raster,esi,ECO_L4T_ESI.002_ESI_20200421T112222_aid0001_32N.tif,data/ESI/ECO_L4T_ESI.002_ESI_20200421T112222_aid0001_32N.tif,ECO_L4T_ESI.002_ESI_20200421T112222_aid0001_32N.tif,2020-04-21 00:00:00,2020,4,midday_afternoon,1.0560847169865617,367.0,True,False,False,1.0,False,32632.0,EPSG:32632,34751.0,34751.0,0.9849592447280884,1.0,0.8141152858734131,1.0,0.0397515445947647
raster,esi,ECO_L4T_ESI.002_ESI_20200423T063205_aid0001_32N.tif,data/ESI/ECO_L4T_ESI.002_ESI_20200423T063205_aid0001_32N.tif,ECO_L4T_ESI.002_ESI_20200423T063205_aid0001_32N.tif,2020-04-23 00:00:00,2020,4,morning,100.0,34751.0,True,True,False,1.0,True,32632.0,EPSG:32632,34751.0,34751.0,0.8233039975166321,0.9451143741607666,0.0,1.0,0.2537842392921448
raster,esi,ECO_L4T_ESI.002_ESI_20200424T054455_aid0001_32N.tif,data/ESI/ECO_L4T_ESI.002_ESI_20200424T054455_aid0001_32N.tif,ECO_L4T_ESI.002_ESI_20200424T054455_aid0001_32N.tif,2020-04-24 00:00:00,2020,4,morning,100.0,34751.0,True,True,False,1.0,True,32632.0,EPSG:32632,34751.0,34751.0,0.3269584774971008,0.0,0.0,1.0,0.4267239272594452
raster,esi,ECO_L4T_ESI.002_ESI_20200427T045824_aid0001_32N.tif,data/ESI/ECO_L4T_ESI.002_ESI_20200427T045824_aid0001_32N.tif,ECO_L4T_ESI.002_ESI_20200427T045824_aid0001_32N.tif,2020-04-27 00:00:00,2020,4,morning,100.0,34751.0,True,True,False,1.0,True,32632.0,EPSG:32632,34751.0,34751.0,0.4075478911399841,0.0,0.0,1.0,0.4374097883701324
raster,esi,ECO_L4T_ESI.002_ESI_20200429T081408_aid0001_32N.tif,data/ESI/ECO_L4T_ESI.002_ESI_20200429T081408_aid0001_32N.tif,ECO_L4T_ESI.002_ESI_20200429T081408_aid0001_32N.tif,2020-04-29 00:00:00,2020,4,morning,84.40908175304308,29333.0,True,True,False,1.0,True,32632.0,EPSG:32632,34751.0,34751.0,0.9373043775558472,0.9999999403953552,0.0,1.0,0.1025494784116745
raster,esi,ECO_L4T_ESI.002_ESI_20200503T063952_aid0001_32N.tif,data/ESI/ECO_L4T_ESI.002_ESI_20200503T063952_aid0001_32N.tif,ECO_L4T_ESI.002_ESI_20200503T063952_aid0001_32N.tif,2020-05-03 00:00:00,2020,5,morning,100.0,34751.0,True,True,False,1.0,True,32632.0,EPSG:32632,34751.0,34751.0,0.7750807404518127,0.7691841721534729,0.0785605311393737,1.0,0.1942464858293533
raster,esi,ECO_L4T_ESI.002_ESI_20200605T131348_aid0001_32N.tif,data/ESI/ECO_L4T_ESI.002_ESI_20200605T131348_aid0001_32N.tif,ECO_L4T_ESI.002_ESI_20200605T131348_aid0001_32N.tif,2020-06-05 00:00:00,2020,6,midday_afternoon,55.93508100486317,19438.0,True,False,False,1.0,False,32632.0,EPSG:32632,34751.0,34751.0,0.8722996115684509,0.9271717071533204,0.0974995270371437,1.0,0.1609853208065033
raster,esi,ECO_L4T_ESI.002_ESI_20200606T122604_aid0001_32N.tif,data/ESI/ECO_L4T_ESI.002_ESI_20200606T122604_aid0001_32N.tif,ECO_L4T_ESI.002_ESI_20200606T122604_aid0001_32N.tif,2020-06-06 00:00:00,2020,6,midday_afternoon,1.1021265575091364,383.0,True,False,False,1.0,False,32632.0,EPSG:32632,34751.0,34751.0,0.8149641752243042,0.8096238374710083,0.3942962288856506,1.0,0.1086459979414939
raster,esi,ECO_L4T_ESI.002_ESI_20200606T171752_aid0001_32N.tif,data/ESI/ECO_L4T_ESI.002_ESI_20200606T171752_aid0001_32N.tif,ECO_L4T_ESI.002_ESI_20200606T171752_aid0001_32N.tif,2020-06-06 00:00:00,2020,6,evening,11.04140888031999,3837.0,True,False,False,1.0,False,32632.0,EPSG:32632,34751.0,34751.0,0.7992252707481384,0.7926064729690552,0.0716811567544937,1.0,0.1581936925649643
raster,esi,ECO_L4T_ESI.002_ESI_20200608T122708_aid0001_32N.tif,data/ESI/ECO_L4T_ESI.002_ESI_20200608T122708_aid0001_32N.tif,ECO_L4T_ESI.002_ESI_20200608T122708_aid0001_32N.tif,2020-06-08 00:00:00,2020,6,midday_afternoon,3.2574602169721736,1132.0,True,False,False,1.0,False,32632.0,EPSG:32632,34751.0,34751.0,0.8432814478874207,0.8589649796485901,0.5080195069313049,1.0,0.1152190417051315
raster,esi,ECO_L4T_ESI.002_ESI_20200610T105207_aid0001_32N.tif,data/ESI/ECO_L4T_ESI.002_ESI_20200610T105207_aid0001_32N.tif,ECO_L4T_ESI.002_ESI_20200610T105207_aid0001_32N.tif,2020-06-10 00:00:00,2020,6,midday_afternoon,33.76881240827602,11735.0,True,False,False,1.0,False,32632.0,EPSG:32632,34751.0,34751.0,0.8079425096511841,0.8162766098976135,0.1144990921020507,1.0,0.1167308762669563
raster,esi,ECO_L4T_ESI.002_ESI_20200611T145525_aid0001_32N.tif,data/ESI/ECO_L4T_ESI.002_ESI_20200611T145525_aid0001_32N.tif,ECO_L4T_ESI.002_ESI_20200611T145525_aid0001_32N.tif,2020-06-11 00:00:00,2020,6,evening,4.540876521538949,1578.0,True,False,False,1.0,False,32632.0,EPSG:32632,34751.0,34751.0,0.8493281602859497,0.7982907295227051,0.2980773746967315,1.0,0.1145512461662292
raster,esi,ECO_L4T_ESI.002_ESI_20200612T105304_aid0001_32N.tif,data/ESI/ECO_L4T_ESI.002_ESI_20200612T105304_aid0001_32N.tif,ECO_L4T_ESI.002_ESI_20200612T105304_aid0001_32N.tif,2020-06-12 00:00:00,2020,6,midday_afternoon,50.89062185260856,17685.0,True,False,False,1.0,False,32632.0,EPSG:32632,34751.0,34751.0,0.8279452919960022,0.8231024146080017,0.1280112564563751,1.0,0.1200757175683975
raster,esi,ECO_L4T_ESI.002_ESI_20200613T100451_aid0001_32N.tif,data/ESI/ECO_L4T_ESI.002_ESI_20200613T100451_aid0001_32N.tif,ECO_L4T_ESI.002_ESI_20200613T100451_aid0001_32N.tif,2020-06-13 00:00:00,2020,6,midday_afternoon,97.84754395556962,34003.0,True,True,False,1.0,True,32632.0,EPSG:32632,34751.0,34751.0,0.8504716753959656,0.8565483689308167,0.0696335509419441,1.0,0.1305999457836151
raster,esi,ECO_L4T_ESI.002_ESI_20200614T091731_aid0001_32N.tif,data/ESI/ECO_L4T_ESI.002_ESI_20200614T091731_aid0001_32N.tif,ECO_L4T_ESI.002_ESI_20200614T091731_aid0001_32N.tif,2020-06-14 00:00:00,2020,6,midday_afternoon,5.481856637219073,1905.0,True,False,False,1.0,False,32632.0,EPSG:32632,34751.0,34751.0,0.8154510855674744,0.7862986326217651,0.3319159746170044,1.0,0.0784087032079696
raster,esi,ECO_L4T_ESI.002_ESI_20200616T091831_aid0001_32N.tif,data/ESI/ECO_L4T_ESI.002_ESI_20200616T091831_aid0001_32N.tif,ECO_L4T_ESI.002_ESI_20200616T091831_aid0001_32N.tif,2020-06-16 00:00:00,2020,6,midday_afternoon,72.7921498661909,25296.0,True,True,False,1.0,True,32632.0,EPSG:32632,34751.0,34751.0,0.81429523229599,0.7855299115180969,0.2966285943984985,1.0,0.0996097102761268
raster,esi,ECO_L4T_ESI.002_ESI_20200617T083012_aid0001_32N.tif,data/ESI/ECO_L4T_ESI.002_ESI_20200617T083012_aid0001_32N.tif,ECO_L4T_ESI.002_ESI_20200617T083012_aid0001_32N.tif,2020-06-17 00:00:00,2020,6,morning,34.86230612068717,12115.0,True,False,False,1.0,False,32632.0,EPSG:32632,34751.0,34751.0,0.7977558970451355,0.7837311029434204,0.2902221083641052,1.0,0.093931995332241
raster,esi,ECO_L4T_ESI.002_ESI_20200625T052032_aid0001_32N.tif,data/ESI/ECO_L4T_ESI.002_ESI_20200625T052032_aid0001_32N.tif,ECO_L4T_ESI.002_ESI_20200625T052032_aid0001_32N.tif,2020-06-25 00:00:00,2020,6,morning,100.0,34751.0,True,True,False,1.0,True,32632.0,EPSG:32632,34751.0,34751.0,0.8448716998100281,0.8534449338912964,0.0,1.0,0.1640729159116745
raster,esi,ECO_L4T_ESI.002_ESI_20200627T083636_aid0001_32N.tif,data/ESI/ECO_L4T_ESI.002_ESI_20200627T083636_aid0001_32N.tif,ECO_L4T_ESI.002_ESI_20200627T083636_aid0001_32N.tif,2020-06-27 00:00:00,2020,6,morning,100.0,94.0,True,True,True,0.002704958130701275,False,32632.0,EPSG:32632,94.0,34751.0,0.6780482530593872,0.8533942699432373,0.2853768765926361,0.9217609763145448,0.2683199346065521
raster,esi,ECO_L4T_ESI.002_ESI_20200628T043425_aid0001_32N.tif,data/ESI/ECO_L4T_ESI.002_ESI_20200628T043425_aid0001_32N.tif,ECO_L4T_ESI.002_ESI_20200628T043425_aid0001_32N.tif,2020-06-28 00:00:00,2020,6,morning,100.0,34751.0,True,True,False,1.0,True,32632.0,EPSG:32632,34751.0,34751.0,0.5023569464683533,0.8127067685127258,0.0,1.0,0.4084608554840088
raster,esi,ECO_L4T_ESI.002_ESI_20200630T074936_aid0001_32N.tif,data/ESI/ECO_L4T_ESI.002_ESI_20200630T074936_aid0001_32N.tif,ECO_L4T_ESI.002_ESI_20200630T074936_aid0001_32N.tif,2020-06-30 00:00:00,2020,6,morning,100.0,34751.0,True,True,False,1.0,True,32632.0,EPSG:32632,34751.0,34751.0,0.7731043100357056,0.7989169955253601,0.0057149324566125,1.0,0.2261114865541458
raster,esi,ECO_L4T_ESI.002_ESI_20210127T152613_aid0001_32N.tif,data/ESI/ECO_L4T_ESI.002_ESI_20210127T152613_aid0001_32N.tif,ECO_L4T_ESI.002_ESI_20210127T152613_aid0001_32N.tif,2021-01-27 00:00:00,2021,1,evening,20.69580731489741,7192.0,True,False,False,1.0,False,32632.0,EPSG:32632,34751.0,34751.0,0.988715648651123,1.0,0.3432027399539947,1.0,0.0704821273684501
raster,esi,ECO_L4T_ESI.002_ESI_20210129T152744_aid0001_32N.tif,data/ESI/ECO_L4T_ESI.002_ESI_20210129T152744_aid0001_32N.tif,ECO_L4T_ESI.002_ESI_20210129T152744_aid0001_32N.tif,2021-01-29 00:00:00,2021,1,evening,3.539466490172945,1230.0,True,False,False,1.0,False,32632.0,EPSG:32632,34751.0,34751.0,0.1982940733432769,0.0,0.0,1.0,0.3981263339519501
raster,esi,ECO_L4T_ESI.002_ESI_20210131T135337_aid0001_32N.tif,data/ESI/ECO_L4T_ESI.002_ESI_20210131T135337_aid0001_32N.tif,ECO_L4T_ESI.002_ESI_20210131T135337_aid0001_32N.tif,2021-01-31 00:00:00,2021,1,midday_afternoon,100.0,94.0,True,True,True,0.002704958130701275,False,32632.0,EPSG:32632,94.0,34751.0,0.5739450454711914,0.7760444283485413,0.0,0.9906206727027892,0.2747117280960083
raster,esi,ECO_L4T_ESI.002_ESI_20210203T130805_aid0001_32N.tif,data/ESI/ECO_L4T_ESI.002_ESI_20210203T130805_aid0001_32N.tif,ECO_L4T_ESI.002_ESI_20210203T130805_aid0001_32N.tif,2021-02-03 00:00:00,2021,2,midday_afternoon,100.0,34751.0,True,True,False,1.0,True,32632.0,EPSG:32632,34751.0,34751.0,0.6012213230133057,0.9497119784355164,0.0,1.0,0.4775266051292419
raster,esi,ECO_L4T_ESI.002_ESI_20210204T122058_aid0001_32N.tif,data/ESI/ECO_L4T_ESI.002_ESI_20210204T122058_aid0001_32N.tif,ECO_L4T_ESI.002_ESI_20210204T122058_aid0001_32N.tif,2021-02-04 00:00:00,2021,2,midday_afternoon,99.98561192483668,34746.0,True,True,False,1.0,True,32632.0,EPSG:32632,34751.0,34751.0,0.9585766196250916,1.0,0.0568284057080745,1.0,0.114272341132164
raster,esi,ECO_L4T_ESI.002_ESI_20210207T113525_aid0001_32N.tif,data/ESI/ECO_L4T_ESI.002_ESI_20210207T113525_aid0001_32N.tif,ECO_L4T_ESI.002_ESI_20210207T113525_aid0001_32N.tif,2021-02-07 00:00:00,2021,2,midday_afternoon,100.0,94.0,True,True,True,0.002704958130701275,False,32632.0,EPSG:32632,94.0,34751.0,0.8765578866004944,0.9492230415344238,0.6355059742927551,1.0,0.1303343921899795
raster,esi,ECO_L4T_ESI.002_ESI_20210209T145149_aid0001_32N.tif,data/ESI/ECO_L4T_ESI.002_ESI_20210209T145149_aid0001_32N.tif,ECO_L4T_ESI.002_ESI_20210209T145149_aid0001_32N.tif,2021-02-09 00:00:00,2021,2,evening,100.0,34751.0,True,True,False,1.0,True,32632.0,EPSG:32632,34751.0,34751.0,0.3519459664821625,0.0,0.0,1.0,0.4516085982322693
raster,esi,ECO_L4T_ESI.002_ESI_20210211T100242_aid0001_32N.tif,data/ESI/ECO_L4T_ESI.002_ESI_20210211T100242_aid0001_32N.tif,ECO_L4T_ESI.002_ESI_20210211T100242_aid0001_32N.tif,2021-02-11 00:00:00,2021,2,midday_afternoon,100.0,34751.0,True,True,False,1.0,True,32632.0,EPSG:32632,34751.0,34751.0,0.653008222579956,0.9333732724189758,0.0,1.0,0.4409449398517608
raster,esi,ECO_L4T_ESI.002_ESI_20210212T091524_aid0001_32N.tif,data/ESI/ECO_L4T_ESI.002_ESI_20210212T091524_aid0001_32N.tif,ECO_L4T_ESI.002_ESI_20210212T091524_aid0001_32N.tif,2021-02-12 00:00:00,2021,2,midday_afternoon,100.0,34751.0,True,True,False,1.0,True,32632.0,EPSG:32632,34751.0,34751.0,0.4492020905017853,0.4353355765342712,0.0,1.0,0.4552772343158722
raster,esi,ECO_L4T_ESI.002_ESI_20210213T131908_aid0001_32N.tif,data/ESI/ECO_L4T_ESI.002_ESI_20210213T131908_aid0001_32N.tif,ECO_L4T_ESI.002_ESI_20210213T131908_aid0001_32N.tif,2021-02-13 00:00:00,2021,2,midday_afternoon,100.0,34751.0,True,True,False,1.0,True,32632.0,EPSG:32632,34751.0,34751.0,0.5367661118507385,0.7071150541305542,0.0,1.0,0.4572998285293579
raster,esi,ECO_L4T_ESI.002_ESI_20210216T074216_aid0001_32N.tif,data/ESI/ECO_L4T_ESI.002_ESI_20210216T074216_aid0001_32N.tif,ECO_L4T_ESI.002_ESI_20210216T074216_aid0001_32N.tif,2021-02-16 00:00:00,2021,2,morning,100.0,34751.0,True,True,False,1.0,True,32632.0,EPSG:32632,34751.0,34751.0,0.0199928320944309,0.0,0.0,1.0,0.11937166005373
raster,esi,ECO_L4T_ESI.002_ESI_20210216T123350_aid0001_32N.tif,data/ESI/ECO_L4T_ESI.002_ESI_20210216T123350_aid0001_32N.tif,ECO_L4T_ESI.002_ESI_20210216T123350_aid0001_32N.tif,2021-02-16 00:00:00,2021,2,midday_afternoon,100.0,34751.0,True,True,False,1.0,True,32632.0,EPSG:32632,34751.0,34751.0,0.8070447444915771,0.9999999403953552,0.0,1.0,0.352996826171875
raster,esi,ECO_L4T_ESI.002_ESI_20210217T114619_aid0001_32N.tif,data/ESI/ECO_L4T_ESI.002_ESI_20210217T114619_aid0001_32N.tif,ECO_L4T_ESI.002_ESI_20210217T114619_aid0001_32N.tif,2021-02-17 00:00:00,2021,2,midday_afternoon,100.0,34751.0,True,True,False,1.0,True,32632.0,EPSG:32632,34751.0,34751.0,0.6765047907829285,0.9695280194282532,0.0,1.0,0.4194474518299103
raster,esi,ECO_L4T_ESI.002_ESI_20210219T065640_aid0001_32N.tif,data/ESI/ECO_L4T_ESI.002_ESI_20210219T065640_aid0001_32N.tif,ECO_L4T_ESI.002_ESI_20210219T065640_aid0001_32N.tif,2021-02-19 00:00:00,2021,2,morning,98.56982532876752,34254.0,True,True,False,1.0,True,32632.0,EPSG:32632,34751.0,34751.0,0.0387590713798999,0.0,0.0,1.0,0.1590479910373687
raster,esi,ECO_L4T_ESI.002_ESI_20210220T110048_aid0001_32N.tif,data/ESI/ECO_L4T_ESI.002_ESI_20210220T110048_aid0001_32N.tif,ECO_L4T_ESI.002_ESI_20210220T110048_aid0001_32N.tif,2021-02-20 00:00:00,2021,2,midday_afternoon,100.0,34751.0,True,True,False,1.0,True,32632.0,EPSG:32632,34751.0,34751.0,0.6986313462257385,0.996784210205078,0.0,1.0,0.4227068722248077
raster,esi,ECO_L4T_ESI.002_ESI_20210221T101322_aid0001_32N.tif,data/ESI/ECO_L4T_ESI.002_ESI_20210221T101322_aid0001_32N.tif,ECO_L4T_ESI.002_ESI_20210221T101322_aid0001_32N.tif,2021-02-21 00:00:00,2021,2,midday_afternoon,100.0,34751.0,True,True,False,1.0,True,32632.0,EPSG:32632,34751.0,34751.0,0.4760152399539947,0.4218069016933441,0.0,1.0,0.4194315969944
raster,esi,ECO_L4T_ESI.002_ESI_20210224T092756_aid0001_32N.tif,data/ESI/ECO_L4T_ESI.002_ESI_20210224T092756_aid0001_32N.tif,ECO_L4T_ESI.002_ESI_20210224T092756_aid0001_32N.tif,2021-02-24 00:00:00,2021,2,midday_afternoon,100.0,34751.0,True,True,False,1.0,True,32632.0,EPSG:32632,34751.0,34751.0,0.6910425424575806,0.9886106848716736,0.0,1.0,0.4259751737117767
raster,esi,ECO_L4T_ESI.002_ESI_20210225T084024_aid0001_32N.tif,data/ESI/ECO_L4T_ESI.002_ESI_20210225T084024_aid0001_32N.tif,ECO_L4T_ESI.002_ESI_20210225T084024_aid0001_32N.tif,2021-02-25 00:00:00,2021,2,morning,100.0,34751.0,True,True,False,1.0,True,32632.0,EPSG:32632,34751.0,34751.0,0.6134360432624817,0.8414809107780457,0.0,1.0,0.4278183877468109
raster,esi,ECO_L4T_ESI.002_ESI_20210301T070736_aid0001_32N.tif,data/ESI/ECO_L4T_ESI.002_ESI_20210301T070736_aid0001_32N.tif,ECO_L4T_ESI.002_ESI_20210301T070736_aid0001_32N.tif,2021-03-01 00:00:00,2021,3,morning,100.0,34751.0,True,True,False,1.0,True,32632.0,EPSG:32632,34751.0,34751.0,0.2767170071601867,0.0,0.0,1.0,0.4171353578567505
raster,esi,ECO_L4T_ESI.002_ESI_20210304T062204_aid0001_32N.tif,data/ESI/ECO_L4T_ESI.002_ESI_20210304T062204_aid0001_32N.tif,ECO_L4T_ESI.002_ESI_20210304T062204_aid0001_32N.tif,2021-03-04 00:00:00,2021,3,morning,99.6028891254928,34613.0,True,True,False,1.0,True,32632.0,EPSG:32632,34751.0,34751.0,0.6849547624588013,0.9314725399017334,0.0,1.0,0.3989306688308716
raster,esi,ECO_L4T_ESI.002_ESI_20210326T170040_aid0001_32N.tif,data/ESI/ECO_L4T_ESI.002_ESI_20210326T170040_aid0001_32N.tif,ECO_L4T_ESI.002_ESI_20210326T170040_aid0001_32N.tif,2021-03-26 00:00:00,2021,3,evening,87.76438088112573,30499.0,True,True,False,1.0,True,32632.0,EPSG:32632,34751.0,34751.0,0.1992246359586715,0.0,0.0,1.0,0.3898931443691253
raster,esi,ECO_L4T_ESI.002_ESI_20210327T161332_aid0001_32N.tif,data/ESI/ECO_L4T_ESI.002_ESI_20210327T161332_aid0001_32N.tif,ECO_L4T_ESI.002_ESI_20210327T161332_aid0001_32N.tif,2021-03-27 00:00:00,2021,3,evening,99.78130125751775,34675.0,True,True,False,1.0,True,32632.0,EPSG:32632,34751.0,34751.0,0.0149204982444643,0.0,0.0,1.0,0.1209594309329986
raster,esi,ECO_L4T_ESI.002_ESI_20210330T152739_aid0001_32N.tif,data/ESI/ECO_L4T_ESI.002_ESI_20210330T152739_aid0001_32N.tif,ECO_L4T_ESI.002_ESI_20210330T152739_aid0001_32N.tif,2021-03-30 00:00:00,2021,3,evening,100.0,34751.0,True,True,False,1.0,True,32632.0,EPSG:32632,34751.0,34751.0,0.6556007862091064,0.9675182700157166,0.0,1.0,0.4562943279743194
raster,esi,ECO_L4T_ESI.002_ESI_20210403T135515_aid0001_32N.tif,data/ESI/ECO_L4T_ESI.002_ESI_20210403T135515_aid0001_32N.tif,ECO_L4T_ESI.002_ESI_20210403T135515_aid0001_32N.tif,2021-04-03 00:00:00,2021,4,midday_afternoon,99.98561192483668,34746.0,True,True,False,1.0,True,32632.0,EPSG:32632,34751.0,34751.0,0.8196632862091064,0.9999999403953552,0.0,1.0,0.341739296913147
raster,esi,ECO_L4T_ESI.002_ESI_20210404T130806_aid0001_32N.tif,data/ESI/ECO_L4T_ESI.002_ESI_20210404T130806_aid0001_32N.tif,ECO_L4T_ESI.002_ESI_20210404T130806_aid0001_32N.tif,2021-04-04 00:00:00,2021,4,midday_afternoon,100.0,34751.0,True,True,False,1.0,True,32632.0,EPSG:32632,34751.0,34751.0,0.8360243439674377,0.9999999403953552,0.0,1.0,0.2985349893569946
raster,esi,ECO_L4T_ESI.002_ESI_20210407T122251_aid0001_32N.tif,data/ESI/ECO_L4T_ESI.002_ESI_20210407T122251_aid0001_32N.tif,ECO_L4T_ESI.002_ESI_20210407T122251_aid0001_32N.tif,2021-04-07 00:00:00,2021,4,midday_afternoon,80.37466547725245,27931.0,True,True,False,1.0,True,32632.0,EPSG:32632,34751.0,34751.0,0.9264814853668212,1.0,0.0,1.0,0.2041771709918975
raster,esi,ECO_L4T_ESI.002_ESI_20210408T113540_aid0001_32N.tif,data/ESI/ECO_L4T_ESI.002_ESI_20210408T113540_aid0001_32N.tif,ECO_L4T_ESI.002_ESI_20210408T113540_aid0001_32N.tif,2021-04-08 00:00:00,2021,4,midday_afternoon,100.0,34751.0,True,True,False,1.0,True,32632.0,EPSG:32632,34751.0,34751.0,0.7994117140769958,0.9999999403953552,0.0,1.0,0.2972919642925262
raster,esi,ECO_L4T_ESI.002_ESI_20210413T140702_aid0001_32N.tif,data/ESI/ECO_L4T_ESI.002_ESI_20210413T140702_aid0001_32N.tif,ECO_L4T_ESI.002_ESI_20210413T140702_aid0001_32N.tif,2021-04-13 00:00:00,2021,4,evening,86.50398549682023,30061.0,True,True,False,1.0,True,32632.0,EPSG:32632,34751.0,34751.0,0.9338781237602234,0.9999999403953552,0.1326133012771606,1.0,0.1226855292916297
raster,esi,ECO_L4T_ESI.002_ESI_20210415T091739_aid0001_32N.tif,data/ESI/ECO_L4T_ESI.002_ESI_20210415T091739_aid0001_32N.tif,ECO_L4T_ESI.002_ESI_20210415T091739_aid0001_32N.tif,2021-04-15 00:00:00,2021,4,midday_afternoon,97.15979396276366,33764.0,True,True,False,1.0,True,32632.0,EPSG:32632,34751.0,34751.0,0.926992118358612,0.991688907146454,0.0,1.0,0.1261770874261856
raster,esi,ECO_L4T_ESI.002_ESI_20210419T074455_aid0001_32N.tif,data/ESI/ECO_L4T_ESI.002_ESI_20210419T074455_aid0001_32N.tif,ECO_L4T_ESI.002_ESI_20210419T074455_aid0001_32N.tif,2021-04-19 00:00:00,2021,4,morning,95.75264021179248,33275.0,True,True,False,1.0,True,32632.0,EPSG:32632,34751.0,34751.0,0.8953993916511536,0.9615808725357056,0.0,1.0,0.1406736671924591
raster,esi,ECO_L4T_ESI.002_ESI_20210420T065805_aid0001_32N.tif,data/ESI/ECO_L4T_ESI.002_ESI_20210420T065805_aid0001_32N.tif,ECO_L4T_ESI.002_ESI_20210420T065805_aid0001_32N.tif,2021-04-20 00:00:00,2021,4,morning,100.0,34751.0,True,True,False,1.0,True,32632.0,EPSG:32632,34751.0,34751.0,0.8758445978164673,0.984548807144165,0.0,1.0,0.2283419072628021
raster,esi,ECO_L4T_ESI.002_ESI_20210422T101429_aid0001_32N.tif,data/ESI/ECO_L4T_ESI.002_ESI_20210422T101429_aid0001_32N.tif,ECO_L4T_ESI.002_ESI_20210422T101429_aid0001_32N.tif,2021-04-22 00:00:00,2021,4,midday_afternoon,0.5927886967281517,206.0,True,False,False,1.0,False,32632.0,EPSG:32632,34751.0,34751.0,0.850675106048584,0.8934392333030701,0.376456618309021,1.0,0.1516272872686386
raster,esi,ECO_L4T_ESI.002_ESI_20210423T061248_aid0001_32N.tif,data/ESI/ECO_L4T_ESI.002_ESI_20210423T061248_aid0001_32N.tif,ECO_L4T_ESI.002_ESI_20210423T061248_aid0001_32N.tif,2021-04-23 00:00:00,2021,4,morning,100.0,34751.0,True,True,False,1.0,True,32632.0,EPSG:32632,34751.0,34751.0,0.8662830591201782,0.9636088013648988,0.0,1.0,0.1988411247730255
raster,esi,ECO_L4T_ESI.002_ESI_20210424T052525_aid0001_32N.tif,data/ESI/ECO_L4T_ESI.002_ESI_20210424T052525_aid0001_32N.tif,ECO_L4T_ESI.002_ESI_20210424T052525_aid0001_32N.tif,2021-04-24 00:00:00,2021,4,morning,100.0,34751.0,True,True,False,1.0,True,32632.0,EPSG:32632,34751.0,34751.0,0.2611503899097442,0.0,0.0,1.0,0.3767846822738647
raster,esi,ECO_L4T_ESI.002_ESI_20210425T092913_aid0001_32N.tif,data/ESI/ECO_L4T_ESI.002_ESI_20210425T092913_aid0001_32N.tif,ECO_L4T_ESI.002_ESI_20210425T092913_aid0001_32N.tif,2021-04-25 00:00:00,2021,4,midday_afternoon,100.0,94.0,True,True,True,0.002704958130701275,False,32632.0,EPSG:32632,94.0,34751.0,0.782764196395874,0.9500149488449096,0.2967020571231842,1.0,0.2780728936195373
raster,esi,ECO_L4T_ESI.002_ESI_20210426T084149_aid0001_32N.tif,data/ESI/ECO_L4T_ESI.002_ESI_20210426T084149_aid0001_32N.tif,ECO_L4T_ESI.002_ESI_20210426T084149_aid0001_32N.tif,2021-04-26 00:00:00,2021,4,morning,4.230094098011568,1470.0,True,False,False,1.0,False,32632.0,EPSG:32632,34751.0,34751.0,0.877177894115448,0.9393139481544496,0.433799684047699,1.0,0.1518972665071487
raster,esi,ECO_L4T_ESI.002_ESI_20210428T084347_aid0001_32N.tif,data/ESI/ECO_L4T_ESI.002_ESI_20210428T084347_aid0001_32N.tif,ECO_L4T_ESI.002_ESI_20210428T084347_aid0001_32N.tif,2021-04-28 00:00:00,2021,4,morning,99.99136715490202,34748.0,True,True,False,1.0,True,32632.0,EPSG:32632,34751.0,34751.0,0.9129958152770996,0.979920208454132,0.0,1.0,0.1261669844388961
raster,esi,ECO_L4T_ESI.002_ESI_20210429T075625_aid0001_32N.tif,data/ESI/ECO_L4T_ESI.002_ESI_20210429T075625_aid0001_32N.tif,ECO_L4T_ESI.002_ESI_20210429T075625_aid0001_32N.tif,2021-04-29 00:00:00,2021,4,morning,100.0,34751.0,True,True,False,1.0,True,32632.0,EPSG:32632,34751.0,34751.0,0.9347046613693236,0.9784603714942932,0.2309594601392746,1.0,0.0886509492993354
raster,esi,ECO_L4T_ESI.002_ESI_20210430T070859_aid0001_32N.tif,data/ESI/ECO_L4T_ESI.002_ESI_20210430T070859_aid0001_32N.tif,ECO_L4T_ESI.002_ESI_20210430T070859_aid0001_32N.tif,2021-04-30 00:00:00,2021,4,morning,19.061321976346004,6624.0,True,False,False,1.0,False,32632.0,EPSG:32632,34751.0,34751.0,0.8978654146194458,0.974335789680481,0.3851054310798645,1.0,0.1374834179878235
raster,esi,ECO_L4T_ESI.002_ESI_20210502T071054_aid0001_32N.tif,data/ESI/ECO_L4T_ESI.002_ESI_20210502T071054_aid0001_32N.tif,ECO_L4T_ESI.002_ESI_20210502T071054_aid0001_32N.tif,2021-05-02 00:00:00,2021,5,morning,93.81025006474634,32600.0,True,True,False,1.0,True,32632.0,EPSG:32632,34751.0,34751.0,0.6468360424041748,0.8286712169647217,0.0,1.0,0.4110201597213745
raster,esi,ECO_L4T_ESI.002_ESI_20210503T062331_aid0001_32N.tif,data/ESI/ECO_L4T_ESI.002_ESI_20210503T062331_aid0001_32N.tif,ECO_L4T_ESI.002_ESI_20210503T062331_aid0001_32N.tif,2021-05-03 00:00:00,2021,5,morning,99.83309832810566,34693.0,True,True,False,1.0,True,32632.0,EPSG:32632,34751.0,34751.0,0.8377507328987122,0.841926634311676,0.0,1.0,0.1474273800849914
raster,esi,ECO_L4T_ESI.002_ESI_20210504T053602_aid0001_32N.tif,data/ESI/ECO_L4T_ESI.002_ESI_20210504T053602_aid0001_32N.tif,ECO_L4T_ESI.002_ESI_20210504T053602_aid0001_32N.tif,2021-05-04 00:00:00,2021,5,morning,36.1716209605479,12570.0,True,False,False,1.0,False,32632.0,EPSG:32632,34751.0,34751.0,0.4093191027641296,0.5516018867492676,0.0,1.0,0.3876978158950805
raster,esi,ECO_L4T_ESI.002_ESI_20210506T053802_aid0001_32N.tif,data/ESI/ECO_L4T_ESI.002_ESI_20210506T053802_aid0001_32N.tif,ECO_L4T_ESI.002_ESI_20210506T053802_aid0001_32N.tif,2021-05-06 00:00:00,2021,5,morning,25.82083968806653,8973.0,True,False,False,1.0,False,32632.0,EPSG:32632,34751.0,34751.0,0.7083462476730347,0.6574878096580505,0.0838072672486305,1.0,0.1483777463436126
raster,esi,ECO_L4T_ESI.002_ESI_20210507T045046_aid0001_32N.tif,data/ESI/ECO_L4T_ESI.002_ESI_20210507T045046_aid0001_32N.tif,ECO_L4T_ESI.002_ESI_20210507T045046_aid0001_32N.tif,2021-05-07 00:00:00,2021,5,morning,84.75151794192973,29452.0,True,True,False,1.0,True,32632.0,EPSG:32632,34751.0,34751.0,0.7176855802536011,0.9262715578079224,0.0,1.0,0.4055618643760681
raster,esi,ECO_L4T_ESI.002_ESI_20210524T174926_aid0001_32N.tif,data/ESI/ECO_L4T_ESI.002_ESI_20210524T174926_aid0001_32N.tif,ECO_L4T_ESI.002_ESI_20210524T174926_aid0001_32N.tif,2021-05-24 00:00:00,2021,5,evening,59.70475669764899,20748.0,True,False,False,1.0,False,32632.0,EPSG:32632,34751.0,34751.0,0.7254297733306885,0.9269309043884276,0.0,1.0,0.388048380613327
raster,esi,ECO_L4T_ESI.002_ESI_20210525T170232_aid0001_32N.tif,data/ESI/ECO_L4T_ESI.002_ESI_20210525T170232_aid0001_32N.tif,ECO_L4T_ESI.002_ESI_20210525T170232_aid0001_32N.tif,2021-05-25 00:00:00,2021,5,evening,99.96546861960806,34739.0,True,True,False,1.0,True,32632.0,EPSG:32632,34751.0,34751.0,0.7852100729942322,0.8480827808380127,0.0,1.0,0.253297209739685
raster,esi,ECO_L4T_ESI.002_ESI_20210528T161640_aid0001_32N.tif,data/ESI/ECO_L4T_ESI.002_ESI_20210528T161640_aid0001_32N.tif,ECO_L4T_ESI.002_ESI_20210528T161640_aid0001_32N.tif,2021-05-28 00:00:00,2021,5,evening,100.0,34751.0,True,True,False,1.0,True,32632.0,EPSG:32632,34751.0,34751.0,0.9333393573760986,0.9997798204421996,0.0,1.0,0.1591512262821197
raster,esi,ECO_L4T_ESI.002_ESI_20210529T152944_aid0001_32N.tif,data/ESI/ECO_L4T_ESI.002_ESI_20210529T152944_aid0001_32N.tif,ECO_L4T_ESI.002_ESI_20210529T152944_aid0001_32N.tif,2021-05-29 00:00:00,2021,5,evening,69.7648988518316,24244.0,True,False,False,1.0,False,32632.0,EPSG:32632,34751.0,34751.0,0.8775308132171631,0.9937047362327576,0.0,1.0,0.206109806895256
raster,esi,ECO_L4T_ESI.002_ESI_20210601T144356_aid0001_32N.tif,data/ESI/ECO_L4T_ESI.002_ESI_20210601T144356_aid0001_32N.tif,ECO_L4T_ESI.002_ESI_20210601T144356_aid0001_32N.tif,2021-06-01 00:00:00,2021,6,evening,92.53258899024488,32156.0,True,True,False,1.0,True,32632.0,EPSG:32632,34751.0,34751.0,0.9334855675697328,0.9782806634902954,0.0078234188258647,1.0,0.1298206597566604
raster,esi,ECO_L4T_ESI.002_ESI_20210607T162802_aid0001_32N.tif,data/ESI/ECO_L4T_ESI.002_ESI_20210607T162802_aid0001_32N.tif,ECO_L4T_ESI.002_ESI_20210607T162802_aid0001_32N.tif,2021-06-07 00:00:00,2021,6,evening,3.320767747690714,1154.0,True,False,False,1.0,False,32632.0,EPSG:32632,34751.0,34751.0,0.55601567029953,0.890318751335144,0.0,1.0,0.4801700115203857
raster,esi,ECO_L4T_ESI.002_ESI_20210611T145512_aid0001_32N.tif,data/ESI/ECO_L4T_ESI.002_ESI_20210611T145512_aid0001_32N.tif,ECO_L4T_ESI.002_ESI_20210611T145512_aid0001_32N.tif,2021-06-11 00:00:00,2021,6,evening,60.3522200799977,20973.0,True,False,False,1.0,False,32632.0,EPSG:32632,34751.0,34751.0,0.7830517292022705,0.8196132779121399,0.0,1.0,0.2196310013532638
raster,esi,ECO_L4T_ESI.002_ESI_20210612T140746_aid0001_32N.tif,data/ESI/ECO_L4T_ESI.002_ESI_20210612T140746_aid0001_32N.tif,ECO_L4T_ESI.002_ESI_20210612T140746_aid0001_32N.tif,2021-06-12 00:00:00,2021,6,evening,58.92780063883054,20478.0,True,False,False,1.0,False,32632.0,EPSG:32632,34751.0,34751.0,0.8771776556968689,0.8713827133178711,0.019912676885724,1.0,0.134865716099739
raster,esi,ECO_L4T_ESI.002_ESI_20210613T100603_aid0001_32N.tif,data/ESI/ECO_L4T_ESI.002_ESI_20210613T100603_aid0001_32N.tif,ECO_L4T_ESI.002_ESI_20210613T100603_aid0001_32N.tif,2021-06-13 00:00:00,2021,6,midday_afternoon,100.0,94.0,True,True,True,0.002704958130701275,False,32632.0,EPSG:32632,94.0,34751.0,0.6927999258041382,0.9999999403953552,0.0592677593231201,1.0,0.4136205911636352
raster,esi,ECO_L4T_ESI.002_ESI_20210614T091828_aid0001_32N.tif,data/ESI/ECO_L4T_ESI.002_ESI_20210614T091828_aid0001_32N.tif,ECO_L4T_ESI.002_ESI_20210614T091828_aid0001_32N.tif,2021-06-14 00:00:00,2021,6,midday_afternoon,100.0,34751.0,True,True,False,1.0,True,32632.0,EPSG:32632,34751.0,34751.0,0.851639986038208,0.907261312007904,0.0086293583735823,1.0,0.1757023334503173
raster,esi,ECO_L4T_ESI.002_ESI_20210617T083310_aid0001_32N.tif,data/ESI/ECO_L4T_ESI.002_ESI_20210617T083310_aid0001_32N.tif,ECO_L4T_ESI.002_ESI_20210617T083310_aid0001_32N.tif,2021-06-17 00:00:00,2021,6,morning,100.0,34751.0,True,True,False,1.0,True,32632.0,EPSG:32632,34751.0,34751.0,0.8034395575523376,0.8952450752258301,0.0490038953721523,1.0,0.2519744038581848
raster,esi,ECO_L4T_ESI.002_ESI_20210621T065931_aid0001_32N.tif,data/ESI/ECO_L4T_ESI.002_ESI_20210621T065931_aid0001_32N.tif,ECO_L4T_ESI.002_ESI_20210621T065931_aid0001_32N.tif,2021-06-21 00:00:00,2021,6,morning,99.74101464706052,34661.0,True,True,False,1.0,True,32632.0,EPSG:32632,34751.0,34751.0,0.8596948981285095,0.9229722023010254,0.0245231445878744,1.0,0.1599184721708297
raster,esi,ECO_L4T_ESI.002_ESI_20210622T061157_aid0001_32N.tif,data/ESI/ECO_L4T_ESI.002_ESI_20210622T061157_aid0001_32N.tif,ECO_L4T_ESI.002_ESI_20210622T061157_aid0001_32N.tif,2021-06-22 00:00:00,2021,6,morning,30.997669131823542,10772.0,True,False,False,1.0,False,32632.0,EPSG:32632,34751.0,34751.0,0.7816015481948853,0.7890685796737671,0.217311218380928,1.0,0.1610334664583206
raster,esi,ECO_L4T_ESI.002_ESI_20210622T061248_aid0001_32N.tif,data/ESI/ECO_L4T_ESI.002_ESI_20210622T061248_aid0001_32N.tif,ECO_L4T_ESI.002_ESI_20210622T061248_aid0001_32N.tif,2021-06-22 00:00:00,2021,6,morning,78.30566026876924,27212.0,True,True,False,1.0,True,32632.0,EPSG:32632,34751.0,34751.0,0.7260643839836121,0.8357610702514648,0.0553563833236694,1.0,0.2616622149944305
raster,esi,ECO_L4T_ESI.002_ESI_20210624T092854_aid0001_32N.tif,data/ESI/ECO_L4T_ESI.002_ESI_20210624T092854_aid0001_32N.tif,ECO_L4T_ESI.002_ESI_20210624T092854_aid0001_32N.tif,2021-06-24 00:00:00,2021,6,midday_afternoon,88.82622082817761,30868.0,True,True,False,1.0,True,32632.0,EPSG:32632,34751.0,34751.0,0.8380237817764282,0.8747296333312988,0.0623853206634521,1.0,0.1758383810520172
raster,esi,ECO_L4T_ESI.002_ESI_20210625T052649_aid0001_32N.tif,data/ESI/ECO_L4T_ESI.002_ESI_20210625T052649_aid0001_32N.tif,ECO_L4T_ESI.002_ESI_20210625T052649_aid0001_32N.tif,2021-06-25 00:00:00,2021,6,morning,100.0,34751.0,True,True,False,1.0,True,32632.0,EPSG:32632,34751.0,34751.0,0.8376908898353577,0.8343072533607483,0.0,1.0,0.1900307685136795
raster,esi,ECO_L4T_ESI.002_ESI_20210626T044020_aid0001_32N.tif,data/ESI/ECO_L4T_ESI.002_ESI_20210626T044020_aid0001_32N.tif,ECO_L4T_ESI.002_ESI_20210626T044020_aid0001_32N.tif,2021-06-26 00:00:00,2021,6,morning,100.0,34751.0,True,True,False,1.0,True,32632.0,EPSG:32632,34751.0,34751.0,0.8934134840965271,0.9875750541687012,0.0,1.0,0.2412893325090408
raster,esi,ECO_L4T_ESI.002_ESI_20210628T075704_aid0001_32N.tif,data/ESI/ECO_L4T_ESI.002_ESI_20210628T075704_aid0001_32N.tif,ECO_L4T_ESI.002_ESI_20210628T075704_aid0001_32N.tif,2021-06-28 00:00:00,2021,6,morning,96.23032430721418,33441.0,True,True,False,1.0,True,32632.0,EPSG:32632,34751.0,34751.0,0.8045844435691833,0.8493307828903198,0.0228707659989595,1.0,0.1784145832061767
raster,esi,ECO_L4T_ESI.002_ESI_20220130T140617_aid0001_32N.tif,data/ESI/ECO_L4T_ESI.002_ESI_20220130T140617_aid0001_32N.tif,ECO_L4T_ESI.002_ESI_20220130T140617_aid0001_32N.tif,2022-01-30 00:00:00,2022,1,evening,100.0,34751.0,True,True,False,1.0,True,32632.0,EPSG:32632,34751.0,34751.0,0.3949910998344421,0.0,0.0,1.0,0.4591661691665649
raster,esi,ECO_L4T_ESI.002_ESI_20220130T140709_aid0001_32N.tif,data/ESI/ECO_L4T_ESI.002_ESI_20220130T140709_aid0001_32N.tif,ECO_L4T_ESI.002_ESI_20220130T140709_aid0001_32N.tif,2022-01-30 00:00:00,2022,1,evening,0.8373859745043307,291.0,True,False,False,1.0,False,32632.0,EPSG:32632,34751.0,34751.0,0.4195774793624878,0.6027545928955078,0.0,1.0,0.3958138823509216
raster,esi,ECO_L4T_ESI.002_ESI_20220202T131925_aid0001_32N.tif,data/ESI/ECO_L4T_ESI.002_ESI_20220202T131925_aid0001_32N.tif,ECO_L4T_ESI.002_ESI_20220202T131925_aid0001_32N.tif,2022-02-02 00:00:00,2022,2,midday_afternoon,84.38030560271646,29323.0,True,True,False,1.0,True,32632.0,EPSG:32632,34751.0,34751.0,0.7803824543952942,0.9588444828987122,0.0,1.0,0.3330924212932586
raster,esi,ECO_L4T_ESI.002_ESI_20220203T123044_aid0001_32N.tif,data/ESI/ECO_L4T_ESI.002_ESI_20220203T123044_aid0001_32N.tif,ECO_L4T_ESI.002_ESI_20220203T123044_aid0001_32N.tif,2022-02-03 00:00:00,2022,2,midday_afternoon,88.44925325889903,30737.0,True,True,False,1.0,True,32632.0,EPSG:32632,34751.0,34751.0,0.8668127059936523,0.995525062084198,0.0,1.0,0.2509821653366089
raster,esi,ECO_L4T_ESI.002_ESI_20220207T105502_aid0001_32N.tif,data/ESI/ECO_L4T_ESI.002_ESI_20220207T105502_aid0001_32N.tif,ECO_L4T_ESI.002_ESI_20220207T105502_aid0001_32N.tif,2022-02-07 00:00:00,2022,2,midday_afternoon,100.0,94.0,True,True,True,0.002704958130701275,False,32632.0,EPSG:32632,94.0,34751.0,0.7090891599655151,0.9999999403953552,0.0,1.0,0.3980967998504638
raster,esi,ECO_L4T_ESI.002_ESI_20220207T154611_aid0001_32N.tif,data/ESI/ECO_L4T_ESI.002_ESI_20220207T154611_aid0001_32N.tif,ECO_L4T_ESI.002_ESI_20220207T154611_aid0001_32N.tif,2022-02-07 00:00:00,2022,2,evening,98.93528243791545,34381.0,True,True,False,1.0,True,32632.0,EPSG:32632,34751.0,34751.0,0.001192519092001,0.0,0.0,1.0,0.034512273967266
raster,esi,ECO_L4T_ESI.002_ESI_20220208T145807_aid0001_32N.tif,data/ESI/ECO_L4T_ESI.002_ESI_20220208T145807_aid0001_32N.tif,ECO_L4T_ESI.002_ESI_20220208T145807_aid0001_32N.tif,2022-02-08 00:00:00,2022,2,evening,98.59572386406148,34263.0,True,True,False,1.0,True,32632.0,EPSG:32632,34751.0,34751.0,0.2008237838745117,0.0,0.0,1.0,0.3918108940124511
raster,esi,ECO_L4T_ESI.002_ESI_20220210T100733_aid0001_32N.tif,data/ESI/ECO_L4T_ESI.002_ESI_20220210T100733_aid0001_32N.tif,ECO_L4T_ESI.002_ESI_20220210T100733_aid0001_32N.tif,2022-02-10 00:00:00,2022,2,midday_afternoon,100.0,34751.0,True,True,False,1.0,True,32632.0,EPSG:32632,34751.0,34751.0,0.6607485413551331,0.9622093439102172,0.0,1.0,0.4293178617954254
raster,esi,ECO_L4T_ESI.002_ESI_20220211T091942_aid0001_32N.tif,data/ESI/ECO_L4T_ESI.002_ESI_20220211T091942_aid0001_32N.tif,ECO_L4T_ESI.002_ESI_20220211T091942_aid0001_32N.tif,2022-02-11 00:00:00,2022,2,midday_afternoon,100.0,94.0,True,True,True,0.002704958130701275,False,32632.0,EPSG:32632,94.0,34751.0,0.5310061573982239,0.3695273995399475,0.0,1.0,0.4391456246376037
raster,esi,ECO_L4T_ESI.002_ESI_20220211T141020_aid0001_32N.tif,data/ESI/ECO_L4T_ESI.002_ESI_20220211T141020_aid0001_32N.tif,ECO_L4T_ESI.002_ESI_20220211T141020_aid0001_32N.tif,2022-02-11 00:00:00,2022,2,evening,100.0,34751.0,True,True,False,1.0,True,32632.0,EPSG:32632,34751.0,34751.0,0.5089154839515686,0.6593111753463745,0.0,1.0,0.4523522853851318
raster,esi,ECO_L4T_ESI.002_ESI_20220212T132215_aid0001_32N.tif,data/ESI/ECO_L4T_ESI.002_ESI_20220212T132215_aid0001_32N.tif,ECO_L4T_ESI.002_ESI_20220212T132215_aid0001_32N.tif,2022-02-12 00:00:00,2022,2,midday_afternoon,100.0,34751.0,True,True,False,1.0,True,32632.0,EPSG:32632,34751.0,34751.0,0.6302992105484009,0.8628333806991577,0.0,1.0,0.4240562319755554
raster,esi,ECO_L4T_ESI.002_ESI_20220215T074357_aid0001_32N.tif,data/ESI/ECO_L4T_ESI.002_ESI_20220215T074357_aid0001_32N.tif,ECO_L4T_ESI.002_ESI_20220215T074357_aid0001_32N.tif,2022-02-15 00:00:00,2022,2,morning,84.4666340536963,29353.0,True,True,False,1.0,True,32632.0,EPSG:32632,34751.0,34751.0,0.890623152256012,0.9952662587165833,0.4836240112781524,1.0,0.140976533293724
raster,esi,ECO_L4T_ESI.002_ESI_20220216T114626_aid0001_32N.tif,data/ESI/ECO_L4T_ESI.002_ESI_20220216T114626_aid0001_32N.tif,ECO_L4T_ESI.002_ESI_20220216T114626_aid0001_32N.tif,2022-02-16 00:00:00,2022,2,midday_afternoon,98.6964403902046,34298.0,True,True,False,1.0,True,32632.0,EPSG:32632,34751.0,34751.0,0.3364909887313843,0.0,0.0,1.0,0.4431175887584686
raster,esi,ECO_L4T_ESI.002_ESI_20220218T065543_aid0001_32N.tif,data/ESI/ECO_L4T_ESI.002_ESI_20220218T065543_aid0001_32N.tif,ECO_L4T_ESI.002_ESI_20220218T065543_aid0001_32N.tif,2022-02-18 00:00:00,2022,2,morning,100.0,34751.0,True,True,False,1.0,True,32632.0,EPSG:32632,34751.0,34751.0,0.0814971104264259,0.0,0.0,1.0,0.2455306500196457
raster,esi,ECO_L4T_ESI.002_ESI_20220219T105827_aid0001_32N.tif,data/ESI/ECO_L4T_ESI.002_ESI_20220219T105827_aid0001_32N.tif,ECO_L4T_ESI.002_ESI_20220219T105827_aid0001_32N.tif,2022-02-19 00:00:00,2022,2,midday_afternoon,95.58286092486549,33216.0,True,True,False,1.0,True,32632.0,EPSG:32632,34751.0,34751.0,0.8748742341995239,0.9999999403953552,0.0,1.0,0.2548953294754028
raster,esi,ECO_L4T_ESI.002_ESI_20220220T101015_aid0001_32N.tif,data/ESI/ECO_L4T_ESI.002_ESI_20220220T101015_aid0001_32N.tif,ECO_L4T_ESI.002_ESI_20220220T101015_aid0001_32N.tif,2022-02-20 00:00:00,2022,2,midday_afternoon,100.0,34751.0,True,True,False,1.0,True,32632.0,EPSG:32632,34751.0,34751.0,0.5893785357475281,0.8833618760108948,0.0,1.0,0.4599522650241852
raster,esi,ECO_L4T_ESI.002_ESI_20220227T074600_aid0001_32N.tif,data/ESI/ECO_L4T_ESI.002_ESI_20220227T074600_aid0001_32N.tif,ECO_L4T_ESI.002_ESI_20220227T074600_aid0001_32N.tif,2022-02-27 00:00:00,2022,2,morning,100.0,34751.0,True,True,False,1.0,True,32632.0,EPSG:32632,34751.0,34751.0,0.4220031797885895,0.2117191106081009,0.0,1.0,0.4454884231090545
raster,esi,ECO_L4T_ESI.002_ESI_20220325T163843_aid0001_32N.tif,data/ESI/ECO_L4T_ESI.002_ESI_20220325T163843_aid0001_32N.tif,ECO_L4T_ESI.002_ESI_20220325T163843_aid0001_32N.tif,2022-03-25 00:00:00,2022,3,evening,99.39282322810854,34540.0,True,True,False,1.0,True,32632.0,EPSG:32632,34751.0,34751.0,0.2361293882131576,0.0,0.0,1.0,0.4054997861385345
raster,esi,ECO_L4T_ESI.002_ESI_20220329T150307_aid0001_32N.tif,data/ESI/ECO_L4T_ESI.002_ESI_20220329T150307_aid0001_32N.tif,ECO_L4T_ESI.002_ESI_20220329T150307_aid0001_32N.tif,2022-03-29 00:00:00,2022,3,evening,82.85516963540618,28793.0,True,True,False,1.0,True,32632.0,EPSG:32632,34751.0,34751.0,0.8345341086387634,0.9999999403953552,0.0,1.0,0.3122429847717285
raster,esi,ECO_L4T_ESI.002_ESI_20220402T132741_aid0001_32N.tif,data/ESI/ECO_L4T_ESI.002_ESI_20220402T132741_aid0001_32N.tif,ECO_L4T_ESI.002_ESI_20220402T132741_aid0001_32N.tif,2022-04-02 00:00:00,2022,4,midday_afternoon,84.28246669160599,29289.0,True,True,False,1.0,True,32632.0,EPSG:32632,34751.0,34751.0,0.6988890171051025,0.988496959209442,0.0,1.0,0.410381942987442
raster,esi,ECO_L4T_ESI.002_ESI_20220405T123921_aid0001_32N.tif,data/ESI/ECO_L4T_ESI.002_ESI_20220405T123921_aid0001_32N.tif,ECO_L4T_ESI.002_ESI_20220405T123921_aid0001_32N.tif,2022-04-05 00:00:00,2022,4,midday_afternoon,85.93997295041869,29865.0,True,True,False,1.0,True,32632.0,EPSG:32632,34751.0,34751.0,0.8163973093032837,0.9999999403953552,0.0,1.0,0.3369370996952057
raster,esi,ECO_L4T_ESI.002_ESI_20220406T115137_aid0001_32N.tif,data/ESI/ECO_L4T_ESI.002_ESI_20220406T115137_aid0001_32N.tif,ECO_L4T_ESI.002_ESI_20220406T115137_aid0001_32N.tif,2022-04-06 00:00:00,2022,4,midday_afternoon,97.41302408563784,33852.0,True,True,False,1.0,True,32632.0,EPSG:32632,34751.0,34751.0,0.8388891220092773,0.9999999403953552,0.0,1.0,0.2878651320934295
raster,esi,ECO_L4T_ESI.002_ESI_20220406T164256_aid0001_32N.tif,data/ESI/ECO_L4T_ESI.002_ESI_20220406T164256_aid0001_32N.tif,ECO_L4T_ESI.002_ESI_20220406T164256_aid0001_32N.tif,2022-04-06 00:00:00,2022,4,evening,100.0,94.0,True,True,True,0.002704958130701275,False,32632.0,EPSG:32632,94.0,34751.0,0.8121389746665955,0.8472654819488525,0.4431241154670715,1.0,0.174504205584526
raster,esi,ECO_L4T_ESI.002_ESI_20220410T150558_aid0001_32N.tif,data/ESI/ECO_L4T_ESI.002_ESI_20220410T150558_aid0001_32N.tif,ECO_L4T_ESI.002_ESI_20220410T150558_aid0001_32N.tif,2022-04-10 00:00:00,2022,4,evening,100.0,34751.0,True,True,False,1.0,True,32632.0,EPSG:32632,34751.0,34751.0,0.8872559070587158,0.9999999403953552,0.0,1.0,0.1941806674003601
raster,esi,ECO_L4T_ESI.002_ESI_20220411T141714_aid0001_32N.tif,data/ESI/ECO_L4T_ESI.002_ESI_20220411T141714_aid0001_32N.tif,ECO_L4T_ESI.002_ESI_20220411T141714_aid0001_32N.tif,2022-04-11 00:00:00,2022,4,evening,99.95395815947742,34735.0,True,True,False,1.0,True,32632.0,EPSG:32632,34751.0,34751.0,0.8923512101173401,0.9999999403953552,0.0,1.0,0.1813188940286636
raster,esi,ECO_L4T_ESI.002_ESI_20220412T101425_aid0001_32N.tif,data/ESI/ECO_L4T_ESI.002_ESI_20220412T101425_aid0001_32N.tif,ECO_L4T_ESI.002_ESI_20220412T101425_aid0001_32N.tif,2022-04-12 00:00:00,2022,4,midday_afternoon,25.48128111421254,8855.0,True,False,False,1.0,False,32632.0,EPSG:32632,34751.0,34751.0,0.8660576939582825,1.0,0.0,1.0,0.3235977590084076
raster,esi,ECO_L4T_ESI.002_ESI_20220412T101517_aid0001_32N.tif,data/ESI/ECO_L4T_ESI.002_ESI_20220412T101517_aid0001_32N.tif,ECO_L4T_ESI.002_ESI_20220412T101517_aid0001_32N.tif,2022-04-12 00:00:00,2022,4,midday_afternoon,86.285286754338,29985.0,True,True,False,1.0,True,32632.0,EPSG:32632,34751.0,34751.0,0.85655277967453,0.9949024319648744,0.0,1.0,0.2601375877857208
raster,esi,ECO_L4T_ESI.002_ESI_20220413T092607_aid0001_32N.tif,data/ESI/ECO_L4T_ESI.002_ESI_20220413T092607_aid0001_32N.tif,ECO_L4T_ESI.002_ESI_20220413T092607_aid0001_32N.tif,2022-04-13 00:00:00,2022,4,midday_afternoon,100.0,34751.0,True,True,False,1.0,True,32632.0,EPSG:32632,34751.0,34751.0,0.8688700795173645,0.9999999403953552,0.0,1.0,0.2410128861665725
raster,esi,ECO_L4T_ESI.002_ESI_20220414T132903_aid0001_32N.tif,data/ESI/ECO_L4T_ESI.002_ESI_20220414T132903_aid0001_32N.tif,ECO_L4T_ESI.002_ESI_20220414T132903_aid0001_32N.tif,2022-04-14 00:00:00,2022,4,midday_afternoon,100.0,34751.0,True,True,False,1.0,True,32632.0,EPSG:32632,34751.0,34751.0,0.9144267439842224,0.9999999403953552,0.0,1.0,0.2331417351961136
raster,esi,ECO_L4T_ESI.002_ESI_20220417T124039_aid0001_32N.tif,data/ESI/ECO_L4T_ESI.002_ESI_20220417T124039_aid0001_32N.tif,ECO_L4T_ESI.002_ESI_20220417T124039_aid0001_32N.tif,2022-04-17 00:00:00,2022,4,midday_afternoon,99.95108054444476,34734.0,True,True,False,1.0,True,32632.0,EPSG:32632,34751.0,34751.0,0.8321607112884521,0.997028350830078,0.0,1.0,0.2760749757289886
raster,esi,ECO_L4T_ESI.002_ESI_20220418T115201_aid0001_32N.tif,data/ESI/ECO_L4T_ESI.002_ESI_20220418T115201_aid0001_32N.tif,ECO_L4T_ESI.002_ESI_20220418T115201_aid0001_32N.tif,2022-04-18 00:00:00,2022,4,midday_afternoon,100.0,34751.0,True,True,False,1.0,True,32632.0,EPSG:32632,34751.0,34751.0,0.8193127512931824,0.986728012561798,0.0,1.0,0.2809669077396393
raster,esi,ECO_L4T_ESI.002_ESI_20220419T110355_aid0001_32N.tif,data/ESI/ECO_L4T_ESI.002_ESI_20220419T110355_aid0001_32N.tif,ECO_L4T_ESI.002_ESI_20220419T110355_aid0001_32N.tif,2022-04-19 00:00:00,2022,4,midday_afternoon,4.753820033955857,1652.0,True,False,False,1.0,False,32632.0,EPSG:32632,34751.0,34751.0,0.9024205803871156,0.9515140056610109,0.0236785113811492,1.0,0.1576880663633346
raster,esi,ECO_L4T_ESI.002_ESI_20220420T070055_aid0001_32N.tif,data/ESI/ECO_L4T_ESI.002_ESI_20220420T070055_aid0001_32N.tif,ECO_L4T_ESI.002_ESI_20220420T070055_aid0001_32N.tif,2022-04-20 00:00:00,2022,4,morning,100.0,34751.0,True,True,False,1.0,True,32632.0,EPSG:32632,34751.0,34751.0,0.8960859775543213,0.9876354932785034,0.0,1.0,0.1994449943304062
raster,esi,ECO_L4T_ESI.002_ESI_20220421T061146_aid0001_32N.tif,data/ESI/ECO_L4T_ESI.002_ESI_20220421T061146_aid0001_32N.tif,ECO_L4T_ESI.002_ESI_20220421T061146_aid0001_32N.tif,2022-04-21 00:00:00,2022,4,morning,100.0,34751.0,True,True,False,1.0,True,32632.0,EPSG:32632,34751.0,34751.0,0.8581269979476929,0.9716272354125975,0.0,1.0,0.24618561565876
raster,esi,ECO_L4T_ESI.002_ESI_20220422T101457_aid0001_32N.tif,data/ESI/ECO_L4T_ESI.002_ESI_20220422T101457_aid0001_32N.tif,ECO_L4T_ESI.002_ESI_20220422T101457_aid0001_32N.tif,2022-04-22 00:00:00,2022,4,midday_afternoon,2.6272625248194297,913.0,True,False,False,1.0,False,32632.0,EPSG:32632,34751.0,34751.0,0.9926688075065612,1.0,0.8723411560058594,1.0,0.021170737221837
raster,esi,ECO_L4T_ESI.002_ESI_20220424T052320_aid0001_32N.tif,data/ESI/ECO_L4T_ESI.002_ESI_20220424T052320_aid0001_32N.tif,ECO_L4T_ESI.002_ESI_20220424T052320_aid0001_32N.tif,2022-04-24 00:00:00,2022,4,morning,100.0,34751.0,True,True,False,1.0,True,32632.0,EPSG:32632,34751.0,34751.0,0.4992958307266235,0.5818272829055786,0.0,1.0,0.4108067750930786
raster,esi,ECO_L4T_ESI.002_ESI_20220425T092624_aid0001_32N.tif,data/ESI/ECO_L4T_ESI.002_ESI_20220425T092624_aid0001_32N.tif,ECO_L4T_ESI.002_ESI_20220425T092624_aid0001_32N.tif,2022-04-25 00:00:00,2022,4,midday_afternoon,100.0,34751.0,True,True,False,1.0,True,32632.0,EPSG:32632,34751.0,34751.0,0.7439530491828918,0.921903133392334,0.0,1.0,0.3562989234924316
raster,esi,ECO_L4T_ESI.002_ESI_20220426T083838_aid0001_32N.tif,data/ESI/ECO_L4T_ESI.002_ESI_20220426T083838_aid0001_32N.tif,ECO_L4T_ESI.002_ESI_20220426T083838_aid0001_32N.tif,2022-04-26 00:00:00,2022,4,morning,90.82328566084428,31562.0,True,True,False,1.0,True,32632.0,EPSG:32632,34751.0,34751.0,0.8618237972259521,0.989867091178894,0.0,1.0,0.2227363288402557
raster,esi,ECO_L4T_ESI.002_ESI_20220429T075044_aid0001_32N.tif,data/ESI/ECO_L4T_ESI.002_ESI_20220429T075044_aid0001_32N.tif,ECO_L4T_ESI.002_ESI_20220429T075044_aid0001_32N.tif,2022-04-29 00:00:00,2022,4,morning,100.0,34751.0,True,True,False,1.0,True,32632.0,EPSG:32632,34751.0,34751.0,0.8997534513473511,0.9817584156990052,0.0,1.0,0.2065684348344802
raster,esi,ECO_L4T_ESI.002_ESI_20220430T070234_aid0001_32N.tif,data/ESI/ECO_L4T_ESI.002_ESI_20220430T070234_aid0001_32N.tif,ECO_L4T_ESI.002_ESI_20220430T070234_aid0001_32N.tif,2022-04-30 00:00:00,2022,4,morning,95.37855025754656,33145.0,True,True,False,1.0,True,32632.0,EPSG:32632,34751.0,34751.0,0.8358377814292908,0.9851781129837036,0.0,1.0,0.323393702507019
raster,esi,ECO_L4T_ESI.002_ESI_20220503T061442_aid0001_32N.tif,data/ESI/ECO_L4T_ESI.002_ESI_20220503T061442_aid0001_32N.tif,ECO_L4T_ESI.002_ESI_20220503T061442_aid0001_32N.tif,2022-05-03 00:00:00,2022,5,morning,100.0,34751.0,True,True,False,1.0,True,32632.0,EPSG:32632,34751.0,34751.0,0.5922704935073853,0.7750974893569946,0.0,1.0,0.4243074059486389
raster,esi,ECO_L4T_ESI.002_ESI_20220525T163559_aid0001_32N.tif,data/ESI/ECO_L4T_ESI.002_ESI_20220525T163559_aid0001_32N.tif,ECO_L4T_ESI.002_ESI_20220525T163559_aid0001_32N.tif,2022-05-25 00:00:00,2022,5,evening,85.3212857183966,29650.0,True,True,False,1.0,True,32632.0,EPSG:32632,34751.0,34751.0,0.7811058759689331,0.9359630346298218,0.0,1.0,0.2981229722499847
raster,esi,ECO_L4T_ESI.002_ESI_20220528T154844_aid0001_32N.tif,data/ESI/ECO_L4T_ESI.002_ESI_20220528T154844_aid0001_32N.tif,ECO_L4T_ESI.002_ESI_20220528T154844_aid0001_32N.tif,2022-05-28 00:00:00,2022,5,evening,42.908117752007136,14911.0,True,False,False,1.0,False,32632.0,EPSG:32632,34751.0,34751.0,0.8270902037620544,0.9400482773780824,0.0,1.0,0.2544032037258148
raster,esi,ECO_L4T_ESI.002_ESI_20220529T150000_aid0001_32N.tif,data/ESI/ECO_L4T_ESI.002_ESI_20220529T150000_aid0001_32N.tif,ECO_L4T_ESI.002_ESI_20220529T150000_aid0001_32N.tif,2022-05-29 00:00:00,2022,5,evening,28.804926476935915,10010.0,True,False,False,1.0,False,32632.0,EPSG:32632,34751.0,34751.0,0.8736745715141296,0.9874407052993774,0.0,1.0,0.2073857188224792
raster,esi,ECO_L4T_ESI.002_ESI_20220529T150052_aid0001_32N.tif,data/ESI/ECO_L4T_ESI.002_ESI_20220529T150052_aid0001_32N.tif,ECO_L4T_ESI.002_ESI_20220529T150052_aid0001_32N.tif,2022-05-29 00:00:00,2022,5,evening,63.88017611004,22199.0,True,False,False,1.0,False,32632.0,EPSG:32632,34751.0,34751.0,0.7068677544593811,0.7746603488922119,0.0,1.0,0.2733675539493561
raster,esi,ECO_L4T_ESI.002_ESI_20220601T141211_aid0001_32N.tif,data/ESI/ECO_L4T_ESI.002_ESI_20220601T141211_aid0001_32N.tif,ECO_L4T_ESI.002_ESI_20220601T141211_aid0001_32N.tif,2022-06-01 00:00:00,2022,6,evening,0.1841673620902995,64.0,True,False,False,1.0,False,32632.0,EPSG:32632,34751.0,34751.0,0.9257699251174928,0.9030184149742126,0.804405689239502,0.9979430437088012,0.0496579334139823
raster,esi,ECO_L4T_ESI.002_ESI_20220601T141303_aid0001_32N.tif,data/ESI/ECO_L4T_ESI.002_ESI_20220601T141303_aid0001_32N.tif,ECO_L4T_ESI.002_ESI_20220601T141303_aid0001_32N.tif,2022-06-01 00:00:00,2022,6,evening,2.140945584299732,744.0,True,False,False,1.0,False,32632.0,EPSG:32632,34751.0,34751.0,0.7462102174758911,0.8845402002334595,0.0616602189838886,1.0,0.2769612669944763
raster,esi,ECO_L4T_ESI.002_ESI_20220605T123628_aid0001_32N.tif,data/ESI/ECO_L4T_ESI.002_ESI_20220605T123628_aid0001_32N.tif,ECO_L4T_ESI.002_ESI_20220605T123628_aid0001_32N.tif,2022-06-05 00:00:00,2022,6,midday_afternoon,60.09323472705821,20883.0,True,False,False,1.0,False,32632.0,EPSG:32632,34751.0,34751.0,0.745109498500824,0.8370292782783508,0.0008463179110549,1.0,0.2532053887844085
raster,esi,ECO_L4T_ESI.002_ESI_20220606T114746_aid0001_32N.tif,data/ESI/ECO_L4T_ESI.002_ESI_20220606T114746_aid0001_32N.tif,ECO_L4T_ESI.002_ESI_20220606T114746_aid0001_32N.tif,2022-06-06 00:00:00,2022,6,midday_afternoon,53.16106011337804,18474.0,True,False,False,1.0,False,32632.0,EPSG:32632,34751.0,34751.0,0.7579215168952942,0.8517560958862305,0.013587187975645,1.0,0.2530104219913482
raster,esi,ECO_L4T_ESI.002_ESI_20220606T114838_aid0001_32N.tif,data/ESI/ECO_L4T_ESI.002_ESI_20220606T114838_aid0001_32N.tif,ECO_L4T_ESI.002_ESI_20220606T114838_aid0001_32N.tif,2022-06-06 00:00:00,2022,6,midday_afternoon,49.20433944346925,17099.0,True,False,False,1.0,False,32632.0,EPSG:32632,34751.0,34751.0,0.8193458318710327,0.8973881006240845,0.0457168966531753,1.0,0.2127707749605178
raster,esi,ECO_L4T_ESI.002_ESI_20220607T155034_aid0001_32N.tif,data/ESI/ECO_L4T_ESI.002_ESI_20220607T155034_aid0001_32N.tif,ECO_L4T_ESI.002_ESI_20220607T155034_aid0001_32N.tif,2022-06-07 00:00:00,2022,6,evening,0.8575292797329573,298.0,True,False,False,1.0,False,32632.0,EPSG:32632,34751.0,34751.0,0.8156211376190186,0.8461968302726746,0.4662072658538818,0.9999999403953552,0.1339275240898132
raster,esi,ECO_L4T_ESI.002_ESI_20220607T155126_aid0001_32N.tif,data/ESI/ECO_L4T_ESI.002_ESI_20220607T155126_aid0001_32N.tif,ECO_L4T_ESI.002_ESI_20220607T155126_aid0001_32N.tif,2022-06-07 00:00:00,2022,6,evening,25.59063048545366,8893.0,True,False,False,1.0,False,32632.0,EPSG:32632,34751.0,34751.0,0.8172484040260315,0.7919787764549255,0.2830706238746643,1.0,0.1066752448678016
raster,esi,ECO_L4T_ESI.002_ESI_20220610T101130_aid0001_32N.tif,data/ESI/ECO_L4T_ESI.002_ESI_20220610T101130_aid0001_32N.tif,ECO_L4T_ESI.002_ESI_20220610T101130_aid0001_32N.tif,2022-06-10 00:00:00,2022,6,midday_afternoon,95.03899168369256,33027.0,True,True,False,1.0,True,32632.0,EPSG:32632,34751.0,34751.0,0.8572195768356323,0.8215512633323669,0.2611672282218933,1.0,0.1087981611490249
raster,esi,ECO_L4T_ESI.002_ESI_20220610T150254_aid0001_32N.tif,data/ESI/ECO_L4T_ESI.002_ESI_20220610T150254_aid0001_32N.tif,ECO_L4T_ESI.002_ESI_20220610T150254_aid0001_32N.tif,2022-06-10 00:00:00,2022,6,evening,90.7714885902564,31544.0,True,True,False,1.0,True,32632.0,EPSG:32632,34751.0,34751.0,0.8469170331954956,0.8691133260726929,0.0472402460873127,1.0,0.1315917074680328
raster,esi,ECO_L4T_ESI.002_ESI_20220611T141420_aid0001_32N.tif,data/ESI/ECO_L4T_ESI.002_ESI_20220611T141420_aid0001_32N.tif,ECO_L4T_ESI.002_ESI_20220611T141420_aid0001_32N.tif,2022-06-11 00:00:00,2022,6,evening,99.03312134902592,34415.0,True,True,False,1.0,True,32632.0,EPSG:32632,34751.0,34751.0,0.8373940587043762,0.8847479820251465,0.0211249198764562,1.0,0.1516417562961578
raster,esi,ECO_L4T_ESI.002_ESI_20220612T101126_aid0001_32N.tif,data/ESI/ECO_L4T_ESI.002_ESI_20220612T101126_aid0001_32N.tif,ECO_L4T_ESI.002_ESI_20220612T101126_aid0001_32N.tif,2022-06-12 00:00:00,2022,6,midday_afternoon,0.0345313803919311,12.0,True,False,False,1.0,False,32632.0,EPSG:32632,34751.0,34751.0,0.9390800595283508,0.9370962381362916,0.9346148371696472,0.9612067937850952,0.0069395322352647
raster,esi,ECO_L4T_ESI.002_ESI_20220613T092328_aid0001_32N.tif,data/ESI/ECO_L4T_ESI.002_ESI_20220613T092328_aid0001_32N.tif,ECO_L4T_ESI.002_ESI_20220613T092328_aid0001_32N.tif,2022-06-13 00:00:00,2022,6,midday_afternoon,39.76288452130874,13818.0,True,False,False,1.0,False,32632.0,EPSG:32632,34751.0,34751.0,0.7752969264984131,0.8298985958099365,0.0342584066092968,1.0,0.1610539853572845
raster,esi,ECO_L4T_ESI.002_ESI_20220614T083516_aid0001_32N.tif,data/ESI/ECO_L4T_ESI.002_ESI_20220614T083516_aid0001_32N.tif,ECO_L4T_ESI.002_ESI_20220614T083516_aid0001_32N.tif,2022-06-14 00:00:00,2022,6,morning,100.0,34751.0,True,True,False,1.0,True,32632.0,EPSG:32632,34751.0,34751.0,0.7715557217597961,0.8618982434272766,0.001263876678422,1.0,0.2040946036577224
raster,esi,ECO_L4T_ESI.002_ESI_20220616T083449_aid0001_32N.tif,data/ESI/ECO_L4T_ESI.002_ESI_20220616T083449_aid0001_32N.tif,ECO_L4T_ESI.002_ESI_20220616T083449_aid0001_32N.tif,2022-06-16 00:00:00,2022,6,morning,47.42309573825214,16480.0,True,False,False,1.0,False,32632.0,EPSG:32632,34751.0,34751.0,0.8466075658798218,0.8761584162712097,0.0612902753055095,1.0,0.130343958735466
raster,esi,ECO_L4T_ESI.002_ESI_20220618T115009_aid0001_32N.tif,data/ESI/ECO_L4T_ESI.002_ESI_20220618T115009_aid0001_32N.tif,ECO_L4T_ESI.002_ESI_20220618T115009_aid0001_32N.tif,2022-06-18 00:00:00,2022,6,midday_afternoon,100.0,34751.0,True,True,False,1.0,True,32632.0,EPSG:32632,34751.0,34751.0,0.6564056873321533,0.7380033731460571,0.0054723620414733,1.0,0.2618961930274963
raster,esi,ECO_L4T_ESI.002_ESI_20220620T065825_aid0001_32N.tif,data/ESI/ECO_L4T_ESI.002_ESI_20220620T065825_aid0001_32N.tif,ECO_L4T_ESI.002_ESI_20220620T065825_aid0001_32N.tif,2022-06-20 00:00:00,2022,6,morning,100.0,34751.0,True,True,False,1.0,True,32632.0,EPSG:32632,34751.0,34751.0,0.6528592109680176,0.7343259453773499,0.1432519555091858,1.0,0.2615931928157806
raster,esi,ECO_L4T_ESI.002_ESI_20220623T092526_aid0001_32N.tif,data/ESI/ECO_L4T_ESI.002_ESI_20220623T092526_aid0001_32N.tif,ECO_L4T_ESI.002_ESI_20220623T092526_aid0001_32N.tif,2022-06-23 00:00:00,2022,6,midday_afternoon,99.97985669477136,34744.0,True,True,False,1.0,True,32632.0,EPSG:32632,34751.0,34751.0,0.8786683678627014,0.9019734263420104,0.0675235316157341,1.0,0.1206763908267021
raster,esi,ECO_L4T_ESI.002_ESI_20220624T052306_aid0001_32N.tif,data/ESI/ECO_L4T_ESI.002_ESI_20220624T052306_aid0001_32N.tif,ECO_L4T_ESI.002_ESI_20220624T052306_aid0001_32N.tif,2022-06-24 00:00:00,2022,6,morning,100.0,34751.0,True,True,False,1.0,True,32632.0,EPSG:32632,34751.0,34751.0,0.7654511332511902,0.8415172696113586,0.0,1.0,0.2241023331880569
raster,esi,ECO_L4T_ESI.002_ESI_20220625T092536_aid0001_32N.tif,data/ESI/ECO_L4T_ESI.002_ESI_20220625T092536_aid0001_32N.tif,ECO_L4T_ESI.002_ESI_20220625T092536_aid0001_32N.tif,2022-06-25 00:00:00,2022,6,midday_afternoon,71.40513942044832,24814.0,True,True,False,1.0,True,32632.0,EPSG:32632,34751.0,34751.0,0.8718574643135071,0.8925813436508179,0.0247904770076274,1.0,0.1083325147628784
raster,esi,ECO_L4T_ESI.002_ESI_20220627T074901_aid0001_32N.tif,data/ESI/ECO_L4T_ESI.002_ESI_20220627T074901_aid0001_32N.tif,ECO_L4T_ESI.002_ESI_20220627T074901_aid0001_32N.tif,2022-06-27 00:00:00,2022,6,morning,5.99982734309804,2085.0,True,False,False,1.0,False,32632.0,EPSG:32632,34751.0,34751.0,0.5100500583648682,0.5196537375450134,0.0201486703008413,0.999999701976776,0.2797211408615112
raster,esi,ECO_L4T_ESI.002_ESI_20220627T074953_aid0001_32N.tif,data/ESI/ECO_L4T_ESI.002_ESI_20220627T074953_aid0001_32N.tif,ECO_L4T_ESI.002_ESI_20220627T074953_aid0001_32N.tif,2022-06-27 00:00:00,2022,6,morning,90.14704612816897,31327.0,True,True,False,1.0,True,32632.0,EPSG:32632,34751.0,34751.0,0.6162188053131104,0.6365488171577454,0.0112327309325337,1.0,0.2729630470275879
raster,esi,ECO_L4T_ESI.002_ESI_20220629T074959_aid0001_32N.tif,data/ESI/ECO_L4T_ESI.002_ESI_20220629T074959_aid0001_32N.tif,ECO_L4T_ESI.002_ESI_20220629T074959_aid0001_32N.tif,2022-06-29 00:00:00,2022,6,morning,88.33990388765791,30699.0,True,True,False,1.0,True,32632.0,EPSG:32632,34751.0,34751.0,0.733354389667511,0.7578402161598206,0.1492509841918945,1.0,0.1856665760278701
raster,esi,ECO_L4T_ESI.002_ESI_20230127T150954_aid0001_32N.tif,data/ESI/ECO_L4T_ESI.002_ESI_20230127T150954_aid0001_32N.tif,ECO_L4T_ESI.002_ESI_20230127T150954_aid0001_32N.tif,2023-01-27 00:00:00,2023,1,evening,100.0,34751.0,True,True,False,1.0,True,32632.0,EPSG:32632,34751.0,34751.0,0.0124824531376361,0.0,0.0,1.0,0.1109311208128929
raster,esi,ECO_L4T_ESI.002_ESI_20230128T142100_aid0001_32N.tif,data/ESI/ECO_L4T_ESI.002_ESI_20230128T142100_aid0001_32N.tif,ECO_L4T_ESI.002_ESI_20230128T142100_aid0001_32N.tif,2023-01-28 00:00:00,2023,1,evening,100.0,34751.0,True,True,False,1.0,True,32632.0,EPSG:32632,34751.0,34751.0,0.2827367484569549,0.0,0.0,1.0,0.4176737666130066
raster,esi,ECO_L4T_ESI.002_ESI_20230131T133150_aid0001_32N.tif,data/ESI/ECO_L4T_ESI.002_ESI_20230131T133150_aid0001_32N.tif,ECO_L4T_ESI.002_ESI_20230131T133150_aid0001_32N.tif,2023-01-31 00:00:00,2023,1,midday_afternoon,97.33532847975596,33825.0,True,True,False,1.0,True,32632.0,EPSG:32632,34751.0,34751.0,0.6153982877731323,0.7130954265594482,0.0,1.0,0.3959043025970459
raster,esi,ECO_L4T_ESI.002_ESI_20230204T115436_aid0001_32N.tif,data/ESI/ECO_L4T_ESI.002_ESI_20230204T115436_aid0001_32N.tif,ECO_L4T_ESI.002_ESI_20230204T115436_aid0001_32N.tif,2023-02-04 00:00:00,2023,2,midday_afternoon,100.0,34751.0,True,True,False,1.0,True,32632.0,EPSG:32632,34751.0,34751.0,0.5576955080032349,0.7350264191627502,0.0,1.0,0.4206584990024566
raster,esi,ECO_L4T_ESI.002_ESI_20230205T110625_aid0001_32N.tif,data/ESI/ECO_L4T_ESI.002_ESI_20230205T110625_aid0001_32N.tif,ECO_L4T_ESI.002_ESI_20230205T110625_aid0001_32N.tif,2023-02-05 00:00:00,2023,2,midday_afternoon,100.0,34751.0,True,True,False,1.0,True,32632.0,EPSG:32632,34751.0,34751.0,0.55366051197052,0.6409385204315186,0.0,1.0,0.40329509973526
raster,esi,ECO_L4T_ESI.002_ESI_20230205T155749_aid0001_32N.tif,data/ESI/ECO_L4T_ESI.002_ESI_20230205T155749_aid0001_32N.tif,ECO_L4T_ESI.002_ESI_20230205T155749_aid0001_32N.tif,2023-02-05 00:00:00,2023,2,evening,85.5112083105522,29716.0,True,True,False,1.0,True,32632.0,EPSG:32632,34751.0,34751.0,0.1188113391399383,0.0,0.0,1.0,0.3060679733753204
raster,esi,ECO_L4T_ESI.002_ESI_20230206T150956_aid0001_32N.tif,data/ESI/ECO_L4T_ESI.002_ESI_20230206T150956_aid0001_32N.tif,ECO_L4T_ESI.002_ESI_20230206T150956_aid0001_32N.tif,2023-02-06 00:00:00,2023,2,evening,100.0,34751.0,True,True,False,1.0,True,32632.0,EPSG:32632,34751.0,34751.0,0.0994676053524017,0.0,0.0,1.0,0.2864839434623718
raster,esi,ECO_L4T_ESI.002_ESI_20230207T110713_aid0001_32N.tif,data/ESI/ECO_L4T_ESI.002_ESI_20230207T110713_aid0001_32N.tif,ECO_L4T_ESI.002_ESI_20230207T110713_aid0001_32N.tif,2023-02-07 00:00:00,2023,2,midday_afternoon,18.20667031164571,6327.0,True,False,False,1.0,False,32632.0,EPSG:32632,34751.0,34751.0,0.4918660819530487,0.4982984066009521,0.0,1.0,0.3948838114738464
raster,esi,ECO_L4T_ESI.002_ESI_20230208T101912_aid0001_32N.tif,data/ESI/ECO_L4T_ESI.002_ESI_20230208T101912_aid0001_32N.tif,ECO_L4T_ESI.002_ESI_20230208T101912_aid0001_32N.tif,2023-02-08 00:00:00,2023,2,midday_afternoon,94.53253143794424,32851.0,True,True,False,1.0,True,32632.0,EPSG:32632,34751.0,34751.0,0.5326531529426575,0.6160954833030701,0.0,1.0,0.4066428244113922
raster,esi,ECO_L4T_ESI.002_ESI_20230209T093133_aid0001_32N.tif,data/ESI/ECO_L4T_ESI.002_ESI_20230209T093133_aid0001_32N.tif,ECO_L4T_ESI.002_ESI_20230209T093133_aid0001_32N.tif,2023-02-09 00:00:00,2023,2,midday_afternoon,100.0,94.0,True,True,True,0.002704958130701275,False,32632.0,EPSG:32632,94.0,34751.0,0.6101698279380798,0.8938724994659424,0.0,1.0,0.4088169932365417
raster,esi,ECO_L4T_ESI.002_ESI_20230209T142215_aid0001_32N.tif,data/ESI/ECO_L4T_ESI.002_ESI_20230209T142215_aid0001_32N.tif,ECO_L4T_ESI.002_ESI_20230209T142215_aid0001_32N.tif,2023-02-09 00:00:00,2023,2,evening,100.0,34751.0,True,True,False,1.0,True,32632.0,EPSG:32632,34751.0,34751.0,0.4832026064395904,0.471410870552063,0.0,1.0,0.4152644574642181
raster,esi,ECO_L4T_ESI.002_ESI_20230210T133406_aid0001_32N.tif,data/ESI/ECO_L4T_ESI.002_ESI_20230210T133406_aid0001_32N.tif,ECO_L4T_ESI.002_ESI_20230210T133406_aid0001_32N.tif,2023-02-10 00:00:00,2023,2,midday_afternoon,100.0,34751.0,True,True,False,1.0,True,32632.0,EPSG:32632,34751.0,34751.0,0.4530873298645019,0.3939673006534576,0.0,1.0,0.39435875415802
raster,esi,ECO_L4T_ESI.002_ESI_20230212T084251_aid0001_32N.tif,data/ESI/ECO_L4T_ESI.002_ESI_20230212T084251_aid0001_32N.tif,ECO_L4T_ESI.002_ESI_20230212T084251_aid0001_32N.tif,2023-02-12 00:00:00,2023,2,morning,100.0,34751.0,True,True,False,1.0,True,32632.0,EPSG:32632,34751.0,34751.0,0.466824859380722,0.481140673160553,0.0,1.0,0.4293103516101837
raster,esi,ECO_L4T_ESI.002_ESI_20230214T115802_aid0001_32N.tif,data/ESI/ECO_L4T_ESI.002_ESI_20230214T115802_aid0001_32N.tif,ECO_L4T_ESI.002_ESI_20230214T115802_aid0001_32N.tif,2023-02-14 00:00:00,2023,2,midday_afternoon,100.0,34751.0,True,True,False,1.0,True,32632.0,EPSG:32632,34751.0,34751.0,0.7811320424079895,0.9607782363891602,0.0,1.0,0.3444662094116211
raster,esi,ECO_L4T_ESI.002_ESI_20230215T075455_aid0001_32N.tif,data/ESI/ECO_L4T_ESI.002_ESI_20230215T075455_aid0001_32N.tif,ECO_L4T_ESI.002_ESI_20230215T075455_aid0001_32N.tif,2023-02-15 00:00:00,2023,2,morning,100.0,34751.0,True,True,False,1.0,True,32632.0,EPSG:32632,34751.0,34751.0,0.3533627092838287,0.0,0.0,1.0,0.4271582365036011
raster,esi,ECO_L4T_ESI.002_ESI_20230216T070648_aid0001_32N.tif,data/ESI/ECO_L4T_ESI.002_ESI_20230216T070648_aid0001_32N.tif,ECO_L4T_ESI.002_ESI_20230216T070648_aid0001_32N.tif,2023-02-16 00:00:00,2023,2,morning,100.0,34751.0,True,True,False,1.0,True,32632.0,EPSG:32632,34751.0,34751.0,0.0060678431764245,0.0,0.0,1.0,0.0776297301054
raster,esi,ECO_L4T_ESI.002_ESI_20230217T110856_aid0001_32N.tif,data/ESI/ECO_L4T_ESI.002_ESI_20230217T110856_aid0001_32N.tif,ECO_L4T_ESI.002_ESI_20230217T110856_aid0001_32N.tif,2023-02-17 00:00:00,2023,2,midday_afternoon,97.15979396276366,33764.0,True,True,False,1.0,True,32632.0,EPSG:32632,34751.0,34751.0,0.833162784576416,0.999943733215332,0.0,1.0,0.2913791835308075
raster,esi,ECO_L4T_ESI.002_ESI_20230218T102022_aid0001_32N.tif,data/ESI/ECO_L4T_ESI.002_ESI_20230218T102022_aid0001_32N.tif,ECO_L4T_ESI.002_ESI_20230218T102022_aid0001_32N.tif,2023-02-18 00:00:00,2023,2,midday_afternoon,100.0,34751.0,True,True,False,1.0,True,32632.0,EPSG:32632,34751.0,34751.0,0.8540686368942261,0.9977508783340454,0.0,1.0,0.2946538925170898
raster,esi,ECO_L4T_ESI.002_ESI_20230220T102041_aid0001_32N.tif,data/ESI/ECO_L4T_ESI.002_ESI_20230220T102041_aid0001_32N.tif,ECO_L4T_ESI.002_ESI_20230220T102041_aid0001_32N.tif,2023-02-20 00:00:00,2023,2,midday_afternoon,99.99424476993468,34749.0,True,True,False,1.0,True,32632.0,EPSG:32632,34751.0,34751.0,0.8113775849342346,0.9507437944412231,0.0,1.0,0.2711206376552582
raster,esi,ECO_L4T_ESI.002_ESI_20230222T084457_aid0001_32N.tif,data/ESI/ECO_L4T_ESI.002_ESI_20230222T084457_aid0001_32N.tif,ECO_L4T_ESI.002_ESI_20230222T084457_aid0001_32N.tif,2023-02-22 00:00:00,2023,2,morning,10.845731058099048,3769.0,True,False,False,1.0,False,32632.0,EPSG:32632,34751.0,34751.0,0.6405845880508423,0.7481429576873779,0.0,1.0,0.3402647078037262
raster,esi,ECO_L4T_ESI.002_ESI_20230225T075838_aid0001_32N.tif,data/ESI/ECO_L4T_ESI.002_ESI_20230225T075838_aid0001_32N.tif,ECO_L4T_ESI.002_ESI_20230225T075838_aid0001_32N.tif,2023-02-25 00:00:00,2023,2,morning,100.0,34751.0,True,True,False,1.0,True,32632.0,EPSG:32632,34751.0,34751.0,0.2990369796752929,0.0,0.0,1.0,0.441834032535553
raster,esi,ECO_L4T_ESI.002_ESI_20230226T071051_aid0001_32N.tif,data/ESI/ECO_L4T_ESI.002_ESI_20230226T071051_aid0001_32N.tif,ECO_L4T_ESI.002_ESI_20230226T071051_aid0001_32N.tif,2023-02-26 00:00:00,2023,2,morning,17.9937267992288,6253.0,True,False,False,1.0,False,32632.0,EPSG:32632,34751.0,34751.0,0.1280380189418792,0.0,0.0,1.0,0.2780255973339081
raster,esi,ECO_L4T_ESI.002_ESI_20230228T071155_aid0001_32N.tif,data/ESI/ECO_L4T_ESI.002_ESI_20230228T071155_aid0001_32N.tif,ECO_L4T_ESI.002_ESI_20230228T071155_aid0001_32N.tif,2023-02-28 00:00:00,2023,2,morning,99.99424476993468,34749.0,True,True,False,1.0,True,32632.0,EPSG:32632,34751.0,34751.0,0.1280985325574875,0.0,0.0,1.0,0.3091502487659454
raster,esi,ECO_L4T_ESI.002_ESI_20230301T062449_aid0001_32N.tif,data/ESI/ECO_L4T_ESI.002_ESI_20230301T062449_aid0001_32N.tif,ECO_L4T_ESI.002_ESI_20230301T062449_aid0001_32N.tif,2023-03-01 00:00:00,2023,3,morning,4.333688239187362,1506.0,True,False,False,1.0,False,32632.0,EPSG:32632,34751.0,34751.0,0.0006564134382642,0.0,0.0,0.5065883994102478,0.0180061608552932
raster,esi,ECO_L4T_ESI.002_ESI_20230323T165457_aid0001_32N.tif,data/ESI/ECO_L4T_ESI.002_ESI_20230323T165457_aid0001_32N.tif,ECO_L4T_ESI.002_ESI_20230323T165457_aid0001_32N.tif,2023-03-23 00:00:00,2023,3,evening,83.42205979684037,28990.0,True,True,False,1.0,True,32632.0,EPSG:32632,34751.0,34751.0,0.5230764746665955,0.533078670501709,0.0,1.0,0.4049809277057647
raster,esi,ECO_L4T_ESI.002_ESI_20230327T152017_aid0001_32N.tif,data/ESI/ECO_L4T_ESI.002_ESI_20230327T152017_aid0001_32N.tif,ECO_L4T_ESI.002_ESI_20230327T152017_aid0001_32N.tif,2023-03-27 00:00:00,2023,3,evening,84.32275330206325,29303.0,True,True,False,1.0,True,32632.0,EPSG:32632,34751.0,34751.0,0.5548667907714844,0.642032265663147,0.0,1.0,0.3927784562110901
raster,esi,ECO_L4T_ESI.002_ESI_20230330T143200_aid0001_32N.tif,data/ESI/ECO_L4T_ESI.002_ESI_20230330T143200_aid0001_32N.tif,ECO_L4T_ESI.002_ESI_20230330T143200_aid0001_32N.tif,2023-03-30 00:00:00,2023,3,evening,17.423959022761935,6055.0,True,False,False,1.0,False,32632.0,EPSG:32632,34751.0,34751.0,0.843022346496582,0.9956692457199096,0.0,1.0,0.3103973567485809
raster,esi,ECO_L4T_ESI.002_ESI_20230330T143252_aid0001_32N.tif,data/ESI/ECO_L4T_ESI.002_ESI_20230330T143252_aid0001_32N.tif,ECO_L4T_ESI.002_ESI_20230330T143252_aid0001_32N.tif,2023-03-30 00:00:00,2023,3,evening,77.99775546027452,27105.0,True,True,False,1.0,True,32632.0,EPSG:32632,34751.0,34751.0,0.7134155035018921,0.9665449261665344,0.0,1.0,0.4166766107082367
raster,esi,ECO_L4T_ESI.002_ESI_20230331T134442_aid0001_32N.tif,data/ESI/ECO_L4T_ESI.002_ESI_20230331T134442_aid0001_32N.tif,ECO_L4T_ESI.002_ESI_20230331T134442_aid0001_32N.tif,2023-03-31 00:00:00,2023,3,midday_afternoon,86.75146038962907,30147.0,True,True,False,1.0,True,32632.0,EPSG:32632,34751.0,34751.0,0.901809573173523,0.9447903037071228,0.258680135011673,1.0,0.1083749681711196
raster,esi,ECO_L4T_ESI.002_ESI_20230403T125822_aid0001_32N.tif,data/ESI/ECO_L4T_ESI.002_ESI_20230403T125822_aid0001_32N.tif,ECO_L4T_ESI.002_ESI_20230403T125822_aid0001_32N.tif,2023-04-03 00:00:00,2023,4,midday_afternoon,98.81730022157636,34340.0,True,True,False,1.0,True,32632.0,EPSG:32632,34751.0,34751.0,0.848609209060669,0.9375066757202148,0.0145696140825748,1.0,0.178253024816513
raster,esi,ECO_L4T_ESI.002_ESI_20230404T121017_aid0001_32N.tif,data/ESI/ECO_L4T_ESI.002_ESI_20230404T121017_aid0001_32N.tif,ECO_L4T_ESI.002_ESI_20230404T121017_aid0001_32N.tif,2023-04-04 00:00:00,2023,4,midday_afternoon,100.0,34751.0,True,True,False,1.0,True,32632.0,EPSG:32632,34751.0,34751.0,0.7470644116401672,0.7585825324058533,0.0,1.0,0.2550649046897888
raster,esi,ECO_L4T_ESI.002_ESI_20230405T161358_aid0001_32N.tif,data/ESI/ECO_L4T_ESI.002_ESI_20230405T161358_aid0001_32N.tif,ECO_L4T_ESI.002_ESI_20230405T161358_aid0001_32N.tif,2023-04-05 00:00:00,2023,4,evening,99.5136830594803,34582.0,True,True,False,1.0,True,32632.0,EPSG:32632,34751.0,34751.0,0.6119523048400879,0.6548658609390259,0.0,1.0,0.3654541373252868
raster,esi,ECO_L4T_ESI.002_ESI_20230407T112342_aid0001_32N.tif,data/ESI/ECO_L4T_ESI.002_ESI_20230407T112342_aid0001_32N.tif,ECO_L4T_ESI.002_ESI_20230407T112342_aid0001_32N.tif,2023-04-07 00:00:00,2023,4,midday_afternoon,95.82170297257632,33299.0,True,True,False,1.0,True,32632.0,EPSG:32632,34751.0,34751.0,0.8484764099121094,0.8918935656547546,0.0217906441539526,1.0,0.1929253190755844
raster,esi,ECO_L4T_ESI.002_ESI_20230408T103534_aid0001_32N.tif,data/ESI/ECO_L4T_ESI.002_ESI_20230408T103534_aid0001_32N.tif,ECO_L4T_ESI.002_ESI_20230408T103534_aid0001_32N.tif,2023-04-08 00:00:00,2023,4,midday_afternoon,84.50116543408824,29365.0,True,True,False,1.0,True,32632.0,EPSG:32632,34751.0,34751.0,0.820257842540741,0.8447766900062561,0.0,1.0,0.1828727573156356
raster,esi,ECO_L4T_ESI.002_ESI_20230408T152616_aid0001_32N.tif,data/ESI/ECO_L4T_ESI.002_ESI_20230408T152616_aid0001_32N.tif,ECO_L4T_ESI.002_ESI_20230408T152616_aid0001_32N.tif,2023-04-08 00:00:00,2023,4,evening,84.83784639290955,29482.0,True,True,False,1.0,True,32632.0,EPSG:32632,34751.0,34751.0,0.8338388800621033,0.9219216704368592,0.0,1.0,0.2406144589185714
raster,esi,ECO_L4T_ESI.002_ESI_20230409T143814_aid0001_32N.tif,data/ESI/ECO_L4T_ESI.002_ESI_20230409T143814_aid0001_32N.tif,ECO_L4T_ESI.002_ESI_20230409T143814_aid0001_32N.tif,2023-04-09 00:00:00,2023,4,evening,99.9625910045754,34738.0,True,True,False,1.0,True,32632.0,EPSG:32632,34751.0,34751.0,0.823230504989624,0.8914928436279297,0.0,1.0,0.194315031170845
raster,esi,ECO_L4T_ESI.002_ESI_20230411T094752_aid0001_32N.tif,data/ESI/ECO_L4T_ESI.002_ESI_20230411T094752_aid0001_32N.tif,ECO_L4T_ESI.002_ESI_20230411T094752_aid0001_32N.tif,2023-04-11 00:00:00,2023,4,midday_afternoon,22.32165980835084,7757.0,True,False,False,1.0,False,32632.0,EPSG:32632,34751.0,34751.0,0.8692609667778015,0.9092498421669006,0.0354707576334476,1.0,0.1659168452024459
raster,esi,ECO_L4T_ESI.002_ESI_20230412T135038_aid0001_32N.tif,data/ESI/ECO_L4T_ESI.002_ESI_20230412T135038_aid0001_32N.tif,ECO_L4T_ESI.002_ESI_20230412T135038_aid0001_32N.tif,2023-04-12 00:00:00,2023,4,midday_afternoon,22.433886794624616,7796.0,True,False,False,1.0,False,32632.0,EPSG:32632,34751.0,34751.0,0.9351525902748108,0.9996057748794556,0.2395290285348892,1.0,0.1020304858684539
raster,esi,ECO_L4T_ESI.002_ESI_20230412T135130_aid0001_32N.tif,data/ESI/ECO_L4T_ESI.002_ESI_20230412T135130_aid0001_32N.tif,ECO_L4T_ESI.002_ESI_20230412T135130_aid0001_32N.tif,2023-04-12 00:00:00,2023,4,midday_afternoon,52.68049840292366,18307.0,True,False,False,1.0,False,32632.0,EPSG:32632,34751.0,34751.0,0.8850695490837097,0.9313371777534484,0.1754459589719772,1.0,0.1456825733184814
raster,esi,ECO_L4T_ESI.002_ESI_20230413T130243_aid0001_32N.tif,data/ESI/ECO_L4T_ESI.002_ESI_20230413T130243_aid0001_32N.tif,ECO_L4T_ESI.002_ESI_20230413T130243_aid0001_32N.tif,2023-04-13 00:00:00,2023,4,midday_afternoon,0.8863054300595666,308.0,True,False,False,1.0,False,32632.0,EPSG:32632,34751.0,34751.0,0.8098249435424805,0.8458952903747559,0.063203364610672,1.0,0.2419831901788711
raster,esi,ECO_L4T_ESI.002_ESI_20230414T090004_aid0001_32N.tif,data/ESI/ECO_L4T_ESI.002_ESI_20230414T090004_aid0001_32N.tif,ECO_L4T_ESI.002_ESI_20230414T090004_aid0001_32N.tif,2023-04-14 00:00:00,2023,4,midday_afternoon,85.5572501510748,29732.0,True,True,False,1.0,True,32632.0,EPSG:32632,34751.0,34751.0,0.8795568346977234,0.8539915084838867,0.0,1.0,0.1147684454917907
raster,esi,ECO_L4T_ESI.002_ESI_20230415T081223_aid0001_32N.tif,data/ESI/ECO_L4T_ESI.002_ESI_20230415T081223_aid0001_32N.tif,ECO_L4T_ESI.002_ESI_20230415T081223_aid0001_32N.tif,2023-04-15 00:00:00,2023,4,morning,86.4406779661017,30039.0,True,True,False,1.0,True,32632.0,EPSG:32632,34751.0,34751.0,0.819631814956665,0.7763697504997253,0.0926195159554481,1.0,0.130253255367279
raster,esi,ECO_L4T_ESI.002_ESI_20230416T121458_aid0001_32N.tif,data/ESI/ECO_L4T_ESI.002_ESI_20230416T121458_aid0001_32N.tif,ECO_L4T_ESI.002_ESI_20230416T121458_aid0001_32N.tif,2023-04-16 00:00:00,2023,4,midday_afternoon,91.810307617047,31905.0,True,True,False,1.0,True,32632.0,EPSG:32632,34751.0,34751.0,0.908080756664276,0.9261571168899536,0.0,1.0,0.0977219268679618
raster,esi,ECO_L4T_ESI.002_ESI_20230418T072400_aid0001_32N.tif,data/ESI/ECO_L4T_ESI.002_ESI_20230418T072400_aid0001_32N.tif,ECO_L4T_ESI.002_ESI_20230418T072400_aid0001_32N.tif,2023-04-18 00:00:00,2023,4,morning,99.99712238496734,34750.0,True,True,False,1.0,True,32632.0,EPSG:32632,34751.0,34751.0,0.8064232468605042,0.8302185535430908,0.0,1.0,0.2488592267036438
raster,esi,ECO_L4T_ESI.002_ESI_20230419T063527_aid0001_32N.tif,data/ESI/ECO_L4T_ESI.002_ESI_20230419T063527_aid0001_32N.tif,ECO_L4T_ESI.002_ESI_20230419T063527_aid0001_32N.tif,2023-04-19 00:00:00,2023,4,morning,96.31089752812868,33469.0,True,True,False,1.0,True,32632.0,EPSG:32632,34751.0,34751.0,0.7762353420257568,0.767369270324707,0.0,1.0,0.2182362377643585
raster,esi,ECO_L4T_ESI.002_ESI_20230421T095013_aid0001_32N.tif,data/ESI/ECO_L4T_ESI.002_ESI_20230421T095013_aid0001_32N.tif,ECO_L4T_ESI.002_ESI_20230421T095013_aid0001_32N.tif,2023-04-21 00:00:00,2023,4,midday_afternoon,89.29527207850134,31031.0,True,True,False,1.0,True,32632.0,EPSG:32632,34751.0,34751.0,0.8774236440658569,0.9174291491508484,0.1928930580615997,1.0,0.1375857144594192
raster,esi,ECO_L4T_ESI.002_ESI_20230422T054730_aid0001_32N.tif,data/ESI/ECO_L4T_ESI.002_ESI_20230422T054730_aid0001_32N.tif,ECO_L4T_ESI.002_ESI_20230422T054730_aid0001_32N.tif,2023-04-22 00:00:00,2023,4,morning,100.0,34751.0,True,True,False,1.0,True,32632.0,EPSG:32632,34751.0,34751.0,0.8995041251182556,0.956965982913971,0.0,1.0,0.134609967470169
raster,esi,ECO_L4T_ESI.002_ESI_20230423T045856_aid0001_32N.tif,data/ESI/ECO_L4T_ESI.002_ESI_20230423T045856_aid0001_32N.tif,ECO_L4T_ESI.002_ESI_20230423T045856_aid0001_32N.tif,2023-04-23 00:00:00,2023,4,morning,100.0,34751.0,True,True,False,1.0,True,32632.0,EPSG:32632,34751.0,34751.0,0.2157643884420395,0.0,0.0,1.0,0.3982652425765991
raster,esi,ECO_L4T_ESI.002_ESI_20230423T095019_aid0001_32N.tif,data/ESI/ECO_L4T_ESI.002_ESI_20230423T095019_aid0001_32N.tif,ECO_L4T_ESI.002_ESI_20230423T095019_aid0001_32N.tif,2023-04-23 00:00:00,2023,4,midday_afternoon,82.00339558573853,28497.0,True,True,False,1.0,True,32632.0,EPSG:32632,34751.0,34751.0,0.8396406769752502,0.8962782025337219,0.0200672168284654,1.0,0.2125206887722015
raster,esi,ECO_L4T_ESI.002_ESI_20230424T090130_aid0001_32N.tif,data/ESI/ECO_L4T_ESI.002_ESI_20230424T090130_aid0001_32N.tif,ECO_L4T_ESI.002_ESI_20230424T090130_aid0001_32N.tif,2023-04-24 00:00:00,2023,4,midday_afternoon,83.72133176023712,29094.0,True,True,False,1.0,True,32632.0,EPSG:32632,34751.0,34751.0,0.8463568687438965,0.7849342226982117,0.110377237200737,1.0,0.1306616365909576
raster,esi,ECO_L4T_ESI.002_ESI_20230425T081223_aid0001_32N.tif,data/ESI/ECO_L4T_ESI.002_ESI_20230425T081223_aid0001_32N.tif,ECO_L4T_ESI.002_ESI_20230425T081223_aid0001_32N.tif,2023-04-25 00:00:00,2023,4,morning,7.838623348968375,2724.0,True,False,False,1.0,False,32632.0,EPSG:32632,34751.0,34751.0,0.7526538372039795,0.7819560766220093,0.0,1.0,0.2111889123916626
raster,esi,ECO_L4T_ESI.002_ESI_20230427T081145_aid0001_32N.tif,data/ESI/ECO_L4T_ESI.002_ESI_20230427T081145_aid0001_32N.tif,ECO_L4T_ESI.002_ESI_20230427T081145_aid0001_32N.tif,2023-04-27 00:00:00,2023,4,morning,100.0,34751.0,True,True,False,1.0,True,32632.0,EPSG:32632,34751.0,34751.0,0.8553604483604431,0.898630678653717,0.0,1.0,0.1591878980398178
raster,esi,ECO_L4T_ESI.002_ESI_20230428T072334_aid0001_32N.tif,data/ESI/ECO_L4T_ESI.002_ESI_20230428T072334_aid0001_32N.tif,ECO_L4T_ESI.002_ESI_20230428T072334_aid0001_32N.tif,2023-04-28 00:00:00,2023,4,morning,99.44174268366378,34557.0,True,True,False,1.0,True,32632.0,EPSG:32632,34751.0,34751.0,0.8836493492126465,0.919292688369751,0.199736550450325,1.0,0.1349090635776519
raster,esi,ECO_L4T_ESI.002_ESI_20230501T063446_aid0001_32N.tif,data/ESI/ECO_L4T_ESI.002_ESI_20230501T063446_aid0001_32N.tif,ECO_L4T_ESI.002_ESI_20230501T063446_aid0001_32N.tif,2023-05-01 00:00:00,2023,5,morning,16.192339788783055,5627.0,True,False,False,1.0,False,32632.0,EPSG:32632,34751.0,34751.0,0.928967297077179,0.954312801361084,0.4782165586948395,1.0,0.0878468379378318
raster,esi,ECO_L4T_ESI.002_ESI_20230502T054627_aid0001_32N.tif,data/ESI/ECO_L4T_ESI.002_ESI_20230502T054627_aid0001_32N.tif,ECO_L4T_ESI.002_ESI_20230502T054627_aid0001_32N.tif,2023-05-02 00:00:00,2023,5,morning,84.2680786164427,29284.0,True,True,False,1.0,True,32632.0,EPSG:32632,34751.0,34751.0,0.9370257258415222,0.9791882038116456,0.0,1.0,0.1199393421411514
raster,esi,ECO_L4T_ESI.002_ESI_20230527T151231_aid0001_32N.tif,data/ESI/ECO_L4T_ESI.002_ESI_20230527T151231_aid0001_32N.tif,ECO_L4T_ESI.002_ESI_20230527T151231_aid0001_32N.tif,2023-05-27 00:00:00,2023,5,evening,88.14422606543697,30631.0,True,True,False,1.0,True,32632.0,EPSG:32632,34751.0,34751.0,0.7425273656845093,0.855930745601654,0.0058335866779088,1.0,0.2793133556842804
raster,esi,ECO_L4T_ESI.002_ESI_20230603T124450_aid0001_32N.tif,data/ESI/ECO_L4T_ESI.002_ESI_20230603T124450_aid0001_32N.tif,ECO_L4T_ESI.002_ESI_20230603T124450_aid0001_32N.tif,2023-06-03 00:00:00,2023,6,midday_afternoon,7.286121262697476,2532.0,True,False,False,1.0,False,32632.0,EPSG:32632,34751.0,34751.0,0.8113259673118591,0.8868323564529419,0.0,1.0,0.2407002002000808
raster,esi,ECO_L4T_ESI.002_ESI_20230606T115505_aid0001_32N.tif,data/ESI/ECO_L4T_ESI.002_ESI_20230606T115505_aid0001_32N.tif,ECO_L4T_ESI.002_ESI_20230606T115505_aid0001_32N.tif,2023-06-06 00:00:00,2023,6,midday_afternoon,51.62153607090444,17939.0,True,False,False,1.0,False,32632.0,EPSG:32632,34751.0,34751.0,0.8147076368331909,0.865509033203125,0.0230978913605213,1.0,0.1951329559087753
raster,esi,ECO_L4T_ESI.002_ESI_20230607T110557_aid0001_32N.tif,data/ESI/ECO_L4T_ESI.002_ESI_20230607T110557_aid0001_32N.tif,ECO_L4T_ESI.002_ESI_20230607T110557_aid0001_32N.tif,2023-06-07 00:00:00,2023,6,midday_afternoon,25.308624212252884,8795.0,True,False,False,1.0,False,32632.0,EPSG:32632,34751.0,34751.0,0.8354438543319702,0.8977516889572144,0.0008200238225981,1.0,0.2199400663375854
raster,esi,ECO_L4T_ESI.002_ESI_20230608T150806_aid0001_32N.tif,data/ESI/ECO_L4T_ESI.002_ESI_20230608T150806_aid0001_32N.tif,ECO_L4T_ESI.002_ESI_20230608T150806_aid0001_32N.tif,2023-06-08 00:00:00,2023,6,evening,55.22431009179593,19191.0,True,False,False,1.0,False,32632.0,EPSG:32632,34751.0,34751.0,0.870664656162262,0.8637774586677551,0.0760632529854774,1.0,0.126356691122055
raster,esi,ECO_L4T_ESI.002_ESI_20230609T141922_aid0001_32N.tif,data/ESI/ECO_L4T_ESI.002_ESI_20230609T141922_aid0001_32N.tif,ECO_L4T_ESI.002_ESI_20230609T141922_aid0001_32N.tif,2023-06-09 00:00:00,2023,6,evening,15.23984921297229,5296.0,True,False,False,1.0,False,32632.0,EPSG:32632,34751.0,34751.0,0.8910144567489624,0.9031141996383668,0.0528858117759227,1.0,0.1042514443397522
raster,esi,ECO_L4T_ESI.002_ESI_20230610T101557_aid0001_32N.tif,data/ESI/ECO_L4T_ESI.002_ESI_20230610T101557_aid0001_32N.tif,ECO_L4T_ESI.002_ESI_20230610T101557_aid0001_32N.tif,2023-06-10 00:00:00,2023,6,midday_afternoon,87.20612356478951,30305.0,True,True,False,1.0,True,32632.0,EPSG:32632,34751.0,34751.0,0.7511911988258362,0.8449794054031372,0.0001987386494874,1.0,0.2456653714179992
raster,esi,ECO_L4T_ESI.002_ESI_20230611T092733_aid0001_32N.tif,data/ESI/ECO_L4T_ESI.002_ESI_20230611T092733_aid0001_32N.tif,ECO_L4T_ESI.002_ESI_20230611T092733_aid0001_32N.tif,2023-06-11 00:00:00,2023,6,midday_afternoon,88.32839342752726,30695.0,True,True,False,1.0,True,32632.0,EPSG:32632,34751.0,34751.0,0.7927170991897583,0.8491466045379639,0.0383104458451271,1.0,0.2007603049278259
raster,esi,ECO_L4T_ESI.002_ESI_20230612T132855_aid0001_32N.tif,data/ESI/ECO_L4T_ESI.002_ESI_20230612T132855_aid0001_32N.tif,ECO_L4T_ESI.002_ESI_20230612T132855_aid0001_32N.tif,2023-06-12 00:00:00,2023,6,midday_afternoon,30.692641938361486,10666.0,True,False,False,1.0,False,32632.0,EPSG:32632,34751.0,34751.0,0.737342119216919,0.8385442495346069,0.0014326646924018,1.0,0.2618139982223511
raster,esi,ECO_L4T_ESI.002_ESI_20230614T083645_aid0001_32N.tif,data/ESI/ECO_L4T_ESI.002_ESI_20230614T083645_aid0001_32N.tif,ECO_L4T_ESI.002_ESI_20230614T083645_aid0001_32N.tif,2023-06-14 00:00:00,2023,6,morning,99.53958159477423,34591.0,True,True,False,1.0,True,32632.0,EPSG:32632,34751.0,34751.0,0.6873500347137451,0.7783151268959045,0.0003522892366163,1.0,0.2410915195941925
raster,esi,ECO_L4T_ESI.002_ESI_20230615T074727_aid0001_32N.tif,data/ESI/ECO_L4T_ESI.002_ESI_20230615T074727_aid0001_32N.tif,ECO_L4T_ESI.002_ESI_20230615T074727_aid0001_32N.tif,2023-06-15 00:00:00,2023,6,morning,99.27484101176944,34499.0,True,True,False,1.0,True,32632.0,EPSG:32632,34751.0,34751.0,0.7474225163459778,0.8325119018554688,0.010394518263638,1.0,0.2323397248983383
raster,esi,ECO_L4T_ESI.002_ESI_20230616T114931_aid0001_32N.tif,data/ESI/ECO_L4T_ESI.002_ESI_20230616T114931_aid0001_32N.tif,ECO_L4T_ESI.002_ESI_20230616T114931_aid0001_32N.tif,2023-06-16 00:00:00,2023,6,midday_afternoon,41.19593680757389,14316.0,True,False,False,1.0,False,32632.0,EPSG:32632,34751.0,34751.0,0.7915122509002686,0.873046875,0.0379705168306827,1.0,0.2167656868696212
raster,esi,ECO_L4T_ESI.002_ESI_20230618T065818_aid0001_32N.tif,data/ESI/ECO_L4T_ESI.002_ESI_20230618T065818_aid0001_32N.tif,ECO_L4T_ESI.002_ESI_20230618T065818_aid0001_32N.tif,2023-06-18 00:00:00,2023,6,morning,100.0,34751.0,True,True,False,1.0,True,32632.0,EPSG:32632,34751.0,34751.0,0.7295936942100525,0.7818659543991089,0.0268715731799602,1.0,0.2106056213378906
raster,esi,ECO_L4T_ESI.002_ESI_20230619T060957_aid0001_32N.tif,data/ESI/ECO_L4T_ESI.002_ESI_20230619T060957_aid0001_32N.tif,ECO_L4T_ESI.002_ESI_20230619T060957_aid0001_32N.tif,2023-06-19 00:00:00,2023,6,morning,100.0,34751.0,True,True,False,1.0,True,32632.0,EPSG:32632,34751.0,34751.0,0.6382155418395996,0.6384204626083374,0.1505544036626815,1.0,0.2342821508646011
raster,esi,ECO_L4T_ESI.002_ESI_20230619T110056_aid0001_32N.tif,data/ESI/ECO_L4T_ESI.002_ESI_20230619T110056_aid0001_32N.tif,ECO_L4T_ESI.002_ESI_20230619T110056_aid0001_32N.tif,2023-06-19 00:00:00,2023,6,midday_afternoon,15.64271531754482,5436.0,True,False,False,1.0,False,32632.0,EPSG:32632,34751.0,34751.0,0.5541014075279236,0.6606858372688293,0.0145347118377685,1.0,0.346443772315979
raster,esi,ECO_L4T_ESI.002_ESI_20230620T101211_aid0001_32N.tif,data/ESI/ECO_L4T_ESI.002_ESI_20230620T101211_aid0001_32N.tif,ECO_L4T_ESI.002_ESI_20230620T101211_aid0001_32N.tif,2023-06-20 00:00:00,2023,6,midday_afternoon,70.64544905182585,24550.0,True,True,False,1.0,True,32632.0,EPSG:32632,34751.0,34751.0,0.7740485668182373,0.8170435428619385,0.0148589108139276,1.0,0.181350976228714
raster,esi,ECO_L4T_ESI.002_ESI_20230621T060918_aid0001_32N.tif,data/ESI/ECO_L4T_ESI.002_ESI_20230621T060918_aid0001_32N.tif,ECO_L4T_ESI.002_ESI_20230621T060918_aid0001_32N.tif,2023-06-21 00:00:00,2023,6,morning,10.221288596011624,3552.0,True,False,False,1.0,False,32632.0,EPSG:32632,34751.0,34751.0,0.8185722827911377,0.8004829287528992,0.0429707318544387,1.0,0.1607668101787567
raster,esi,ECO_L4T_ESI.002_ESI_20230622T052033_aid0001_32N.tif,data/ESI/ECO_L4T_ESI.002_ESI_20230622T052033_aid0001_32N.tif,ECO_L4T_ESI.002_ESI_20230622T052033_aid0001_32N.tif,2023-06-22 00:00:00,2023,6,morning,61.54930793358464,21389.0,True,False,False,1.0,False,32632.0,EPSG:32632,34751.0,34751.0,0.807990550994873,0.7901562452316284,0.0,1.0,0.1297694891691208
raster,esi,ECO_L4T_ESI.002_ESI_20230623T043153_aid0001_32N.tif,data/ESI/ECO_L4T_ESI.002_ESI_20230623T043153_aid0001_32N.tif,ECO_L4T_ESI.002_ESI_20230623T043153_aid0001_32N.tif,2023-06-23 00:00:00,2023,6,morning,0.0374089954245921,13.0,True,False,False,1.0,False,32632.0,EPSG:32632,34751.0,34751.0,0.9039376378059388,0.8981750011444092,0.8953002095222473,0.9394201636314392,0.0149043845012784
raster,esi,ECO_L4T_ESI.002_ESI_20230623T092314_aid0001_32N.tif,data/ESI/ECO_L4T_ESI.002_ESI_20230623T092314_aid0001_32N.tif,ECO_L4T_ESI.002_ESI_20230623T092314_aid0001_32N.tif,2023-06-23 00:00:00,2023,6,midday_afternoon,98.93617021276596,93.0,True,True,True,0.002704958130701275,False,32632.0,EPSG:32632,94.0,34751.0,0.663087010383606,0.782233715057373,0.341074138879776,1.0,0.2221572548151016
raster,esi,ECO_L4T_ESI.002_ESI_20230627T074440_aid0001_32N.tif,data/ESI/ECO_L4T_ESI.002_ESI_20230627T074440_aid0001_32N.tif,ECO_L4T_ESI.002_ESI_20230627T074440_aid0001_32N.tif,2023-06-27 00:00:00,2023,6,morning,97.9741590170067,34047.0,True,True,False,1.0,True,32632.0,EPSG:32632,34751.0,34751.0,0.626672089099884,0.7127046585083008,0.0936035066843032,1.0,0.2843757271766662
raster,esi,ECO_L4T_ESI.002_ESI_20230628T065603_aid0001_32N.tif,data/ESI/ECO_L4T_ESI.002_ESI_20230628T065603_aid0001_32N.tif,ECO_L4T_ESI.002_ESI_20230628T065603_aid0001_32N.tif,2023-06-28 00:00:00,2023,6,morning,76.1503266093062,26463.0,True,True,False,1.0,True,32632.0,EPSG:32632,34751.0,34751.0,0.6983612179756165,0.7304770350456238,0.1646112352609634,1.0,0.2141794562339782
raster,esi,ECO_L4T_ESI.002_ESI_20230630T065450_aid0001_32N.tif,data/ESI/ECO_L4T_ESI.002_ESI_20230630T065450_aid0001_32N.tif,ECO_L4T_ESI.002_ESI_20230630T065450_aid0001_32N.tif,2023-06-30 00:00:00,2023,6,morning,84.78604932232166,29464.0,True,True,False,1.0,True,32632.0,EPSG:32632,34751.0,34751.0,0.868534505367279,0.8880137205123901,0.0,1.0,0.1074433401226997
raster,esi,ECO_L4T_ESI.002_ESI_20240208T135928_aid0001_32N.tif,data/ESI/ECO_L4T_ESI.002_ESI_20240208T135928_aid0001_32N.tif,ECO_L4T_ESI.002_ESI_20240208T135928_aid0001_32N.tif,2024-02-08 00:00:00,2024,2,midday_afternoon,84.60475957526403,29401.0,True,True,False,1.0,True,32632.0,EPSG:32632,34751.0,34751.0,0.9707154035568236,1.0,0.0,1.0,0.1051727682352066
raster,esi,ECO_L4T_ESI.002_ESI_20240220T091017_aid0001_32N.tif,data/ESI/ECO_L4T_ESI.002_ESI_20240220T091017_aid0001_32N.tif,ECO_L4T_ESI.002_ESI_20240220T091017_aid0001_32N.tif,2024-02-20 00:00:00,2024,2,midday_afternoon,100.0,34751.0,True,True,False,1.0,True,32632.0,EPSG:32632,34751.0,34751.0,0.7648677825927734,0.979800283908844,0.0,1.0,0.3817449510097503
raster,esi,ECO_L4T_ESI.002_ESI_20240607T095329_aid0001_32N.tif,data/ESI/ECO_L4T_ESI.002_ESI_20240607T095329_aid0001_32N.tif,ECO_L4T_ESI.002_ESI_20240607T095329_aid0001_32N.tif,2024-06-07 00:00:00,2024,6,midday_afternoon,99.2633305516388,34495.0,True,True,False,1.0,True,32632.0,EPSG:32632,34751.0,34751.0,0.9296728372573853,0.9998021721839904,0.0,1.0,0.1383917033672332
raster,esi,ECO_L4T_ESI.002_ESI_20240616T103858_aid0001_32N.tif,data/ESI/ECO_L4T_ESI.002_ESI_20240616T103858_aid0001_32N.tif,ECO_L4T_ESI.002_ESI_20240616T103858_aid0001_32N.tif,2024-06-16 00:00:00,2024,6,midday_afternoon,12.64999568357745,4396.0,True,False,False,1.0,False,32632.0,EPSG:32632,34751.0,34751.0,0.8724336624145508,0.9798583984375,0.060211818665266,1.0,0.1761596351861953
raster,esi,ECO_L4T_ESI.002_ESI_20250123T152516_aid0001_32N.tif,data/ESI/ECO_L4T_ESI.002_ESI_20250123T152516_aid0001_32N.tif,ECO_L4T_ESI.002_ESI_20250123T152516_aid0001_32N.tif,2025-01-23 00:00:00,2025,1,evening,100.0,34751.0,True,True,False,1.0,True,32632.0,EPSG:32632,34751.0,34751.0,0.0,0.0,0.0,0.0,0.0
raster,esi,ECO_L4T_ESI.002_ESI_20250124T143624_aid0001_32N (1).tif,data/ESI/ECO_L4T_ESI.002_ESI_20250124T143624_aid0001_32N (1).tif,ECO_L4T_ESI.002_ESI_20250124T143624_aid0001_32N (1).tif,2025-01-24 00:00:00,2025,1,evening,100.0,34751.0,True,True,False,1.0,True,32632.0,EPSG:32632,34751.0,34751.0,0.3631666302680969,0.0,0.0,1.0,0.4593362808227539
raster,esi,ECO_L4T_ESI.002_ESI_20250201T111758_aid0001_32N.tif,data/ESI/ECO_L4T_ESI.002_ESI_20250201T111758_aid0001_32N.tif,ECO_L4T_ESI.002_ESI_20250201T111758_aid0001_32N.tif,2025-02-01 00:00:00,2025,2,midday_afternoon,99.3439037725533,34523.0,True,True,False,1.0,True,32632.0,EPSG:32632,34751.0,34751.0,0.7435021996498108,0.9154868125915528,0.0,1.0,0.3566565811634063
raster,esi,ECO_L4T_ESI.002_ESI_20250204T103027_aid0001_32N.tif,data/ESI/ECO_L4T_ESI.002_ESI_20250204T103027_aid0001_32N.tif,ECO_L4T_ESI.002_ESI_20250204T103027_aid0001_32N.tif,2025-02-04 00:00:00,2025,2,midday_afternoon,75.45682138643492,26222.0,True,True,False,1.0,True,32632.0,EPSG:32632,34751.0,34751.0,0.7001819610595703,0.8873070478439331,0.0,1.0,0.3773945868015289
raster,esi,ECO_L4T_ESI.002_ESI_20250205T094147_aid0001_32N.tif,data/ESI/ECO_L4T_ESI.002_ESI_20250205T094147_aid0001_32N.tif,ECO_L4T_ESI.002_ESI_20250205T094147_aid0001_32N.tif,2025-02-05 00:00:00,2025,2,midday_afternoon,100.0,34751.0,True,True,False,1.0,True,32632.0,EPSG:32632,34751.0,34751.0,0.4656483232975006,0.4689612686634063,0.0,1.0,0.4271076321601867
raster,esi,ECO_L4T_ESI.002_ESI_20250206T134425_aid0001_32N.tif,data/ESI/ECO_L4T_ESI.002_ESI_20250206T134425_aid0001_32N.tif,ECO_L4T_ESI.002_ESI_20250206T134425_aid0001_32N.tif,2025-02-06 00:00:00,2025,2,midday_afternoon,100.0,34751.0,True,True,False,1.0,True,32632.0,EPSG:32632,34751.0,34751.0,0.5857686996459961,0.7142627835273743,0.0,1.0,0.4010006189346313
raster,esi,ECO_L4T_ESI.002_ESI_20250208T085347_aid0001_32N.tif,data/ESI/ECO_L4T_ESI.002_ESI_20250208T085347_aid0001_32N.tif,ECO_L4T_ESI.002_ESI_20250208T085347_aid0001_32N.tif,2025-02-08 00:00:00,2025,2,morning,100.0,34751.0,True,True,False,1.0,True,32632.0,EPSG:32632,34751.0,34751.0,0.263662040233612,0.0,0.0,1.0,0.4141183495521545
raster,esi,ECO_L4T_ESI.002_ESI_20250209T080516_aid0001_32N.tif,data/ESI/ECO_L4T_ESI.002_ESI_20250209T080516_aid0001_32N.tif,ECO_L4T_ESI.002_ESI_20250209T080516_aid0001_32N.tif,2025-02-09 00:00:00,2025,2,morning,99.99424476993468,34749.0,True,True,False,1.0,True,32632.0,EPSG:32632,34751.0,34751.0,0.1117506921291351,0.0,0.0,1.0,0.3016165196895599
raster,esi,ECO_L4T_ESI.002_ESI_20250211T080508_aid0001_32N.tif,data/ESI/ECO_L4T_ESI.002_ESI_20250211T080508_aid0001_32N.tif,ECO_L4T_ESI.002_ESI_20250211T080508_aid0001_32N.tif,2025-02-11 00:00:00,2025,2,morning,97.17705965295964,33770.0,True,True,False,1.0,True,32632.0,EPSG:32632,34751.0,34751.0,0.8600584864616394,0.9999999403953552,0.0,1.0,0.2970253229141235
raster,esi,ECO_L4T_ESI.002_ESI_20250214T103102_aid0001_32N.tif,data/ESI/ECO_L4T_ESI.002_ESI_20250214T103102_aid0001_32N.tif,ECO_L4T_ESI.002_ESI_20250214T103102_aid0001_32N.tif,2025-02-14 00:00:00,2025,2,midday_afternoon,99.00146758366664,34404.0,True,True,False,1.0,True,32632.0,EPSG:32632,34751.0,34751.0,0.8699654936790466,0.8883529901504517,0.0,1.0,0.1321021169424057
raster,esi,ECO_L4T_ESI.002_ESI_20250217T094209_aid0001_32N.tif,data/ESI/ECO_L4T_ESI.002_ESI_20250217T094209_aid0001_32N.tif,ECO_L4T_ESI.002_ESI_20250217T094209_aid0001_32N.tif,2025-02-17 00:00:00,2025,2,midday_afternoon,100.0,34751.0,True,True,False,1.0,True,32632.0,EPSG:32632,34751.0,34751.0,0.4974975287914276,0.5772220492362976,0.0,1.0,0.4163222014904022
raster,esi,ECO_L4T_ESI.002_ESI_20250218T085337_aid0001_32N.tif,data/ESI/ECO_L4T_ESI.002_ESI_20250218T085337_aid0001_32N.tif,ECO_L4T_ESI.002_ESI_20250218T085337_aid0001_32N.tif,2025-02-18 00:00:00,2025,2,morning,94.32822077062532,32780.0,True,True,False,1.0,True,32632.0,EPSG:32632,34751.0,34751.0,0.4449479877948761,0.3954378366470337,0.0,1.0,0.4305122792720794
raster,esi,ECO_L4T_ESI.002_ESI_20250222T071815_aid0001_32N.tif,data/ESI/ECO_L4T_ESI.002_ESI_20250222T071815_aid0001_32N.tif,ECO_L4T_ESI.002_ESI_20250222T071815_aid0001_32N.tif,2025-02-22 00:00:00,2025,2,morning,30.459555120715955,10585.0,True,False,False,1.0,False,32632.0,EPSG:32632,34751.0,34751.0,0.7359195351600647,0.969830334186554,0.0,1.0,0.3604452013969421
raster,esi,ECO_L4T_ESI.002_ESI_20250330T125134_aid0001_32N.tif,data/ESI/ECO_L4T_ESI.002_ESI_20250330T125134_aid0001_32N.tif,ECO_L4T_ESI.002_ESI_20250330T125134_aid0001_32N.tif,2025-03-30 00:00:00,2025,3,midday_afternoon,93.55701994187216,32512.0,True,True,False,1.0,True,32632.0,EPSG:32632,34751.0,34751.0,0.8539011478424072,0.9999999403953552,0.0,1.0,0.2732149362564087
raster,esi,ECO_L4T_ESI.002_ESI_20250404T151752_aid0001_32N.tif,data/ESI/ECO_L4T_ESI.002_ESI_20250404T151752_aid0001_32N.tif,ECO_L4T_ESI.002_ESI_20250404T151752_aid0001_32N.tif,2025-04-04 00:00:00,2025,4,evening,100.0,34751.0,True,True,False,1.0,True,32632.0,EPSG:32632,34751.0,34751.0,0.7121750116348267,0.9094467163085938,0.0,1.0,0.3781150877475738
raster,esi,ECO_L4T_ESI.002_ESI_20250407T094046_aid0001_32N.tif,data/ESI/ECO_L4T_ESI.002_ESI_20250407T094046_aid0001_32N.tif,ECO_L4T_ESI.002_ESI_20250407T094046_aid0001_32N.tif,2025-04-07 00:00:00,2025,4,midday_afternoon,100.0,34751.0,True,True,False,1.0,True,32632.0,EPSG:32632,34751.0,34751.0,0.8325900435447693,0.9860591888427734,0.0,1.0,0.2697023749351501
raster,esi,ECO_L4T_ESI.002_ESI_20250410T085402_aid0001_32N.tif,data/ESI/ECO_L4T_ESI.002_ESI_20250410T085402_aid0001_32N.tif,ECO_L4T_ESI.002_ESI_20250410T085402_aid0001_32N.tif,2025-04-10 00:00:00,2025,4,morning,100.0,34751.0,True,True,False,1.0,True,32632.0,EPSG:32632,34751.0,34751.0,0.9163057804107666,0.9999999403953552,0.0,1.0,0.1739716380834579
raster,esi,ECO_L4T_ESI.002_ESI_20250411T080621_aid0001_32N.tif,data/ESI/ECO_L4T_ESI.002_ESI_20250411T080621_aid0001_32N.tif,ECO_L4T_ESI.002_ESI_20250411T080621_aid0001_32N.tif,2025-04-11 00:00:00,2025,4,morning,100.0,34751.0,True,True,False,1.0,True,32632.0,EPSG:32632,34751.0,34751.0,0.8933847546577454,0.9999999403953552,0.0,1.0,0.2378055155277252
raster,esi,ECO_L4T_ESI.002_ESI_20250412T120912_aid0001_32N.tif,data/ESI/ECO_L4T_ESI.002_ESI_20250412T120912_aid0001_32N.tif,ECO_L4T_ESI.002_ESI_20250412T120912_aid0001_32N.tif,2025-04-12 00:00:00,2025,4,midday_afternoon,100.0,34751.0,True,True,False,1.0,True,32632.0,EPSG:32632,34751.0,34751.0,0.926511526107788,0.9999999403953552,0.0,1.0,0.1562408506870269
raster,esi,ECO_L4T_ESI.002_ESI_20250415T063131_aid0001_32N.tif,data/ESI/ECO_L4T_ESI.002_ESI_20250415T063131_aid0001_32N.tif,ECO_L4T_ESI.002_ESI_20250415T063131_aid0001_32N.tif,2025-04-15 00:00:00,2025,4,morning,84.50692066415355,29367.0,True,True,False,1.0,True,32632.0,EPSG:32632,34751.0,34751.0,0.9695348739624025,1.0,0.5896267294883728,1.0,0.0566172190010547
raster,esi,ECO_L4T_ESI.002_ESI_20250418T054400_aid0001_32N.tif,data/ESI/ECO_L4T_ESI.002_ESI_20250418T054400_aid0001_32N.tif,ECO_L4T_ESI.002_ESI_20250418T054400_aid0001_32N.tif,2025-04-18 00:00:00,2025,4,morning,100.0,34751.0,True,True,False,1.0,True,32632.0,EPSG:32632,34751.0,34751.0,0.5802049040794373,0.8077427744865417,0.0,1.0,0.4239804148674011
raster,esi,ECO_L4T_ESI.002_ESI_20250423T081045_aid0001_32N.tif,data/ESI/ECO_L4T_ESI.002_ESI_20250423T081045_aid0001_32N.tif,ECO_L4T_ESI.002_ESI_20250423T081045_aid0001_32N.tif,2025-04-23 00:00:00,2025,4,morning,100.0,34751.0,True,True,False,1.0,True,32632.0,EPSG:32632,34751.0,34751.0,0.8276041746139526,0.9374051690101624,0.0521557070314884,1.0,0.2185094952583313
raster,esi,ECO_L4T_ESI.002_ESI_20250428T054918_aid0001_32N.tif,data/ESI/ECO_L4T_ESI.002_ESI_20250428T054918_aid0001_32N.tif,ECO_L4T_ESI.002_ESI_20250428T054918_aid0001_32N.tif,2025-04-28 00:00:00,2025,4,morning,100.0,94.0,True,True,True,0.002704958130701275,False,32632.0,EPSG:32632,94.0,34751.0,0.8574787974357605,1.0,0.5573319792747498,1.0,0.1955220401287078
raster,esi,ECO_L4T_ESI.002_ESI_20250516T175254_aid0001_32N.tif,data/ESI/ECO_L4T_ESI.002_ESI_20250516T175254_aid0001_32N.tif,ECO_L4T_ESI.002_ESI_20250516T175254_aid0001_32N.tif,2025-05-16 00:00:00,2025,5,evening,0.0057552300653218,2.0,True,False,False,1.0,False,32632.0,EPSG:32632,34751.0,34751.0,0.5576428771018982,0.5576428771018982,0.5294206738471985,0.5858650803565979,0.0282222032546997
raster,esi,ECO_L4T_ESI.002_ESI_20250530T130618_aid0001_32N.tif,data/ESI/ECO_L4T_ESI.002_ESI_20250530T130618_aid0001_32N.tif,ECO_L4T_ESI.002_ESI_20250530T130618_aid0001_32N.tif,2025-05-30 00:00:00,2025,5,midday_afternoon,100.0,34751.0,True,True,False,1.0,True,32632.0,EPSG:32632,34751.0,34751.0,0.7993294596672058,0.8985323905944824,0.0112846745178103,1.0,0.2595220804214477
raster,esi,ECO_L4T_ESI.002_ESI_20250531T121805_aid0001_32N.tif,data/ESI/ECO_L4T_ESI.002_ESI_20250531T121805_aid0001_32N.tif,ECO_L4T_ESI.002_ESI_20250531T121805_aid0001_32N.tif,2025-05-31 00:00:00,2025,5,midday_afternoon,99.490662139219,34574.0,True,True,False,1.0,True,32632.0,EPSG:32632,34751.0,34751.0,0.7914769649505615,0.8956683874130249,0.0,1.0,0.2647697627544403
raster,esi,ECO_L4T_ESI.002_ESI_20250603T112957_aid0001_32N.tif,data/ESI/ECO_L4T_ESI.002_ESI_20250603T112957_aid0001_32N.tif,ECO_L4T_ESI.002_ESI_20250603T112957_aid0001_32N.tif,2025-06-03 00:00:00,2025,6,midday_afternoon,38.75571925987742,13468.0,True,False,False,1.0,False,32632.0,EPSG:32632,34751.0,34751.0,0.8259354829788208,0.9103588461875916,0.0149978324770927,1.0,0.2004447281360626
raster,esi,ECO_L4T_ESI.002_ESI_20250613T112956_aid0001_32N.tif,data/ESI/ECO_L4T_ESI.002_ESI_20250613T112956_aid0001_32N.tif,ECO_L4T_ESI.002_ESI_20250613T112956_aid0001_32N.tif,2025-06-13 00:00:00,2025,6,midday_afternoon,90.7714885902564,31544.0,True,True,False,1.0,True,32632.0,EPSG:32632,34751.0,34751.0,0.6647588014602661,0.7308911085128784,0.0012274275068193,1.0,0.261835902929306
raster,esi,ECO_L4T_ESI.002_ESI_20250618T054920_aid0001_32N.tif,data/ESI/ECO_L4T_ESI.002_ESI_20250618T054920_aid0001_32N.tif,ECO_L4T_ESI.002_ESI_20250618T054920_aid0001_32N.tif,2025-06-18 00:00:00,2025,6,morning,99.99712238496734,34750.0,True,True,False,1.0,True,32632.0,EPSG:32632,34751.0,34751.0,0.7911475300788879,0.8195304870605469,0.1515911966562271,1.0,0.1587051898241043
raster,esi,ECO_L4T_ESI.002_ESI_20250621T081446_aid0001_32N.tif,data/ESI/ECO_L4T_ESI.002_ESI_20250621T081446_aid0001_32N.tif,ECO_L4T_ESI.002_ESI_20250621T081446_aid0001_32N.tif,2025-06-21 00:00:00,2025,6,morning,100.0,34751.0,True,True,False,1.0,True,32632.0,EPSG:32632,34751.0,34751.0,0.6900380253791809,0.8320786952972412,0.0002086745516862,1.0,0.2708199620246887
raster,esi,ECO_L4T_ESI.002_ESI_20250623T081424_aid0001_32N.tif,data/ESI/ECO_L4T_ESI.002_ESI_20250623T081424_aid0001_32N.tif,ECO_L4T_ESI.002_ESI_20250623T081424_aid0001_32N.tif,2025-06-23 00:00:00,2025,6,morning,84.04362464389514,29206.0,True,True,False,1.0,True,32632.0,EPSG:32632,34751.0,34751.0,0.7198704481124878,0.8247781991958618,0.0030033816583454,1.0,0.2408076226711273
raster,esi,ECO_L4T_ESI.002_ESI_20250624T072630_aid0001_32N.tif,data/ESI/ECO_L4T_ESI.002_ESI_20250624T072630_aid0001_32N.tif,ECO_L4T_ESI.002_ESI_20250624T072630_aid0001_32N.tif,2025-06-24 00:00:00,2025,6,morning,48.76694195850479,16947.0,True,False,False,1.0,False,32632.0,EPSG:32632,34751.0,34751.0,0.7764719128608704,0.8628883957862854,0.0116499839350581,1.0,0.2156641632318496
raster,et,ECO_L3T_JET.002_ETdaily_20190131T153850_aid0001_32N.tif,data/ET/ECO_L3T_JET.002_ETdaily_20190131T153850_aid0001_32N.tif,ECO_L3T_JET.002_ETdaily_20190131T153850_aid0001_32N.tif,2019-01-31 00:00:00,2019,1,evening,99.84173117320366,34696.0,True,True,False,1.0,True,32632.0,EPSG:32632,34751.0,34751.0,3.945922799175605e-05,0.0,0.0,0.2861220836639404,0.0021546208299696
raster,et,ECO_L3T_JET.002_ETdaily_20190210T115446_aid0001_32N.tif,data/ET/ECO_L3T_JET.002_ETdaily_20190210T115446_aid0001_32N.tif,ECO_L3T_JET.002_ETdaily_20190210T115446_aid0001_32N.tif,2019-02-10 00:00:00,2019,2,midday_afternoon,87.1025294236137,30269.0,True,True,False,1.0,True,32632.0,EPSG:32632,34751.0,34751.0,0.323892742395401,0.3209250569343567,0.0,0.8046641945838928,0.1073444411158561
raster,et,ECO_L3T_JET.002_ETdaily_20190211T110310_aid0001_32N.tif,data/ET/ECO_L3T_JET.002_ETdaily_20190211T110310_aid0001_32N.tif,ECO_L3T_JET.002_ETdaily_20190211T110310_aid0001_32N.tif,2019-02-11 00:00:00,2019,2,midday_afternoon,97.79574688498172,33985.0,True,True,False,1.0,True,32632.0,EPSG:32632,34751.0,34751.0,0.2070068418979644,0.211505502462387,0.0,1.7952752113342283,0.1347995847463607
raster,et,ECO_L3T_JET.002_ETdaily_20190211T155330_aid0001_32N.tif,data/ET/ECO_L3T_JET.002_ETdaily_20190211T155330_aid0001_32N.tif,ECO_L3T_JET.002_ETdaily_20190211T155330_aid0001_32N.tif,2019-02-11 00:00:00,2019,2,evening,99.5798682052315,34605.0,True,True,False,1.0,True,32632.0,EPSG:32632,34751.0,34751.0,0.0001073764433385,0.0,0.0,1.4323827028274536,0.0091226147487759
raster,et,ECO_L3T_JET.002_ETdaily_20190213T105702_aid0001_32N.tif,data/ET/ECO_L3T_JET.002_ETdaily_20190213T105702_aid0001_32N.tif,ECO_L3T_JET.002_ETdaily_20190213T105702_aid0001_32N.tif,2019-02-13 00:00:00,2019,2,midday_afternoon,100.0,34751.0,True,True,False,1.0,True,32632.0,EPSG:32632,34751.0,34751.0,0.2499043941497802,0.2560248374938965,0.0,0.9910967946052552,0.1749059855937957
raster,et,ECO_L3T_JET.002_ETdaily_20190214T145546_aid0001_32N.tif,data/ET/ECO_L3T_JET.002_ETdaily_20190214T145546_aid0001_32N.tif,ECO_L3T_JET.002_ETdaily_20190214T145546_aid0001_32N.tif,2019-02-14 00:00:00,2019,2,evening,99.99424476993468,34749.0,True,True,False,1.0,True,32632.0,EPSG:32632,34751.0,34751.0,0.0617001317441463,0.0,0.0,0.8267629146575928,0.1165769696235656
raster,et,ECO_L3T_JET.002_ETdaily_20190215T140410_aid0001_32N.tif,data/ET/ECO_L3T_JET.002_ETdaily_20190215T140410_aid0001_32N.tif,ECO_L3T_JET.002_ETdaily_20190215T140410_aid0001_32N.tif,2019-02-15 00:00:00,2019,2,evening,100.0,94.0,True,True,True,0.002704958130701275,False,32632.0,EPSG:32632,94.0,34751.0,0.1484172791242599,0.137616217136383,0.0,0.3904381394386291,0.139700099825859
raster,et,ECO_L3T_JET.002_ETdaily_20190217T090743_aid0001_32N.tif,data/ET/ECO_L3T_JET.002_ETdaily_20190217T090743_aid0001_32N.tif,ECO_L3T_JET.002_ETdaily_20190217T090743_aid0001_32N.tif,2019-02-17 00:00:00,2019,2,midday_afternoon,100.0,94.0,True,True,True,0.002704958130701275,False,32632.0,EPSG:32632,94.0,34751.0,0.1057607159018516,0.0860195532441139,0.0,0.4063497483730316,0.1003255695104599
raster,et,ECO_L3T_JET.002_ETdaily_20190219T121450_aid0001_32N.tif,data/ET/ECO_L3T_JET.002_ETdaily_20190219T121450_aid0001_32N.tif,ECO_L3T_JET.002_ETdaily_20190219T121450_aid0001_32N.tif,2019-02-19 00:00:00,2019,2,midday_afternoon,27.5243877874018,9565.0,True,False,False,1.0,False,32632.0,EPSG:32632,34751.0,34751.0,0.2424881756305694,0.2274037599563598,0.0,0.9936405420303344,0.1921009719371795
raster,et,ECO_L3T_JET.002_ETdaily_20190220T080958_aid0001_32N.tif,data/ET/ECO_L3T_JET.002_ETdaily_20190220T080958_aid0001_32N.tif,ECO_L3T_JET.002_ETdaily_20190220T080958_aid0001_32N.tif,2019-02-20 00:00:00,2019,2,morning,100.0,34751.0,True,True,False,1.0,True,32632.0,EPSG:32632,34751.0,34751.0,0.1272635608911514,0.0827784538269043,0.0,2.7044827938079834,0.1445730924606323
raster,et,ECO_L3T_JET.002_ETdaily_20190221T071822_aid0001_32N.tif,data/ET/ECO_L3T_JET.002_ETdaily_20190221T071822_aid0001_32N.tif,ECO_L3T_JET.002_ETdaily_20190221T071822_aid0001_32N.tif,2019-02-21 00:00:00,2019,2,morning,100.0,34751.0,True,True,False,1.0,True,32632.0,EPSG:32632,34751.0,34751.0,8.446405263384804e-05,0.0,0.0,0.6675392985343933,0.0053272489458322
raster,et,ECO_L3T_JET.002_ETdaily_20190221T120841_aid0001_32N.tif,data/ET/ECO_L3T_JET.002_ETdaily_20190221T120841_aid0001_32N.tif,ECO_L3T_JET.002_ETdaily_20190221T120841_aid0001_32N.tif,2019-02-21 00:00:00,2019,2,midday_afternoon,100.0,94.0,True,True,True,0.002704958130701275,False,32632.0,EPSG:32632,94.0,34751.0,0.199005514383316,0.189337819814682,0.0,0.4857476949691772,0.1473929584026336
raster,et,ECO_L3T_JET.002_ETdaily_20190222T111706_aid0001_32N.tif,data/ET/ECO_L3T_JET.002_ETdaily_20190222T111706_aid0001_32N.tif,ECO_L3T_JET.002_ETdaily_20190222T111706_aid0001_32N.tif,2019-02-22 00:00:00,2019,2,midday_afternoon,100.0,34751.0,True,True,False,1.0,True,32632.0,EPSG:32632,34751.0,34751.0,0.2998206615447998,0.3340045809745788,0.0,1.79121732711792,0.2168656587600708
raster,et,ECO_L3T_JET.002_ETdaily_20190225T101921_aid0001_32N.tif,data/ET/ECO_L3T_JET.002_ETdaily_20190225T101921_aid0001_32N.tif,ECO_L3T_JET.002_ETdaily_20190225T101921_aid0001_32N.tif,2019-02-25 00:00:00,2019,2,midday_afternoon,100.0,34751.0,True,True,False,1.0,True,32632.0,EPSG:32632,34751.0,34751.0,0.3045790791511535,0.2612777948379516,0.0,1.603368043899536,0.2974343001842499
raster,et,ECO_L3T_JET.002_ETdaily_20190228T092317_aid0001_32N.tif,data/ET/ECO_L3T_JET.002_ETdaily_20190228T092317_aid0001_32N.tif,ECO_L3T_JET.002_ETdaily_20190228T092317_aid0001_32N.tif,2019-02-28 00:00:00,2019,2,midday_afternoon,100.0,34751.0,True,True,False,1.0,True,32632.0,EPSG:32632,34751.0,34751.0,0.3803789615631103,0.3854232728481293,0.0,1.421056866645813,0.3068870007991791
raster,et,ECO_L3T_JET.002_ETdaily_20190604T145035_aid0001_32N.tif,data/ET/ECO_L3T_JET.002_ETdaily_20190604T145035_aid0001_32N.tif,ECO_L3T_JET.002_ETdaily_20190604T145035_aid0001_32N.tif,2019-06-04 00:00:00,2019,6,evening,20.32171736065149,7062.0,True,False,False,1.0,False,32632.0,EPSG:32632,34751.0,34751.0,0.6621391177177429,0.6613723039627075,0.0,2.597302198410034,0.3277113139629364
raster,et,ECO_L3T_JET.002_ETdaily_20190608T130928_aid0001_32N.tif,data/ET/ECO_L3T_JET.002_ETdaily_20190608T130928_aid0001_32N.tif,ECO_L3T_JET.002_ETdaily_20190608T130928_aid0001_32N.tif,2019-06-08 00:00:00,2019,6,midday_afternoon,99.87338493856292,34707.0,True,True,False,1.0,True,32632.0,EPSG:32632,34751.0,34751.0,2.208680868148804,2.0717780590057373,0.0,5.403957366943359,1.1348848342895508
raster,et,ECO_L3T_JET.002_ETdaily_20190609T122043_aid0001_32N.tif,data/ET/ECO_L3T_JET.002_ETdaily_20190609T122043_aid0001_32N.tif,ECO_L3T_JET.002_ETdaily_20190609T122043_aid0001_32N.tif,2019-06-09 00:00:00,2019,6,midday_afternoon,17.71459814106069,6156.0,True,False,False,1.0,False,32632.0,EPSG:32632,34751.0,34751.0,1.2045366764068604,1.281236171722412,0.1826845854520797,2.6725845336914062,0.4073609709739685
raster,et,ECO_L3T_JET.002_ETdaily_20190610T162134_aid0001_32N.tif,data/ET/ECO_L3T_JET.002_ETdaily_20190610T162134_aid0001_32N.tif,ECO_L3T_JET.002_ETdaily_20190610T162134_aid0001_32N.tif,2019-06-10 00:00:00,2019,6,evening,54.06750884866622,18789.0,True,False,False,1.0,False,32632.0,EPSG:32632,34751.0,34751.0,0.80865079164505,0.6951082944869995,0.0705071240663528,2.788593053817749,0.4152003824710846
raster,et,ECO_L3T_JET.002_ETdaily_20190612T112813_aid0001_32N.tif,data/ET/ECO_L3T_JET.002_ETdaily_20190612T112813_aid0001_32N.tif,ECO_L3T_JET.002_ETdaily_20190612T112813_aid0001_32N.tif,2019-06-12 00:00:00,2019,6,midday_afternoon,0.6704843026099968,233.0,True,False,False,1.0,False,32632.0,EPSG:32632,34751.0,34751.0,1.5093501806259155,1.4279441833496094,0.5030900239944458,2.7636094093322754,0.3908030390739441
raster,et,ECO_L3T_JET.002_ETdaily_20190613T103920_aid0001_32N.tif,data/ET/ECO_L3T_JET.002_ETdaily_20190613T103920_aid0001_32N.tif,ECO_L3T_JET.002_ETdaily_20190613T103920_aid0001_32N.tif,2019-06-13 00:00:00,2019,6,midday_afternoon,100.0,34751.0,True,True,False,1.0,True,32632.0,EPSG:32632,34751.0,34751.0,2.219533443450928,2.318768262863159,0.0317516326904296,5.132285118103027,0.8676996231079102
raster,et,ECO_L3T_JET.002_ETdaily_20190614T144037_aid0001_32N.tif,data/ET/ECO_L3T_JET.002_ETdaily_20190614T144037_aid0001_32N.tif,ECO_L3T_JET.002_ETdaily_20190614T144037_aid0001_32N.tif,2019-06-14 00:00:00,2019,6,evening,53.191489361702125,50.0,True,False,True,0.002704958130701275,False,32632.0,EPSG:32632,94.0,34751.0,1.7489961385726929,1.907215595245361,1.0405189990997314,2.5346693992614746,0.4855944514274597
raster,et,ECO_L3T_JET.002_ETdaily_20190615T103650_aid0001_32N.tif,data/ET/ECO_L3T_JET.002_ETdaily_20190615T103650_aid0001_32N.tif,ECO_L3T_JET.002_ETdaily_20190615T103650_aid0001_32N.tif,2019-06-15 00:00:00,2019,6,midday_afternoon,56.97965526171909,19801.0,True,False,False,1.0,False,32632.0,EPSG:32632,34751.0,34751.0,2.3822262287139893,2.2469611167907715,0.2022667378187179,6.110996246337891,1.139837622642517
raster,et,ECO_L3T_JET.002_ETdaily_20190617T134844_aid0001_32N.tif,data/ET/ECO_L3T_JET.002_ETdaily_20190617T134844_aid0001_32N.tif,ECO_L3T_JET.002_ETdaily_20190617T134844_aid0001_32N.tif,2019-06-17 00:00:00,2019,6,midday_afternoon,73.86262265834077,25668.0,True,True,False,1.0,True,32632.0,EPSG:32632,34751.0,34751.0,1.4611893892288208,1.4873443841934204,0.0153691694140434,4.574817180633545,0.607545793056488
raster,et,ECO_L3T_JET.002_ETdaily_20190619T085524_aid0001_32N.tif,data/ET/ECO_L3T_JET.002_ETdaily_20190619T085524_aid0001_32N.tif,ECO_L3T_JET.002_ETdaily_20190619T085524_aid0001_32N.tif,2019-06-19 00:00:00,2019,6,morning,99.95395815947742,34735.0,True,True,False,1.0,True,32632.0,EPSG:32632,34751.0,34751.0,3.042419910430908,3.1119658946990967,0.0240319967269897,7.136004447937012,1.039345622062683
raster,et,ECO_L3T_JET.002_ETdaily_20190623T071413_aid0001_32N.tif,data/ET/ECO_L3T_JET.002_ETdaily_20190623T071413_aid0001_32N.tif,ECO_L3T_JET.002_ETdaily_20190623T071413_aid0001_32N.tif,2019-06-23 00:00:00,2019,6,morning,96.32816321832463,33475.0,True,True,False,1.0,True,32632.0,EPSG:32632,34751.0,34751.0,2.6328084468841557,2.56994891166687,0.1087335348129272,5.923009395599365,0.5952271223068237
raster,et,ECO_L3T_JET.002_ETdaily_20190628T093339_aid0001_32N.tif,data/ET/ECO_L3T_JET.002_ETdaily_20190628T093339_aid0001_32N.tif,ECO_L3T_JET.002_ETdaily_20190628T093339_aid0001_32N.tif,2019-06-28 00:00:00,2019,6,midday_afternoon,100.0,34751.0,True,True,False,1.0,True,32632.0,EPSG:32632,34751.0,34751.0,2.8702285289764404,3.280343532562256,0.048320434987545,5.996891021728516,0.994565486907959
raster,et,ECO_L3T_JET.002_ETdaily_20190630T044036_aid0001_32N.tif,data/ET/ECO_L3T_JET.002_ETdaily_20190630T044036_aid0001_32N.tif,ECO_L3T_JET.002_ETdaily_20190630T044036_aid0001_32N.tif,2019-06-30 00:00:00,2019,6,morning,100.0,34751.0,True,True,False,1.0,True,32632.0,EPSG:32632,34751.0,34751.0,1.111781120300293,1.0728645324707031,0.2814453244209289,2.8293378353118896,0.2840772867202759
raster,et,ECO_L3T_JET.002_ETdaily_20200131T150849_aid0001_32N.tif,data/ET/ECO_L3T_JET.002_ETdaily_20200131T150849_aid0001_32N.tif,ECO_L3T_JET.002_ETdaily_20200131T150849_aid0001_32N.tif,2020-01-31 00:00:00,2020,1,evening,100.0,34751.0,True,True,False,1.0,True,32632.0,EPSG:32632,34751.0,34751.0,0.0033558886498212,0.0,0.0,0.3974271118640899,0.0217299107462167
raster,et,ECO_L3T_JET.002_ETdaily_20200204T133500_aid0001_32N.tif,data/ET/ECO_L3T_JET.002_ETdaily_20200204T133500_aid0001_32N.tif,ECO_L3T_JET.002_ETdaily_20200204T133500_aid0001_32N.tif,2020-02-04 00:00:00,2020,2,midday_afternoon,49.08347961209749,17057.0,True,False,False,1.0,False,32632.0,EPSG:32632,34751.0,34751.0,0.2401814758777618,0.2531078159809112,0.0410113036632537,0.5019412636756897,0.0704946517944336
raster,et,ECO_L3T_JET.002_ETdaily_20200205T124732_aid0001_32N.tif,data/ET/ECO_L3T_JET.002_ETdaily_20200205T124732_aid0001_32N.tif,ECO_L3T_JET.002_ETdaily_20200205T124732_aid0001_32N.tif,2020-02-05 00:00:00,2020,2,midday_afternoon,96.85764438433426,33659.0,True,True,False,1.0,True,32632.0,EPSG:32632,34751.0,34751.0,0.145310565829277,0.1463236808776855,0.0,0.595316469669342,0.0982437580823898
raster,et,ECO_L3T_JET.002_ETdaily_20200208T120145_aid0001_32N.tif,data/ET/ECO_L3T_JET.002_ETdaily_20200208T120145_aid0001_32N.tif,ECO_L3T_JET.002_ETdaily_20200208T120145_aid0001_32N.tif,2020-02-08 00:00:00,2020,2,midday_afternoon,100.0,34751.0,True,True,False,1.0,True,32632.0,EPSG:32632,34751.0,34751.0,0.2329179942607879,0.22557133436203,0.0,1.1760520935058594,0.1826831400394439
raster,et,ECO_L3T_JET.002_ETdaily_20200327T163143_aid0001_32N.tif,data/ET/ECO_L3T_JET.002_ETdaily_20200327T163143_aid0001_32N.tif,ECO_L3T_JET.002_ETdaily_20200327T163143_aid0001_32N.tif,2020-03-27 00:00:00,2020,3,evening,85.12848551120831,29583.0,True,True,False,1.0,True,32632.0,EPSG:32632,34751.0,34751.0,0.332084059715271,0.269589215517044,0.0,2.0105645656585693,0.3255200982093811
raster,et,ECO_L3T_JET.002_ETdaily_20200330T154618_aid0001_32N.tif,data/ET/ECO_L3T_JET.002_ETdaily_20200330T154618_aid0001_32N.tif,ECO_L3T_JET.002_ETdaily_20200330T154618_aid0001_32N.tif,2020-03-30 00:00:00,2020,3,evening,100.0,94.0,True,True,True,0.002704958130701275,False,32632.0,EPSG:32632,94.0,34751.0,0.1726349294185638,0.1596557050943374,0.1182801946997642,0.3012883961200714,0.0394072532653808
raster,et,ECO_L3T_JET.002_ETdaily_20200331T145901_aid0001_32N.tif,data/ET/ECO_L3T_JET.002_ETdaily_20200331T145901_aid0001_32N.tif,ECO_L3T_JET.002_ETdaily_20200331T145901_aid0001_32N.tif,2020-03-31 00:00:00,2020,3,evening,100.0,94.0,True,True,True,0.002704958130701275,False,32632.0,EPSG:32632,94.0,34751.0,0.3941457271575928,0.3730469346046448,0.2545846104621887,0.7787896990776062,0.0979503095149993
raster,et,ECO_L3T_JET.002_ETdaily_20200403T141346_aid0001_32N.tif,data/ET/ECO_L3T_JET.002_ETdaily_20200403T141346_aid0001_32N.tif,ECO_L3T_JET.002_ETdaily_20200403T141346_aid0001_32N.tif,2020-04-03 00:00:00,2020,4,evening,100.0,34751.0,True,True,False,1.0,True,32632.0,EPSG:32632,34751.0,34751.0,0.6809074282646179,0.6710964441299438,0.0,1.706376075744629,0.2853416502475738
raster,et,ECO_L3T_JET.002_ETdaily_20200404T132602_aid0001_32N.tif,data/ET/ECO_L3T_JET.002_ETdaily_20200404T132602_aid0001_32N.tif,ECO_L3T_JET.002_ETdaily_20200404T132602_aid0001_32N.tif,2020-04-04 00:00:00,2020,4,midday_afternoon,78.58191131190469,27308.0,True,True,False,1.0,True,32632.0,EPSG:32632,34751.0,34751.0,0.7350403666496277,0.6979143023490906,0.0,2.035203218460083,0.3284009099006653
raster,et,ECO_L3T_JET.002_ETdaily_20200404T132654_aid0001_32N.tif,data/ET/ECO_L3T_JET.002_ETdaily_20200404T132654_aid0001_32N.tif,ECO_L3T_JET.002_ETdaily_20200404T132654_aid0001_32N.tif,2020-04-04 00:00:00,2020,4,midday_afternoon,31.25665448476303,10862.0,True,False,False,1.0,False,32632.0,EPSG:32632,34751.0,34751.0,0.6629940867424011,0.6380316019058228,0.0,1.6722503900527954,0.3229130208492279
raster,et,ECO_L3T_JET.002_ETdaily_20200407T124205_aid0001_32N.tif,data/ET/ECO_L3T_JET.002_ETdaily_20200407T124205_aid0001_32N.tif,ECO_L3T_JET.002_ETdaily_20200407T124205_aid0001_32N.tif,2020-04-07 00:00:00,2020,4,midday_afternoon,100.0,94.0,True,True,True,0.002704958130701275,False,32632.0,EPSG:32632,94.0,34751.0,0.6637150645256042,0.7395495176315308,0.0,1.5289087295532229,0.3664619326591491
raster,et,ECO_L3T_JET.002_ETdaily_20200408T115421_aid0001_32N.tif,data/ET/ECO_L3T_JET.002_ETdaily_20200408T115421_aid0001_32N.tif,ECO_L3T_JET.002_ETdaily_20200408T115421_aid0001_32N.tif,2020-04-08 00:00:00,2020,4,midday_afternoon,100.0,34751.0,True,True,False,1.0,True,32632.0,EPSG:32632,34751.0,34751.0,0.8609800934791565,0.8917714953422546,0.0,2.644153356552124,0.4671435356140136
raster,et,ECO_L3T_JET.002_ETdaily_20200413T142716_aid0001_32N.tif,data/ET/ECO_L3T_JET.002_ETdaily_20200413T142716_aid0001_32N.tif,ECO_L3T_JET.002_ETdaily_20200413T142716_aid0001_32N.tif,2020-04-13 00:00:00,2020,4,evening,82.24799286351472,28582.0,True,True,False,1.0,True,32632.0,EPSG:32632,34751.0,34751.0,1.437249779701233,1.2673590183258057,0.0,4.294682025909424,0.8163079619407654
raster,et,ECO_L3T_JET.002_ETdaily_20200415T093837_aid0001_32N.tif,data/ET/ECO_L3T_JET.002_ETdaily_20200415T093837_aid0001_32N.tif,ECO_L3T_JET.002_ETdaily_20200415T093837_aid0001_32N.tif,2020-04-15 00:00:00,2020,4,midday_afternoon,100.0,34751.0,True,True,False,1.0,True,32632.0,EPSG:32632,34751.0,34751.0,1.4006997346878052,1.3503059148788452,0.0,4.631360530853272,0.5887472033500671
raster,et,ECO_L3T_JET.002_ETdaily_20200417T125534_aid0001_32N.tif,data/ET/ECO_L3T_JET.002_ETdaily_20200417T125534_aid0001_32N.tif,ECO_L3T_JET.002_ETdaily_20200417T125534_aid0001_32N.tif,2020-04-17 00:00:00,2020,4,midday_afternoon,100.0,34751.0,True,True,False,1.0,True,32632.0,EPSG:32632,34751.0,34751.0,1.3459618091583252,1.3574609756469729,0.1283711791038513,3.531280040740967,0.4724931418895721
raster,et,ECO_L3T_JET.002_ETdaily_20200420T071859_aid0001_32N.tif,data/ET/ECO_L3T_JET.002_ETdaily_20200420T071859_aid0001_32N.tif,ECO_L3T_JET.002_ETdaily_20200420T071859_aid0001_32N.tif,2020-04-20 00:00:00,2020,4,morning,100.0,34751.0,True,True,False,1.0,True,32632.0,EPSG:32632,34751.0,34751.0,0.3470277488231659,0.3134506642818451,0.0,1.2914494276046753,0.1928368955850601
raster,et,ECO_L3T_JET.002_ETdaily_20200421T112222_aid0001_32N.tif,data/ET/ECO_L3T_JET.002_ETdaily_20200421T112222_aid0001_32N.tif,ECO_L3T_JET.002_ETdaily_20200421T112222_aid0001_32N.tif,2020-04-21 00:00:00,2020,4,midday_afternoon,1.0560847169865617,367.0,True,False,False,1.0,False,32632.0,EPSG:32632,34751.0,34751.0,2.4140987396240234,2.323326110839844,1.9194930791854856,3.4008917808532715,0.2929145693778991
raster,et,ECO_L3T_JET.002_ETdaily_20200423T063205_aid0001_32N.tif,data/ET/ECO_L3T_JET.002_ETdaily_20200423T063205_aid0001_32N.tif,ECO_L3T_JET.002_ETdaily_20200423T063205_aid0001_32N.tif,2020-04-23 00:00:00,2020,4,morning,100.0,34751.0,True,True,False,1.0,True,32632.0,EPSG:32632,34751.0,34751.0,0.9804269075393676,1.0197068452835083,0.0,2.304328680038452,0.4599156379699707
raster,et,ECO_L3T_JET.002_ETdaily_20200424T054455_aid0001_32N.tif,data/ET/ECO_L3T_JET.002_ETdaily_20200424T054455_aid0001_32N.tif,ECO_L3T_JET.002_ETdaily_20200424T054455_aid0001_32N.tif,2020-04-24 00:00:00,2020,4,morning,100.0,34751.0,True,True,False,1.0,True,32632.0,EPSG:32632,34751.0,34751.0,0.184859350323677,0.0,0.0,2.147465705871582,0.3495511710643768
raster,et,ECO_L3T_JET.002_ETdaily_20200427T045824_aid0001_32N.tif,data/ET/ECO_L3T_JET.002_ETdaily_20200427T045824_aid0001_32N.tif,ECO_L3T_JET.002_ETdaily_20200427T045824_aid0001_32N.tif,2020-04-27 00:00:00,2020,4,morning,100.0,34751.0,True,True,False,1.0,True,32632.0,EPSG:32632,34751.0,34751.0,0.257963627576828,0.0,0.0,2.774812936782837,0.4263743162155151
raster,et,ECO_L3T_JET.002_ETdaily_20200429T081408_aid0001_32N.tif,data/ET/ECO_L3T_JET.002_ETdaily_20200429T081408_aid0001_32N.tif,ECO_L3T_JET.002_ETdaily_20200429T081408_aid0001_32N.tif,2020-04-29 00:00:00,2020,4,morning,84.40908175304308,29333.0,True,True,False,1.0,True,32632.0,EPSG:32632,34751.0,34751.0,0.6980527639389038,0.6811474561691284,0.0,1.6764127016067505,0.246365338563919
raster,et,ECO_L3T_JET.002_ETdaily_20200503T063952_aid0001_32N.tif,data/ET/ECO_L3T_JET.002_ETdaily_20200503T063952_aid0001_32N.tif,ECO_L3T_JET.002_ETdaily_20200503T063952_aid0001_32N.tif,2020-05-03 00:00:00,2020,5,morning,100.0,34751.0,True,True,False,1.0,True,32632.0,EPSG:32632,34751.0,34751.0,1.2137361764907837,1.13844096660614,0.3220438659191131,2.2075388431549072,0.2382398843765258
raster,et,ECO_L3T_JET.002_ETdaily_20200605T131348_aid0001_32N.tif,data/ET/ECO_L3T_JET.002_ETdaily_20200605T131348_aid0001_32N.tif,ECO_L3T_JET.002_ETdaily_20200605T131348_aid0001_32N.tif,2020-06-05 00:00:00,2020,6,midday_afternoon,55.93508100486317,19438.0,True,False,False,1.0,False,32632.0,EPSG:32632,34751.0,34751.0,2.1965198516845703,2.180634021759033,0.3851510286331177,5.368775844573975,0.5710400342941284
raster,et,ECO_L3T_JET.002_ETdaily_20200606T122604_aid0001_32N.tif,data/ET/ECO_L3T_JET.002_ETdaily_20200606T122604_aid0001_32N.tif,ECO_L3T_JET.002_ETdaily_20200606T122604_aid0001_32N.tif,2020-06-06 00:00:00,2020,6,midday_afternoon,1.1021265575091364,383.0,True,False,False,1.0,False,32632.0,EPSG:32632,34751.0,34751.0,1.1532198190689087,1.1658811569213867,0.5607273578643799,1.6531356573104858,0.1635577827692031
raster,et,ECO_L3T_JET.002_ETdaily_20200606T171752_aid0001_32N.tif,data/ET/ECO_L3T_JET.002_ETdaily_20200606T171752_aid0001_32N.tif,ECO_L3T_JET.002_ETdaily_20200606T171752_aid0001_32N.tif,2020-06-06 00:00:00,2020,6,evening,11.04140888031999,3837.0,True,False,False,1.0,False,32632.0,EPSG:32632,34751.0,34751.0,1.4890341758728027,1.564909815788269,0.0446024909615516,3.234591245651245,0.4338693022727966
raster,et,ECO_L3T_JET.002_ETdaily_20200608T122708_aid0001_32N.tif,data/ET/ECO_L3T_JET.002_ETdaily_20200608T122708_aid0001_32N.tif,ECO_L3T_JET.002_ETdaily_20200608T122708_aid0001_32N.tif,2020-06-08 00:00:00,2020,6,midday_afternoon,3.2574602169721736,1132.0,True,False,False,1.0,False,32632.0,EPSG:32632,34751.0,34751.0,0.6393543481826782,0.6361724138259888,0.1962656825780868,1.1656627655029297,0.1790982037782669
raster,et,ECO_L3T_JET.002_ETdaily_20200610T105207_aid0001_32N.tif,data/ET/ECO_L3T_JET.002_ETdaily_20200610T105207_aid0001_32N.tif,ECO_L3T_JET.002_ETdaily_20200610T105207_aid0001_32N.tif,2020-06-10 00:00:00,2020,6,midday_afternoon,33.76881240827602,11735.0,True,False,False,1.0,False,32632.0,EPSG:32632,34751.0,34751.0,0.6323300004005432,0.6197906732559204,0.0500225611031055,1.8651007413864136,0.259631335735321
raster,et,ECO_L3T_JET.002_ETdaily_20200611T145525_aid0001_32N.tif,data/ET/ECO_L3T_JET.002_ETdaily_20200611T145525_aid0001_32N.tif,ECO_L3T_JET.002_ETdaily_20200611T145525_aid0001_32N.tif,2020-06-11 00:00:00,2020,6,evening,4.540876521538949,1578.0,True,False,False,1.0,False,32632.0,EPSG:32632,34751.0,34751.0,1.324104070663452,1.3413132429122925,0.2473108321428299,2.831535577774048,0.3681000769138336
raster,et,ECO_L3T_JET.002_ETdaily_20200612T105304_aid0001_32N.tif,data/ET/ECO_L3T_JET.002_ETdaily_20200612T105304_aid0001_32N.tif,ECO_L3T_JET.002_ETdaily_20200612T105304_aid0001_32N.tif,2020-06-12 00:00:00,2020,6,midday_afternoon,50.89062185260856,17685.0,True,False,False,1.0,False,32632.0,EPSG:32632,34751.0,34751.0,3.3777379989624023,3.440401792526245,1.6223596334457395,6.176009654998779,0.3238599598407745
raster,et,ECO_L3T_JET.002_ETdaily_20200613T100451_aid0001_32N.tif,data/ET/ECO_L3T_JET.002_ETdaily_20200613T100451_aid0001_32N.tif,ECO_L3T_JET.002_ETdaily_20200613T100451_aid0001_32N.tif,2020-06-13 00:00:00,2020,6,midday_afternoon,97.84754395556962,34003.0,True,True,False,1.0,True,32632.0,EPSG:32632,34751.0,34751.0,3.1293296813964844,3.156466245651245,0.5982928276062012,5.779319763183594,0.4661451876163482
raster,et,ECO_L3T_JET.002_ETdaily_20200614T091731_aid0001_32N.tif,data/ET/ECO_L3T_JET.002_ETdaily_20200614T091731_aid0001_32N.tif,ECO_L3T_JET.002_ETdaily_20200614T091731_aid0001_32N.tif,2020-06-14 00:00:00,2020,6,midday_afternoon,5.481856637219073,1905.0,True,False,False,1.0,False,32632.0,EPSG:32632,34751.0,34751.0,1.311798095703125,1.324466109275818,1.1550291776657104,1.5238587856292725,0.0717200711369514
raster,et,ECO_L3T_JET.002_ETdaily_20200616T091831_aid0001_32N.tif,data/ET/ECO_L3T_JET.002_ETdaily_20200616T091831_aid0001_32N.tif,ECO_L3T_JET.002_ETdaily_20200616T091831_aid0001_32N.tif,2020-06-16 00:00:00,2020,6,midday_afternoon,72.7921498661909,25296.0,True,True,False,1.0,True,32632.0,EPSG:32632,34751.0,34751.0,1.3154851198196411,1.3252605199813845,0.902195394039154,1.5687637329101562,0.0809681862592697
raster,et,ECO_L3T_JET.002_ETdaily_20200617T083012_aid0001_32N.tif,data/ET/ECO_L3T_JET.002_ETdaily_20200617T083012_aid0001_32N.tif,ECO_L3T_JET.002_ETdaily_20200617T083012_aid0001_32N.tif,2020-06-17 00:00:00,2020,6,morning,34.86230612068717,12115.0,True,False,False,1.0,False,32632.0,EPSG:32632,34751.0,34751.0,0.769088089466095,0.7580339312553406,0.2542820870876312,1.2730098962783811,0.1216807961463928
raster,et,ECO_L3T_JET.002_ETdaily_20200625T052032_aid0001_32N.tif,data/ET/ECO_L3T_JET.002_ETdaily_20200625T052032_aid0001_32N.tif,ECO_L3T_JET.002_ETdaily_20200625T052032_aid0001_32N.tif,2020-06-25 00:00:00,2020,6,morning,100.0,34751.0,True,True,False,1.0,True,32632.0,EPSG:32632,34751.0,34751.0,0.777392566204071,0.8159850239753723,0.0,4.669062614440918,0.2665835618972778
raster,et,ECO_L3T_JET.002_ETdaily_20200627T083636_aid0001_32N.tif,data/ET/ECO_L3T_JET.002_ETdaily_20200627T083636_aid0001_32N.tif,ECO_L3T_JET.002_ETdaily_20200627T083636_aid0001_32N.tif,2020-06-27 00:00:00,2020,6,morning,100.0,94.0,True,True,True,0.002704958130701275,False,32632.0,EPSG:32632,94.0,34751.0,2.508640766143799,2.408566951751709,1.6710916757583618,3.4182205200195312,0.3956384062767029
raster,et,ECO_L3T_JET.002_ETdaily_20200628T043425_aid0001_32N.tif,data/ET/ECO_L3T_JET.002_ETdaily_20200628T043425_aid0001_32N.tif,ECO_L3T_JET.002_ETdaily_20200628T043425_aid0001_32N.tif,2020-06-28 00:00:00,2020,6,morning,100.0,34751.0,True,True,False,1.0,True,32632.0,EPSG:32632,34751.0,34751.0,0.2380681037902832,0.1008155867457389,0.0,4.165258884429932,0.3458952307701111
raster,et,ECO_L3T_JET.002_ETdaily_20200630T074936_aid0001_32N.tif,data/ET/ECO_L3T_JET.002_ETdaily_20200630T074936_aid0001_32N.tif,ECO_L3T_JET.002_ETdaily_20200630T074936_aid0001_32N.tif,2020-06-30 00:00:00,2020,6,morning,100.0,34751.0,True,True,False,1.0,True,32632.0,EPSG:32632,34751.0,34751.0,2.8195810317993164,2.890183925628662,0.2394105643033981,6.49369478225708,0.6040524840354919
raster,et,ECO_L3T_JET.002_ETdaily_20210127T152613_aid0001_32N.tif,data/ET/ECO_L3T_JET.002_ETdaily_20210127T152613_aid0001_32N.tif,ECO_L3T_JET.002_ETdaily_20210127T152613_aid0001_32N.tif,2021-01-27 00:00:00,2021,1,evening,20.69580731489741,7192.0,True,False,False,1.0,False,32632.0,EPSG:32632,34751.0,34751.0,0.4467672407627105,0.4301790595054626,0.0851756781339645,0.8231298923492432,0.1232428774237632
raster,et,ECO_L3T_JET.002_ETdaily_20210129T152744_aid0001_32N.tif,data/ET/ECO_L3T_JET.002_ETdaily_20210129T152744_aid0001_32N.tif,ECO_L3T_JET.002_ETdaily_20210129T152744_aid0001_32N.tif,2021-01-29 00:00:00,2021,1,evening,3.539466490172945,1230.0,True,False,False,1.0,False,32632.0,EPSG:32632,34751.0,34751.0,0.0477076582610607,0.0,0.0,0.7390446066856384,0.1240051910281181
raster,et,ECO_L3T_JET.002_ETdaily_20210131T135337_aid0001_32N.tif,data/ET/ECO_L3T_JET.002_ETdaily_20210131T135337_aid0001_32N.tif,ECO_L3T_JET.002_ETdaily_20210131T135337_aid0001_32N.tif,2021-01-31 00:00:00,2021,1,midday_afternoon,100.0,94.0,True,True,True,0.002704958130701275,False,32632.0,EPSG:32632,94.0,34751.0,0.1296856999397277,0.150091290473938,0.0,0.1647800505161285,0.0541082099080085
raster,et,ECO_L3T_JET.002_ETdaily_20210203T130805_aid0001_32N.tif,data/ET/ECO_L3T_JET.002_ETdaily_20210203T130805_aid0001_32N.tif,ECO_L3T_JET.002_ETdaily_20210203T130805_aid0001_32N.tif,2021-02-03 00:00:00,2021,2,midday_afternoon,100.0,34751.0,True,True,False,1.0,True,32632.0,EPSG:32632,34751.0,34751.0,0.1149834617972374,0.0741649642586708,0.0,0.5797920227050781,0.1265503615140915
raster,et,ECO_L3T_JET.002_ETdaily_20210204T122058_aid0001_32N.tif,data/ET/ECO_L3T_JET.002_ETdaily_20210204T122058_aid0001_32N.tif,ECO_L3T_JET.002_ETdaily_20210204T122058_aid0001_32N.tif,2021-02-04 00:00:00,2021,2,midday_afternoon,99.98561192483668,34746.0,True,True,False,1.0,True,32632.0,EPSG:32632,34751.0,34751.0,0.2993215918540954,0.2850777208805084,0.0083089591935276,0.8145555853843689,0.0804105848073959
raster,et,ECO_L3T_JET.002_ETdaily_20210207T113525_aid0001_32N.tif,data/ET/ECO_L3T_JET.002_ETdaily_20210207T113525_aid0001_32N.tif,ECO_L3T_JET.002_ETdaily_20210207T113525_aid0001_32N.tif,2021-02-07 00:00:00,2021,2,midday_afternoon,100.0,94.0,True,True,True,0.002704958130701275,False,32632.0,EPSG:32632,94.0,34751.0,0.1531353443861007,0.1209023222327232,0.0613976530730724,0.4333271086215973,0.10810087621212
raster,et,ECO_L3T_JET.002_ETdaily_20210209T145149_aid0001_32N.tif,data/ET/ECO_L3T_JET.002_ETdaily_20210209T145149_aid0001_32N.tif,ECO_L3T_JET.002_ETdaily_20210209T145149_aid0001_32N.tif,2021-02-09 00:00:00,2021,2,evening,100.0,34751.0,True,True,False,1.0,True,32632.0,EPSG:32632,34751.0,34751.0,0.0555113069713115,0.0,0.0,0.925601065158844,0.0942055135965347
raster,et,ECO_L3T_JET.002_ETdaily_20210211T100242_aid0001_32N.tif,data/ET/ECO_L3T_JET.002_ETdaily_20210211T100242_aid0001_32N.tif,ECO_L3T_JET.002_ETdaily_20210211T100242_aid0001_32N.tif,2021-02-11 00:00:00,2021,2,midday_afternoon,100.0,34751.0,True,True,False,1.0,True,32632.0,EPSG:32632,34751.0,34751.0,0.122887372970581,0.1063080206513404,0.0,0.6644253134727478,0.1216877549886703
raster,et,ECO_L3T_JET.002_ETdaily_20210212T091524_aid0001_32N.tif,data/ET/ECO_L3T_JET.002_ETdaily_20210212T091524_aid0001_32N.tif,ECO_L3T_JET.002_ETdaily_20210212T091524_aid0001_32N.tif,2021-02-12 00:00:00,2021,2,midday_afternoon,100.0,34751.0,True,True,False,1.0,True,32632.0,EPSG:32632,34751.0,34751.0,0.0779190137982368,0.0110522797331213,0.0,0.7882000207901001,0.1166169717907905
raster,et,ECO_L3T_JET.002_ETdaily_20210213T131908_aid0001_32N.tif,data/ET/ECO_L3T_JET.002_ETdaily_20210213T131908_aid0001_32N.tif,ECO_L3T_JET.002_ETdaily_20210213T131908_aid0001_32N.tif,2021-02-13 00:00:00,2021,2,midday_afternoon,100.0,34751.0,True,True,False,1.0,True,32632.0,EPSG:32632,34751.0,34751.0,0.1534433960914611,0.09628277271986,0.0,0.8438313007354736,0.1679726839065551
raster,et,ECO_L3T_JET.002_ETdaily_20210216T074216_aid0001_32N.tif,data/ET/ECO_L3T_JET.002_ETdaily_20210216T074216_aid0001_32N.tif,ECO_L3T_JET.002_ETdaily_20210216T074216_aid0001_32N.tif,2021-02-16 00:00:00,2021,2,morning,100.0,34751.0,True,True,False,1.0,True,32632.0,EPSG:32632,34751.0,34751.0,0.0017541531706228,0.0,0.0,0.2957168519496918,0.0124420439824461
raster,et,ECO_L3T_JET.002_ETdaily_20210216T123350_aid0001_32N.tif,data/ET/ECO_L3T_JET.002_ETdaily_20210216T123350_aid0001_32N.tif,ECO_L3T_JET.002_ETdaily_20210216T123350_aid0001_32N.tif,2021-02-16 00:00:00,2021,2,midday_afternoon,100.0,34751.0,True,True,False,1.0,True,32632.0,EPSG:32632,34751.0,34751.0,0.324809193611145,0.3292475044727325,0.0,1.1373240947723389,0.2327804118394851
raster,et,ECO_L3T_JET.002_ETdaily_20210217T114619_aid0001_32N.tif,data/ET/ECO_L3T_JET.002_ETdaily_20210217T114619_aid0001_32N.tif,ECO_L3T_JET.002_ETdaily_20210217T114619_aid0001_32N.tif,2021-02-17 00:00:00,2021,2,midday_afternoon,100.0,34751.0,True,True,False,1.0,True,32632.0,EPSG:32632,34751.0,34751.0,0.2022618651390075,0.1928007006645202,0.0,0.8841816186904907,0.1747102886438369
raster,et,ECO_L3T_JET.002_ETdaily_20210219T065640_aid0001_32N.tif,data/ET/ECO_L3T_JET.002_ETdaily_20210219T065640_aid0001_32N.tif,ECO_L3T_JET.002_ETdaily_20210219T065640_aid0001_32N.tif,2021-02-19 00:00:00,2021,2,morning,98.56982532876752,34254.0,True,True,False,1.0,True,32632.0,EPSG:32632,34751.0,34751.0,0.010162548162043,0.0,0.0,1.6400498151779177,0.0543697774410247
raster,et,ECO_L3T_JET.002_ETdaily_20210220T110048_aid0001_32N.tif,data/ET/ECO_L3T_JET.002_ETdaily_20210220T110048_aid0001_32N.tif,ECO_L3T_JET.002_ETdaily_20210220T110048_aid0001_32N.tif,2021-02-20 00:00:00,2021,2,midday_afternoon,100.0,34751.0,True,True,False,1.0,True,32632.0,EPSG:32632,34751.0,34751.0,0.3041941523551941,0.2685149013996124,0.0,1.7548760175704956,0.2761946022510528
raster,et,ECO_L3T_JET.002_ETdaily_20210221T101322_aid0001_32N.tif,data/ET/ECO_L3T_JET.002_ETdaily_20210221T101322_aid0001_32N.tif,ECO_L3T_JET.002_ETdaily_20210221T101322_aid0001_32N.tif,2021-02-21 00:00:00,2021,2,midday_afternoon,100.0,34751.0,True,True,False,1.0,True,32632.0,EPSG:32632,34751.0,34751.0,0.242921233177185,0.195852130651474,0.0,1.2002294063568115,0.2427580058574676
raster,et,ECO_L3T_JET.002_ETdaily_20210224T092756_aid0001_32N.tif,data/ET/ECO_L3T_JET.002_ETdaily_20210224T092756_aid0001_32N.tif,ECO_L3T_JET.002_ETdaily_20210224T092756_aid0001_32N.tif,2021-02-24 00:00:00,2021,2,midday_afternoon,100.0,34751.0,True,True,False,1.0,True,32632.0,EPSG:32632,34751.0,34751.0,0.2782674431800842,0.261898398399353,0.0,1.1672959327697754,0.2442960441112518
raster,et,ECO_L3T_JET.002_ETdaily_20210225T084024_aid0001_32N.tif,data/ET/ECO_L3T_JET.002_ETdaily_20210225T084024_aid0001_32N.tif,ECO_L3T_JET.002_ETdaily_20210225T084024_aid0001_32N.tif,2021-02-25 00:00:00,2021,2,morning,100.0,34751.0,True,True,False,1.0,True,32632.0,EPSG:32632,34751.0,34751.0,0.2151770442724228,0.1862639039754867,0.0,0.8674976825714111,0.1916078627109527
raster,et,ECO_L3T_JET.002_ETdaily_20210301T070736_aid0001_32N.tif,data/ET/ECO_L3T_JET.002_ETdaily_20210301T070736_aid0001_32N.tif,ECO_L3T_JET.002_ETdaily_20210301T070736_aid0001_32N.tif,2021-03-01 00:00:00,2021,3,morning,100.0,34751.0,True,True,False,1.0,True,32632.0,EPSG:32632,34751.0,34751.0,0.0280232559889554,0.0,0.0,0.3341749310493469,0.0475996769964695
raster,et,ECO_L3T_JET.002_ETdaily_20210304T062204_aid0001_32N.tif,data/ET/ECO_L3T_JET.002_ETdaily_20210304T062204_aid0001_32N.tif,ECO_L3T_JET.002_ETdaily_20210304T062204_aid0001_32N.tif,2021-03-04 00:00:00,2021,3,morning,99.6028891254928,34613.0,True,True,False,1.0,True,32632.0,EPSG:32632,34751.0,34751.0,0.5454747080802917,0.516000509262085,0.0,1.909434676170349,0.3011068105697632
raster,et,ECO_L3T_JET.002_ETdaily_20210326T170040_aid0001_32N.tif,data/ET/ECO_L3T_JET.002_ETdaily_20210326T170040_aid0001_32N.tif,ECO_L3T_JET.002_ETdaily_20210326T170040_aid0001_32N.tif,2021-03-26 00:00:00,2021,3,evening,87.76438088112573,30499.0,True,True,False,1.0,True,32632.0,EPSG:32632,34751.0,34751.0,0.1026676595211029,0.0,0.0,2.488109588623047,0.2541351020336151
raster,et,ECO_L3T_JET.002_ETdaily_20210327T161332_aid0001_32N.tif,data/ET/ECO_L3T_JET.002_ETdaily_20210327T161332_aid0001_32N.tif,ECO_L3T_JET.002_ETdaily_20210327T161332_aid0001_32N.tif,2021-03-27 00:00:00,2021,3,evening,99.78130125751775,34675.0,True,True,False,1.0,True,32632.0,EPSG:32632,34751.0,34751.0,0.003099460620433,0.0,0.0,1.1740427017211914,0.0375902839004993
raster,et,ECO_L3T_JET.002_ETdaily_20210330T152739_aid0001_32N.tif,data/ET/ECO_L3T_JET.002_ETdaily_20210330T152739_aid0001_32N.tif,ECO_L3T_JET.002_ETdaily_20210330T152739_aid0001_32N.tif,2021-03-30 00:00:00,2021,3,evening,100.0,34751.0,True,True,False,1.0,True,32632.0,EPSG:32632,34751.0,34751.0,0.2583921551704407,0.1891882121562957,0.0,1.17250657081604,0.2664452195167541
raster,et,ECO_L3T_JET.002_ETdaily_20210403T135515_aid0001_32N.tif,data/ET/ECO_L3T_JET.002_ETdaily_20210403T135515_aid0001_32N.tif,ECO_L3T_JET.002_ETdaily_20210403T135515_aid0001_32N.tif,2021-04-03 00:00:00,2021,4,midday_afternoon,99.98561192483668,34746.0,True,True,False,1.0,True,32632.0,EPSG:32632,34751.0,34751.0,0.595469057559967,0.585140585899353,0.0,2.140105724334717,0.403998851776123
raster,et,ECO_L3T_JET.002_ETdaily_20210404T130806_aid0001_32N.tif,data/ET/ECO_L3T_JET.002_ETdaily_20210404T130806_aid0001_32N.tif,ECO_L3T_JET.002_ETdaily_20210404T130806_aid0001_32N.tif,2021-04-04 00:00:00,2021,4,midday_afternoon,100.0,34751.0,True,True,False,1.0,True,32632.0,EPSG:32632,34751.0,34751.0,0.7161665558815002,0.6815721988677979,0.0,2.2218616008758545,0.4696426689624786
raster,et,ECO_L3T_JET.002_ETdaily_20210407T122251_aid0001_32N.tif,data/ET/ECO_L3T_JET.002_ETdaily_20210407T122251_aid0001_32N.tif,ECO_L3T_JET.002_ETdaily_20210407T122251_aid0001_32N.tif,2021-04-07 00:00:00,2021,4,midday_afternoon,80.37466547725245,27931.0,True,True,False,1.0,True,32632.0,EPSG:32632,34751.0,34751.0,0.6212289929389954,0.6402120590209961,0.0,2.015122413635254,0.3052220344543457
raster,et,ECO_L3T_JET.002_ETdaily_20210408T113540_aid0001_32N.tif,data/ET/ECO_L3T_JET.002_ETdaily_20210408T113540_aid0001_32N.tif,ECO_L3T_JET.002_ETdaily_20210408T113540_aid0001_32N.tif,2021-04-08 00:00:00,2021,4,midday_afternoon,100.0,34751.0,True,True,False,1.0,True,32632.0,EPSG:32632,34751.0,34751.0,0.69191575050354,0.7080315947532654,0.0,2.2084641456604004,0.3987080156803131
raster,et,ECO_L3T_JET.002_ETdaily_20210413T140702_aid0001_32N.tif,data/ET/ECO_L3T_JET.002_ETdaily_20210413T140702_aid0001_32N.tif,ECO_L3T_JET.002_ETdaily_20210413T140702_aid0001_32N.tif,2021-04-13 00:00:00,2021,4,evening,86.50398549682023,30061.0,True,True,False,1.0,True,32632.0,EPSG:32632,34751.0,34751.0,0.5967277884483337,0.5991760492324829,0.1098373979330062,1.6525030136108398,0.1534317880868911
raster,et,ECO_L3T_JET.002_ETdaily_20210415T091739_aid0001_32N.tif,data/ET/ECO_L3T_JET.002_ETdaily_20210415T091739_aid0001_32N.tif,ECO_L3T_JET.002_ETdaily_20210415T091739_aid0001_32N.tif,2021-04-15 00:00:00,2021,4,midday_afternoon,97.15979396276366,33764.0,True,True,False,1.0,True,32632.0,EPSG:32632,34751.0,34751.0,0.3817577362060547,0.3722709417343139,0.0,1.3720606565475464,0.1273029595613479
raster,et,ECO_L3T_JET.002_ETdaily_20210419T074455_aid0001_32N.tif,data/ET/ECO_L3T_JET.002_ETdaily_20210419T074455_aid0001_32N.tif,ECO_L3T_JET.002_ETdaily_20210419T074455_aid0001_32N.tif,2021-04-19 00:00:00,2021,4,morning,95.75264021179248,33275.0,True,True,False,1.0,True,32632.0,EPSG:32632,34751.0,34751.0,0.803390383720398,0.8050805926322937,0.0,2.757551908493042,0.2005384415388107
raster,et,ECO_L3T_JET.002_ETdaily_20210420T065805_aid0001_32N.tif,data/ET/ECO_L3T_JET.002_ETdaily_20210420T065805_aid0001_32N.tif,ECO_L3T_JET.002_ETdaily_20210420T065805_aid0001_32N.tif,2021-04-20 00:00:00,2021,4,morning,100.0,34751.0,True,True,False,1.0,True,32632.0,EPSG:32632,34751.0,34751.0,0.2428341507911682,0.2081212103366851,0.0,1.975820541381836,0.1916249692440033
raster,et,ECO_L3T_JET.002_ETdaily_20210422T101429_aid0001_32N.tif,data/ET/ECO_L3T_JET.002_ETdaily_20210422T101429_aid0001_32N.tif,ECO_L3T_JET.002_ETdaily_20210422T101429_aid0001_32N.tif,2021-04-22 00:00:00,2021,4,midday_afternoon,0.5927886967281517,206.0,True,False,False,1.0,False,32632.0,EPSG:32632,34751.0,34751.0,1.2969075441360474,1.2452529668807983,0.7916010618209839,1.9657642841339111,0.2796412110328674
raster,et,ECO_L3T_JET.002_ETdaily_20210423T061248_aid0001_32N.tif,data/ET/ECO_L3T_JET.002_ETdaily_20210423T061248_aid0001_32N.tif,ECO_L3T_JET.002_ETdaily_20210423T061248_aid0001_32N.tif,2021-04-23 00:00:00,2021,4,morning,100.0,34751.0,True,True,False,1.0,True,32632.0,EPSG:32632,34751.0,34751.0,0.3171441555023193,0.3119243681430816,0.0,0.9457840919494628,0.1525655537843704
raster,et,ECO_L3T_JET.002_ETdaily_20210424T052525_aid0001_32N.tif,data/ET/ECO_L3T_JET.002_ETdaily_20210424T052525_aid0001_32N.tif,ECO_L3T_JET.002_ETdaily_20210424T052525_aid0001_32N.tif,2021-04-24 00:00:00,2021,4,morning,100.0,34751.0,True,True,False,1.0,True,32632.0,EPSG:32632,34751.0,34751.0,0.0507736802101135,0.0,0.0,0.935829222202301,0.0971163511276245
raster,et,ECO_L3T_JET.002_ETdaily_20210425T092913_aid0001_32N.tif,data/ET/ECO_L3T_JET.002_ETdaily_20210425T092913_aid0001_32N.tif,ECO_L3T_JET.002_ETdaily_20210425T092913_aid0001_32N.tif,2021-04-25 00:00:00,2021,4,midday_afternoon,100.0,94.0,True,True,True,0.002704958130701275,False,32632.0,EPSG:32632,94.0,34751.0,0.8656758069992065,0.8286173343658447,0.5870654582977295,1.154512643814087,0.1296489536762237
raster,et,ECO_L3T_JET.002_ETdaily_20210426T084149_aid0001_32N.tif,data/ET/ECO_L3T_JET.002_ETdaily_20210426T084149_aid0001_32N.tif,ECO_L3T_JET.002_ETdaily_20210426T084149_aid0001_32N.tif,2021-04-26 00:00:00,2021,4,morning,4.230094098011568,1470.0,True,False,False,1.0,False,32632.0,EPSG:32632,34751.0,34751.0,0.5888954401016235,0.524465024471283,0.1880881935358047,1.2990018129348757,0.2239898443222046
raster,et,ECO_L3T_JET.002_ETdaily_20210428T084347_aid0001_32N.tif,data/ET/ECO_L3T_JET.002_ETdaily_20210428T084347_aid0001_32N.tif,ECO_L3T_JET.002_ETdaily_20210428T084347_aid0001_32N.tif,2021-04-28 00:00:00,2021,4,morning,99.99136715490202,34748.0,True,True,False,1.0,True,32632.0,EPSG:32632,34751.0,34751.0,1.511972188949585,1.414896845817566,0.0,4.884455680847168,0.519347071647644
raster,et,ECO_L3T_JET.002_ETdaily_20210429T075625_aid0001_32N.tif,data/ET/ECO_L3T_JET.002_ETdaily_20210429T075625_aid0001_32N.tif,ECO_L3T_JET.002_ETdaily_20210429T075625_aid0001_32N.tif,2021-04-29 00:00:00,2021,4,morning,100.0,34751.0,True,True,False,1.0,True,32632.0,EPSG:32632,34751.0,34751.0,0.832757830619812,0.8200121521949768,0.0002046645386144,1.886752724647522,0.2875524759292602
raster,et,ECO_L3T_JET.002_ETdaily_20210430T070859_aid0001_32N.tif,data/ET/ECO_L3T_JET.002_ETdaily_20210430T070859_aid0001_32N.tif,ECO_L3T_JET.002_ETdaily_20210430T070859_aid0001_32N.tif,2021-04-30 00:00:00,2021,4,morning,19.061321976346004,6624.0,True,False,False,1.0,False,32632.0,EPSG:32632,34751.0,34751.0,1.335260272026062,1.3159725666046145,0.2565308213233948,4.151263236999512,0.447359561920166
raster,et,ECO_L3T_JET.002_ETdaily_20210502T071054_aid0001_32N.tif,data/ET/ECO_L3T_JET.002_ETdaily_20210502T071054_aid0001_32N.tif,ECO_L3T_JET.002_ETdaily_20210502T071054_aid0001_32N.tif,2021-05-02 00:00:00,2021,5,morning,93.81025006474634,32600.0,True,True,False,1.0,True,32632.0,EPSG:32632,34751.0,34751.0,0.1009022444486618,0.0725206583738327,0.0,0.8843353390693665,0.1109965965151786
raster,et,ECO_L3T_JET.002_ETdaily_20210503T062331_aid0001_32N.tif,data/ET/ECO_L3T_JET.002_ETdaily_20210503T062331_aid0001_32N.tif,ECO_L3T_JET.002_ETdaily_20210503T062331_aid0001_32N.tif,2021-05-03 00:00:00,2021,5,morning,99.83309832810566,34693.0,True,True,False,1.0,True,32632.0,EPSG:32632,34751.0,34751.0,0.5744324326515198,0.5761014819145203,0.0,1.6397324800491333,0.1676596403121948
raster,et,ECO_L3T_JET.002_ETdaily_20210504T053602_aid0001_32N.tif,data/ET/ECO_L3T_JET.002_ETdaily_20210504T053602_aid0001_32N.tif,ECO_L3T_JET.002_ETdaily_20210504T053602_aid0001_32N.tif,2021-05-04 00:00:00,2021,5,morning,36.1716209605479,12570.0,True,False,False,1.0,False,32632.0,EPSG:32632,34751.0,34751.0,0.2894248366355896,0.0537688583135604,0.0,5.308125019073486,0.4481965601444244
raster,et,ECO_L3T_JET.002_ETdaily_20210506T053802_aid0001_32N.tif,data/ET/ECO_L3T_JET.002_ETdaily_20210506T053802_aid0001_32N.tif,ECO_L3T_JET.002_ETdaily_20210506T053802_aid0001_32N.tif,2021-05-06 00:00:00,2021,5,morning,25.82083968806653,8973.0,True,False,False,1.0,False,32632.0,EPSG:32632,34751.0,34751.0,1.2162095308303833,1.2964526414871216,0.4079340100288391,1.8673791885375977,0.2415949255228042
raster,et,ECO_L3T_JET.002_ETdaily_20210507T045046_aid0001_32N.tif,data/ET/ECO_L3T_JET.002_ETdaily_20210507T045046_aid0001_32N.tif,ECO_L3T_JET.002_ETdaily_20210507T045046_aid0001_32N.tif,2021-05-07 00:00:00,2021,5,morning,84.75151794192973,29452.0,True,True,False,1.0,True,32632.0,EPSG:32632,34751.0,34751.0,0.3136714696884155,0.268045961856842,0.0,1.975112795829773,0.3026552200317383
raster,et,ECO_L3T_JET.002_ETdaily_20210524T174926_aid0001_32N.tif,data/ET/ECO_L3T_JET.002_ETdaily_20210524T174926_aid0001_32N.tif,ECO_L3T_JET.002_ETdaily_20210524T174926_aid0001_32N.tif,2021-05-24 00:00:00,2021,5,evening,59.70475669764899,20748.0,True,False,False,1.0,False,32632.0,EPSG:32632,34751.0,34751.0,0.1506402492523193,0.1283494085073471,0.0,1.1656955480575562,0.1548512578010559
raster,et,ECO_L3T_JET.002_ETdaily_20210525T170232_aid0001_32N.tif,data/ET/ECO_L3T_JET.002_ETdaily_20210525T170232_aid0001_32N.tif,ECO_L3T_JET.002_ETdaily_20210525T170232_aid0001_32N.tif,2021-05-25 00:00:00,2021,5,evening,99.96546861960806,34739.0,True,True,False,1.0,True,32632.0,EPSG:32632,34751.0,34751.0,0.915715217590332,0.9587611556053162,0.0,2.430363178253174,0.4653906226158142
raster,et,ECO_L3T_JET.002_ETdaily_20210528T161640_aid0001_32N.tif,data/ET/ECO_L3T_JET.002_ETdaily_20210528T161640_aid0001_32N.tif,ECO_L3T_JET.002_ETdaily_20210528T161640_aid0001_32N.tif,2021-05-28 00:00:00,2021,5,evening,100.0,34751.0,True,True,False,1.0,True,32632.0,EPSG:32632,34751.0,34751.0,1.6519931554794312,1.4534531831741333,0.0,4.691173553466797,1.0241261720657349
raster,et,ECO_L3T_JET.002_ETdaily_20210529T152944_aid0001_32N.tif,data/ET/ECO_L3T_JET.002_ETdaily_20210529T152944_aid0001_32N.tif,ECO_L3T_JET.002_ETdaily_20210529T152944_aid0001_32N.tif,2021-05-29 00:00:00,2021,5,evening,69.7648988518316,24244.0,True,False,False,1.0,False,32632.0,EPSG:32632,34751.0,34751.0,1.2473489046096802,1.1941683292388916,0.0,4.630959510803223,0.6836559176445007
raster,et,ECO_L3T_JET.002_ETdaily_20210601T144356_aid0001_32N.tif,data/ET/ECO_L3T_JET.002_ETdaily_20210601T144356_aid0001_32N.tif,ECO_L3T_JET.002_ETdaily_20210601T144356_aid0001_32N.tif,2021-06-01 00:00:00,2021,6,evening,92.53258899024488,32156.0,True,True,False,1.0,True,32632.0,EPSG:32632,34751.0,34751.0,1.6783697605133057,1.4897722005844116,0.0411276631057262,6.259061336517334,0.8859885334968567
raster,et,ECO_L3T_JET.002_ETdaily_20210607T162802_aid0001_32N.tif,data/ET/ECO_L3T_JET.002_ETdaily_20210607T162802_aid0001_32N.tif,ECO_L3T_JET.002_ETdaily_20210607T162802_aid0001_32N.tif,2021-06-07 00:00:00,2021,6,evening,3.320767747690714,1154.0,True,False,False,1.0,False,32632.0,EPSG:32632,34751.0,34751.0,0.1233767867088317,0.070933774113655,0.0,1.4521150588989258,0.1512759774923324
raster,et,ECO_L3T_JET.002_ETdaily_20210611T145512_aid0001_32N.tif,data/ET/ECO_L3T_JET.002_ETdaily_20210611T145512_aid0001_32N.tif,ECO_L3T_JET.002_ETdaily_20210611T145512_aid0001_32N.tif,2021-06-11 00:00:00,2021,6,evening,60.3522200799977,20973.0,True,False,False,1.0,False,32632.0,EPSG:32632,34751.0,34751.0,0.9805324673652648,0.9699680209159852,0.0,3.1069912910461426,0.3835684657096863
raster,et,ECO_L3T_JET.002_ETdaily_20210612T140746_aid0001_32N.tif,data/ET/ECO_L3T_JET.002_ETdaily_20210612T140746_aid0001_32N.tif,ECO_L3T_JET.002_ETdaily_20210612T140746_aid0001_32N.tif,2021-06-12 00:00:00,2021,6,evening,58.92780063883054,20478.0,True,False,False,1.0,False,32632.0,EPSG:32632,34751.0,34751.0,2.5166847705841064,2.538114547729492,0.2008099108934402,6.193124771118164,0.7030272483825684
raster,et,ECO_L3T_JET.002_ETdaily_20210613T100603_aid0001_32N.tif,data/ET/ECO_L3T_JET.002_ETdaily_20210613T100603_aid0001_32N.tif,ECO_L3T_JET.002_ETdaily_20210613T100603_aid0001_32N.tif,2021-06-13 00:00:00,2021,6,midday_afternoon,100.0,94.0,True,True,True,0.002704958130701275,False,32632.0,EPSG:32632,94.0,34751.0,2.3097290992736816,2.297823667526245,0.3505140244960785,4.443583488464356,0.6918919682502747
raster,et,ECO_L3T_JET.002_ETdaily_20210614T091828_aid0001_32N.tif,data/ET/ECO_L3T_JET.002_ETdaily_20210614T091828_aid0001_32N.tif,ECO_L3T_JET.002_ETdaily_20210614T091828_aid0001_32N.tif,2021-06-14 00:00:00,2021,6,midday_afternoon,100.0,34751.0,True,True,False,1.0,True,32632.0,EPSG:32632,34751.0,34751.0,2.714125871658325,2.7532944679260254,0.015552332624793,5.789803504943848,0.8526301980018616
raster,et,ECO_L3T_JET.002_ETdaily_20210617T083310_aid0001_32N.tif,data/ET/ECO_L3T_JET.002_ETdaily_20210617T083310_aid0001_32N.tif,ECO_L3T_JET.002_ETdaily_20210617T083310_aid0001_32N.tif,2021-06-17 00:00:00,2021,6,morning,100.0,34751.0,True,True,False,1.0,True,32632.0,EPSG:32632,34751.0,34751.0,2.8829028606414795,3.021566867828369,0.1569590270519256,6.407258033752441,0.9821205139160156
raster,et,ECO_L3T_JET.002_ETdaily_20210621T065931_aid0001_32N.tif,data/ET/ECO_L3T_JET.002_ETdaily_20210621T065931_aid0001_32N.tif,ECO_L3T_JET.002_ETdaily_20210621T065931_aid0001_32N.tif,2021-06-21 00:00:00,2021,6,morning,99.74101464706052,34661.0,True,True,False,1.0,True,32632.0,EPSG:32632,34751.0,34751.0,2.610586643218994,2.42497181892395,0.2902680933475494,5.711963653564453,0.9662187695503236
raster,et,ECO_L3T_JET.002_ETdaily_20210622T061157_aid0001_32N.tif,data/ET/ECO_L3T_JET.002_ETdaily_20210622T061157_aid0001_32N.tif,ECO_L3T_JET.002_ETdaily_20210622T061157_aid0001_32N.tif,2021-06-22 00:00:00,2021,6,morning,30.997669131823542,10772.0,True,False,False,1.0,False,32632.0,EPSG:32632,34751.0,34751.0,1.9733480215072632,1.7823615074157717,0.3264380395412445,4.854681491851807,0.6641581058502197
raster,et,ECO_L3T_JET.002_ETdaily_20210622T061248_aid0001_32N.tif,data/ET/ECO_L3T_JET.002_ETdaily_20210622T061248_aid0001_32N.tif,ECO_L3T_JET.002_ETdaily_20210622T061248_aid0001_32N.tif,2021-06-22 00:00:00,2021,6,morning,78.30566026876924,27212.0,True,True,False,1.0,True,32632.0,EPSG:32632,34751.0,34751.0,2.383008480072021,2.425283432006836,0.0915638208389282,5.05585527420044,0.8036441802978516
raster,et,ECO_L3T_JET.002_ETdaily_20210624T092854_aid0001_32N.tif,data/ET/ECO_L3T_JET.002_ETdaily_20210624T092854_aid0001_32N.tif,ECO_L3T_JET.002_ETdaily_20210624T092854_aid0001_32N.tif,2021-06-24 00:00:00,2021,6,midday_afternoon,88.82622082817761,30868.0,True,True,False,1.0,True,32632.0,EPSG:32632,34751.0,34751.0,2.678717851638794,2.633063793182373,0.2121456563472747,6.553747177124023,0.7018902897834778
raster,et,ECO_L3T_JET.002_ETdaily_20210625T052649_aid0001_32N.tif,data/ET/ECO_L3T_JET.002_ETdaily_20210625T052649_aid0001_32N.tif,ECO_L3T_JET.002_ETdaily_20210625T052649_aid0001_32N.tif,2021-06-25 00:00:00,2021,6,morning,100.0,34751.0,True,True,False,1.0,True,32632.0,EPSG:32632,34751.0,34751.0,0.4688469469547272,0.4107697606086731,0.0,1.659010648727417,0.318801075220108
raster,et,ECO_L3T_JET.002_ETdaily_20210626T044020_aid0001_32N.tif,data/ET/ECO_L3T_JET.002_ETdaily_20210626T044020_aid0001_32N.tif,ECO_L3T_JET.002_ETdaily_20210626T044020_aid0001_32N.tif,2021-06-26 00:00:00,2021,6,morning,100.0,34751.0,True,True,False,1.0,True,32632.0,EPSG:32632,34751.0,34751.0,0.356764554977417,0.3430051207542419,0.0,1.294041395187378,0.2312309592962265
raster,et,ECO_L3T_JET.002_ETdaily_20210628T075704_aid0001_32N.tif,data/ET/ECO_L3T_JET.002_ETdaily_20210628T075704_aid0001_32N.tif,ECO_L3T_JET.002_ETdaily_20210628T075704_aid0001_32N.tif,2021-06-28 00:00:00,2021,6,morning,96.23032430721418,33441.0,True,True,False,1.0,True,32632.0,EPSG:32632,34751.0,34751.0,3.4779627323150635,3.360076904296875,0.1998433619737625,6.595171451568604,0.8161422610282898
raster,et,ECO_L3T_JET.002_ETdaily_20220130T140617_aid0001_32N.tif,data/ET/ECO_L3T_JET.002_ETdaily_20220130T140617_aid0001_32N.tif,ECO_L3T_JET.002_ETdaily_20220130T140617_aid0001_32N.tif,2022-01-30 00:00:00,2022,1,evening,100.0,34751.0,True,True,False,1.0,True,32632.0,EPSG:32632,34751.0,34751.0,0.0510205589234828,0.0,0.0,0.8975226283073425,0.0824548974633216
raster,et,ECO_L3T_JET.002_ETdaily_20220130T140709_aid0001_32N.tif,data/ET/ECO_L3T_JET.002_ETdaily_20220130T140709_aid0001_32N.tif,ECO_L3T_JET.002_ETdaily_20220130T140709_aid0001_32N.tif,2022-01-30 00:00:00,2022,1,evening,0.8373859745043307,291.0,True,False,False,1.0,False,32632.0,EPSG:32632,34751.0,34751.0,0.0258618388324975,0.008764068596065,0.0,0.1404460370540619,0.0337531827390193
raster,et,ECO_L3T_JET.002_ETdaily_20220202T131925_aid0001_32N.tif,data/ET/ECO_L3T_JET.002_ETdaily_20220202T131925_aid0001_32N.tif,ECO_L3T_JET.002_ETdaily_20220202T131925_aid0001_32N.tif,2022-02-02 00:00:00,2022,2,midday_afternoon,84.38030560271646,29323.0,True,True,False,1.0,True,32632.0,EPSG:32632,34751.0,34751.0,0.1965468674898147,0.2011093348264694,0.0,1.1677250862121582,0.122794896364212
raster,et,ECO_L3T_JET.002_ETdaily_20220203T123044_aid0001_32N.tif,data/ET/ECO_L3T_JET.002_ETdaily_20220203T123044_aid0001_32N.tif,ECO_L3T_JET.002_ETdaily_20220203T123044_aid0001_32N.tif,2022-02-03 00:00:00,2022,2,midday_afternoon,88.44925325889903,30737.0,True,True,False,1.0,True,32632.0,EPSG:32632,34751.0,34751.0,0.4174601435661316,0.4565771520137787,0.0,1.0890988111495972,0.2149118930101394
raster,et,ECO_L3T_JET.002_ETdaily_20220207T105502_aid0001_32N.tif,data/ET/ECO_L3T_JET.002_ETdaily_20220207T105502_aid0001_32N.tif,ECO_L3T_JET.002_ETdaily_20220207T105502_aid0001_32N.tif,2022-02-07 00:00:00,2022,2,midday_afternoon,100.0,94.0,True,True,True,0.002704958130701275,False,32632.0,EPSG:32632,94.0,34751.0,0.0485419929027557,0.0480369254946708,0.0,0.112491674721241,0.0354539901018142
raster,et,ECO_L3T_JET.002_ETdaily_20220207T154611_aid0001_32N.tif,data/ET/ECO_L3T_JET.002_ETdaily_20220207T154611_aid0001_32N.tif,ECO_L3T_JET.002_ETdaily_20220207T154611_aid0001_32N.tif,2022-02-07 00:00:00,2022,2,evening,98.93528243791545,34381.0,True,True,False,1.0,True,32632.0,EPSG:32632,34751.0,34751.0,0.0006272662431001,0.0,0.0,1.724746584892273,0.0255930237472057
raster,et,ECO_L3T_JET.002_ETdaily_20220208T145807_aid0001_32N.tif,data/ET/ECO_L3T_JET.002_ETdaily_20220208T145807_aid0001_32N.tif,ECO_L3T_JET.002_ETdaily_20220208T145807_aid0001_32N.tif,2022-02-08 00:00:00,2022,2,evening,98.59572386406148,34263.0,True,True,False,1.0,True,32632.0,EPSG:32632,34751.0,34751.0,0.0214847512543201,0.0,0.0,1.0051816701889038,0.0576862320303916
raster,et,ECO_L3T_JET.002_ETdaily_20220210T100733_aid0001_32N.tif,data/ET/ECO_L3T_JET.002_ETdaily_20220210T100733_aid0001_32N.tif,ECO_L3T_JET.002_ETdaily_20220210T100733_aid0001_32N.tif,2022-02-10 00:00:00,2022,2,midday_afternoon,100.0,34751.0,True,True,False,1.0,True,32632.0,EPSG:32632,34751.0,34751.0,0.1954770535230636,0.1695293188095092,0.0,0.824601948261261,0.1766440570354461
raster,et,ECO_L3T_JET.002_ETdaily_20220211T091942_aid0001_32N.tif,data/ET/ECO_L3T_JET.002_ETdaily_20220211T091942_aid0001_32N.tif,ECO_L3T_JET.002_ETdaily_20220211T091942_aid0001_32N.tif,2022-02-11 00:00:00,2022,2,midday_afternoon,100.0,94.0,True,True,True,0.002704958130701275,False,32632.0,EPSG:32632,94.0,34751.0,0.0263988841325044,0.0270353443920612,0.0,0.0695028975605964,0.0196053218096494
raster,et,ECO_L3T_JET.002_ETdaily_20220211T141020_aid0001_32N.tif,data/ET/ECO_L3T_JET.002_ETdaily_20220211T141020_aid0001_32N.tif,ECO_L3T_JET.002_ETdaily_20220211T141020_aid0001_32N.tif,2022-02-11 00:00:00,2022,2,evening,100.0,34751.0,True,True,False,1.0,True,32632.0,EPSG:32632,34751.0,34751.0,0.0824906677007675,0.0404055826365947,0.0,0.6894482374191284,0.0977425575256347
raster,et,ECO_L3T_JET.002_ETdaily_20220212T132215_aid0001_32N.tif,data/ET/ECO_L3T_JET.002_ETdaily_20220212T132215_aid0001_32N.tif,ECO_L3T_JET.002_ETdaily_20220212T132215_aid0001_32N.tif,2022-02-12 00:00:00,2022,2,midday_afternoon,100.0,34751.0,True,True,False,1.0,True,32632.0,EPSG:32632,34751.0,34751.0,0.1759741604328155,0.1754160225391388,0.0,0.8280632495880127,0.1451717317104339
raster,et,ECO_L3T_JET.002_ETdaily_20220215T074357_aid0001_32N.tif,data/ET/ECO_L3T_JET.002_ETdaily_20220215T074357_aid0001_32N.tif,ECO_L3T_JET.002_ETdaily_20220215T074357_aid0001_32N.tif,2022-02-15 00:00:00,2022,2,morning,84.4666340536963,29353.0,True,True,False,1.0,True,32632.0,EPSG:32632,34751.0,34751.0,0.5885456204414368,0.5873284339904785,0.184593841433525,1.222711443901062,0.1660274863243103
raster,et,ECO_L3T_JET.002_ETdaily_20220216T114626_aid0001_32N.tif,data/ET/ECO_L3T_JET.002_ETdaily_20220216T114626_aid0001_32N.tif,ECO_L3T_JET.002_ETdaily_20220216T114626_aid0001_32N.tif,2022-02-16 00:00:00,2022,2,midday_afternoon,98.6964403902046,34298.0,True,True,False,1.0,True,32632.0,EPSG:32632,34751.0,34751.0,0.0342292673885822,0.0,0.0,0.4007604122161865,0.0577225387096405
raster,et,ECO_L3T_JET.002_ETdaily_20220218T065543_aid0001_32N.tif,data/ET/ECO_L3T_JET.002_ETdaily_20220218T065543_aid0001_32N.tif,ECO_L3T_JET.002_ETdaily_20220218T065543_aid0001_32N.tif,2022-02-18 00:00:00,2022,2,morning,100.0,34751.0,True,True,False,1.0,True,32632.0,EPSG:32632,34751.0,34751.0,0.0321312211453914,0.0,0.0,4.625293254852295,0.1400301307439804
raster,et,ECO_L3T_JET.002_ETdaily_20220219T105827_aid0001_32N.tif,data/ET/ECO_L3T_JET.002_ETdaily_20220219T105827_aid0001_32N.tif,ECO_L3T_JET.002_ETdaily_20220219T105827_aid0001_32N.tif,2022-02-19 00:00:00,2022,2,midday_afternoon,95.58286092486549,33216.0,True,True,False,1.0,True,32632.0,EPSG:32632,34751.0,34751.0,0.2799496054649353,0.2604589462280273,0.0,1.0888961553573608,0.2051528543233871
raster,et,ECO_L3T_JET.002_ETdaily_20220220T101015_aid0001_32N.tif,data/ET/ECO_L3T_JET.002_ETdaily_20220220T101015_aid0001_32N.tif,ECO_L3T_JET.002_ETdaily_20220220T101015_aid0001_32N.tif,2022-02-20 00:00:00,2022,2,midday_afternoon,100.0,34751.0,True,True,False,1.0,True,32632.0,EPSG:32632,34751.0,34751.0,0.1212462410330772,0.0851240530610084,0.0,0.8177188038825989,0.1303050965070724
raster,et,ECO_L3T_JET.002_ETdaily_20220227T074600_aid0001_32N.tif,data/ET/ECO_L3T_JET.002_ETdaily_20220227T074600_aid0001_32N.tif,ECO_L3T_JET.002_ETdaily_20220227T074600_aid0001_32N.tif,2022-02-27 00:00:00,2022,2,morning,100.0,34751.0,True,True,False,1.0,True,32632.0,EPSG:32632,34751.0,34751.0,0.0820715650916099,0.0345203317701816,0.0,0.7320590019226074,0.0961145907640457
raster,et,ECO_L3T_JET.002_ETdaily_20220325T163843_aid0001_32N.tif,data/ET/ECO_L3T_JET.002_ETdaily_20220325T163843_aid0001_32N.tif,ECO_L3T_JET.002_ETdaily_20220325T163843_aid0001_32N.tif,2022-03-25 00:00:00,2022,3,evening,99.39282322810854,34540.0,True,True,False,1.0,True,32632.0,EPSG:32632,34751.0,34751.0,0.0880134925246238,0.0,0.0,8.714458465576172,0.2342131435871124
raster,et,ECO_L3T_JET.002_ETdaily_20220329T150307_aid0001_32N.tif,data/ET/ECO_L3T_JET.002_ETdaily_20220329T150307_aid0001_32N.tif,ECO_L3T_JET.002_ETdaily_20220329T150307_aid0001_32N.tif,2022-03-29 00:00:00,2022,3,evening,82.85516963540618,28793.0,True,True,False,1.0,True,32632.0,EPSG:32632,34751.0,34751.0,0.7926400303840637,0.7842203378677368,0.0,2.8737659454345703,0.4988982379436493
raster,et,ECO_L3T_JET.002_ETdaily_20220402T132741_aid0001_32N.tif,data/ET/ECO_L3T_JET.002_ETdaily_20220402T132741_aid0001_32N.tif,ECO_L3T_JET.002_ETdaily_20220402T132741_aid0001_32N.tif,2022-04-02 00:00:00,2022,4,midday_afternoon,84.28246669160599,29289.0,True,True,False,1.0,True,32632.0,EPSG:32632,34751.0,34751.0,0.2462780177593231,0.2267134487628936,0.0,2.530421733856201,0.2280642986297607
raster,et,ECO_L3T_JET.002_ETdaily_20220405T123921_aid0001_32N.tif,data/ET/ECO_L3T_JET.002_ETdaily_20220405T123921_aid0001_32N.tif,ECO_L3T_JET.002_ETdaily_20220405T123921_aid0001_32N.tif,2022-04-05 00:00:00,2022,4,midday_afternoon,85.93997295041869,29865.0,True,True,False,1.0,True,32632.0,EPSG:32632,34751.0,34751.0,0.5127179622650146,0.5542495846748352,0.0,1.8532644510269165,0.3178182542324066
raster,et,ECO_L3T_JET.002_ETdaily_20220406T115137_aid0001_32N.tif,data/ET/ECO_L3T_JET.002_ETdaily_20220406T115137_aid0001_32N.tif,ECO_L3T_JET.002_ETdaily_20220406T115137_aid0001_32N.tif,2022-04-06 00:00:00,2022,4,midday_afternoon,97.41302408563784,33852.0,True,True,False,1.0,True,32632.0,EPSG:32632,34751.0,34751.0,0.9259952902793884,0.956057906150818,0.0,3.983639478683472,0.5288339853286743
raster,et,ECO_L3T_JET.002_ETdaily_20220406T164256_aid0001_32N.tif,data/ET/ECO_L3T_JET.002_ETdaily_20220406T164256_aid0001_32N.tif,ECO_L3T_JET.002_ETdaily_20220406T164256_aid0001_32N.tif,2022-04-06 00:00:00,2022,4,evening,100.0,94.0,True,True,True,0.002704958130701275,False,32632.0,EPSG:32632,94.0,34751.0,0.4130795300006866,0.4372695088386535,0.1037136390805244,0.991636335849762,0.1543861478567123
raster,et,ECO_L3T_JET.002_ETdaily_20220410T150558_aid0001_32N.tif,data/ET/ECO_L3T_JET.002_ETdaily_20220410T150558_aid0001_32N.tif,ECO_L3T_JET.002_ETdaily_20220410T150558_aid0001_32N.tif,2022-04-10 00:00:00,2022,4,evening,100.0,34751.0,True,True,False,1.0,True,32632.0,EPSG:32632,34751.0,34751.0,0.7144744992256165,0.7334091067314148,0.0,1.3946740627288818,0.1517105996608734
raster,et,ECO_L3T_JET.002_ETdaily_20220411T141714_aid0001_32N.tif,data/ET/ECO_L3T_JET.002_ETdaily_20220411T141714_aid0001_32N.tif,ECO_L3T_JET.002_ETdaily_20220411T141714_aid0001_32N.tif,2022-04-11 00:00:00,2022,4,evening,99.95395815947742,34735.0,True,True,False,1.0,True,32632.0,EPSG:32632,34751.0,34751.0,1.1673786640167236,1.061007738113403,0.0,3.308684825897217,0.4794537425041199
raster,et,ECO_L3T_JET.002_ETdaily_20220412T101425_aid0001_32N.tif,data/ET/ECO_L3T_JET.002_ETdaily_20220412T101425_aid0001_32N.tif,ECO_L3T_JET.002_ETdaily_20220412T101425_aid0001_32N.tif,2022-04-12 00:00:00,2022,4,midday_afternoon,25.48128111421254,8855.0,True,False,False,1.0,False,32632.0,EPSG:32632,34751.0,34751.0,0.849362850189209,0.7848467826843262,0.0,4.108068466186523,0.6544625759124756
raster,et,ECO_L3T_JET.002_ETdaily_20220412T101517_aid0001_32N.tif,data/ET/ECO_L3T_JET.002_ETdaily_20220412T101517_aid0001_32N.tif,ECO_L3T_JET.002_ETdaily_20220412T101517_aid0001_32N.tif,2022-04-12 00:00:00,2022,4,midday_afternoon,86.285286754338,29985.0,True,True,False,1.0,True,32632.0,EPSG:32632,34751.0,34751.0,1.2933868169784546,1.3665324449539185,0.0,5.044690608978272,0.7566033601760864
raster,et,ECO_L3T_JET.002_ETdaily_20220413T092607_aid0001_32N.tif,data/ET/ECO_L3T_JET.002_ETdaily_20220413T092607_aid0001_32N.tif,ECO_L3T_JET.002_ETdaily_20220413T092607_aid0001_32N.tif,2022-04-13 00:00:00,2022,4,midday_afternoon,100.0,34751.0,True,True,False,1.0,True,32632.0,EPSG:32632,34751.0,34751.0,0.913387417793274,0.9079245328903198,0.0,6.817012310028076,0.5158137083053589
raster,et,ECO_L3T_JET.002_ETdaily_20220414T132903_aid0001_32N.tif,data/ET/ECO_L3T_JET.002_ETdaily_20220414T132903_aid0001_32N.tif,ECO_L3T_JET.002_ETdaily_20220414T132903_aid0001_32N.tif,2022-04-14 00:00:00,2022,4,midday_afternoon,100.0,34751.0,True,True,False,1.0,True,32632.0,EPSG:32632,34751.0,34751.0,1.264256238937378,1.1280522346496582,0.0,4.164436340332031,0.7918028831481934
raster,et,ECO_L3T_JET.002_ETdaily_20220417T124039_aid0001_32N.tif,data/ET/ECO_L3T_JET.002_ETdaily_20220417T124039_aid0001_32N.tif,ECO_L3T_JET.002_ETdaily_20220417T124039_aid0001_32N.tif,2022-04-17 00:00:00,2022,4,midday_afternoon,99.95108054444476,34734.0,True,True,False,1.0,True,32632.0,EPSG:32632,34751.0,34751.0,1.1579055786132812,1.0716558694839478,0.0,2.674669981002808,0.604853630065918
raster,et,ECO_L3T_JET.002_ETdaily_20220418T115201_aid0001_32N.tif,data/ET/ECO_L3T_JET.002_ETdaily_20220418T115201_aid0001_32N.tif,ECO_L3T_JET.002_ETdaily_20220418T115201_aid0001_32N.tif,2022-04-18 00:00:00,2022,4,midday_afternoon,100.0,34751.0,True,True,False,1.0,True,32632.0,EPSG:32632,34751.0,34751.0,1.3317731618881226,1.3478095531463623,0.0,3.0323381423950195,0.6317521929740906
raster,et,ECO_L3T_JET.002_ETdaily_20220419T110355_aid0001_32N.tif,data/ET/ECO_L3T_JET.002_ETdaily_20220419T110355_aid0001_32N.tif,ECO_L3T_JET.002_ETdaily_20220419T110355_aid0001_32N.tif,2022-04-19 00:00:00,2022,4,midday_afternoon,4.753820033955857,1652.0,True,False,False,1.0,False,32632.0,EPSG:32632,34751.0,34751.0,1.8679367303848269,2.055081605911255,0.1606384962797165,3.451882839202881,0.4794139862060547
raster,et,ECO_L3T_JET.002_ETdaily_20220420T070055_aid0001_32N.tif,data/ET/ECO_L3T_JET.002_ETdaily_20220420T070055_aid0001_32N.tif,ECO_L3T_JET.002_ETdaily_20220420T070055_aid0001_32N.tif,2022-04-20 00:00:00,2022,4,morning,100.0,34751.0,True,True,False,1.0,True,32632.0,EPSG:32632,34751.0,34751.0,1.2506153583526611,1.2073287963867188,0.0,3.302363395690918,0.6391881108283997
raster,et,ECO_L3T_JET.002_ETdaily_20220421T061146_aid0001_32N.tif,data/ET/ECO_L3T_JET.002_ETdaily_20220421T061146_aid0001_32N.tif,ECO_L3T_JET.002_ETdaily_20220421T061146_aid0001_32N.tif,2022-04-21 00:00:00,2022,4,morning,100.0,34751.0,True,True,False,1.0,True,32632.0,EPSG:32632,34751.0,34751.0,1.069315791130066,1.1031651496887207,0.0,3.2949185371398926,0.5839614868164062
raster,et,ECO_L3T_JET.002_ETdaily_20220422T101457_aid0001_32N.tif,data/ET/ECO_L3T_JET.002_ETdaily_20220422T101457_aid0001_32N.tif,ECO_L3T_JET.002_ETdaily_20220422T101457_aid0001_32N.tif,2022-04-22 00:00:00,2022,4,midday_afternoon,2.6272625248194297,913.0,True,False,False,1.0,False,32632.0,EPSG:32632,34751.0,34751.0,1.8856229782104488,1.8131049871444704,0.6778160333633423,3.952527761459351,0.4579977691173553
raster,et,ECO_L3T_JET.002_ETdaily_20220424T052320_aid0001_32N.tif,data/ET/ECO_L3T_JET.002_ETdaily_20220424T052320_aid0001_32N.tif,ECO_L3T_JET.002_ETdaily_20220424T052320_aid0001_32N.tif,2022-04-24 00:00:00,2022,4,morning,100.0,34751.0,True,True,False,1.0,True,32632.0,EPSG:32632,34751.0,34751.0,0.3704161643981933,0.2937414348125458,0.0,2.2158093452453613,0.3753567934036255
raster,et,ECO_L3T_JET.002_ETdaily_20220425T092624_aid0001_32N.tif,data/ET/ECO_L3T_JET.002_ETdaily_20220425T092624_aid0001_32N.tif,ECO_L3T_JET.002_ETdaily_20220425T092624_aid0001_32N.tif,2022-04-25 00:00:00,2022,4,midday_afternoon,100.0,34751.0,True,True,False,1.0,True,32632.0,EPSG:32632,34751.0,34751.0,0.2582114338874817,0.2141855359077453,0.0,1.0835256576538086,0.2243309617042541
raster,et,ECO_L3T_JET.002_ETdaily_20220426T083838_aid0001_32N.tif,data/ET/ECO_L3T_JET.002_ETdaily_20220426T083838_aid0001_32N.tif,ECO_L3T_JET.002_ETdaily_20220426T083838_aid0001_32N.tif,2022-04-26 00:00:00,2022,4,morning,90.82328566084428,31562.0,True,True,False,1.0,True,32632.0,EPSG:32632,34751.0,34751.0,1.3411002159118652,1.4931938648223877,0.0,2.6203670501708984,0.4566415250301361
raster,et,ECO_L3T_JET.002_ETdaily_20220429T075044_aid0001_32N.tif,data/ET/ECO_L3T_JET.002_ETdaily_20220429T075044_aid0001_32N.tif,ECO_L3T_JET.002_ETdaily_20220429T075044_aid0001_32N.tif,2022-04-29 00:00:00,2022,4,morning,100.0,34751.0,True,True,False,1.0,True,32632.0,EPSG:32632,34751.0,34751.0,1.77449369430542,1.746551275253296,0.0,5.382591247558594,0.9046177864074708
raster,et,ECO_L3T_JET.002_ETdaily_20220430T070234_aid0001_32N.tif,data/ET/ECO_L3T_JET.002_ETdaily_20220430T070234_aid0001_32N.tif,ECO_L3T_JET.002_ETdaily_20220430T070234_aid0001_32N.tif,2022-04-30 00:00:00,2022,4,morning,95.37855025754656,33145.0,True,True,False,1.0,True,32632.0,EPSG:32632,34751.0,34751.0,0.347854882478714,0.3204692006111145,0.0,1.4770249128341677,0.260716825723648
raster,et,ECO_L3T_JET.002_ETdaily_20220503T061442_aid0001_32N.tif,data/ET/ECO_L3T_JET.002_ETdaily_20220503T061442_aid0001_32N.tif,ECO_L3T_JET.002_ETdaily_20220503T061442_aid0001_32N.tif,2022-05-03 00:00:00,2022,5,morning,100.0,34751.0,True,True,False,1.0,True,32632.0,EPSG:32632,34751.0,34751.0,0.2529260218143463,0.1820940971374511,0.0,2.113864660263061,0.2680538892745971
raster,et,ECO_L3T_JET.002_ETdaily_20220525T163559_aid0001_32N.tif,data/ET/ECO_L3T_JET.002_ETdaily_20220525T163559_aid0001_32N.tif,ECO_L3T_JET.002_ETdaily_20220525T163559_aid0001_32N.tif,2022-05-25 00:00:00,2022,5,evening,85.3212857183966,29650.0,True,True,False,1.0,True,32632.0,EPSG:32632,34751.0,34751.0,0.8827880024909973,0.8092995882034302,0.0,2.5075840950012207,0.5979626178741455
raster,et,ECO_L3T_JET.002_ETdaily_20220528T154844_aid0001_32N.tif,data/ET/ECO_L3T_JET.002_ETdaily_20220528T154844_aid0001_32N.tif,ECO_L3T_JET.002_ETdaily_20220528T154844_aid0001_32N.tif,2022-05-28 00:00:00,2022,5,evening,42.908117752007136,14911.0,True,False,False,1.0,False,32632.0,EPSG:32632,34751.0,34751.0,2.082072496414185,2.061740636825561,0.0,5.871294498443604,1.0404531955718994
raster,et,ECO_L3T_JET.002_ETdaily_20220529T150000_aid0001_32N.tif,data/ET/ECO_L3T_JET.002_ETdaily_20220529T150000_aid0001_32N.tif,ECO_L3T_JET.002_ETdaily_20220529T150000_aid0001_32N.tif,2022-05-29 00:00:00,2022,5,evening,28.804926476935915,10010.0,True,False,False,1.0,False,32632.0,EPSG:32632,34751.0,34751.0,1.0655145645141602,1.0632390975952148,0.0,3.190002202987671,0.4534070789813995
raster,et,ECO_L3T_JET.002_ETdaily_20220529T150052_aid0001_32N.tif,data/ET/ECO_L3T_JET.002_ETdaily_20220529T150052_aid0001_32N.tif,ECO_L3T_JET.002_ETdaily_20220529T150052_aid0001_32N.tif,2022-05-29 00:00:00,2022,5,evening,63.88017611004,22199.0,True,False,False,1.0,False,32632.0,EPSG:32632,34751.0,34751.0,0.993894100189209,0.9986430406570436,0.0,3.994318962097168,0.3799231052398681
raster,et,ECO_L3T_JET.002_ETdaily_20220601T141211_aid0001_32N.tif,data/ET/ECO_L3T_JET.002_ETdaily_20220601T141211_aid0001_32N.tif,ECO_L3T_JET.002_ETdaily_20220601T141211_aid0001_32N.tif,2022-06-01 00:00:00,2022,6,evening,0.1841673620902995,64.0,True,False,False,1.0,False,32632.0,EPSG:32632,34751.0,34751.0,1.4483399391174316,1.4140396118164062,1.093422532081604,1.915432929992676,0.190408855676651
raster,et,ECO_L3T_JET.002_ETdaily_20220601T141303_aid0001_32N.tif,data/ET/ECO_L3T_JET.002_ETdaily_20220601T141303_aid0001_32N.tif,ECO_L3T_JET.002_ETdaily_20220601T141303_aid0001_32N.tif,2022-06-01 00:00:00,2022,6,evening,2.140945584299732,744.0,True,False,False,1.0,False,32632.0,EPSG:32632,34751.0,34751.0,1.5795806646347046,1.6065292358398438,0.2312114238739013,2.2569735050201416,0.3039325177669525
raster,et,ECO_L3T_JET.002_ETdaily_20220605T123628_aid0001_32N.tif,data/ET/ECO_L3T_JET.002_ETdaily_20220605T123628_aid0001_32N.tif,ECO_L3T_JET.002_ETdaily_20220605T123628_aid0001_32N.tif,2022-06-05 00:00:00,2022,6,midday_afternoon,60.09323472705821,20883.0,True,False,False,1.0,False,32632.0,EPSG:32632,34751.0,34751.0,2.077772855758667,2.060218572616577,0.0105499541386961,5.414580345153809,0.7867235541343689
raster,et,ECO_L3T_JET.002_ETdaily_20220606T114746_aid0001_32N.tif,data/ET/ECO_L3T_JET.002_ETdaily_20220606T114746_aid0001_32N.tif,ECO_L3T_JET.002_ETdaily_20220606T114746_aid0001_32N.tif,2022-06-06 00:00:00,2022,6,midday_afternoon,53.16106011337804,18474.0,True,False,False,1.0,False,32632.0,EPSG:32632,34751.0,34751.0,2.565898895263672,2.6698198318481445,0.2798948287963867,6.604520320892334,0.8863649964332581
raster,et,ECO_L3T_JET.002_ETdaily_20220606T114838_aid0001_32N.tif,data/ET/ECO_L3T_JET.002_ETdaily_20220606T114838_aid0001_32N.tif,ECO_L3T_JET.002_ETdaily_20220606T114838_aid0001_32N.tif,2022-06-06 00:00:00,2022,6,midday_afternoon,49.20433944346925,17099.0,True,False,False,1.0,False,32632.0,EPSG:32632,34751.0,34751.0,2.860780715942383,2.865346908569336,0.3433964252471924,6.628365516662598,0.7008159756660461
raster,et,ECO_L3T_JET.002_ETdaily_20220607T155034_aid0001_32N.tif,data/ET/ECO_L3T_JET.002_ETdaily_20220607T155034_aid0001_32N.tif,ECO_L3T_JET.002_ETdaily_20220607T155034_aid0001_32N.tif,2022-06-07 00:00:00,2022,6,evening,0.8575292797329573,298.0,True,False,False,1.0,False,32632.0,EPSG:32632,34751.0,34751.0,1.077730655670166,1.01772141456604,0.525382936000824,2.486872673034668,0.2718261480331421
raster,et,ECO_L3T_JET.002_ETdaily_20220607T155126_aid0001_32N.tif,data/ET/ECO_L3T_JET.002_ETdaily_20220607T155126_aid0001_32N.tif,ECO_L3T_JET.002_ETdaily_20220607T155126_aid0001_32N.tif,2022-06-07 00:00:00,2022,6,evening,25.59063048545366,8893.0,True,False,False,1.0,False,32632.0,EPSG:32632,34751.0,34751.0,1.1780189275741575,1.198572874069214,0.3897795379161834,2.2269537448883057,0.20371675491333
raster,et,ECO_L3T_JET.002_ETdaily_20220610T101130_aid0001_32N.tif,data/ET/ECO_L3T_JET.002_ETdaily_20220610T101130_aid0001_32N.tif,ECO_L3T_JET.002_ETdaily_20220610T101130_aid0001_32N.tif,2022-06-10 00:00:00,2022,6,midday_afternoon,95.03899168369256,33027.0,True,True,False,1.0,True,32632.0,EPSG:32632,34751.0,34751.0,2.8909432888031006,2.818999528884888,1.662235975265503,5.974602699279785,0.503697395324707
raster,et,ECO_L3T_JET.002_ETdaily_20220610T150254_aid0001_32N.tif,data/ET/ECO_L3T_JET.002_ETdaily_20220610T150254_aid0001_32N.tif,ECO_L3T_JET.002_ETdaily_20220610T150254_aid0001_32N.tif,2022-06-10 00:00:00,2022,6,evening,90.7714885902564,31544.0,True,True,False,1.0,True,32632.0,EPSG:32632,34751.0,34751.0,2.0783016681671143,1.9800817966461184,0.1723324805498123,5.29044771194458,0.5937954187393188
raster,et,ECO_L3T_JET.002_ETdaily_20220611T141420_aid0001_32N.tif,data/ET/ECO_L3T_JET.002_ETdaily_20220611T141420_aid0001_32N.tif,ECO_L3T_JET.002_ETdaily_20220611T141420_aid0001_32N.tif,2022-06-11 00:00:00,2022,6,evening,99.03312134902592,34415.0,True,True,False,1.0,True,32632.0,EPSG:32632,34751.0,34751.0,2.5447914600372314,2.233884334564209,0.0573400892317295,5.744131088256836,0.8327596783638
raster,et,ECO_L3T_JET.002_ETdaily_20220612T101126_aid0001_32N.tif,data/ET/ECO_L3T_JET.002_ETdaily_20220612T101126_aid0001_32N.tif,ECO_L3T_JET.002_ETdaily_20220612T101126_aid0001_32N.tif,2022-06-12 00:00:00,2022,6,midday_afternoon,0.0345313803919311,12.0,True,False,False,1.0,False,32632.0,EPSG:32632,34751.0,34751.0,2.657791376113892,2.4629464149475098,2.403265953063965,3.159970283508301,0.3031787574291229
raster,et,ECO_L3T_JET.002_ETdaily_20220613T092328_aid0001_32N.tif,data/ET/ECO_L3T_JET.002_ETdaily_20220613T092328_aid0001_32N.tif,ECO_L3T_JET.002_ETdaily_20220613T092328_aid0001_32N.tif,2022-06-13 00:00:00,2022,6,midday_afternoon,39.76288452130874,13818.0,True,False,False,1.0,False,32632.0,EPSG:32632,34751.0,34751.0,2.91151762008667,2.916090965270996,0.8668404817581177,4.905220031738281,0.4448262155056
raster,et,ECO_L3T_JET.002_ETdaily_20220614T083516_aid0001_32N.tif,data/ET/ECO_L3T_JET.002_ETdaily_20220614T083516_aid0001_32N.tif,ECO_L3T_JET.002_ETdaily_20220614T083516_aid0001_32N.tif,2022-06-14 00:00:00,2022,6,morning,100.0,34751.0,True,True,False,1.0,True,32632.0,EPSG:32632,34751.0,34751.0,2.505662441253662,2.3534178733825684,0.0306474119424819,5.5141706466674805,1.0157390832901
raster,et,ECO_L3T_JET.002_ETdaily_20220616T083449_aid0001_32N.tif,data/ET/ECO_L3T_JET.002_ETdaily_20220616T083449_aid0001_32N.tif,ECO_L3T_JET.002_ETdaily_20220616T083449_aid0001_32N.tif,2022-06-16 00:00:00,2022,6,morning,47.42309573825214,16480.0,True,False,False,1.0,False,32632.0,EPSG:32632,34751.0,34751.0,3.7444355487823486,3.678253650665283,0.1730397641658783,7.110137939453125,1.044198513031006
raster,et,ECO_L3T_JET.002_ETdaily_20220618T115009_aid0001_32N.tif,data/ET/ECO_L3T_JET.002_ETdaily_20220618T115009_aid0001_32N.tif,ECO_L3T_JET.002_ETdaily_20220618T115009_aid0001_32N.tif,2022-06-18 00:00:00,2022,6,midday_afternoon,100.0,34751.0,True,True,False,1.0,True,32632.0,EPSG:32632,34751.0,34751.0,2.462590217590332,2.3706488609313965,0.053886592388153,5.999238967895508,1.1027791500091553
raster,et,ECO_L3T_JET.002_ETdaily_20220620T065825_aid0001_32N.tif,data/ET/ECO_L3T_JET.002_ETdaily_20220620T065825_aid0001_32N.tif,ECO_L3T_JET.002_ETdaily_20220620T065825_aid0001_32N.tif,2022-06-20 00:00:00,2022,6,morning,100.0,34751.0,True,True,False,1.0,True,32632.0,EPSG:32632,34751.0,34751.0,2.979811191558838,2.908703565597534,0.6485015153884888,6.506359577178955,0.9270402789115906
raster,et,ECO_L3T_JET.002_ETdaily_20220623T092526_aid0001_32N.tif,data/ET/ECO_L3T_JET.002_ETdaily_20220623T092526_aid0001_32N.tif,ECO_L3T_JET.002_ETdaily_20220623T092526_aid0001_32N.tif,2022-06-23 00:00:00,2022,6,midday_afternoon,99.97985669477136,34744.0,True,True,False,1.0,True,32632.0,EPSG:32632,34751.0,34751.0,3.4889137744903564,3.510562896728516,0.6160780191421509,6.701746940612793,0.8083371520042419
raster,et,ECO_L3T_JET.002_ETdaily_20220624T052306_aid0001_32N.tif,data/ET/ECO_L3T_JET.002_ETdaily_20220624T052306_aid0001_32N.tif,ECO_L3T_JET.002_ETdaily_20220624T052306_aid0001_32N.tif,2022-06-24 00:00:00,2022,6,morning,100.0,34751.0,True,True,False,1.0,True,32632.0,EPSG:32632,34751.0,34751.0,1.248931646347046,1.1735460758209229,0.0,4.466383457183838,0.6390811204910278
raster,et,ECO_L3T_JET.002_ETdaily_20220625T092536_aid0001_32N.tif,data/ET/ECO_L3T_JET.002_ETdaily_20220625T092536_aid0001_32N.tif,ECO_L3T_JET.002_ETdaily_20220625T092536_aid0001_32N.tif,2022-06-25 00:00:00,2022,6,midday_afternoon,71.40513942044832,24814.0,True,True,False,1.0,True,32632.0,EPSG:32632,34751.0,34751.0,3.470531463623047,3.6515650749206543,0.220095157623291,5.938963413238525,0.7418003678321838
raster,et,ECO_L3T_JET.002_ETdaily_20220627T074901_aid0001_32N.tif,data/ET/ECO_L3T_JET.002_ETdaily_20220627T074901_aid0001_32N.tif,ECO_L3T_JET.002_ETdaily_20220627T074901_aid0001_32N.tif,2022-06-27 00:00:00,2022,6,morning,5.99982734309804,2085.0,True,False,False,1.0,False,32632.0,EPSG:32632,34751.0,34751.0,2.6092638969421387,2.638779401779175,0.0736793056130409,5.353671073913574,1.0805743932724
raster,et,ECO_L3T_JET.002_ETdaily_20220627T074953_aid0001_32N.tif,data/ET/ECO_L3T_JET.002_ETdaily_20220627T074953_aid0001_32N.tif,ECO_L3T_JET.002_ETdaily_20220627T074953_aid0001_32N.tif,2022-06-27 00:00:00,2022,6,morning,90.14704612816897,31327.0,True,True,False,1.0,True,32632.0,EPSG:32632,34751.0,34751.0,2.9644699096679688,3.1802785396575928,0.1017576083540916,5.654479503631592,0.8462154865264893
raster,et,ECO_L3T_JET.002_ETdaily_20220629T074959_aid0001_32N.tif,data/ET/ECO_L3T_JET.002_ETdaily_20220629T074959_aid0001_32N.tif,ECO_L3T_JET.002_ETdaily_20220629T074959_aid0001_32N.tif,2022-06-29 00:00:00,2022,6,morning,88.33990388765791,30699.0,True,True,False,1.0,True,32632.0,EPSG:32632,34751.0,34751.0,2.1514432430267334,2.1497039794921875,0.4557000696659088,4.71483325958252,0.5005574822425842
raster,et,ECO_L3T_JET.002_ETdaily_20230127T150954_aid0001_32N.tif,data/ET/ECO_L3T_JET.002_ETdaily_20230127T150954_aid0001_32N.tif,ECO_L3T_JET.002_ETdaily_20230127T150954_aid0001_32N.tif,2023-01-27 00:00:00,2023,1,evening,100.0,34751.0,True,True,False,1.0,True,32632.0,EPSG:32632,34751.0,34751.0,0.0008456230862066,0.0,0.0,0.4015638828277588,0.0097394715994596
raster,et,ECO_L3T_JET.002_ETdaily_20230128T142100_aid0001_32N.tif,data/ET/ECO_L3T_JET.002_ETdaily_20230128T142100_aid0001_32N.tif,ECO_L3T_JET.002_ETdaily_20230128T142100_aid0001_32N.tif,2023-01-28 00:00:00,2023,1,evening,100.0,34751.0,True,True,False,1.0,True,32632.0,EPSG:32632,34751.0,34751.0,0.0215944871306419,0.0,0.0,0.3999751806259155,0.0434649400413036
raster,et,ECO_L3T_JET.002_ETdaily_20230131T133150_aid0001_32N.tif,data/ET/ECO_L3T_JET.002_ETdaily_20230131T133150_aid0001_32N.tif,ECO_L3T_JET.002_ETdaily_20230131T133150_aid0001_32N.tif,2023-01-31 00:00:00,2023,1,midday_afternoon,97.33532847975596,33825.0,True,True,False,1.0,True,32632.0,EPSG:32632,34751.0,34751.0,0.1675937175750732,0.1545978784561157,0.0,0.6387301683425903,0.1379640996456146
raster,et,ECO_L3T_JET.002_ETdaily_20230204T115436_aid0001_32N.tif,data/ET/ECO_L3T_JET.002_ETdaily_20230204T115436_aid0001_32N.tif,ECO_L3T_JET.002_ETdaily_20230204T115436_aid0001_32N.tif,2023-02-04 00:00:00,2023,2,midday_afternoon,100.0,34751.0,True,True,False,1.0,True,32632.0,EPSG:32632,34751.0,34751.0,0.1079633980989456,0.0900402218103408,0.0,0.6881648302078247,0.1078445091843605
raster,et,ECO_L3T_JET.002_ETdaily_20230205T110625_aid0001_32N.tif,data/ET/ECO_L3T_JET.002_ETdaily_20230205T110625_aid0001_32N.tif,ECO_L3T_JET.002_ETdaily_20230205T110625_aid0001_32N.tif,2023-02-05 00:00:00,2023,2,midday_afternoon,100.0,34751.0,True,True,False,1.0,True,32632.0,EPSG:32632,34751.0,34751.0,0.1952016055583953,0.1908833980560302,0.0,0.7558022141456604,0.1508117020130157
raster,et,ECO_L3T_JET.002_ETdaily_20230205T155749_aid0001_32N.tif,data/ET/ECO_L3T_JET.002_ETdaily_20230205T155749_aid0001_32N.tif,ECO_L3T_JET.002_ETdaily_20230205T155749_aid0001_32N.tif,2023-02-05 00:00:00,2023,2,evening,85.5112083105522,29716.0,True,True,False,1.0,True,32632.0,EPSG:32632,34751.0,34751.0,0.0820951983332634,0.0,0.0,16.010047912597656,0.4237488508224487
raster,et,ECO_L3T_JET.002_ETdaily_20230206T150956_aid0001_32N.tif,data/ET/ECO_L3T_JET.002_ETdaily_20230206T150956_aid0001_32N.tif,ECO_L3T_JET.002_ETdaily_20230206T150956_aid0001_32N.tif,2023-02-06 00:00:00,2023,2,evening,100.0,34751.0,True,True,False,1.0,True,32632.0,EPSG:32632,34751.0,34751.0,0.0163574572652578,0.0,0.0,2.6665587425231934,0.0795701518654823
raster,et,ECO_L3T_JET.002_ETdaily_20230207T110713_aid0001_32N.tif,data/ET/ECO_L3T_JET.002_ETdaily_20230207T110713_aid0001_32N.tif,ECO_L3T_JET.002_ETdaily_20230207T110713_aid0001_32N.tif,2023-02-07 00:00:00,2023,2,midday_afternoon,18.20667031164571,6327.0,True,False,False,1.0,False,32632.0,EPSG:32632,34751.0,34751.0,0.203179195523262,0.2393271625041961,0.0,0.7399505376815796,0.1529885977506637
raster,et,ECO_L3T_JET.002_ETdaily_20230208T101912_aid0001_32N.tif,data/ET/ECO_L3T_JET.002_ETdaily_20230208T101912_aid0001_32N.tif,ECO_L3T_JET.002_ETdaily_20230208T101912_aid0001_32N.tif,2023-02-08 00:00:00,2023,2,midday_afternoon,94.53253143794424,32851.0,True,True,False,1.0,True,32632.0,EPSG:32632,34751.0,34751.0,0.1951681077480316,0.2043678909540176,0.0,1.0853453874588013,0.1589770466089248
raster,et,ECO_L3T_JET.002_ETdaily_20230209T093133_aid0001_32N.tif,data/ET/ECO_L3T_JET.002_ETdaily_20230209T093133_aid0001_32N.tif,ECO_L3T_JET.002_ETdaily_20230209T093133_aid0001_32N.tif,2023-02-09 00:00:00,2023,2,midday_afternoon,100.0,94.0,True,True,True,0.002704958130701275,False,32632.0,EPSG:32632,94.0,34751.0,0.0932396948337555,0.0957864746451377,0.0,0.2631531357765198,0.0449350550770759
raster,et,ECO_L3T_JET.002_ETdaily_20230209T142215_aid0001_32N.tif,data/ET/ECO_L3T_JET.002_ETdaily_20230209T142215_aid0001_32N.tif,ECO_L3T_JET.002_ETdaily_20230209T142215_aid0001_32N.tif,2023-02-09 00:00:00,2023,2,evening,100.0,34751.0,True,True,False,1.0,True,32632.0,EPSG:32632,34751.0,34751.0,0.1553482413291931,0.1348161697387695,0.0,0.9746899604797364,0.1536803245544433
raster,et,ECO_L3T_JET.002_ETdaily_20230210T133406_aid0001_32N.tif,data/ET/ECO_L3T_JET.002_ETdaily_20230210T133406_aid0001_32N.tif,ECO_L3T_JET.002_ETdaily_20230210T133406_aid0001_32N.tif,2023-02-10 00:00:00,2023,2,midday_afternoon,100.0,34751.0,True,True,False,1.0,True,32632.0,EPSG:32632,34751.0,34751.0,0.2303770631551742,0.2288636565208435,0.0,1.2791603803634644,0.1931429654359817
raster,et,ECO_L3T_JET.002_ETdaily_20230212T084251_aid0001_32N.tif,data/ET/ECO_L3T_JET.002_ETdaily_20230212T084251_aid0001_32N.tif,ECO_L3T_JET.002_ETdaily_20230212T084251_aid0001_32N.tif,2023-02-12 00:00:00,2023,2,morning,100.0,34751.0,True,True,False,1.0,True,32632.0,EPSG:32632,34751.0,34751.0,0.0570038929581642,0.0267290230840444,0.0,0.5513195991516113,0.0695502087473869
raster,et,ECO_L3T_JET.002_ETdaily_20230214T115802_aid0001_32N.tif,data/ET/ECO_L3T_JET.002_ETdaily_20230214T115802_aid0001_32N.tif,ECO_L3T_JET.002_ETdaily_20230214T115802_aid0001_32N.tif,2023-02-14 00:00:00,2023,2,midday_afternoon,100.0,34751.0,True,True,False,1.0,True,32632.0,EPSG:32632,34751.0,34751.0,0.3390161693096161,0.3136194348335266,0.0,1.2485371828079224,0.2402496039867401
raster,et,ECO_L3T_JET.002_ETdaily_20230215T075455_aid0001_32N.tif,data/ET/ECO_L3T_JET.002_ETdaily_20230215T075455_aid0001_32N.tif,ECO_L3T_JET.002_ETdaily_20230215T075455_aid0001_32N.tif,2023-02-15 00:00:00,2023,2,morning,100.0,34751.0,True,True,False,1.0,True,32632.0,EPSG:32632,34751.0,34751.0,0.0542609617114067,0.0,0.0,0.9630149602890016,0.0935989320278167
raster,et,ECO_L3T_JET.002_ETdaily_20230216T070648_aid0001_32N.tif,data/ET/ECO_L3T_JET.002_ETdaily_20230216T070648_aid0001_32N.tif,ECO_L3T_JET.002_ETdaily_20230216T070648_aid0001_32N.tif,2023-02-16 00:00:00,2023,2,morning,100.0,34751.0,True,True,False,1.0,True,32632.0,EPSG:32632,34751.0,34751.0,0.0002400966186542,0.0,0.0,0.1693989634513855,0.0038138448726385
raster,et,ECO_L3T_JET.002_ETdaily_20230217T110856_aid0001_32N.tif,data/ET/ECO_L3T_JET.002_ETdaily_20230217T110856_aid0001_32N.tif,ECO_L3T_JET.002_ETdaily_20230217T110856_aid0001_32N.tif,2023-02-17 00:00:00,2023,2,midday_afternoon,97.15979396276366,33764.0,True,True,False,1.0,True,32632.0,EPSG:32632,34751.0,34751.0,0.4491231143474579,0.4753555357456207,0.0,1.2243523597717283,0.2333661168813705
raster,et,ECO_L3T_JET.002_ETdaily_20230218T102022_aid0001_32N.tif,data/ET/ECO_L3T_JET.002_ETdaily_20230218T102022_aid0001_32N.tif,ECO_L3T_JET.002_ETdaily_20230218T102022_aid0001_32N.tif,2023-02-18 00:00:00,2023,2,midday_afternoon,100.0,34751.0,True,True,False,1.0,True,32632.0,EPSG:32632,34751.0,34751.0,0.4795095324516296,0.4846104979515075,0.0,1.7454426288604736,0.307283878326416
raster,et,ECO_L3T_JET.002_ETdaily_20230220T102041_aid0001_32N.tif,data/ET/ECO_L3T_JET.002_ETdaily_20230220T102041_aid0001_32N.tif,ECO_L3T_JET.002_ETdaily_20230220T102041_aid0001_32N.tif,2023-02-20 00:00:00,2023,2,midday_afternoon,99.99424476993468,34749.0,True,True,False,1.0,True,32632.0,EPSG:32632,34751.0,34751.0,0.5057900547981262,0.5161802172660828,0.0,1.7031177282333374,0.2739391624927521
raster,et,ECO_L3T_JET.002_ETdaily_20230222T084457_aid0001_32N.tif,data/ET/ECO_L3T_JET.002_ETdaily_20230222T084457_aid0001_32N.tif,ECO_L3T_JET.002_ETdaily_20230222T084457_aid0001_32N.tif,2023-02-22 00:00:00,2023,2,morning,10.845731058099048,3769.0,True,False,False,1.0,False,32632.0,EPSG:32632,34751.0,34751.0,0.3288248181343078,0.3445861935615539,0.0,1.004375696182251,0.222095638513565
raster,et,ECO_L3T_JET.002_ETdaily_20230225T075838_aid0001_32N.tif,data/ET/ECO_L3T_JET.002_ETdaily_20230225T075838_aid0001_32N.tif,ECO_L3T_JET.002_ETdaily_20230225T075838_aid0001_32N.tif,2023-02-25 00:00:00,2023,2,morning,100.0,34751.0,True,True,False,1.0,True,32632.0,EPSG:32632,34751.0,34751.0,0.0261285137385129,0.0,0.0,0.3228368461132049,0.0529952123761177
raster,et,ECO_L3T_JET.002_ETdaily_20230226T071051_aid0001_32N.tif,data/ET/ECO_L3T_JET.002_ETdaily_20230226T071051_aid0001_32N.tif,ECO_L3T_JET.002_ETdaily_20230226T071051_aid0001_32N.tif,2023-02-26 00:00:00,2023,2,morning,17.9937267992288,6253.0,True,False,False,1.0,False,32632.0,EPSG:32632,34751.0,34751.0,0.0457071922719478,0.0,0.0,1.409387230873108,0.1305646896362304
raster,et,ECO_L3T_JET.002_ETdaily_20230228T071155_aid0001_32N.tif,data/ET/ECO_L3T_JET.002_ETdaily_20230228T071155_aid0001_32N.tif,ECO_L3T_JET.002_ETdaily_20230228T071155_aid0001_32N.tif,2023-02-28 00:00:00,2023,2,morning,99.99424476993468,34749.0,True,True,False,1.0,True,32632.0,EPSG:32632,34751.0,34751.0,0.0160845201462507,0.0,0.0,0.5676430463790894,0.0524846985936164
raster,et,ECO_L3T_JET.002_ETdaily_20230301T062449_aid0001_32N.tif,data/ET/ECO_L3T_JET.002_ETdaily_20230301T062449_aid0001_32N.tif,ECO_L3T_JET.002_ETdaily_20230301T062449_aid0001_32N.tif,2023-03-01 00:00:00,2023,3,morning,4.333688239187362,1506.0,True,False,False,1.0,False,32632.0,EPSG:32632,34751.0,34751.0,0.0008637146675027,0.0,0.0,0.7185851335525513,0.0238153897225856
raster,et,ECO_L3T_JET.002_ETdaily_20230323T165457_aid0001_32N.tif,data/ET/ECO_L3T_JET.002_ETdaily_20230323T165457_aid0001_32N.tif,ECO_L3T_JET.002_ETdaily_20230323T165457_aid0001_32N.tif,2023-03-23 00:00:00,2023,3,evening,83.42205979684037,28990.0,True,True,False,1.0,True,32632.0,EPSG:32632,34751.0,34751.0,1.484037160873413,1.4667142629623413,0.0,9.63230323791504,1.2809094190597534
raster,et,ECO_L3T_JET.002_ETdaily_20230327T152017_aid0001_32N.tif,data/ET/ECO_L3T_JET.002_ETdaily_20230327T152017_aid0001_32N.tif,ECO_L3T_JET.002_ETdaily_20230327T152017_aid0001_32N.tif,2023-03-27 00:00:00,2023,3,evening,84.32275330206325,29303.0,True,True,False,1.0,True,32632.0,EPSG:32632,34751.0,34751.0,0.3036127388477325,0.2993249595165252,0.0,1.4553438425064087,0.2456675171852111
raster,et,ECO_L3T_JET.002_ETdaily_20230330T143200_aid0001_32N.tif,data/ET/ECO_L3T_JET.002_ETdaily_20230330T143200_aid0001_32N.tif,ECO_L3T_JET.002_ETdaily_20230330T143200_aid0001_32N.tif,2023-03-30 00:00:00,2023,3,evening,17.423959022761935,6055.0,True,False,False,1.0,False,32632.0,EPSG:32632,34751.0,34751.0,0.3584477007389068,0.3840732872486114,0.0,1.035376787185669,0.2069024741649627
raster,et,ECO_L3T_JET.002_ETdaily_20230330T143252_aid0001_32N.tif,data/ET/ECO_L3T_JET.002_ETdaily_20230330T143252_aid0001_32N.tif,ECO_L3T_JET.002_ETdaily_20230330T143252_aid0001_32N.tif,2023-03-30 00:00:00,2023,3,evening,77.99775546027452,27105.0,True,True,False,1.0,True,32632.0,EPSG:32632,34751.0,34751.0,0.2649776041507721,0.2375083863735199,0.0,1.4094408750534058,0.2451577931642532
raster,et,ECO_L3T_JET.002_ETdaily_20230331T134442_aid0001_32N.tif,data/ET/ECO_L3T_JET.002_ETdaily_20230331T134442_aid0001_32N.tif,ECO_L3T_JET.002_ETdaily_20230331T134442_aid0001_32N.tif,2023-03-31 00:00:00,2023,3,midday_afternoon,86.75146038962907,30147.0,True,True,False,1.0,True,32632.0,EPSG:32632,34751.0,34751.0,0.8074622750282288,0.8181129097938538,0.164645180106163,1.4035006761550903,0.1906003654003143
raster,et,ECO_L3T_JET.002_ETdaily_20230403T125822_aid0001_32N.tif,data/ET/ECO_L3T_JET.002_ETdaily_20230403T125822_aid0001_32N.tif,ECO_L3T_JET.002_ETdaily_20230403T125822_aid0001_32N.tif,2023-04-03 00:00:00,2023,4,midday_afternoon,98.81730022157636,34340.0,True,True,False,1.0,True,32632.0,EPSG:32632,34751.0,34751.0,1.0516730546951294,1.0209442377090454,0.0158981438726186,2.2653040885925293,0.2959987223148346
raster,et,ECO_L3T_JET.002_ETdaily_20230404T121017_aid0001_32N.tif,data/ET/ECO_L3T_JET.002_ETdaily_20230404T121017_aid0001_32N.tif,ECO_L3T_JET.002_ETdaily_20230404T121017_aid0001_32N.tif,2023-04-04 00:00:00,2023,4,midday_afternoon,100.0,34751.0,True,True,False,1.0,True,32632.0,EPSG:32632,34751.0,34751.0,0.9491086006164552,0.9680033922195436,0.0,1.9072909355163572,0.2363854795694351
raster,et,ECO_L3T_JET.002_ETdaily_20230405T161358_aid0001_32N.tif,data/ET/ECO_L3T_JET.002_ETdaily_20230405T161358_aid0001_32N.tif,ECO_L3T_JET.002_ETdaily_20230405T161358_aid0001_32N.tif,2023-04-05 00:00:00,2023,4,evening,99.5136830594803,34582.0,True,True,False,1.0,True,32632.0,EPSG:32632,34751.0,34751.0,0.2766030430793762,0.2605291604995727,0.0,1.346733331680298,0.2282945811748504
raster,et,ECO_L3T_JET.002_ETdaily_20230407T112342_aid0001_32N.tif,data/ET/ECO_L3T_JET.002_ETdaily_20230407T112342_aid0001_32N.tif,ECO_L3T_JET.002_ETdaily_20230407T112342_aid0001_32N.tif,2023-04-07 00:00:00,2023,4,midday_afternoon,95.82170297257632,33299.0,True,True,False,1.0,True,32632.0,EPSG:32632,34751.0,34751.0,1.0618977546691897,0.9961051940917968,0.0466762520372867,3.072173595428467,0.3752987682819366
raster,et,ECO_L3T_JET.002_ETdaily_20230408T103534_aid0001_32N.tif,data/ET/ECO_L3T_JET.002_ETdaily_20230408T103534_aid0001_32N.tif,ECO_L3T_JET.002_ETdaily_20230408T103534_aid0001_32N.tif,2023-04-08 00:00:00,2023,4,midday_afternoon,84.50116543408824,29365.0,True,True,False,1.0,True,32632.0,EPSG:32632,34751.0,34751.0,0.7358456254005432,0.7406349182128906,0.0,1.5135960578918457,0.1742894500494003
raster,et,ECO_L3T_JET.002_ETdaily_20230408T152616_aid0001_32N.tif,data/ET/ECO_L3T_JET.002_ETdaily_20230408T152616_aid0001_32N.tif,ECO_L3T_JET.002_ETdaily_20230408T152616_aid0001_32N.tif,2023-04-08 00:00:00,2023,4,evening,84.83784639290955,29482.0,True,True,False,1.0,True,32632.0,EPSG:32632,34751.0,34751.0,0.4603511989116668,0.4360968470573425,0.0,1.7799553871154783,0.2701249718666076
raster,et,ECO_L3T_JET.002_ETdaily_20230409T143814_aid0001_32N.tif,data/ET/ECO_L3T_JET.002_ETdaily_20230409T143814_aid0001_32N.tif,ECO_L3T_JET.002_ETdaily_20230409T143814_aid0001_32N.tif,2023-04-09 00:00:00,2023,4,evening,99.9625910045754,34738.0,True,True,False,1.0,True,32632.0,EPSG:32632,34751.0,34751.0,0.8724442720413208,0.8361605405807495,0.0,2.426170825958252,0.3418833911418915
raster,et,ECO_L3T_JET.002_ETdaily_20230411T094752_aid0001_32N.tif,data/ET/ECO_L3T_JET.002_ETdaily_20230411T094752_aid0001_32N.tif,ECO_L3T_JET.002_ETdaily_20230411T094752_aid0001_32N.tif,2023-04-11 00:00:00,2023,4,midday_afternoon,22.32165980835084,7757.0,True,False,False,1.0,False,32632.0,EPSG:32632,34751.0,34751.0,1.1769307851791382,1.2124629020690918,0.2334227412939071,2.544088125228882,0.2595269680023193
raster,et,ECO_L3T_JET.002_ETdaily_20230412T135038_aid0001_32N.tif,data/ET/ECO_L3T_JET.002_ETdaily_20230412T135038_aid0001_32N.tif,ECO_L3T_JET.002_ETdaily_20230412T135038_aid0001_32N.tif,2023-04-12 00:00:00,2023,4,midday_afternoon,22.433886794624616,7796.0,True,False,False,1.0,False,32632.0,EPSG:32632,34751.0,34751.0,1.4822988510131836,1.5241249799728394,0.2838484644889831,2.801330804824829,0.3564580976963043
raster,et,ECO_L3T_JET.002_ETdaily_20230412T135130_aid0001_32N.tif,data/ET/ECO_L3T_JET.002_ETdaily_20230412T135130_aid0001_32N.tif,ECO_L3T_JET.002_ETdaily_20230412T135130_aid0001_32N.tif,2023-04-12 00:00:00,2023,4,midday_afternoon,52.68049840292366,18307.0,True,False,False,1.0,False,32632.0,EPSG:32632,34751.0,34751.0,1.326960802078247,1.3473076820373535,0.3441226482391357,2.6182453632354736,0.3216776251792907
raster,et,ECO_L3T_JET.002_ETdaily_20230413T130243_aid0001_32N.tif,data/ET/ECO_L3T_JET.002_ETdaily_20230413T130243_aid0001_32N.tif,ECO_L3T_JET.002_ETdaily_20230413T130243_aid0001_32N.tif,2023-04-13 00:00:00,2023,4,midday_afternoon,0.8863054300595666,308.0,True,False,False,1.0,False,32632.0,EPSG:32632,34751.0,34751.0,0.3993819952011108,0.4058607816696167,0.1239351630210876,0.5499671101570129,0.0894205570220947
raster,et,ECO_L3T_JET.002_ETdaily_20230414T090004_aid0001_32N.tif,data/ET/ECO_L3T_JET.002_ETdaily_20230414T090004_aid0001_32N.tif,ECO_L3T_JET.002_ETdaily_20230414T090004_aid0001_32N.tif,2023-04-14 00:00:00,2023,4,midday_afternoon,85.5572501510748,29732.0,True,True,False,1.0,True,32632.0,EPSG:32632,34751.0,34751.0,0.4623938798904419,0.4841930866241455,0.0,1.0403492450714111,0.1515931934118271
raster,et,ECO_L3T_JET.002_ETdaily_20230415T081223_aid0001_32N.tif,data/ET/ECO_L3T_JET.002_ETdaily_20230415T081223_aid0001_32N.tif,ECO_L3T_JET.002_ETdaily_20230415T081223_aid0001_32N.tif,2023-04-15 00:00:00,2023,4,morning,86.4406779661017,30039.0,True,True,False,1.0,True,32632.0,EPSG:32632,34751.0,34751.0,0.9195135235786438,0.931210160255432,0.2850125133991241,1.7240718603134155,0.1668674051761627
raster,et,ECO_L3T_JET.002_ETdaily_20230416T121458_aid0001_32N.tif,data/ET/ECO_L3T_JET.002_ETdaily_20230416T121458_aid0001_32N.tif,ECO_L3T_JET.002_ETdaily_20230416T121458_aid0001_32N.tif,2023-04-16 00:00:00,2023,4,midday_afternoon,91.810307617047,31905.0,True,True,False,1.0,True,32632.0,EPSG:32632,34751.0,34751.0,0.3626881539821625,0.3764261305332184,0.0,0.8108419179916382,0.0836258232593536
raster,et,ECO_L3T_JET.002_ETdaily_20230418T072400_aid0001_32N.tif,data/ET/ECO_L3T_JET.002_ETdaily_20230418T072400_aid0001_32N.tif,ECO_L3T_JET.002_ETdaily_20230418T072400_aid0001_32N.tif,2023-04-18 00:00:00,2023,4,morning,99.99712238496734,34750.0,True,True,False,1.0,True,32632.0,EPSG:32632,34751.0,34751.0,0.6112094521522522,0.6111034154891968,0.0,1.88853919506073,0.3283101618289947
raster,et,ECO_L3T_JET.002_ETdaily_20230419T063527_aid0001_32N.tif,data/ET/ECO_L3T_JET.002_ETdaily_20230419T063527_aid0001_32N.tif,ECO_L3T_JET.002_ETdaily_20230419T063527_aid0001_32N.tif,2023-04-19 00:00:00,2023,4,morning,96.31089752812868,33469.0,True,True,False,1.0,True,32632.0,EPSG:32632,34751.0,34751.0,0.7960024476051331,0.8117630481719971,0.0,2.051405191421509,0.2767505645751953
raster,et,ECO_L3T_JET.002_ETdaily_20230421T095013_aid0001_32N.tif,data/ET/ECO_L3T_JET.002_ETdaily_20230421T095013_aid0001_32N.tif,ECO_L3T_JET.002_ETdaily_20230421T095013_aid0001_32N.tif,2023-04-21 00:00:00,2023,4,midday_afternoon,89.29527207850134,31031.0,True,True,False,1.0,True,32632.0,EPSG:32632,34751.0,34751.0,1.0930160284042358,1.136823654174805,0.2686578035354614,2.695686817169189,0.2813322246074676
raster,et,ECO_L3T_JET.002_ETdaily_20230422T054730_aid0001_32N.tif,data/ET/ECO_L3T_JET.002_ETdaily_20230422T054730_aid0001_32N.tif,ECO_L3T_JET.002_ETdaily_20230422T054730_aid0001_32N.tif,2023-04-22 00:00:00,2023,4,morning,100.0,34751.0,True,True,False,1.0,True,32632.0,EPSG:32632,34751.0,34751.0,1.0593392848968506,1.035187005996704,0.0,3.0705013275146484,0.5002358555793762
raster,et,ECO_L3T_JET.002_ETdaily_20230423T045856_aid0001_32N.tif,data/ET/ECO_L3T_JET.002_ETdaily_20230423T045856_aid0001_32N.tif,ECO_L3T_JET.002_ETdaily_20230423T045856_aid0001_32N.tif,2023-04-23 00:00:00,2023,4,morning,100.0,34751.0,True,True,False,1.0,True,32632.0,EPSG:32632,34751.0,34751.0,0.0916562527418136,0.0,0.0,2.646681070327759,0.2310100942850113
raster,et,ECO_L3T_JET.002_ETdaily_20230423T095019_aid0001_32N.tif,data/ET/ECO_L3T_JET.002_ETdaily_20230423T095019_aid0001_32N.tif,ECO_L3T_JET.002_ETdaily_20230423T095019_aid0001_32N.tif,2023-04-23 00:00:00,2023,4,midday_afternoon,82.00339558573853,28497.0,True,True,False,1.0,True,32632.0,EPSG:32632,34751.0,34751.0,1.4504348039627075,1.597726821899414,0.1062737330794334,3.458350658416748,0.4120016396045685
raster,et,ECO_L3T_JET.002_ETdaily_20230424T090130_aid0001_32N.tif,data/ET/ECO_L3T_JET.002_ETdaily_20230424T090130_aid0001_32N.tif,ECO_L3T_JET.002_ETdaily_20230424T090130_aid0001_32N.tif,2023-04-24 00:00:00,2023,4,midday_afternoon,83.72133176023712,29094.0,True,True,False,1.0,True,32632.0,EPSG:32632,34751.0,34751.0,0.9718539118766784,0.9936076402664183,0.2327402979135513,1.8970800638198853,0.1792860776185989
raster,et,ECO_L3T_JET.002_ETdaily_20230425T081223_aid0001_32N.tif,data/ET/ECO_L3T_JET.002_ETdaily_20230425T081223_aid0001_32N.tif,ECO_L3T_JET.002_ETdaily_20230425T081223_aid0001_32N.tif,2023-04-25 00:00:00,2023,4,morning,7.838623348968375,2724.0,True,False,False,1.0,False,32632.0,EPSG:32632,34751.0,34751.0,0.7919572591781616,0.7291544079780579,0.0,2.4417998790740967,0.3365628719329834
raster,et,ECO_L3T_JET.002_ETdaily_20230427T081145_aid0001_32N.tif,data/ET/ECO_L3T_JET.002_ETdaily_20230427T081145_aid0001_32N.tif,ECO_L3T_JET.002_ETdaily_20230427T081145_aid0001_32N.tif,2023-04-27 00:00:00,2023,4,morning,100.0,34751.0,True,True,False,1.0,True,32632.0,EPSG:32632,34751.0,34751.0,1.1553125381469729,1.1924631595611572,0.0,3.1222152709960938,0.3769550919532776
raster,et,ECO_L3T_JET.002_ETdaily_20230428T072334_aid0001_32N.tif,data/ET/ECO_L3T_JET.002_ETdaily_20230428T072334_aid0001_32N.tif,ECO_L3T_JET.002_ETdaily_20230428T072334_aid0001_32N.tif,2023-04-28 00:00:00,2023,4,morning,99.44174268366378,34557.0,True,True,False,1.0,True,32632.0,EPSG:32632,34751.0,34751.0,1.5423312187194824,1.57626211643219,0.0798629894852638,3.0311119556427,0.503128707408905
raster,et,ECO_L3T_JET.002_ETdaily_20230501T063446_aid0001_32N.tif,data/ET/ECO_L3T_JET.002_ETdaily_20230501T063446_aid0001_32N.tif,ECO_L3T_JET.002_ETdaily_20230501T063446_aid0001_32N.tif,2023-05-01 00:00:00,2023,5,morning,16.192339788783055,5627.0,True,False,False,1.0,False,32632.0,EPSG:32632,34751.0,34751.0,0.8491554856300354,0.8528283834457397,0.3898053169250488,1.6310930252075195,0.1588716953992843
raster,et,ECO_L3T_JET.002_ETdaily_20230502T054627_aid0001_32N.tif,data/ET/ECO_L3T_JET.002_ETdaily_20230502T054627_aid0001_32N.tif,ECO_L3T_JET.002_ETdaily_20230502T054627_aid0001_32N.tif,2023-05-02 00:00:00,2023,5,morning,84.2680786164427,29284.0,True,True,False,1.0,True,32632.0,EPSG:32632,34751.0,34751.0,0.8619325160980225,0.8473941087722778,0.0,1.721526265144348,0.3199951350688934
raster,et,ECO_L3T_JET.002_ETdaily_20230527T151231_aid0001_32N.tif,data/ET/ECO_L3T_JET.002_ETdaily_20230527T151231_aid0001_32N.tif,ECO_L3T_JET.002_ETdaily_20230527T151231_aid0001_32N.tif,2023-05-27 00:00:00,2023,5,evening,88.14422606543697,30631.0,True,True,False,1.0,True,32632.0,EPSG:32632,34751.0,34751.0,1.6200238466262815,1.7245476245880127,0.0165637042373418,4.635355472564697,0.7949448823928833
raster,et,ECO_L3T_JET.002_ETdaily_20230603T124450_aid0001_32N.tif,data/ET/ECO_L3T_JET.002_ETdaily_20230603T124450_aid0001_32N.tif,ECO_L3T_JET.002_ETdaily_20230603T124450_aid0001_32N.tif,2023-06-03 00:00:00,2023,6,midday_afternoon,7.286121262697476,2532.0,True,False,False,1.0,False,32632.0,EPSG:32632,34751.0,34751.0,0.3783100545406341,0.2877736687660217,0.0,1.2076481580734253,0.2757929265499115
raster,et,ECO_L3T_JET.002_ETdaily_20230606T115505_aid0001_32N.tif,data/ET/ECO_L3T_JET.002_ETdaily_20230606T115505_aid0001_32N.tif,ECO_L3T_JET.002_ETdaily_20230606T115505_aid0001_32N.tif,2023-06-06 00:00:00,2023,6,midday_afternoon,51.62153607090444,17939.0,True,False,False,1.0,False,32632.0,EPSG:32632,34751.0,34751.0,2.3360958099365234,2.3796579837799072,0.1194542571902275,5.586380958557129,0.8619811534881592
raster,et,ECO_L3T_JET.002_ETdaily_20230607T110557_aid0001_32N.tif,data/ET/ECO_L3T_JET.002_ETdaily_20230607T110557_aid0001_32N.tif,ECO_L3T_JET.002_ETdaily_20230607T110557_aid0001_32N.tif,2023-06-07 00:00:00,2023,6,midday_afternoon,25.308624212252884,8795.0,True,False,False,1.0,False,32632.0,EPSG:32632,34751.0,34751.0,3.134592294692993,3.0126233100891118,0.0925232619047164,6.856480121612549,1.063146471977234
raster,et,ECO_L3T_JET.002_ETdaily_20230608T150806_aid0001_32N.tif,data/ET/ECO_L3T_JET.002_ETdaily_20230608T150806_aid0001_32N.tif,ECO_L3T_JET.002_ETdaily_20230608T150806_aid0001_32N.tif,2023-06-08 00:00:00,2023,6,evening,55.22431009179593,19191.0,True,False,False,1.0,False,32632.0,EPSG:32632,34751.0,34751.0,0.7114290595054626,0.6523112654685974,0.0583195649087429,2.827277660369873,0.3370271325111389
raster,et,ECO_L3T_JET.002_ETdaily_20230609T141922_aid0001_32N.tif,data/ET/ECO_L3T_JET.002_ETdaily_20230609T141922_aid0001_32N.tif,ECO_L3T_JET.002_ETdaily_20230609T141922_aid0001_32N.tif,2023-06-09 00:00:00,2023,6,evening,15.23984921297229,5296.0,True,False,False,1.0,False,32632.0,EPSG:32632,34751.0,34751.0,1.2620137929916382,1.212723731994629,0.0788072124123573,3.2091023921966557,0.4851790964603424
raster,et,ECO_L3T_JET.002_ETdaily_20230610T101557_aid0001_32N.tif,data/ET/ECO_L3T_JET.002_ETdaily_20230610T101557_aid0001_32N.tif,ECO_L3T_JET.002_ETdaily_20230610T101557_aid0001_32N.tif,2023-06-10 00:00:00,2023,6,midday_afternoon,87.20612356478951,30305.0,True,True,False,1.0,True,32632.0,EPSG:32632,34751.0,34751.0,2.297520875930786,2.2590935230255127,0.0126801114529371,6.2353925704956055,0.9414764046669006
raster,et,ECO_L3T_JET.002_ETdaily_20230611T092733_aid0001_32N.tif,data/ET/ECO_L3T_JET.002_ETdaily_20230611T092733_aid0001_32N.tif,ECO_L3T_JET.002_ETdaily_20230611T092733_aid0001_32N.tif,2023-06-11 00:00:00,2023,6,midday_afternoon,88.32839342752726,30695.0,True,True,False,1.0,True,32632.0,EPSG:32632,34751.0,34751.0,3.10637640953064,3.0881335735321045,0.158008724451065,7.448958873748779,0.7906717658042908
raster,et,ECO_L3T_JET.002_ETdaily_20230612T132855_aid0001_32N.tif,data/ET/ECO_L3T_JET.002_ETdaily_20230612T132855_aid0001_32N.tif,ECO_L3T_JET.002_ETdaily_20230612T132855_aid0001_32N.tif,2023-06-12 00:00:00,2023,6,midday_afternoon,30.692641938361486,10666.0,True,False,False,1.0,False,32632.0,EPSG:32632,34751.0,34751.0,1.9479918479919436,1.9732861518859863,0.0245395265519619,5.412207126617432,0.7496310472488403
raster,et,ECO_L3T_JET.002_ETdaily_20230614T083645_aid0001_32N.tif,data/ET/ECO_L3T_JET.002_ETdaily_20230614T083645_aid0001_32N.tif,ECO_L3T_JET.002_ETdaily_20230614T083645_aid0001_32N.tif,2023-06-14 00:00:00,2023,6,morning,99.53958159477423,34591.0,True,True,False,1.0,True,32632.0,EPSG:32632,34751.0,34751.0,2.1602611541748047,2.176417112350464,0.008073303848505,5.711915969848633,0.8787956833839417
raster,et,ECO_L3T_JET.002_ETdaily_20230615T074727_aid0001_32N.tif,data/ET/ECO_L3T_JET.002_ETdaily_20230615T074727_aid0001_32N.tif,ECO_L3T_JET.002_ETdaily_20230615T074727_aid0001_32N.tif,2023-06-15 00:00:00,2023,6,morning,99.27484101176944,34499.0,True,True,False,1.0,True,32632.0,EPSG:32632,34751.0,34751.0,2.728910446166992,2.7275755405426025,0.5225269198417664,6.486176490783691,0.5874796509742737
raster,et,ECO_L3T_JET.002_ETdaily_20230616T114931_aid0001_32N.tif,data/ET/ECO_L3T_JET.002_ETdaily_20230616T114931_aid0001_32N.tif,ECO_L3T_JET.002_ETdaily_20230616T114931_aid0001_32N.tif,2023-06-16 00:00:00,2023,6,midday_afternoon,41.19593680757389,14316.0,True,False,False,1.0,False,32632.0,EPSG:32632,34751.0,34751.0,2.081711769104004,2.071261405944824,0.0436522327363491,5.778607368469238,0.7378373146057129
raster,et,ECO_L3T_JET.002_ETdaily_20230618T065818_aid0001_32N.tif,data/ET/ECO_L3T_JET.002_ETdaily_20230618T065818_aid0001_32N.tif,ECO_L3T_JET.002_ETdaily_20230618T065818_aid0001_32N.tif,2023-06-18 00:00:00,2023,6,morning,100.0,34751.0,True,True,False,1.0,True,32632.0,EPSG:32632,34751.0,34751.0,2.2133703231811523,2.087228536605835,0.1793683767318725,18.061878204345703,0.741756021976471
raster,et,ECO_L3T_JET.002_ETdaily_20230619T060957_aid0001_32N.tif,data/ET/ECO_L3T_JET.002_ETdaily_20230619T060957_aid0001_32N.tif,ECO_L3T_JET.002_ETdaily_20230619T060957_aid0001_32N.tif,2023-06-19 00:00:00,2023,6,morning,100.0,34751.0,True,True,False,1.0,True,32632.0,EPSG:32632,34751.0,34751.0,2.335336685180664,2.3349554538726807,0.4037002921104431,9.914790153503418,0.8207370042800903
raster,et,ECO_L3T_JET.002_ETdaily_20230619T110056_aid0001_32N.tif,data/ET/ECO_L3T_JET.002_ETdaily_20230619T110056_aid0001_32N.tif,ECO_L3T_JET.002_ETdaily_20230619T110056_aid0001_32N.tif,2023-06-19 00:00:00,2023,6,midday_afternoon,15.64271531754482,5436.0,True,False,False,1.0,False,32632.0,EPSG:32632,34751.0,34751.0,1.9824562072753904,1.7797175645828247,0.063551016151905,6.222582817077637,1.29330313205719
raster,et,ECO_L3T_JET.002_ETdaily_20230620T101211_aid0001_32N.tif,data/ET/ECO_L3T_JET.002_ETdaily_20230620T101211_aid0001_32N.tif,ECO_L3T_JET.002_ETdaily_20230620T101211_aid0001_32N.tif,2023-06-20 00:00:00,2023,6,midday_afternoon,70.64544905182585,24550.0,True,True,False,1.0,True,32632.0,EPSG:32632,34751.0,34751.0,3.643554925918579,3.5384063720703125,1.0284161567687988,7.041717052459717,0.664903461933136
raster,et,ECO_L3T_JET.002_ETdaily_20230621T060918_aid0001_32N.tif,data/ET/ECO_L3T_JET.002_ETdaily_20230621T060918_aid0001_32N.tif,ECO_L3T_JET.002_ETdaily_20230621T060918_aid0001_32N.tif,2023-06-21 00:00:00,2023,6,morning,10.221288596011624,3552.0,True,False,False,1.0,False,32632.0,EPSG:32632,34751.0,34751.0,2.345754146575928,2.387290954589844,0.2906426191329956,4.314153671264648,0.5154445767402649
raster,et,ECO_L3T_JET.002_ETdaily_20230622T052033_aid0001_32N.tif,data/ET/ECO_L3T_JET.002_ETdaily_20230622T052033_aid0001_32N.tif,ECO_L3T_JET.002_ETdaily_20230622T052033_aid0001_32N.tif,2023-06-22 00:00:00,2023,6,morning,61.54930793358464,21389.0,True,False,False,1.0,False,32632.0,EPSG:32632,34751.0,34751.0,2.4546895027160645,2.548645257949829,0.0,6.488578796386719,0.6667057275772095
raster,et,ECO_L3T_JET.002_ETdaily_20230623T043153_aid0001_32N.tif,data/ET/ECO_L3T_JET.002_ETdaily_20230623T043153_aid0001_32N.tif,ECO_L3T_JET.002_ETdaily_20230623T043153_aid0001_32N.tif,2023-06-23 00:00:00,2023,6,morning,0.0374089954245921,13.0,True,False,False,1.0,False,32632.0,EPSG:32632,34751.0,34751.0,3.415800809860229,3.381154537200928,3.2328245639801025,3.801680088043213,0.1705467104911804
raster,et,ECO_L3T_JET.002_ETdaily_20230623T092314_aid0001_32N.tif,data/ET/ECO_L3T_JET.002_ETdaily_20230623T092314_aid0001_32N.tif,ECO_L3T_JET.002_ETdaily_20230623T092314_aid0001_32N.tif,2023-06-23 00:00:00,2023,6,midday_afternoon,98.93617021276596,93.0,True,True,True,0.002704958130701275,False,32632.0,EPSG:32632,94.0,34751.0,2.187978982925415,2.172106981277466,1.8343405723571775,2.509204864501953,0.1484290808439254
raster,et,ECO_L3T_JET.002_ETdaily_20230627T074440_aid0001_32N.tif,data/ET/ECO_L3T_JET.002_ETdaily_20230627T074440_aid0001_32N.tif,ECO_L3T_JET.002_ETdaily_20230627T074440_aid0001_32N.tif,2023-06-27 00:00:00,2023,6,morning,97.9741590170067,34047.0,True,True,False,1.0,True,32632.0,EPSG:32632,34751.0,34751.0,2.1141748428344727,2.1378061771392822,0.4385216534137726,4.318075656890869,0.6328892111778259
raster,et,ECO_L3T_JET.002_ETdaily_20230628T065603_aid0001_32N.tif,data/ET/ECO_L3T_JET.002_ETdaily_20230628T065603_aid0001_32N.tif,ECO_L3T_JET.002_ETdaily_20230628T065603_aid0001_32N.tif,2023-06-28 00:00:00,2023,6,morning,76.1503266093062,26463.0,True,True,False,1.0,True,32632.0,EPSG:32632,34751.0,34751.0,2.019825220108032,1.9910145998001096,1.2154033184051514,3.219842433929444,0.2926638126373291
raster,et,ECO_L3T_JET.002_ETdaily_20230630T065450_aid0001_32N.tif,data/ET/ECO_L3T_JET.002_ETdaily_20230630T065450_aid0001_32N.tif,ECO_L3T_JET.002_ETdaily_20230630T065450_aid0001_32N.tif,2023-06-30 00:00:00,2023,6,morning,84.78604932232166,29464.0,True,True,False,1.0,True,32632.0,EPSG:32632,34751.0,34751.0,0.910492181777954,0.8618081212043762,0.0,1.8114575147628784,0.3174432814121246
raster,et,ECO_L3T_JET.002_ETdaily_20240208T135928_aid0001_32N.tif,data/ET/ECO_L3T_JET.002_ETdaily_20240208T135928_aid0001_32N.tif,ECO_L3T_JET.002_ETdaily_20240208T135928_aid0001_32N.tif,2024-02-08 00:00:00,2024,2,midday_afternoon,84.60475957526403,29401.0,True,True,False,1.0,True,32632.0,EPSG:32632,34751.0,34751.0,0.5373954772949219,0.5604419708251953,0.0,1.8868285417556765,0.3291008472442627
raster,et,ECO_L3T_JET.002_ETdaily_20240220T091017_aid0001_32N.tif,data/ET/ECO_L3T_JET.002_ETdaily_20240220T091017_aid0001_32N.tif,ECO_L3T_JET.002_ETdaily_20240220T091017_aid0001_32N.tif,2024-02-20 00:00:00,2024,2,midday_afternoon,100.0,34751.0,True,True,False,1.0,True,32632.0,EPSG:32632,34751.0,34751.0,0.1173997670412063,0.1155237033963203,0.0,0.5407884120941162,0.0924384668469429
raster,et,ECO_L3T_JET.002_ETdaily_20240607T095329_aid0001_32N.tif,data/ET/ECO_L3T_JET.002_ETdaily_20240607T095329_aid0001_32N.tif,ECO_L3T_JET.002_ETdaily_20240607T095329_aid0001_32N.tif,2024-06-07 00:00:00,2024,6,midday_afternoon,99.2633305516388,34495.0,True,True,False,1.0,True,32632.0,EPSG:32632,34751.0,34751.0,2.2099149227142334,2.1183958053588867,0.0,6.110135555267334,1.0324020385742188
raster,et,ECO_L3T_JET.002_ETdaily_20240616T103858_aid0001_32N.tif,data/ET/ECO_L3T_JET.002_ETdaily_20240616T103858_aid0001_32N.tif,ECO_L3T_JET.002_ETdaily_20240616T103858_aid0001_32N.tif,2024-06-16 00:00:00,2024,6,midday_afternoon,12.64999568357745,4396.0,True,False,False,1.0,False,32632.0,EPSG:32632,34751.0,34751.0,2.551067352294922,2.5198240280151367,0.8148298859596252,5.236430168151856,0.7586643099784851
raster,et,ECO_L3T_JET.002_ETdaily_20250123T152516_aid0001_32N.tif,data/ET/ECO_L3T_JET.002_ETdaily_20250123T152516_aid0001_32N.tif,ECO_L3T_JET.002_ETdaily_20250123T152516_aid0001_32N.tif,2025-01-23 00:00:00,2025,1,evening,100.0,34751.0,True,True,False,1.0,True,32632.0,EPSG:32632,34751.0,34751.0,0.0,0.0,0.0,0.0,0.0
raster,et,ECO_L3T_JET.002_ETdaily_20250124T143624_aid0001_32N (1).tif,data/ET/ECO_L3T_JET.002_ETdaily_20250124T143624_aid0001_32N (1).tif,ECO_L3T_JET.002_ETdaily_20250124T143624_aid0001_32N (1).tif,2025-01-24 00:00:00,2025,1,evening,100.0,34751.0,True,True,False,1.0,True,32632.0,EPSG:32632,34751.0,34751.0,0.0277769826352596,0.0,0.0,0.3865249752998352,0.0471564978361129
raster,et,ECO_L3T_JET.002_ETdaily_20250201T111758_aid0001_32N.tif,data/ET/ECO_L3T_JET.002_ETdaily_20250201T111758_aid0001_32N.tif,ECO_L3T_JET.002_ETdaily_20250201T111758_aid0001_32N.tif,2025-02-01 00:00:00,2025,2,midday_afternoon,99.3439037725533,34523.0,True,True,False,1.0,True,32632.0,EPSG:32632,34751.0,34751.0,0.2214932590723037,0.2401920855045318,0.0,1.0443881750106812,0.1547075062990188
raster,et,ECO_L3T_JET.002_ETdaily_20250204T103027_aid0001_32N.tif,data/ET/ECO_L3T_JET.002_ETdaily_20250204T103027_aid0001_32N.tif,ECO_L3T_JET.002_ETdaily_20250204T103027_aid0001_32N.tif,2025-02-04 00:00:00,2025,2,midday_afternoon,75.45682138643492,26222.0,True,True,False,1.0,True,32632.0,EPSG:32632,34751.0,34751.0,0.1388244032859802,0.0846488624811172,0.0,1.0597227811813354,0.1683399379253387
raster,et,ECO_L3T_JET.002_ETdaily_20250205T094147_aid0001_32N.tif,data/ET/ECO_L3T_JET.002_ETdaily_20250205T094147_aid0001_32N.tif,ECO_L3T_JET.002_ETdaily_20250205T094147_aid0001_32N.tif,2025-02-05 00:00:00,2025,2,midday_afternoon,100.0,34751.0,True,True,False,1.0,True,32632.0,EPSG:32632,34751.0,34751.0,0.0554849542677402,0.0325552262365818,0.0,0.4838757812976837,0.0702783614397049
raster,et,ECO_L3T_JET.002_ETdaily_20250206T134425_aid0001_32N.tif,data/ET/ECO_L3T_JET.002_ETdaily_20250206T134425_aid0001_32N.tif,ECO_L3T_JET.002_ETdaily_20250206T134425_aid0001_32N.tif,2025-02-06 00:00:00,2025,2,midday_afternoon,100.0,34751.0,True,True,False,1.0,True,32632.0,EPSG:32632,34751.0,34751.0,0.1389245688915252,0.1220665648579597,0.0,0.7733680009841919,0.125667467713356
raster,et,ECO_L3T_JET.002_ETdaily_20250208T085347_aid0001_32N.tif,data/ET/ECO_L3T_JET.002_ETdaily_20250208T085347_aid0001_32N.tif,ECO_L3T_JET.002_ETdaily_20250208T085347_aid0001_32N.tif,2025-02-08 00:00:00,2025,2,morning,100.0,34751.0,True,True,False,1.0,True,32632.0,EPSG:32632,34751.0,34751.0,0.0249320548027753,0.0,0.0,0.4542012214660644,0.0540674850344657
raster,et,ECO_L3T_JET.002_ETdaily_20250209T080516_aid0001_32N.tif,data/ET/ECO_L3T_JET.002_ETdaily_20250209T080516_aid0001_32N.tif,ECO_L3T_JET.002_ETdaily_20250209T080516_aid0001_32N.tif,2025-02-09 00:00:00,2025,2,morning,99.99424476993468,34749.0,True,True,False,1.0,True,32632.0,EPSG:32632,34751.0,34751.0,0.0121006201952695,0.0,0.0,0.6019749045372009,0.0461748540401458
raster,et,ECO_L3T_JET.002_ETdaily_20250211T080508_aid0001_32N.tif,data/ET/ECO_L3T_JET.002_ETdaily_20250211T080508_aid0001_32N.tif,ECO_L3T_JET.002_ETdaily_20250211T080508_aid0001_32N.tif,2025-02-11 00:00:00,2025,2,morning,97.17705965295964,33770.0,True,True,False,1.0,True,32632.0,EPSG:32632,34751.0,34751.0,0.3117588758468628,0.2975468635559082,0.0,3.161949872970581,0.2220388054847717
raster,et,ECO_L3T_JET.002_ETdaily_20250214T103102_aid0001_32N.tif,data/ET/ECO_L3T_JET.002_ETdaily_20250214T103102_aid0001_32N.tif,ECO_L3T_JET.002_ETdaily_20250214T103102_aid0001_32N.tif,2025-02-14 00:00:00,2025,2,midday_afternoon,99.00146758366664,34404.0,True,True,False,1.0,True,32632.0,EPSG:32632,34751.0,34751.0,0.1848596781492233,0.1827199459075927,0.0,0.4921522736549377,0.0563211590051651
raster,et,ECO_L3T_JET.002_ETdaily_20250217T094209_aid0001_32N.tif,data/ET/ECO_L3T_JET.002_ETdaily_20250217T094209_aid0001_32N.tif,ECO_L3T_JET.002_ETdaily_20250217T094209_aid0001_32N.tif,2025-02-17 00:00:00,2025,2,midday_afternoon,100.0,34751.0,True,True,False,1.0,True,32632.0,EPSG:32632,34751.0,34751.0,0.1724889427423477,0.1247922182083129,0.0,1.049403429031372,0.1862965524196624
raster,et,ECO_L3T_JET.002_ETdaily_20250218T085337_aid0001_32N.tif,data/ET/ECO_L3T_JET.002_ETdaily_20250218T085337_aid0001_32N.tif,ECO_L3T_JET.002_ETdaily_20250218T085337_aid0001_32N.tif,2025-02-18 00:00:00,2025,2,morning,94.32822077062532,32780.0,True,True,False,1.0,True,32632.0,EPSG:32632,34751.0,34751.0,0.1125146895647049,0.0516250655055046,0.0,0.6839555501937866,0.130627766251564
raster,et,ECO_L3T_JET.002_ETdaily_20250222T071815_aid0001_32N.tif,data/ET/ECO_L3T_JET.002_ETdaily_20250222T071815_aid0001_32N.tif,ECO_L3T_JET.002_ETdaily_20250222T071815_aid0001_32N.tif,2025-02-22 00:00:00,2025,2,morning,30.459555120715955,10585.0,True,False,False,1.0,False,32632.0,EPSG:32632,34751.0,34751.0,0.313566505908966,0.2762555778026581,0.0,1.1832029819488523,0.2068271040916443
raster,et,ECO_L3T_JET.002_ETdaily_20250330T125134_aid0001_32N.tif,data/ET/ECO_L3T_JET.002_ETdaily_20250330T125134_aid0001_32N.tif,ECO_L3T_JET.002_ETdaily_20250330T125134_aid0001_32N.tif,2025-03-30 00:00:00,2025,3,midday_afternoon,93.55701994187216,32512.0,True,True,False,1.0,True,32632.0,EPSG:32632,34751.0,34751.0,0.9583777785301208,1.0047366619110107,0.0,3.338352680206299,0.5504565834999084
raster,et,ECO_L3T_JET.002_ETdaily_20250404T151752_aid0001_32N.tif,data/ET/ECO_L3T_JET.002_ETdaily_20250404T151752_aid0001_32N.tif,ECO_L3T_JET.002_ETdaily_20250404T151752_aid0001_32N.tif,2025-04-04 00:00:00,2025,4,evening,100.0,34751.0,True,True,False,1.0,True,32632.0,EPSG:32632,34751.0,34751.0,0.7152457237243652,0.7501537203788757,0.0,2.293860912322998,0.5374162197113037
raster,et,ECO_L3T_JET.002_ETdaily_20250407T094046_aid0001_32N.tif,data/ET/ECO_L3T_JET.002_ETdaily_20250407T094046_aid0001_32N.tif,ECO_L3T_JET.002_ETdaily_20250407T094046_aid0001_32N.tif,2025-04-07 00:00:00,2025,4,midday_afternoon,100.0,34751.0,True,True,False,1.0,True,32632.0,EPSG:32632,34751.0,34751.0,1.1557974815368652,1.182361364364624,0.0,2.701648712158203,0.5563286542892456
raster,et,ECO_L3T_JET.002_ETdaily_20250410T085402_aid0001_32N.tif,data/ET/ECO_L3T_JET.002_ETdaily_20250410T085402_aid0001_32N.tif,ECO_L3T_JET.002_ETdaily_20250410T085402_aid0001_32N.tif,2025-04-10 00:00:00,2025,4,morning,100.0,34751.0,True,True,False,1.0,True,32632.0,EPSG:32632,34751.0,34751.0,1.3712416887283323,1.4123317003250122,0.0,3.658245325088501,0.5768241286277771
raster,et,ECO_L3T_JET.002_ETdaily_20250411T080621_aid0001_32N.tif,data/ET/ECO_L3T_JET.002_ETdaily_20250411T080621_aid0001_32N.tif,ECO_L3T_JET.002_ETdaily_20250411T080621_aid0001_32N.tif,2025-04-11 00:00:00,2025,4,morning,100.0,34751.0,True,True,False,1.0,True,32632.0,EPSG:32632,34751.0,34751.0,1.3222588300704956,1.3417308330535889,0.0,3.345913887023926,0.5331451892852783
raster,et,ECO_L3T_JET.002_ETdaily_20250412T120912_aid0001_32N.tif,data/ET/ECO_L3T_JET.002_ETdaily_20250412T120912_aid0001_32N.tif,ECO_L3T_JET.002_ETdaily_20250412T120912_aid0001_32N.tif,2025-04-12 00:00:00,2025,4,midday_afternoon,100.0,34751.0,True,True,False,1.0,True,32632.0,EPSG:32632,34751.0,34751.0,1.823890209197998,1.8358250856399536,0.0,4.4176411628723145,0.7464948296546936
raster,et,ECO_L3T_JET.002_ETdaily_20250415T063131_aid0001_32N.tif,data/ET/ECO_L3T_JET.002_ETdaily_20250415T063131_aid0001_32N.tif,ECO_L3T_JET.002_ETdaily_20250415T063131_aid0001_32N.tif,2025-04-15 00:00:00,2025,4,morning,84.50692066415355,29367.0,True,True,False,1.0,True,32632.0,EPSG:32632,34751.0,34751.0,1.309514045715332,1.1661211252212524,0.3823600113391876,3.763201951980591,0.5062095522880554
raster,et,ECO_L3T_JET.002_ETdaily_20250418T054400_aid0001_32N.tif,data/ET/ECO_L3T_JET.002_ETdaily_20250418T054400_aid0001_32N.tif,ECO_L3T_JET.002_ETdaily_20250418T054400_aid0001_32N.tif,2025-04-18 00:00:00,2025,4,morning,100.0,34751.0,True,True,False,1.0,True,32632.0,EPSG:32632,34751.0,34751.0,0.2035992443561554,0.159341886639595,0.0,1.0887246131896973,0.2137479335069656
raster,et,ECO_L3T_JET.002_ETdaily_20250423T081045_aid0001_32N.tif,data/ET/ECO_L3T_JET.002_ETdaily_20250423T081045_aid0001_32N.tif,ECO_L3T_JET.002_ETdaily_20250423T081045_aid0001_32N.tif,2025-04-23 00:00:00,2025,4,morning,100.0,34751.0,True,True,False,1.0,True,32632.0,EPSG:32632,34751.0,34751.0,1.6937909126281738,1.7039494514465332,0.0140423504635691,4.775057792663574,0.607891321182251
raster,et,ECO_L3T_JET.002_ETdaily_20250428T054918_aid0001_32N.tif,data/ET/ECO_L3T_JET.002_ETdaily_20250428T054918_aid0001_32N.tif,ECO_L3T_JET.002_ETdaily_20250428T054918_aid0001_32N.tif,2025-04-28 00:00:00,2025,4,morning,100.0,94.0,True,True,True,0.002704958130701275,False,32632.0,EPSG:32632,94.0,34751.0,0.3398690521717071,0.3274176120758056,0.1566247940063476,0.6391178965568542,0.0744276270270347
raster,et,ECO_L3T_JET.002_ETdaily_20250516T175254_aid0001_32N.tif,data/ET/ECO_L3T_JET.002_ETdaily_20250516T175254_aid0001_32N.tif,ECO_L3T_JET.002_ETdaily_20250516T175254_aid0001_32N.tif,2025-05-16 00:00:00,2025,5,evening,0.0057552300653218,2.0,True,False,False,1.0,False,32632.0,EPSG:32632,34751.0,34751.0,0.3231939673423767,0.3231939673423767,0.3022391200065613,0.3441488146781921,0.0209548473358154
raster,et,ECO_L3T_JET.002_ETdaily_20250530T130618_aid0001_32N.tif,data/ET/ECO_L3T_JET.002_ETdaily_20250530T130618_aid0001_32N.tif,ECO_L3T_JET.002_ETdaily_20250530T130618_aid0001_32N.tif,2025-05-30 00:00:00,2025,5,midday_afternoon,100.0,34751.0,True,True,False,1.0,True,32632.0,EPSG:32632,34751.0,34751.0,2.723458766937256,3.000335693359375,0.070762388408184,5.241898536682129,1.1841365098953247
raster,et,ECO_L3T_JET.002_ETdaily_20250531T121805_aid0001_32N.tif,data/ET/ECO_L3T_JET.002_ETdaily_20250531T121805_aid0001_32N.tif,ECO_L3T_JET.002_ETdaily_20250531T121805_aid0001_32N.tif,2025-05-31 00:00:00,2025,5,midday_afternoon,99.490662139219,34574.0,True,True,False,1.0,True,32632.0,EPSG:32632,34751.0,34751.0,2.6079115867614746,2.6574630737304688,0.0,6.523406028747559,1.298898458480835
raster,et,ECO_L3T_JET.002_ETdaily_20250603T112957_aid0001_32N.tif,data/ET/ECO_L3T_JET.002_ETdaily_20250603T112957_aid0001_32N.tif,ECO_L3T_JET.002_ETdaily_20250603T112957_aid0001_32N.tif,2025-06-03 00:00:00,2025,6,midday_afternoon,38.75571925987742,13468.0,True,False,False,1.0,False,32632.0,EPSG:32632,34751.0,34751.0,2.3122711181640625,2.2199809551239014,0.0509305968880653,6.16917896270752,1.0058250427246094
raster,et,ECO_L3T_JET.002_ETdaily_20250613T112956_aid0001_32N.tif,data/ET/ECO_L3T_JET.002_ETdaily_20250613T112956_aid0001_32N.tif,ECO_L3T_JET.002_ETdaily_20250613T112956_aid0001_32N.tif,2025-06-13 00:00:00,2025,6,midday_afternoon,90.7714885902564,31544.0,True,True,False,1.0,True,32632.0,EPSG:32632,34751.0,34751.0,2.4054388999938965,2.3731842041015625,0.0049559939652681,6.23939847946167,1.0967961549758911
raster,et,ECO_L3T_JET.002_ETdaily_20250618T054920_aid0001_32N.tif,data/ET/ECO_L3T_JET.002_ETdaily_20250618T054920_aid0001_32N.tif,ECO_L3T_JET.002_ETdaily_20250618T054920_aid0001_32N.tif,2025-06-18 00:00:00,2025,6,morning,99.99712238496734,34750.0,True,True,False,1.0,True,32632.0,EPSG:32632,34751.0,34751.0,2.6600584983825684,2.5443897247314453,0.7238073945045471,5.324641704559326,0.8582474589347839
raster,et,ECO_L3T_JET.002_ETdaily_20250621T081446_aid0001_32N.tif,data/ET/ECO_L3T_JET.002_ETdaily_20250621T081446_aid0001_32N.tif,ECO_L3T_JET.002_ETdaily_20250621T081446_aid0001_32N.tif,2025-06-21 00:00:00,2025,6,morning,100.0,34751.0,True,True,False,1.0,True,32632.0,EPSG:32632,34751.0,34751.0,2.7496352195739746,2.843344449996948,0.0252342838793993,7.60973310470581,1.3243805170059204
raster,et,ECO_L3T_JET.002_ETdaily_20250623T081424_aid0001_32N.tif,data/ET/ECO_L3T_JET.002_ETdaily_20250623T081424_aid0001_32N.tif,ECO_L3T_JET.002_ETdaily_20250623T081424_aid0001_32N.tif,2025-06-23 00:00:00,2025,6,morning,84.04362464389514,29206.0,True,True,False,1.0,True,32632.0,EPSG:32632,34751.0,34751.0,3.238969087600708,3.2247209548950195,0.0121455900371074,6.797286510467529,1.185114860534668
raster,et,ECO_L3T_JET.002_ETdaily_20250624T072630_aid0001_32N.tif,data/ET/ECO_L3T_JET.002_ETdaily_20250624T072630_aid0001_32N.tif,ECO_L3T_JET.002_ETdaily_20250624T072630_aid0001_32N.tif,2025-06-24 00:00:00,2025,6,morning,48.76694195850479,16947.0,True,False,False,1.0,False,32632.0,EPSG:32632,34751.0,34751.0,3.1431055068969727,3.287020444869995,0.1046406850218772,5.64599609375,0.8607842326164246
raster,ndvi,ECO_L2T_STARS.002_NDVI-UQ_20190131T153850_aid0001_32N.tif,data/NDVI/ECO_L2T_STARS.002_NDVI-UQ_20190131T153850_aid0001_32N.tif,ECO_L2T_STARS.002_NDVI-UQ_20190131T153850_aid0001_32N.tif,2019-01-31 00:00:00,2019,1,evening,99.99136715490202,34748.0,True,True,False,1.0,True,32632.0,EPSG:32632,34751.0,34751.0,0.0422437265515327,0.0330071896314621,0.0009986140066757,0.973421275615692,0.0414717718958854
raster,ndvi,ECO_L2T_STARS.002_NDVI_20190131T153850_aid0001_32N.tif,data/NDVI/ECO_L2T_STARS.002_NDVI_20190131T153850_aid0001_32N.tif,ECO_L2T_STARS.002_NDVI_20190131T153850_aid0001_32N.tif,2019-01-31 00:00:00,2019,1,evening,99.94532531437945,34732.0,True,True,False,1.0,True,32632.0,EPSG:32632,34751.0,34751.0,0.2094565778970718,0.1955816149711609,-0.9862152934074402,0.9888513088226318,0.217257484793663
raster,ndvi,ECO_L2T_STARS.002_NDVI-UQ_20190208T120053_aid0001_32N.tif,data/NDVI/ECO_L2T_STARS.002_NDVI-UQ_20190208T120053_aid0001_32N.tif,ECO_L2T_STARS.002_NDVI-UQ_20190208T120053_aid0001_32N.tif,2019-02-08 00:00:00,2019,2,midday_afternoon,100.0,94.0,True,True,True,0.002704958130701275,False,32632.0,EPSG:32632,94.0,34751.0,0.0350595973432064,0.0296999104321002,0.0009879628196358,0.0964424237608909,0.0138399545103311
raster,ndvi,ECO_L2T_STARS.002_NDVI_20190208T120053_aid0001_32N.tif,data/NDVI/ECO_L2T_STARS.002_NDVI_20190208T120053_aid0001_32N.tif,ECO_L2T_STARS.002_NDVI_20190208T120053_aid0001_32N.tif,2019-02-08 00:00:00,2019,2,midday_afternoon,100.0,94.0,True,True,True,0.002704958130701275,False,32632.0,EPSG:32632,94.0,34751.0,0.094477541744709,0.0940325111150741,-0.6043985486030579,0.3951743841171264,0.1542128920555114
raster,ndvi,ECO_L2T_STARS.002_NDVI-UQ_20190209T124530_aid0001_32N.tif,data/NDVI/ECO_L2T_STARS.002_NDVI-UQ_20190209T124530_aid0001_32N.tif,ECO_L2T_STARS.002_NDVI-UQ_20190209T124530_aid0001_32N.tif,2019-02-09 00:00:00,2019,2,midday_afternoon,99.99424476993468,34749.0,True,True,False,1.0,True,32632.0,EPSG:32632,34751.0,34751.0,0.0546820126473903,0.0440733060240745,0.0036454328801482,0.9737021327018738,0.0475414469838142
raster,ndvi,ECO_L2T_STARS.002_NDVI_20190209T124530_aid0001_32N.tif,data/NDVI/ECO_L2T_STARS.002_NDVI_20190209T124530_aid0001_32N.tif,ECO_L2T_STARS.002_NDVI_20190209T124530_aid0001_32N.tif,2019-02-09 00:00:00,2019,2,midday_afternoon,99.96546861960806,34739.0,True,True,False,1.0,True,32632.0,EPSG:32632,34751.0,34751.0,0.173474907875061,0.1585437059402465,-0.9880070686340332,0.9960517287254332,0.2215302139520645
raster,ndvi,ECO_L2T_STARS.002_NDVI-UQ_20190210T115354_aid0001_32N.tif,data/NDVI/ECO_L2T_STARS.002_NDVI-UQ_20190210T115354_aid0001_32N.tif,ECO_L2T_STARS.002_NDVI-UQ_20190210T115354_aid0001_32N.tif,2019-02-10 00:00:00,2019,2,midday_afternoon,100.0,34751.0,True,True,False,1.0,True,32632.0,EPSG:32632,34751.0,34751.0,0.034271977841854,0.0295363403856754,0.0038110548630356,0.3847947716712951,0.0248987432569265
raster,ndvi,ECO_L2T_STARS.002_NDVI_20190210T115354_aid0001_32N.tif,data/NDVI/ECO_L2T_STARS.002_NDVI_20190210T115354_aid0001_32N.tif,ECO_L2T_STARS.002_NDVI_20190210T115354_aid0001_32N.tif,2019-02-10 00:00:00,2019,2,midday_afternoon,99.9625910045754,34738.0,True,True,False,1.0,True,32632.0,EPSG:32632,34751.0,34751.0,0.109868124127388,0.0667194724082946,-0.8477505445480347,0.9902560114860536,0.1890411078929901
raster,ndvi,ECO_L2T_STARS.002_NDVI-UQ_20190210T115446_aid0001_32N.tif,data/NDVI/ECO_L2T_STARS.002_NDVI-UQ_20190210T115446_aid0001_32N.tif,ECO_L2T_STARS.002_NDVI-UQ_20190210T115446_aid0001_32N.tif,2019-02-10 00:00:00,2019,2,midday_afternoon,100.0,94.0,True,True,True,0.002704958130701275,False,32632.0,EPSG:32632,94.0,34751.0,0.0307931397110223,0.0282207261770963,0.0249136798083782,0.0817901939153671,0.0097539033740758
raster,ndvi,ECO_L2T_STARS.002_NDVI_20190210T115446_aid0001_32N.tif,data/NDVI/ECO_L2T_STARS.002_NDVI_20190210T115446_aid0001_32N.tif,ECO_L2T_STARS.002_NDVI_20190210T115446_aid0001_32N.tif,2019-02-10 00:00:00,2019,2,midday_afternoon,100.0,94.0,True,True,True,0.002704958130701275,False,32632.0,EPSG:32632,94.0,34751.0,0.0331821590662002,0.007746759802103,-0.7628808617591858,0.3999316692352295,0.1778136640787124
raster,ndvi,ECO_L2T_STARS.002_NDVI-UQ_20190211T110310_aid0001_32N.tif,data/NDVI/ECO_L2T_STARS.002_NDVI-UQ_20190211T110310_aid0001_32N.tif,ECO_L2T_STARS.002_NDVI-UQ_20190211T110310_aid0001_32N.tif,2019-02-11 00:00:00,2019,2,midday_afternoon,100.0,34751.0,True,True,False,1.0,True,32632.0,EPSG:32632,34751.0,34751.0,0.027151271700859,0.0271564573049545,0.0041555725038051,0.3095002472400665,0.0144922845065593
raster,ndvi,ECO_L2T_STARS.002_NDVI_20190211T110310_aid0001_32N.tif,data/NDVI/ECO_L2T_STARS.002_NDVI_20190211T110310_aid0001_32N.tif,ECO_L2T_STARS.002_NDVI_20190211T110310_aid0001_32N.tif,2019-02-11 00:00:00,2019,2,midday_afternoon,99.97122384967338,34741.0,True,True,False,1.0,True,32632.0,EPSG:32632,34751.0,34751.0,0.1385091841220855,0.1144864857196807,-0.9047008752822876,0.9913463592529296,0.1791649460792541
raster,ndvi,ECO_L2T_STARS.002_NDVI-UQ_20190213T105610_aid0001_32N.tif,data/NDVI/ECO_L2T_STARS.002_NDVI-UQ_20190213T105610_aid0001_32N.tif,ECO_L2T_STARS.002_NDVI-UQ_20190213T105610_aid0001_32N.tif,2019-02-13 00:00:00,2019,2,midday_afternoon,100.0,34751.0,True,True,False,1.0,True,32632.0,EPSG:32632,34751.0,34751.0,0.0198442004621028,0.0199311263859272,0.0009129806421697,0.7752360105514526,0.0340345315635204
raster,ndvi,ECO_L2T_STARS.002_NDVI_20190213T105610_aid0001_32N.tif,data/NDVI/ECO_L2T_STARS.002_NDVI_20190213T105610_aid0001_32N.tif,ECO_L2T_STARS.002_NDVI_20190213T105610_aid0001_32N.tif,2019-02-13 00:00:00,2019,2,midday_afternoon,99.9424476993468,34731.0,True,True,False,1.0,True,32632.0,EPSG:32632,34751.0,34751.0,0.0960534736514091,0.0447476059198379,-0.9621107578277588,0.9969071745872498,0.1855699717998504
raster,ndvi,ECO_L2T_STARS.002_NDVI-UQ_20190213T105702_aid0001_32N.tif,data/NDVI/ECO_L2T_STARS.002_NDVI-UQ_20190213T105702_aid0001_32N.tif,ECO_L2T_STARS.002_NDVI-UQ_20190213T105702_aid0001_32N.tif,2019-02-13 00:00:00,2019,2,midday_afternoon,100.0,94.0,True,True,True,0.002704958130701275,False,32632.0,EPSG:32632,94.0,34751.0,0.000995241687633,0.0009960945462808,0.0009375636582262,0.0009965314529836,6.735101578669855e-06
raster,ndvi,ECO_L2T_STARS.002_NDVI_20190213T105702_aid0001_32N.tif,data/NDVI/ECO_L2T_STARS.002_NDVI_20190213T105702_aid0001_32N.tif,ECO_L2T_STARS.002_NDVI_20190213T105702_aid0001_32N.tif,2019-02-13 00:00:00,2019,2,midday_afternoon,100.0,94.0,True,True,True,0.002704958130701275,False,32632.0,EPSG:32632,94.0,34751.0,-0.0710899606347084,-0.0578779280185699,-0.170122817158699,0.2568943798542022,0.0631971657276153
raster,ndvi,ECO_L2T_STARS.002_NDVI-UQ_20190214T145546_aid0001_32N.tif,data/NDVI/ECO_L2T_STARS.002_NDVI-UQ_20190214T145546_aid0001_32N.tif,ECO_L2T_STARS.002_NDVI-UQ_20190214T145546_aid0001_32N.tif,2019-02-14 00:00:00,2019,2,evening,99.9482029294121,34733.0,True,True,False,1.0,True,32632.0,EPSG:32632,34751.0,34751.0,0.0246478784829378,0.0208939518779516,0.0037860644515603,0.9585068225860596,0.0389218442142009
raster,ndvi,ECO_L2T_STARS.002_NDVI_20190214T145546_aid0001_32N.tif,data/NDVI/ECO_L2T_STARS.002_NDVI_20190214T145546_aid0001_32N.tif,ECO_L2T_STARS.002_NDVI_20190214T145546_aid0001_32N.tif,2019-02-14 00:00:00,2019,2,evening,99.93093723921614,34727.0,True,True,False,1.0,True,32632.0,EPSG:32632,34751.0,34751.0,0.0815883502364158,0.0350868664681911,-0.860275149345398,0.9994558095932008,0.1622482538223266
raster,ndvi,ECO_L2T_STARS.002_NDVI-UQ_20190215T140410_aid0001_32N.tif,data/NDVI/ECO_L2T_STARS.002_NDVI-UQ_20190215T140410_aid0001_32N.tif,ECO_L2T_STARS.002_NDVI-UQ_20190215T140410_aid0001_32N.tif,2019-02-15 00:00:00,2019,2,evening,100.0,94.0,True,True,True,0.002704958130701275,False,32632.0,EPSG:32632,94.0,34751.0,0.0136014828458428,0.014177163131535,0.0087887169793248,0.0141771929338574,0.0014114120276644
raster,ndvi,ECO_L2T_STARS.002_NDVI_20190215T140410_aid0001_32N.tif,data/NDVI/ECO_L2T_STARS.002_NDVI_20190215T140410_aid0001_32N.tif,ECO_L2T_STARS.002_NDVI_20190215T140410_aid0001_32N.tif,2019-02-15 00:00:00,2019,2,evening,100.0,94.0,True,True,True,0.002704958130701275,False,32632.0,EPSG:32632,94.0,34751.0,-0.0734421983361244,-0.0587649643421173,-0.1700874865055084,0.2248930037021637,0.0606161206960678
raster,ndvi,ECO_L2T_STARS.002_NDVI-UQ_20190216T095827_aid0001_32N.tif,data/NDVI/ECO_L2T_STARS.002_NDVI-UQ_20190216T095827_aid0001_32N.tif,ECO_L2T_STARS.002_NDVI-UQ_20190216T095827_aid0001_32N.tif,2019-02-16 00:00:00,2019,2,midday_afternoon,99.9482029294121,34733.0,True,True,False,1.0,True,32632.0,EPSG:32632,34751.0,34751.0,0.02026760391891,0.0173491165041923,0.000898316677194,0.9583709239959716,0.0309350844472646
raster,ndvi,ECO_L2T_STARS.002_NDVI_20190216T095827_aid0001_32N.tif,data/NDVI/ECO_L2T_STARS.002_NDVI_20190216T095827_aid0001_32N.tif,ECO_L2T_STARS.002_NDVI_20190216T095827_aid0001_32N.tif,2019-02-16 00:00:00,2019,2,midday_afternoon,99.93093723921614,34727.0,True,True,False,1.0,True,32632.0,EPSG:32632,34751.0,34751.0,0.0793846100568771,0.0088885063305497,-0.890422523021698,0.9985935091972352,0.1977427750825882
raster,ndvi,ECO_L2T_STARS.002_NDVI-UQ_20190217T090651_aid0001_32N.tif,data/NDVI/ECO_L2T_STARS.002_NDVI-UQ_20190217T090651_aid0001_32N.tif,ECO_L2T_STARS.002_NDVI-UQ_20190217T090651_aid0001_32N.tif,2019-02-17 00:00:00,2019,2,midday_afternoon,99.93669246928148,34729.0,True,True,False,1.0,True,32632.0,EPSG:32632,34751.0,34751.0,0.0245095063000917,0.0200247801840305,0.004785425029695,0.974658727645874,0.0340768173336982
raster,ndvi,ECO_L2T_STARS.002_NDVI_20190217T090651_aid0001_32N.tif,data/NDVI/ECO_L2T_STARS.002_NDVI_20190217T090651_aid0001_32N.tif,ECO_L2T_STARS.002_NDVI_20190217T090651_aid0001_32N.tif,2019-02-17 00:00:00,2019,2,midday_afternoon,99.92518200915082,34725.0,True,True,False,1.0,True,32632.0,EPSG:32632,34751.0,34751.0,0.0717288255691528,0.0067767114378511,-0.9930392503738404,0.9989066123962402,0.1972297728061676
raster,ndvi,ECO_L2T_STARS.002_NDVI-UQ_20190217T090743_aid0001_32N.tif,data/NDVI/ECO_L2T_STARS.002_NDVI-UQ_20190217T090743_aid0001_32N.tif,ECO_L2T_STARS.002_NDVI-UQ_20190217T090743_aid0001_32N.tif,2019-02-17 00:00:00,2019,2,midday_afternoon,100.0,94.0,True,True,True,0.002704958130701275,False,32632.0,EPSG:32632,94.0,34751.0,0.0190437026321887,0.0200247764587402,0.0082960799336433,0.0200247969478368,0.0024798901285976
raster,ndvi,ECO_L2T_STARS.002_NDVI_20190217T090743_aid0001_32N.tif,data/NDVI/ECO_L2T_STARS.002_NDVI_20190217T090743_aid0001_32N.tif,ECO_L2T_STARS.002_NDVI_20190217T090743_aid0001_32N.tif,2019-02-17 00:00:00,2019,2,midday_afternoon,100.0,94.0,True,True,True,0.002704958130701275,False,32632.0,EPSG:32632,94.0,34751.0,-0.0721673741936683,-0.05726308375597,-0.1700277775526046,0.2266596853733062,0.0608396418392658
raster,ndvi,ECO_L2T_STARS.002_NDVI-UQ_20190218T130626_aid0001_32N.tif,data/NDVI/ECO_L2T_STARS.002_NDVI-UQ_20190218T130626_aid0001_32N.tif,ECO_L2T_STARS.002_NDVI-UQ_20190218T130626_aid0001_32N.tif,2019-02-18 00:00:00,2019,2,midday_afternoon,99.93093723921614,34727.0,True,True,False,1.0,True,32632.0,EPSG:32632,34751.0,34751.0,0.0208191778510808,0.0208921730518341,0.0009844346204772,0.9774871468544006,0.0328411050140857
raster,ndvi,ECO_L2T_STARS.002_NDVI_20190218T130626_aid0001_32N.tif,data/NDVI/ECO_L2T_STARS.002_NDVI_20190218T130626_aid0001_32N.tif,ECO_L2T_STARS.002_NDVI_20190218T130626_aid0001_32N.tif,2019-02-18 00:00:00,2019,2,midday_afternoon,99.97122384967338,34741.0,True,True,False,1.0,True,32632.0,EPSG:32632,34751.0,34751.0,0.0609373189508914,-0.0019044452346861,-0.72513747215271,0.9902012348175048,0.1939592212438583
raster,ndvi,ECO_L2T_STARS.002_NDVI-UQ_20190219T121450_aid0001_32N.tif,data/NDVI/ECO_L2T_STARS.002_NDVI-UQ_20190219T121450_aid0001_32N.tif,ECO_L2T_STARS.002_NDVI-UQ_20190219T121450_aid0001_32N.tif,2019-02-19 00:00:00,2019,2,midday_afternoon,99.9194267790855,34723.0,True,True,False,1.0,True,32632.0,EPSG:32632,34751.0,34751.0,0.0253893565386533,0.0228000562638044,0.0043010865338146,0.895454466342926,0.035137865692377
raster,ndvi,ECO_L2T_STARS.002_NDVI_20190219T121450_aid0001_32N.tif,data/NDVI/ECO_L2T_STARS.002_NDVI_20190219T121450_aid0001_32N.tif,ECO_L2T_STARS.002_NDVI_20190219T121450_aid0001_32N.tif,2019-02-19 00:00:00,2019,2,midday_afternoon,99.96834623464072,34740.0,True,True,False,1.0,True,32632.0,EPSG:32632,34751.0,34751.0,0.0586278513073921,-0.0023918822407722,-0.7833023071289062,0.9880325198173524,0.194874107837677
raster,ndvi,ECO_L2T_STARS.002_NDVI-UQ_20190220T080958_aid0001_32N.tif,data/NDVI/ECO_L2T_STARS.002_NDVI-UQ_20190220T080958_aid0001_32N.tif,ECO_L2T_STARS.002_NDVI-UQ_20190220T080958_aid0001_32N.tif,2019-02-20 00:00:00,2019,2,morning,99.9194267790855,34723.0,True,True,False,1.0,True,32632.0,EPSG:32632,34751.0,34751.0,0.029743468388915,0.0249701533466577,0.006354384124279,0.9057410955429076,0.0379467196762561
raster,ndvi,ECO_L2T_STARS.002_NDVI_20190220T080958_aid0001_32N.tif,data/NDVI/ECO_L2T_STARS.002_NDVI_20190220T080958_aid0001_32N.tif,ECO_L2T_STARS.002_NDVI_20190220T080958_aid0001_32N.tif,2019-02-20 00:00:00,2019,2,morning,99.96546861960806,34739.0,True,True,False,1.0,True,32632.0,EPSG:32632,34751.0,34751.0,0.0548115968704223,-0.0037470813840627,-0.7065415978431702,0.993403136730194,0.1877105683088302
raster,ndvi,ECO_L2T_STARS.002_NDVI-UQ_20190221T071822_aid0001_32N.tif,data/NDVI/ECO_L2T_STARS.002_NDVI-UQ_20190221T071822_aid0001_32N.tif,ECO_L2T_STARS.002_NDVI-UQ_20190221T071822_aid0001_32N.tif,2019-02-21 00:00:00,2019,2,morning,99.99712238496734,34750.0,True,True,False,1.0,True,32632.0,EPSG:32632,34751.0,34751.0,0.0022021702025085,0.0009992627892643,0.0009889923967421,0.962163269519806,0.0175426639616489
raster,ndvi,ECO_L2T_STARS.002_NDVI_20190221T071822_aid0001_32N.tif,data/NDVI/ECO_L2T_STARS.002_NDVI_20190221T071822_aid0001_32N.tif,ECO_L2T_STARS.002_NDVI_20190221T071822_aid0001_32N.tif,2019-02-21 00:00:00,2019,2,morning,99.97697907973873,34743.0,True,True,False,1.0,True,32632.0,EPSG:32632,34751.0,34751.0,0.004622945562005,-0.0559811517596244,-0.9850373864173888,0.99970144033432,0.2224198430776596
raster,ndvi,ECO_L2T_STARS.002_NDVI-UQ_20190222T111706_aid0001_32N.tif,data/NDVI/ECO_L2T_STARS.002_NDVI-UQ_20190222T111706_aid0001_32N.tif,ECO_L2T_STARS.002_NDVI-UQ_20190222T111706_aid0001_32N.tif,2019-02-22 00:00:00,2019,2,midday_afternoon,99.99712238496734,34750.0,True,True,False,1.0,True,32632.0,EPSG:32632,34751.0,34751.0,0.0130745265632867,0.0085454834625124,0.0016641900874674,0.9194751381874084,0.0247117523103952
raster,ndvi,ECO_L2T_STARS.002_NDVI_20190222T111706_aid0001_32N.tif,data/NDVI/ECO_L2T_STARS.002_NDVI_20190222T111706_aid0001_32N.tif,ECO_L2T_STARS.002_NDVI_20190222T111706_aid0001_32N.tif,2019-02-22 00:00:00,2019,2,midday_afternoon,99.95683577451008,34736.0,True,True,False,1.0,True,32632.0,EPSG:32632,34751.0,34751.0,0.0050245677120983,-0.055247388780117,-0.8895033597946167,0.9964435696601868,0.2210510671138763
raster,ndvi,ECO_L2T_STARS.002_NDVI-UQ_20190222T111758_aid0001_32N.tif,data/NDVI/ECO_L2T_STARS.002_NDVI-UQ_20190222T111758_aid0001_32N.tif,ECO_L2T_STARS.002_NDVI-UQ_20190222T111758_aid0001_32N.tif,2019-02-22 00:00:00,2019,2,midday_afternoon,100.0,94.0,True,True,True,0.002704958130701275,False,32632.0,EPSG:32632,94.0,34751.0,0.0079252906143665,0.0071529373526573,0.005121243186295,0.016736838966608,0.002439992967993
raster,ndvi,ECO_L2T_STARS.002_NDVI_20190222T111758_aid0001_32N.tif,data/NDVI/ECO_L2T_STARS.002_NDVI_20190222T111758_aid0001_32N.tif,ECO_L2T_STARS.002_NDVI_20190222T111758_aid0001_32N.tif,2019-02-22 00:00:00,2019,2,midday_afternoon,100.0,94.0,True,True,True,0.002704958130701275,False,32632.0,EPSG:32632,94.0,34751.0,-0.1017900332808494,-0.0793678164482116,-0.2499159723520279,0.2390130907297134,0.0690787658095359
raster,ndvi,ECO_L2T_STARS.002_NDVI-UQ_20190223T071123_aid0001_32N.tif,data/NDVI/ECO_L2T_STARS.002_NDVI-UQ_20190223T071123_aid0001_32N.tif,ECO_L2T_STARS.002_NDVI-UQ_20190223T071123_aid0001_32N.tif,2019-02-23 00:00:00,2019,2,morning,100.0,34751.0,True,True,False,1.0,True,32632.0,EPSG:32632,34751.0,34751.0,0.0032655021641403,0.0009953246917575,0.0008713463903404,0.8764041662216187,0.017559427767992
raster,ndvi,ECO_L2T_STARS.002_NDVI_20190223T071123_aid0001_32N.tif,data/NDVI/ECO_L2T_STARS.002_NDVI_20190223T071123_aid0001_32N.tif,ECO_L2T_STARS.002_NDVI_20190223T071123_aid0001_32N.tif,2019-02-23 00:00:00,2019,2,morning,99.95683577451008,34736.0,True,True,False,1.0,True,32632.0,EPSG:32632,34751.0,34751.0,0.0023182148579508,-0.0588249079883098,-0.9980379939079284,0.9996328949928284,0.2666106224060058
raster,ndvi,ECO_L2T_STARS.002_NDVI-UQ_20190223T071215_aid0001_32N.tif,data/NDVI/ECO_L2T_STARS.002_NDVI-UQ_20190223T071215_aid0001_32N.tif,ECO_L2T_STARS.002_NDVI-UQ_20190223T071215_aid0001_32N.tif,2019-02-23 00:00:00,2019,2,morning,100.0,94.0,True,True,True,0.002704958130701275,False,32632.0,EPSG:32632,94.0,34751.0,0.0008888310985639,0.0008812239393591,0.0008594838436692,0.0009520584135316,1.9842209439957514e-05
raster,ndvi,ECO_L2T_STARS.002_NDVI_20190223T071215_aid0001_32N.tif,data/NDVI/ECO_L2T_STARS.002_NDVI_20190223T071215_aid0001_32N.tif,ECO_L2T_STARS.002_NDVI_20190223T071215_aid0001_32N.tif,2019-02-23 00:00:00,2019,2,morning,100.0,94.0,True,True,True,0.002704958130701275,False,32632.0,EPSG:32632,94.0,34751.0,-0.1230141147971153,-0.0790411382913589,-0.3530643284320831,0.2781659364700317,0.0994317308068275
raster,ndvi,ECO_L2T_STARS.002_NDVI-UQ_20190225T101921_aid0001_32N.tif,data/NDVI/ECO_L2T_STARS.002_NDVI-UQ_20190225T101921_aid0001_32N.tif,ECO_L2T_STARS.002_NDVI-UQ_20190225T101921_aid0001_32N.tif,2019-02-25 00:00:00,2019,2,midday_afternoon,100.0,34751.0,True,True,False,1.0,True,32632.0,EPSG:32632,34751.0,34751.0,0.0186339039355516,0.0131203727796673,0.0024363414850085,0.8429422974586487,0.0289310216903686
raster,ndvi,ECO_L2T_STARS.002_NDVI_20190225T101921_aid0001_32N.tif,data/NDVI/ECO_L2T_STARS.002_NDVI_20190225T101921_aid0001_32N.tif,ECO_L2T_STARS.002_NDVI_20190225T101921_aid0001_32N.tif,2019-02-25 00:00:00,2019,2,midday_afternoon,99.85899686339962,34702.0,True,True,False,1.0,True,32632.0,EPSG:32632,34751.0,34751.0,0.002888113958761,-0.0593502148985862,-0.998437762260437,0.9968968629837036,0.2665105760097503
raster,ndvi,ECO_L2T_STARS.002_NDVI-UQ_20190226T092747_aid0001_32N.tif,data/NDVI/ECO_L2T_STARS.002_NDVI-UQ_20190226T092747_aid0001_32N.tif,ECO_L2T_STARS.002_NDVI-UQ_20190226T092747_aid0001_32N.tif,2019-02-26 00:00:00,2019,2,midday_afternoon,100.0,34751.0,True,True,False,1.0,True,32632.0,EPSG:32632,34751.0,34751.0,0.0176887065172195,0.013084196485579,0.0007331015076488,0.6045569777488708,0.0240336321294307
raster,ndvi,ECO_L2T_STARS.002_NDVI_20190226T092747_aid0001_32N.tif,data/NDVI/ECO_L2T_STARS.002_NDVI_20190226T092747_aid0001_32N.tif,ECO_L2T_STARS.002_NDVI_20190226T092747_aid0001_32N.tif,2019-02-26 00:00:00,2019,2,midday_afternoon,99.83309832810566,34693.0,True,True,False,1.0,True,32632.0,EPSG:32632,34751.0,34751.0,0.0168458055704832,-0.0576618686318397,-0.992399275302887,0.9991127252578736,0.2573380768299103
raster,ndvi,ECO_L2T_STARS.002_NDVI-UQ_20190228T092225_aid0001_32N.tif,data/NDVI/ECO_L2T_STARS.002_NDVI-UQ_20190228T092225_aid0001_32N.tif,ECO_L2T_STARS.002_NDVI-UQ_20190228T092225_aid0001_32N.tif,2019-02-28 00:00:00,2019,2,midday_afternoon,100.0,34751.0,True,True,False,1.0,True,32632.0,EPSG:32632,34751.0,34751.0,0.0132861444726586,0.0083967158570885,0.0006145844236016,0.4140267670154571,0.0203192606568336
raster,ndvi,ECO_L2T_STARS.002_NDVI_20190228T092225_aid0001_32N.tif,data/NDVI/ECO_L2T_STARS.002_NDVI_20190228T092225_aid0001_32N.tif,ECO_L2T_STARS.002_NDVI_20190228T092225_aid0001_32N.tif,2019-02-28 00:00:00,2019,2,midday_afternoon,99.78130125751775,34675.0,True,True,False,1.0,True,32632.0,EPSG:32632,34751.0,34751.0,0.0128675196319818,-0.0633369088172912,-0.9912371635437012,0.9980180263519288,0.2508998811244964
raster,ndvi,ECO_L2T_STARS.002_NDVI-UQ_20190228T092317_aid0001_32N.tif,data/NDVI/ECO_L2T_STARS.002_NDVI-UQ_20190228T092317_aid0001_32N.tif,ECO_L2T_STARS.002_NDVI-UQ_20190228T092317_aid0001_32N.tif,2019-02-28 00:00:00,2019,2,midday_afternoon,100.0,94.0,True,True,True,0.002704958130701275,False,32632.0,EPSG:32632,94.0,34751.0,0.0009978879243135,0.0009978576563298,0.0009948411025106,0.0009998581372201,1.5002709687905735e-06
raster,ndvi,ECO_L2T_STARS.002_NDVI_20190228T092317_aid0001_32N.tif,data/NDVI/ECO_L2T_STARS.002_NDVI_20190228T092317_aid0001_32N.tif,ECO_L2T_STARS.002_NDVI_20190228T092317_aid0001_32N.tif,2019-02-28 00:00:00,2019,2,midday_afternoon,100.0,94.0,True,True,True,0.002704958130701275,False,32632.0,EPSG:32632,94.0,34751.0,-0.1018567383289337,-0.0834806859493255,-0.2623254954814911,0.2379443645477295,0.0624321885406971
raster,ndvi,ECO_L2T_STARS.002_NDVI-UQ_20190608T130928_aid0001_32N.tif,data/NDVI/ECO_L2T_STARS.002_NDVI-UQ_20190608T130928_aid0001_32N.tif,ECO_L2T_STARS.002_NDVI-UQ_20190608T130928_aid0001_32N.tif,2019-06-08 00:00:00,2019,6,midday_afternoon,100.0,34751.0,True,True,False,1.0,True,32632.0,EPSG:32632,34751.0,34751.0,0.0111235287040472,0.011260787025094,0.0008635264239273,0.0264762360602617,0.0090377796441316
raster,ndvi,ECO_L2T_STARS.002_NDVI_20190608T130928_aid0001_32N.tif,data/NDVI/ECO_L2T_STARS.002_NDVI_20190608T130928_aid0001_32N.tif,ECO_L2T_STARS.002_NDVI_20190608T130928_aid0001_32N.tif,2019-06-08 00:00:00,2019,6,midday_afternoon,99.77842364248512,34674.0,True,True,False,1.0,True,32632.0,EPSG:32632,34751.0,34751.0,0.1879998445510864,0.0412140004336833,-0.4949308931827545,0.9999916553497314,0.3188761174678802
raster,ndvi,ECO_L2T_STARS.002_NDVI-UQ_20190609T121951_aid0001_32N.tif,data/NDVI/ECO_L2T_STARS.002_NDVI-UQ_20190609T121951_aid0001_32N.tif,ECO_L2T_STARS.002_NDVI-UQ_20190609T121951_aid0001_32N.tif,2019-06-09 00:00:00,2019,6,midday_afternoon,100.0,34751.0,True,True,False,1.0,True,32632.0,EPSG:32632,34751.0,34751.0,0.0159325059503316,0.0147384749725461,0.0051002101972699,0.055952426046133,0.0068335197865962
raster,ndvi,ECO_L2T_STARS.002_NDVI_20190609T121951_aid0001_32N.tif,data/NDVI/ECO_L2T_STARS.002_NDVI_20190609T121951_aid0001_32N.tif,ECO_L2T_STARS.002_NDVI_20190609T121951_aid0001_32N.tif,2019-06-09 00:00:00,2019,6,midday_afternoon,99.74389226209318,34662.0,True,True,False,1.0,True,32632.0,EPSG:32632,34751.0,34751.0,0.1877911239862442,0.0404715612530708,-0.4945785701274872,0.9999287724494934,0.3190638124942779
raster,ndvi,ECO_L2T_STARS.002_NDVI-UQ_20190609T122043_aid0001_32N.tif,data/NDVI/ECO_L2T_STARS.002_NDVI-UQ_20190609T122043_aid0001_32N.tif,ECO_L2T_STARS.002_NDVI-UQ_20190609T122043_aid0001_32N.tif,2019-06-09 00:00:00,2019,6,midday_afternoon,100.0,94.0,True,True,True,0.002704958130701275,False,32632.0,EPSG:32632,94.0,34751.0,0.0103612449020147,0.0100420918315649,0.0100418096408247,0.0137885175645351,0.0008758477633818
raster,ndvi,ECO_L2T_STARS.002_NDVI_20190609T122043_aid0001_32N.tif,data/NDVI/ECO_L2T_STARS.002_NDVI_20190609T122043_aid0001_32N.tif,ECO_L2T_STARS.002_NDVI_20190609T122043_aid0001_32N.tif,2019-06-09 00:00:00,2019,6,midday_afternoon,100.0,94.0,True,True,True,0.002704958130701275,False,32632.0,EPSG:32632,94.0,34751.0,-0.0909225195646286,-0.1278630495071411,-0.1465757489204406,0.5337568521499634,0.1092811301350593
raster,ndvi,ECO_L2T_STARS.002_NDVI-UQ_20190610T162134_aid0001_32N.tif,data/NDVI/ECO_L2T_STARS.002_NDVI-UQ_20190610T162134_aid0001_32N.tif,ECO_L2T_STARS.002_NDVI-UQ_20190610T162134_aid0001_32N.tif,2019-06-10 00:00:00,2019,6,evening,100.0,34751.0,True,True,False,1.0,True,32632.0,EPSG:32632,34751.0,34751.0,0.0193738099187612,0.0177808217704296,0.0069104232825338,0.1156160235404968,0.0074404207989573
raster,ndvi,ECO_L2T_STARS.002_NDVI_20190610T162134_aid0001_32N.tif,data/NDVI/ECO_L2T_STARS.002_NDVI_20190610T162134_aid0001_32N.tif,ECO_L2T_STARS.002_NDVI_20190610T162134_aid0001_32N.tif,2019-06-10 00:00:00,2019,6,evening,99.7352594169952,34659.0,True,True,False,1.0,True,32632.0,EPSG:32632,34751.0,34751.0,0.1877893209457397,0.0403282418847084,-0.494041383266449,0.9990315437316896,0.3191286623477936
raster,ndvi,ECO_L2T_STARS.002_NDVI-UQ_20190611T121746_aid0001_32N.tif,data/NDVI/ECO_L2T_STARS.002_NDVI-UQ_20190611T121746_aid0001_32N.tif,ECO_L2T_STARS.002_NDVI-UQ_20190611T121746_aid0001_32N.tif,2019-06-11 00:00:00,2019,6,midday_afternoon,100.0,34751.0,True,True,False,1.0,True,32632.0,EPSG:32632,34751.0,34751.0,0.023541672155261,0.0208111815154552,0.0080867074429988,0.1795560419559478,0.012789063155651
raster,ndvi,ECO_L2T_STARS.002_NDVI_20190611T121746_aid0001_32N.tif,data/NDVI/ECO_L2T_STARS.002_NDVI_20190611T121746_aid0001_32N.tif,ECO_L2T_STARS.002_NDVI_20190611T121746_aid0001_32N.tif,2019-06-11 00:00:00,2019,6,midday_afternoon,99.73238180196252,34658.0,True,True,False,1.0,True,32632.0,EPSG:32632,34751.0,34751.0,0.1866724491119384,0.0401514880359172,-0.4939872622489929,0.999695599079132,0.3181917071342468
raster,ndvi,ECO_L2T_STARS.002_NDVI-UQ_20190612T112813_aid0001_32N.tif,data/NDVI/ECO_L2T_STARS.002_NDVI-UQ_20190612T112813_aid0001_32N.tif,ECO_L2T_STARS.002_NDVI-UQ_20190612T112813_aid0001_32N.tif,2019-06-12 00:00:00,2019,6,midday_afternoon,100.0,34751.0,True,True,False,1.0,True,32632.0,EPSG:32632,34751.0,34751.0,0.0296864882111549,0.0240218266844749,0.0091142961755394,0.2955086827278137,0.0249288789927959
raster,ndvi,ECO_L2T_STARS.002_NDVI_20190612T112813_aid0001_32N.tif,data/NDVI/ECO_L2T_STARS.002_NDVI_20190612T112813_aid0001_32N.tif,ECO_L2T_STARS.002_NDVI_20190612T112813_aid0001_32N.tif,2019-06-12 00:00:00,2019,6,midday_afternoon,99.7352594169952,34659.0,True,True,False,1.0,True,32632.0,EPSG:32632,34751.0,34751.0,0.1761661916971206,0.0302809365093708,-0.5444870591163635,0.9982692003250122,0.3135397434234619
raster,ndvi,ECO_L2T_STARS.002_NDVI-UQ_20190613T103828_aid0001_32N.tif,data/NDVI/ECO_L2T_STARS.002_NDVI-UQ_20190613T103828_aid0001_32N.tif,ECO_L2T_STARS.002_NDVI-UQ_20190613T103828_aid0001_32N.tif,2019-06-13 00:00:00,2019,6,midday_afternoon,100.0,34751.0,True,True,False,1.0,True,32632.0,EPSG:32632,34751.0,34751.0,0.0217064060270786,0.0223811361938714,0.0009949821978807,0.256326824426651,0.0222354028373956
raster,ndvi,ECO_L2T_STARS.002_NDVI_20190613T103828_aid0001_32N.tif,data/NDVI/ECO_L2T_STARS.002_NDVI_20190613T103828_aid0001_32N.tif,ECO_L2T_STARS.002_NDVI_20190613T103828_aid0001_32N.tif,2019-06-13 00:00:00,2019,6,midday_afternoon,99.60001151046012,34612.0,True,True,False,1.0,True,32632.0,EPSG:32632,34751.0,34751.0,0.2231436669826507,0.1127887070178985,-0.7522831559181213,0.9988706707954408,0.3186080455780029
raster,ndvi,ECO_L2T_STARS.002_NDVI-UQ_20190613T103920_aid0001_32N.tif,data/NDVI/ECO_L2T_STARS.002_NDVI-UQ_20190613T103920_aid0001_32N.tif,ECO_L2T_STARS.002_NDVI-UQ_20190613T103920_aid0001_32N.tif,2019-06-13 00:00:00,2019,6,midday_afternoon,100.0,94.0,True,True,True,0.002704958130701275,False,32632.0,EPSG:32632,94.0,34751.0,0.0009368279133923,0.0009249339927919,0.0009223166853189,0.0009965224890038,2.5602446839911863e-05
raster,ndvi,ECO_L2T_STARS.002_NDVI_20190613T103920_aid0001_32N.tif,data/NDVI/ECO_L2T_STARS.002_NDVI_20190613T103920_aid0001_32N.tif,ECO_L2T_STARS.002_NDVI_20190613T103920_aid0001_32N.tif,2019-06-13 00:00:00,2019,6,midday_afternoon,100.0,94.0,True,True,True,0.002704958130701275,False,32632.0,EPSG:32632,94.0,34751.0,-0.0148542653769254,-0.0710526183247566,-0.0922560170292854,0.665433943271637,0.1480166316032409
raster,ndvi,ECO_L2T_STARS.002_NDVI-UQ_20190614T143945_aid0001_32N.tif,data/NDVI/ECO_L2T_STARS.002_NDVI-UQ_20190614T143945_aid0001_32N.tif,ECO_L2T_STARS.002_NDVI-UQ_20190614T143945_aid0001_32N.tif,2019-06-14 00:00:00,2019,6,evening,100.0,34751.0,True,True,False,1.0,True,32632.0,EPSG:32632,34751.0,34751.0,0.02960055321455,0.0250969398766756,0.0011148704215884,0.2935894429683685,0.028316643089056
raster,ndvi,ECO_L2T_STARS.002_NDVI_20190614T143945_aid0001_32N.tif,data/NDVI/ECO_L2T_STARS.002_NDVI_20190614T143945_aid0001_32N.tif,ECO_L2T_STARS.002_NDVI_20190614T143945_aid0001_32N.tif,2019-06-14 00:00:00,2019,6,evening,99.60864435555813,34615.0,True,True,False,1.0,True,32632.0,EPSG:32632,34751.0,34751.0,0.2259568721055984,0.112918771803379,-0.9084662199020386,0.9996433854103088,0.3225137293338775
raster,ndvi,ECO_L2T_STARS.002_NDVI-UQ_20190614T144037_aid0001_32N.tif,data/NDVI/ECO_L2T_STARS.002_NDVI-UQ_20190614T144037_aid0001_32N.tif,ECO_L2T_STARS.002_NDVI-UQ_20190614T144037_aid0001_32N.tif,2019-06-14 00:00:00,2019,6,evening,100.0,94.0,True,True,True,0.002704958130701275,False,32632.0,EPSG:32632,94.0,34751.0,0.0088826939463615,0.008720451965928,0.0063181011937558,0.0100443242117762,0.0010106774279847
raster,ndvi,ECO_L2T_STARS.002_NDVI_20190614T144037_aid0001_32N.tif,data/NDVI/ECO_L2T_STARS.002_NDVI_20190614T144037_aid0001_32N.tif,ECO_L2T_STARS.002_NDVI_20190614T144037_aid0001_32N.tif,2019-06-14 00:00:00,2019,6,evening,100.0,94.0,True,True,True,0.002704958130701275,False,32632.0,EPSG:32632,94.0,34751.0,-0.0198449455201625,-0.0754433274269104,-0.0955239757895469,0.6601117849349976,0.1481619328260421
raster,ndvi,ECO_L2T_STARS.002_NDVI-UQ_20190615T103650_aid0001_32N.tif,data/NDVI/ECO_L2T_STARS.002_NDVI-UQ_20190615T103650_aid0001_32N.tif,ECO_L2T_STARS.002_NDVI-UQ_20190615T103650_aid0001_32N.tif,2019-06-15 00:00:00,2019,6,midday_afternoon,100.0,34751.0,True,True,False,1.0,True,32632.0,EPSG:32632,34751.0,34751.0,0.0337634608149528,0.0269912015646696,0.001149809337221,0.415392130613327,0.0347618050873279
raster,ndvi,ECO_L2T_STARS.002_NDVI_20190615T103650_aid0001_32N.tif,data/NDVI/ECO_L2T_STARS.002_NDVI_20190615T103650_aid0001_32N.tif,ECO_L2T_STARS.002_NDVI_20190615T103650_aid0001_32N.tif,2019-06-15 00:00:00,2019,6,midday_afternoon,99.59425628039482,34610.0,True,True,False,1.0,True,32632.0,EPSG:32632,34751.0,34751.0,0.2258479297161102,0.1130394265055656,-0.9522808790206908,0.9994723796844482,0.3227433860301971
raster,ndvi,ECO_L2T_STARS.002_NDVI-UQ_20190617T085742_aid0001_32N.tif,data/NDVI/ECO_L2T_STARS.002_NDVI-UQ_20190617T085742_aid0001_32N.tif,ECO_L2T_STARS.002_NDVI-UQ_20190617T085742_aid0001_32N.tif,2019-06-17 00:00:00,2019,6,morning,100.0,34751.0,True,True,False,1.0,True,32632.0,EPSG:32632,34751.0,34751.0,0.0339886881411075,0.0300125759094953,0.0009367277962155,0.4452288448810577,0.0391096249222755
raster,ndvi,ECO_L2T_STARS.002_NDVI_20190617T085742_aid0001_32N.tif,data/NDVI/ECO_L2T_STARS.002_NDVI_20190617T085742_aid0001_32N.tif,ECO_L2T_STARS.002_NDVI_20190617T085742_aid0001_32N.tif,2019-06-17 00:00:00,2019,6,morning,99.26045293660614,34494.0,True,True,False,1.0,True,32632.0,EPSG:32632,34751.0,34751.0,0.2439470589160919,0.1459010541439056,-0.8821431994438171,0.9998424649238586,0.3253763914108276
raster,ndvi,ECO_L2T_STARS.002_NDVI-UQ_20190619T085524_aid0001_32N.tif,data/NDVI/ECO_L2T_STARS.002_NDVI-UQ_20190619T085524_aid0001_32N.tif,ECO_L2T_STARS.002_NDVI-UQ_20190619T085524_aid0001_32N.tif,2019-06-19 00:00:00,2019,6,morning,100.0,34751.0,True,True,False,1.0,True,32632.0,EPSG:32632,34751.0,34751.0,0.0350368432700634,0.0245151240378618,0.0050948583520948,0.7935339212417603,0.0502787418663501
raster,ndvi,ECO_L2T_STARS.002_NDVI_20190619T085524_aid0001_32N.tif,data/NDVI/ECO_L2T_STARS.002_NDVI_20190619T085524_aid0001_32N.tif,ECO_L2T_STARS.002_NDVI_20190619T085524_aid0001_32N.tif,2019-06-19 00:00:00,2019,6,morning,99.499294984317,34577.0,True,True,False,1.0,True,32632.0,EPSG:32632,34751.0,34751.0,0.3550077378749847,0.3000000119209289,-0.5469828844070435,0.9998381733894348,0.2483308315277099
raster,ndvi,ECO_L2T_STARS.002_NDVI-UQ_20190621T071621_aid0001_32N.tif,data/NDVI/ECO_L2T_STARS.002_NDVI-UQ_20190621T071621_aid0001_32N.tif,ECO_L2T_STARS.002_NDVI-UQ_20190621T071621_aid0001_32N.tif,2019-06-21 00:00:00,2019,6,morning,100.0,94.0,True,True,True,0.002704958130701275,False,32632.0,EPSG:32632,94.0,34751.0,0.0334383472800254,0.022382840514183,0.017521834000945,0.1316579133272171,0.0266273766756057
raster,ndvi,ECO_L2T_STARS.002_NDVI_20190621T071621_aid0001_32N.tif,data/NDVI/ECO_L2T_STARS.002_NDVI_20190621T071621_aid0001_32N.tif,ECO_L2T_STARS.002_NDVI_20190621T071621_aid0001_32N.tif,2019-06-21 00:00:00,2019,6,morning,100.0,94.0,True,True,True,0.002704958130701275,False,32632.0,EPSG:32632,94.0,34751.0,0.0961528420448303,-0.0342942327260971,-0.0765526443719863,0.6541333198547363,0.1917639523744583
raster,ndvi,ECO_L2T_STARS.002_NDVI-UQ_20190621T120725_aid0001_32N.tif,data/NDVI/ECO_L2T_STARS.002_NDVI-UQ_20190621T120725_aid0001_32N.tif,ECO_L2T_STARS.002_NDVI-UQ_20190621T120725_aid0001_32N.tif,2019-06-21 00:00:00,2019,6,midday_afternoon,100.0,34751.0,True,True,False,1.0,True,32632.0,EPSG:32632,34751.0,34751.0,0.0493071749806404,0.0299999993294477,0.0067383181303739,0.6965299844741821,0.0663054957985878
raster,ndvi,ECO_L2T_STARS.002_NDVI_20190621T120725_aid0001_32N.tif,data/NDVI/ECO_L2T_STARS.002_NDVI_20190621T120725_aid0001_32N.tif,ECO_L2T_STARS.002_NDVI_20190621T120725_aid0001_32N.tif,2019-06-21 00:00:00,2019,6,midday_afternoon,99.47915167908836,34570.0,True,True,False,1.0,True,32632.0,EPSG:32632,34751.0,34751.0,0.3615544438362121,0.3000000119209289,-0.941856324672699,0.9999804496765136,0.2379892170429229
raster,ndvi,ECO_L2T_STARS.002_NDVI-UQ_20190623T071413_aid0001_32N.tif,data/NDVI/ECO_L2T_STARS.002_NDVI-UQ_20190623T071413_aid0001_32N.tif,ECO_L2T_STARS.002_NDVI-UQ_20190623T071413_aid0001_32N.tif,2019-06-23 00:00:00,2019,6,morning,100.0,34751.0,True,True,False,1.0,True,32632.0,EPSG:32632,34751.0,34751.0,0.0531136579811573,0.0296777859330177,0.00091542606242,0.7057128548622131,0.0793995857238769
raster,ndvi,ECO_L2T_STARS.002_NDVI_20190623T071413_aid0001_32N.tif,data/NDVI/ECO_L2T_STARS.002_NDVI_20190623T071413_aid0001_32N.tif,ECO_L2T_STARS.002_NDVI_20190623T071413_aid0001_32N.tif,2019-06-23 00:00:00,2019,6,morning,99.51943828954562,34584.0,True,True,False,1.0,True,32632.0,EPSG:32632,34751.0,34751.0,0.3581244349479675,0.3000000119209289,-0.9546226859092712,0.9998183250427246,0.2381896674633026
raster,ndvi,ECO_L2T_STARS.002_NDVI-UQ_20200131T150757_aid0001_32N.tif,data/NDVI/ECO_L2T_STARS.002_NDVI-UQ_20200131T150757_aid0001_32N.tif,ECO_L2T_STARS.002_NDVI-UQ_20200131T150757_aid0001_32N.tif,2020-01-31 00:00:00,2020,1,evening,100.0,34751.0,True,True,False,1.0,True,32632.0,EPSG:32632,34751.0,34751.0,0.0233654119074344,0.0175305027514696,0.0012486405903473,0.7062443494796753,0.0316675007343292
raster,ndvi,ECO_L2T_STARS.002_NDVI_20200131T150757_aid0001_32N.tif,data/NDVI/ECO_L2T_STARS.002_NDVI_20200131T150757_aid0001_32N.tif,ECO_L2T_STARS.002_NDVI_20200131T150757_aid0001_32N.tif,2020-01-31 00:00:00,2020,1,evening,99.91367154902017,34721.0,True,True,False,1.0,True,32632.0,EPSG:32632,34751.0,34751.0,-0.00517840962857,-0.028143011033535,-0.9930872321128844,0.9982620477676392,0.2697930335998535
raster,ndvi,ECO_L2T_STARS.002_NDVI-UQ_20200131T150849_aid0001_32N.tif,data/NDVI/ECO_L2T_STARS.002_NDVI-UQ_20200131T150849_aid0001_32N.tif,ECO_L2T_STARS.002_NDVI-UQ_20200131T150849_aid0001_32N.tif,2020-01-31 00:00:00,2020,1,evening,100.0,94.0,True,True,True,0.002704958130701275,False,32632.0,EPSG:32632,94.0,34751.0,0.0175980236381292,0.0183288939297199,0.0045685269869863,0.034794446080923,0.006982700433582
raster,ndvi,ECO_L2T_STARS.002_NDVI_20200131T150849_aid0001_32N.tif,data/NDVI/ECO_L2T_STARS.002_NDVI_20200131T150849_aid0001_32N.tif,ECO_L2T_STARS.002_NDVI_20200131T150849_aid0001_32N.tif,2020-01-31 00:00:00,2020,1,evening,100.0,94.0,True,True,True,0.002704958130701275,False,32632.0,EPSG:32632,94.0,34751.0,0.031479250639677,0.0191448740661144,-0.1707683354616165,0.213515043258667,0.0976743027567863
raster,ndvi,ECO_L2T_STARS.002_NDVI-UQ_20200204T133500_aid0001_32N.tif,data/NDVI/ECO_L2T_STARS.002_NDVI-UQ_20200204T133500_aid0001_32N.tif,ECO_L2T_STARS.002_NDVI-UQ_20200204T133500_aid0001_32N.tif,2020-02-04 00:00:00,2020,2,midday_afternoon,100.0,34751.0,True,True,False,1.0,True,32632.0,EPSG:32632,34751.0,34751.0,0.0232414565980434,0.0179468337446451,0.0013670754851773,0.998347818851471,0.0260681211948394
raster,ndvi,ECO_L2T_STARS.002_NDVI_20200204T133500_aid0001_32N.tif,data/NDVI/ECO_L2T_STARS.002_NDVI_20200204T133500_aid0001_32N.tif,ECO_L2T_STARS.002_NDVI_20200204T133500_aid0001_32N.tif,2020-02-04 00:00:00,2020,2,midday_afternoon,99.96834623464072,34740.0,True,True,False,1.0,True,32632.0,EPSG:32632,34751.0,34751.0,0.0632224977016449,0.0011894173221662,-0.9732744097709656,0.9984119534492492,0.2157402485609054
raster,ndvi,ECO_L2T_STARS.002_NDVI-UQ_20200205T124732_aid0001_32N.tif,data/NDVI/ECO_L2T_STARS.002_NDVI-UQ_20200205T124732_aid0001_32N.tif,ECO_L2T_STARS.002_NDVI-UQ_20200205T124732_aid0001_32N.tif,2020-02-05 00:00:00,2020,2,midday_afternoon,99.99712238496734,34750.0,True,True,False,1.0,True,32632.0,EPSG:32632,34751.0,34751.0,0.0248773731291294,0.0200247764587402,0.0014861851232126,0.9522884488105774,0.0277739539742469
raster,ndvi,ECO_L2T_STARS.002_NDVI_20200205T124732_aid0001_32N.tif,data/NDVI/ECO_L2T_STARS.002_NDVI_20200205T124732_aid0001_32N.tif,ECO_L2T_STARS.002_NDVI_20200205T124732_aid0001_32N.tif,2020-02-05 00:00:00,2020,2,midday_afternoon,99.95971338954274,34737.0,True,True,False,1.0,True,32632.0,EPSG:32632,34751.0,34751.0,0.0636306852102279,0.0024099657312035,-0.9958879947662354,0.9908605813980104,0.2158839106559753
raster,ndvi,ECO_L2T_STARS.002_NDVI-UQ_20200207T124850_aid0001_32N.tif,data/NDVI/ECO_L2T_STARS.002_NDVI-UQ_20200207T124850_aid0001_32N.tif,ECO_L2T_STARS.002_NDVI-UQ_20200207T124850_aid0001_32N.tif,2020-02-07 00:00:00,2020,2,midday_afternoon,100.0,34751.0,True,True,False,1.0,True,32632.0,EPSG:32632,34751.0,34751.0,0.0306618530303239,0.021446194499731,0.0017204419709742,0.6545938849449158,0.0384208969771862
raster,ndvi,ECO_L2T_STARS.002_NDVI_20200207T124850_aid0001_32N.tif,data/NDVI/ECO_L2T_STARS.002_NDVI_20200207T124850_aid0001_32N.tif,ECO_L2T_STARS.002_NDVI_20200207T124850_aid0001_32N.tif,2020-02-07 00:00:00,2020,2,midday_afternoon,99.81007740784436,34685.0,True,True,False,1.0,True,32632.0,EPSG:32632,34751.0,34751.0,0.0304675363004207,-0.0142674166709184,-0.9962313175201416,0.999869167804718,0.2231823801994323
raster,ndvi,ECO_L2T_STARS.002_NDVI-UQ_20200208T120145_aid0001_32N.tif,data/NDVI/ECO_L2T_STARS.002_NDVI-UQ_20200208T120145_aid0001_32N.tif,ECO_L2T_STARS.002_NDVI-UQ_20200208T120145_aid0001_32N.tif,2020-02-08 00:00:00,2020,2,midday_afternoon,100.0,34751.0,True,True,False,1.0,True,32632.0,EPSG:32632,34751.0,34751.0,0.0347182117402553,0.0232772305607795,0.0006815442466177,0.7056141495704651,0.0445618741214275
raster,ndvi,ECO_L2T_STARS.002_NDVI_20200208T120145_aid0001_32N.tif,data/NDVI/ECO_L2T_STARS.002_NDVI_20200208T120145_aid0001_32N.tif,ECO_L2T_STARS.002_NDVI_20200208T120145_aid0001_32N.tif,2020-02-08 00:00:00,2020,2,midday_afternoon,99.85036401830163,34699.0,True,True,False,1.0,True,32632.0,EPSG:32632,34751.0,34751.0,0.0331564396619796,-0.0114305177703499,-0.9945000410079956,0.9968088269233704,0.2113788872957229
raster,ndvi,ECO_L2T_STARS.002_NDVI-UQ_20200211T111519_aid0001_32N.tif,data/NDVI/ECO_L2T_STARS.002_NDVI-UQ_20200211T111519_aid0001_32N.tif,ECO_L2T_STARS.002_NDVI-UQ_20200211T111519_aid0001_32N.tif,2020-02-11 00:00:00,2020,2,midday_afternoon,100.0,34751.0,True,True,False,1.0,True,32632.0,EPSG:32632,34751.0,34751.0,0.0423777550458908,0.027394775301218,0.0009604805381968,0.7849805355072021,0.0487606152892112
raster,ndvi,ECO_L2T_STARS.002_NDVI_20200211T111519_aid0001_32N.tif,data/NDVI/ECO_L2T_STARS.002_NDVI_20200211T111519_aid0001_32N.tif,ECO_L2T_STARS.002_NDVI_20200211T111519_aid0001_32N.tif,2020-02-11 00:00:00,2020,2,midday_afternoon,99.8964058588242,34715.0,True,True,False,1.0,True,32632.0,EPSG:32632,34751.0,34751.0,0.0464710108935833,0.0095069510862231,-0.9724549651145936,0.9987263083457948,0.1991643160581588
raster,ndvi,ECO_L2T_STARS.002_NDVI-UQ_20200211T143038_aid0001_32N.tif,data/NDVI/ECO_L2T_STARS.002_NDVI-UQ_20200211T143038_aid0001_32N.tif,ECO_L2T_STARS.002_NDVI-UQ_20200211T143038_aid0001_32N.tif,2020-02-11 00:00:00,2020,2,evening,100.0,94.0,True,True,True,0.002704958130701275,False,32632.0,EPSG:32632,94.0,34751.0,0.0334551483392715,0.0242139101028442,0.0174106750637292,0.105527639389038,0.022738853469491
raster,ndvi,ECO_L2T_STARS.002_NDVI_20200211T143038_aid0001_32N.tif,data/NDVI/ECO_L2T_STARS.002_NDVI_20200211T143038_aid0001_32N.tif,ECO_L2T_STARS.002_NDVI_20200211T143038_aid0001_32N.tif,2020-02-11 00:00:00,2020,2,evening,100.0,94.0,True,True,True,0.002704958130701275,False,32632.0,EPSG:32632,94.0,34751.0,0.0508611798286438,0.011899659410119,-0.2115156054496765,0.3000000119209289,0.1196776032447815
raster,ndvi,ECO_L2T_STARS.002_NDVI-UQ_20200326T171807_aid0001_32N.tif,data/NDVI/ECO_L2T_STARS.002_NDVI-UQ_20200326T171807_aid0001_32N.tif,ECO_L2T_STARS.002_NDVI-UQ_20200326T171807_aid0001_32N.tif,2020-03-26 00:00:00,2020,3,evening,99.99712238496734,34750.0,True,True,False,1.0,True,32632.0,EPSG:32632,34751.0,34751.0,0.0238182004541158,0.0166505128145217,0.0012060126755386,0.9962443709373474,0.0431815683841705
raster,ndvi,ECO_L2T_STARS.002_NDVI_20200326T171807_aid0001_32N.tif,data/NDVI/ECO_L2T_STARS.002_NDVI_20200326T171807_aid0001_32N.tif,ECO_L2T_STARS.002_NDVI_20200326T171807_aid0001_32N.tif,2020-03-26 00:00:00,2020,3,evening,99.8676297084976,34705.0,True,True,False,1.0,True,32632.0,EPSG:32632,34751.0,34751.0,0.0660408437252044,-0.0072496575303375,-0.9037718772888184,0.992729425430298,0.1926871240139007
raster,ndvi,ECO_L2T_STARS.002_NDVI-UQ_20200327T163051_aid0001_32N.tif,data/NDVI/ECO_L2T_STARS.002_NDVI-UQ_20200327T163051_aid0001_32N.tif,ECO_L2T_STARS.002_NDVI-UQ_20200327T163051_aid0001_32N.tif,2020-03-27 00:00:00,2020,3,evening,99.99712238496734,34750.0,True,True,False,1.0,True,32632.0,EPSG:32632,34751.0,34751.0,0.0252529568970203,0.015877217054367,0.0009158987668342,0.9899654984474182,0.0476008430123329
raster,ndvi,ECO_L2T_STARS.002_NDVI_20200327T163051_aid0001_32N.tif,data/NDVI/ECO_L2T_STARS.002_NDVI_20200327T163051_aid0001_32N.tif,ECO_L2T_STARS.002_NDVI_20200327T163051_aid0001_32N.tif,2020-03-27 00:00:00,2020,3,evening,99.81871025294237,34688.0,True,True,False,1.0,True,32632.0,EPSG:32632,34751.0,34751.0,0.0726643577218055,0.0046775806695222,-0.8400986194610596,0.9977980256080629,0.1833542287349701
raster,ndvi,ECO_L2T_STARS.002_NDVI-UQ_20200329T163300_aid0001_32N.tif,data/NDVI/ECO_L2T_STARS.002_NDVI-UQ_20200329T163300_aid0001_32N.tif,ECO_L2T_STARS.002_NDVI-UQ_20200329T163300_aid0001_32N.tif,2020-03-29 00:00:00,2020,3,evening,99.98273430980404,34745.0,True,True,False,1.0,True,32632.0,EPSG:32632,34751.0,34751.0,0.02534906193614,0.0167937316000461,0.0011897414224222,0.9841012954711914,0.0397374145686626
raster,ndvi,ECO_L2T_STARS.002_NDVI_20200329T163300_aid0001_32N.tif,data/NDVI/ECO_L2T_STARS.002_NDVI_20200329T163300_aid0001_32N.tif,ECO_L2T_STARS.002_NDVI_20200329T163300_aid0001_32N.tif,2020-03-29 00:00:00,2020,3,evening,99.9050387039222,34718.0,True,True,False,1.0,True,32632.0,EPSG:32632,34751.0,34751.0,0.0758558586239814,0.015491141937673,-0.9870587587356568,0.9939444065093994,0.1824434995651245
raster,ndvi,ECO_L2T_STARS.002_NDVI-UQ_20200330T154526_aid0001_32N.tif,data/NDVI/ECO_L2T_STARS.002_NDVI-UQ_20200330T154526_aid0001_32N.tif,ECO_L2T_STARS.002_NDVI-UQ_20200330T154526_aid0001_32N.tif,2020-03-30 00:00:00,2020,3,evening,99.96834623464072,34740.0,True,True,False,1.0,True,32632.0,EPSG:32632,34751.0,34751.0,0.0283568184822797,0.0193943548947572,0.0013575867051258,0.9498369693756104,0.0405513644218444
raster,ndvi,ECO_L2T_STARS.002_NDVI_20200330T154526_aid0001_32N.tif,data/NDVI/ECO_L2T_STARS.002_NDVI_20200330T154526_aid0001_32N.tif,ECO_L2T_STARS.002_NDVI_20200330T154526_aid0001_32N.tif,2020-03-30 00:00:00,2020,3,evening,99.9107939339875,34720.0,True,True,False,1.0,True,32632.0,EPSG:32632,34751.0,34751.0,0.0735083892941474,0.0130033232271671,-0.9660507440567015,0.9939444065093994,0.1794303357601165
raster,ndvi,ECO_L2T_STARS.002_NDVI-UQ_20200330T154618_aid0001_32N.tif,data/NDVI/ECO_L2T_STARS.002_NDVI-UQ_20200330T154618_aid0001_32N.tif,ECO_L2T_STARS.002_NDVI-UQ_20200330T154618_aid0001_32N.tif,2020-03-30 00:00:00,2020,3,evening,100.0,94.0,True,True,True,0.002704958130701275,False,32632.0,EPSG:32632,94.0,34751.0,0.0314000509679317,0.0299999993294477,0.0183474216610193,0.0434785336256027,0.006063925102353
raster,ndvi,ECO_L2T_STARS.002_NDVI_20200330T154618_aid0001_32N.tif,data/NDVI/ECO_L2T_STARS.002_NDVI_20200330T154618_aid0001_32N.tif,ECO_L2T_STARS.002_NDVI_20200330T154618_aid0001_32N.tif,2020-03-30 00:00:00,2020,3,evening,100.0,94.0,True,True,True,0.002704958130701275,False,32632.0,EPSG:32632,94.0,34751.0,0.0133819822221994,-0.0214810818433761,-0.1288229674100875,0.3000000119209289,0.124884508550167
raster,ndvi,ECO_L2T_STARS.002_NDVI-UQ_20200331T145809_aid0001_32N.tif,data/NDVI/ECO_L2T_STARS.002_NDVI-UQ_20200331T145809_aid0001_32N.tif,ECO_L2T_STARS.002_NDVI-UQ_20200331T145809_aid0001_32N.tif,2020-03-31 00:00:00,2020,3,evening,99.96834623464072,34740.0,True,True,False,1.0,True,32632.0,EPSG:32632,34751.0,34751.0,0.034340176731348,0.0230041034519672,0.001374143292196,0.9955896139144896,0.0475592873990535
raster,ndvi,ECO_L2T_STARS.002_NDVI_20200331T145809_aid0001_32N.tif,data/NDVI/ECO_L2T_STARS.002_NDVI_20200331T145809_aid0001_32N.tif,ECO_L2T_STARS.002_NDVI_20200331T145809_aid0001_32N.tif,2020-03-31 00:00:00,2020,3,evening,99.59425628039482,34610.0,True,True,False,1.0,True,32632.0,EPSG:32632,34751.0,34751.0,0.0904621034860611,0.029220838099718,-0.9607861638069152,0.9999478459358216,0.192545935511589
raster,ndvi,ECO_L2T_STARS.002_NDVI-UQ_20200331T145901_aid0001_32N.tif,data/NDVI/ECO_L2T_STARS.002_NDVI-UQ_20200331T145901_aid0001_32N.tif,ECO_L2T_STARS.002_NDVI-UQ_20200331T145901_aid0001_32N.tif,2020-03-31 00:00:00,2020,3,evening,100.0,94.0,True,True,True,0.002704958130701275,False,32632.0,EPSG:32632,94.0,34751.0,0.0309173706918954,0.0299999993294477,0.0181747805327177,0.043102528899908,0.0059495558962225
raster,ndvi,ECO_L2T_STARS.002_NDVI_20200331T145901_aid0001_32N.tif,data/NDVI/ECO_L2T_STARS.002_NDVI_20200331T145901_aid0001_32N.tif,ECO_L2T_STARS.002_NDVI_20200331T145901_aid0001_32N.tif,2020-03-31 00:00:00,2020,3,evening,100.0,94.0,True,True,True,0.002704958130701275,False,32632.0,EPSG:32632,94.0,34751.0,0.019497063010931,-0.0123495906591415,-0.1298727095127105,0.3000000119209289,0.1270297169685363
raster,ndvi,ECO_L2T_STARS.002_NDVI-UQ_20200402T150023_aid0001_32N.tif,data/NDVI/ECO_L2T_STARS.002_NDVI-UQ_20200402T150023_aid0001_32N.tif,ECO_L2T_STARS.002_NDVI-UQ_20200402T150023_aid0001_32N.tif,2020-04-02 00:00:00,2020,4,evening,99.99424476993468,34749.0,True,True,False,1.0,True,32632.0,EPSG:32632,34751.0,34751.0,0.0326876379549503,0.0248123165220022,0.0010440704645588,0.9626036286354064,0.036360315978527
raster,ndvi,ECO_L2T_STARS.002_NDVI_20200402T150023_aid0001_32N.tif,data/NDVI/ECO_L2T_STARS.002_NDVI_20200402T150023_aid0001_32N.tif,ECO_L2T_STARS.002_NDVI_20200402T150023_aid0001_32N.tif,2020-04-02 00:00:00,2020,4,evening,99.9194267790855,34723.0,True,True,False,1.0,True,32632.0,EPSG:32632,34751.0,34751.0,0.1052386909723281,0.0364329442381858,-0.9560020565986632,0.9988665580749512,0.2043506205081939
raster,ndvi,ECO_L2T_STARS.002_NDVI-UQ_20200403T141254_aid0001_32N.tif,data/NDVI/ECO_L2T_STARS.002_NDVI-UQ_20200403T141254_aid0001_32N.tif,ECO_L2T_STARS.002_NDVI-UQ_20200403T141254_aid0001_32N.tif,2020-04-03 00:00:00,2020,4,evening,100.0,34751.0,True,True,False,1.0,True,32632.0,EPSG:32632,34751.0,34751.0,0.024897089228034,0.019179904833436,0.0008078313549049,0.6506971716880798,0.0344556085765361
raster,ndvi,ECO_L2T_STARS.002_NDVI_20200403T141254_aid0001_32N.tif,data/NDVI/ECO_L2T_STARS.002_NDVI_20200403T141254_aid0001_32N.tif,ECO_L2T_STARS.002_NDVI_20200403T141254_aid0001_32N.tif,2020-04-03 00:00:00,2020,4,evening,99.98561192483668,34746.0,True,True,False,1.0,True,32632.0,EPSG:32632,34751.0,34751.0,0.0864342004060745,0.0191318038851022,-0.8874565958976746,0.9887991547584534,0.1972596347332
raster,ndvi,ECO_L2T_STARS.002_NDVI-UQ_20200403T141346_aid0001_32N.tif,data/NDVI/ECO_L2T_STARS.002_NDVI-UQ_20200403T141346_aid0001_32N.tif,ECO_L2T_STARS.002_NDVI-UQ_20200403T141346_aid0001_32N.tif,2020-04-03 00:00:00,2020,4,evening,100.0,94.0,True,True,True,0.002704958130701275,False,32632.0,EPSG:32632,94.0,34751.0,0.03230507299304,0.0351092033088207,0.0008814967004582,0.0535340458154678,0.0143802836537361
raster,ndvi,ECO_L2T_STARS.002_NDVI_20200403T141346_aid0001_32N.tif,data/NDVI/ECO_L2T_STARS.002_NDVI_20200403T141346_aid0001_32N.tif,ECO_L2T_STARS.002_NDVI_20200403T141346_aid0001_32N.tif,2020-04-03 00:00:00,2020,4,evening,100.0,94.0,True,True,True,0.002704958130701275,False,32632.0,EPSG:32632,94.0,34751.0,-0.0021434826776385,-0.0423200502991676,-0.139242947101593,0.3000000119209289,0.1259109526872635
raster,ndvi,ECO_L2T_STARS.002_NDVI-UQ_20200404T132602_aid0001_32N.tif,data/NDVI/ECO_L2T_STARS.002_NDVI-UQ_20200404T132602_aid0001_32N.tif,ECO_L2T_STARS.002_NDVI-UQ_20200404T132602_aid0001_32N.tif,2020-04-04 00:00:00,2020,4,midday_afternoon,100.0,34751.0,True,True,False,1.0,True,32632.0,EPSG:32632,34751.0,34751.0,0.0323041006922721,0.0219178311526775,0.0011472881305962,0.6608659625053406,0.0408085696399211
raster,ndvi,ECO_L2T_STARS.002_NDVI_20200404T132602_aid0001_32N.tif,data/NDVI/ECO_L2T_STARS.002_NDVI_20200404T132602_aid0001_32N.tif,ECO_L2T_STARS.002_NDVI_20200404T132602_aid0001_32N.tif,2020-04-04 00:00:00,2020,4,midday_afternoon,99.98561192483668,34746.0,True,True,False,1.0,True,32632.0,EPSG:32632,34751.0,34751.0,0.0868718400597572,0.01927150785923,-0.934369683265686,0.988288402557373,0.1974056810140609
raster,ndvi,ECO_L2T_STARS.002_NDVI-UQ_20200405T173001_aid0001_32N.tif,data/NDVI/ECO_L2T_STARS.002_NDVI-UQ_20200405T173001_aid0001_32N.tif,ECO_L2T_STARS.002_NDVI-UQ_20200405T173001_aid0001_32N.tif,2020-04-05 00:00:00,2020,4,evening,100.0,34751.0,True,True,False,1.0,True,32632.0,EPSG:32632,34751.0,34751.0,0.0387980155646801,0.0252572428435087,0.001386574935168,0.7733030915260315,0.0486957132816314
raster,ndvi,ECO_L2T_STARS.002_NDVI_20200405T173001_aid0001_32N.tif,data/NDVI/ECO_L2T_STARS.002_NDVI_20200405T173001_aid0001_32N.tif,ECO_L2T_STARS.002_NDVI_20200405T173001_aid0001_32N.tif,2020-04-05 00:00:00,2020,4,evening,99.97410146470604,34742.0,True,True,False,1.0,True,32632.0,EPSG:32632,34751.0,34751.0,0.0802869275212287,0.0089887101203203,-0.8841968178749084,0.9979060292243958,0.2046681195497512
raster,ndvi,ECO_L2T_STARS.002_NDVI-UQ_20200406T132843_aid0001_32N.tif,data/NDVI/ECO_L2T_STARS.002_NDVI-UQ_20200406T132843_aid0001_32N.tif,ECO_L2T_STARS.002_NDVI-UQ_20200406T132843_aid0001_32N.tif,2020-04-06 00:00:00,2020,4,midday_afternoon,100.0,34751.0,True,True,False,1.0,True,32632.0,EPSG:32632,34751.0,34751.0,0.0133892381563782,0.0109308175742626,0.0008532557403668,0.207433208823204,0.0147344255819916
raster,ndvi,ECO_L2T_STARS.002_NDVI_20200406T132843_aid0001_32N.tif,data/NDVI/ECO_L2T_STARS.002_NDVI_20200406T132843_aid0001_32N.tif,ECO_L2T_STARS.002_NDVI_20200406T132843_aid0001_32N.tif,2020-04-06 00:00:00,2020,4,midday_afternoon,99.9625910045754,34738.0,True,True,False,1.0,True,32632.0,EPSG:32632,34751.0,34751.0,0.0823057889938354,-0.0062494901940226,-0.7594365477561951,0.9995136857032776,0.224344715476036
raster,ndvi,ECO_L2T_STARS.002_NDVI-UQ_20200406T164324_aid0001_32N.tif,data/NDVI/ECO_L2T_STARS.002_NDVI-UQ_20200406T164324_aid0001_32N.tif,ECO_L2T_STARS.002_NDVI-UQ_20200406T164324_aid0001_32N.tif,2020-04-06 00:00:00,2020,4,evening,100.0,94.0,True,True,True,0.002704958130701275,False,32632.0,EPSG:32632,94.0,34751.0,0.0405631437897682,0.0416574478149414,0.0009927025530487,0.0696030184626579,0.015723954886198
raster,ndvi,ECO_L2T_STARS.002_NDVI_20200406T164324_aid0001_32N.tif,data/NDVI/ECO_L2T_STARS.002_NDVI_20200406T164324_aid0001_32N.tif,ECO_L2T_STARS.002_NDVI_20200406T164324_aid0001_32N.tif,2020-04-06 00:00:00,2020,4,evening,100.0,94.0,True,True,True,0.002704958130701275,False,32632.0,EPSG:32632,94.0,34751.0,-0.0347580909729003,-0.0629116594791412,-0.1428625136613845,0.1623450070619583,0.0835596844553947
raster,ndvi,ECO_L2T_STARS.002_NDVI-UQ_20200407T124113_aid0001_32N.tif,data/NDVI/ECO_L2T_STARS.002_NDVI-UQ_20200407T124113_aid0001_32N.tif,ECO_L2T_STARS.002_NDVI-UQ_20200407T124113_aid0001_32N.tif,2020-04-07 00:00:00,2020,4,midday_afternoon,100.0,34751.0,True,True,False,1.0,True,32632.0,EPSG:32632,34751.0,34751.0,0.0097267962992191,0.0009992162231355,0.0007383577176369,0.261367529630661,0.0155309019610285
raster,ndvi,ECO_L2T_STARS.002_NDVI_20200407T124113_aid0001_32N.tif,data/NDVI/ECO_L2T_STARS.002_NDVI_20200407T124113_aid0001_32N.tif,ECO_L2T_STARS.002_NDVI_20200407T124113_aid0001_32N.tif,2020-04-07 00:00:00,2020,4,midday_afternoon,99.71799372679922,34653.0,True,True,False,1.0,True,32632.0,EPSG:32632,34751.0,34751.0,0.0689298212528228,-0.0501865111291408,-0.7493542432785034,0.9989763498306274,0.2499458044767379
raster,ndvi,ECO_L2T_STARS.002_NDVI-UQ_20200407T124205_aid0001_32N.tif,data/NDVI/ECO_L2T_STARS.002_NDVI-UQ_20200407T124205_aid0001_32N.tif,ECO_L2T_STARS.002_NDVI-UQ_20200407T124205_aid0001_32N.tif,2020-04-07 00:00:00,2020,4,midday_afternoon,100.0,94.0,True,True,True,0.002704958130701275,False,32632.0,EPSG:32632,94.0,34751.0,0.0223693996667861,0.0038284938782453,0.0009963031625375,0.0648920014500618,0.0228460449725389
raster,ndvi,ECO_L2T_STARS.002_NDVI_20200407T124205_aid0001_32N.tif,data/NDVI/ECO_L2T_STARS.002_NDVI_20200407T124205_aid0001_32N.tif,ECO_L2T_STARS.002_NDVI_20200407T124205_aid0001_32N.tif,2020-04-07 00:00:00,2020,4,midday_afternoon,100.0,94.0,True,True,True,0.002704958130701275,False,32632.0,EPSG:32632,94.0,34751.0,-0.0956125631928443,-0.1043745055794715,-0.1774198114871978,0.0290035270154476,0.0468232594430446
raster,ndvi,ECO_L2T_STARS.002_NDVI-UQ_20200408T115421_aid0001_32N.tif,data/NDVI/ECO_L2T_STARS.002_NDVI-UQ_20200408T115421_aid0001_32N.tif,ECO_L2T_STARS.002_NDVI-UQ_20200408T115421_aid0001_32N.tif,2020-04-08 00:00:00,2020,4,midday_afternoon,100.0,34751.0,True,True,False,1.0,True,32632.0,EPSG:32632,34751.0,34751.0,0.0130809620022773,0.0075253727845847,0.0007220922852866,0.2107754498720169,0.0158828366547822
raster,ndvi,ECO_L2T_STARS.002_NDVI_20200408T115421_aid0001_32N.tif,data/NDVI/ECO_L2T_STARS.002_NDVI_20200408T115421_aid0001_32N.tif,ECO_L2T_STARS.002_NDVI_20200408T115421_aid0001_32N.tif,2020-04-08 00:00:00,2020,4,midday_afternoon,99.87338493856292,34707.0,True,True,False,1.0,True,32632.0,EPSG:32632,34751.0,34751.0,0.0697519779205322,-0.0475039631128311,-0.7439400553703308,0.9996042251586914,0.2460668832063675
raster,ndvi,ECO_L2T_STARS.002_NDVI-UQ_20200408T115513_aid0001_32N.tif,data/NDVI/ECO_L2T_STARS.002_NDVI-UQ_20200408T115513_aid0001_32N.tif,ECO_L2T_STARS.002_NDVI-UQ_20200408T115513_aid0001_32N.tif,2020-04-08 00:00:00,2020,4,midday_afternoon,100.0,94.0,True,True,True,0.002704958130701275,False,32632.0,EPSG:32632,94.0,34751.0,0.0189934186637401,0.0009867571061477,0.000845726695843,0.0647062510251998,0.0231352485716342
raster,ndvi,ECO_L2T_STARS.002_NDVI_20200408T115513_aid0001_32N.tif,data/NDVI/ECO_L2T_STARS.002_NDVI_20200408T115513_aid0001_32N.tif,ECO_L2T_STARS.002_NDVI_20200408T115513_aid0001_32N.tif,2020-04-08 00:00:00,2020,4,midday_afternoon,100.0,94.0,True,True,True,0.002704958130701275,False,32632.0,EPSG:32632,94.0,34751.0,-0.0827621519565582,-0.0867765545845031,-0.1571368277072906,0.0957744643092155,0.0414663739502429
raster,ndvi,ECO_L2T_STARS.002_NDVI-UQ_20200410T115650_aid0001_32N.tif,data/NDVI/ECO_L2T_STARS.002_NDVI-UQ_20200410T115650_aid0001_32N.tif,ECO_L2T_STARS.002_NDVI-UQ_20200410T115650_aid0001_32N.tif,2020-04-10 00:00:00,2020,4,midday_afternoon,100.0,34751.0,True,True,False,1.0,True,32632.0,EPSG:32632,34751.0,34751.0,0.0256356410682201,0.017341123893857,0.0021938658319413,0.4515922367572784,0.0243639666587114
raster,ndvi,ECO_L2T_STARS.002_NDVI_20200410T115650_aid0001_32N.tif,data/NDVI/ECO_L2T_STARS.002_NDVI_20200410T115650_aid0001_32N.tif,ECO_L2T_STARS.002_NDVI_20200410T115650_aid0001_32N.tif,2020-04-10 00:00:00,2020,4,midday_afternoon,99.64605335098273,34628.0,True,True,False,1.0,True,32632.0,EPSG:32632,34751.0,34751.0,0.0740368291735649,-0.0473509356379509,-0.7506700158119202,0.9981560707092284,0.2539490163326263
raster,ndvi,ECO_L2T_STARS.002_NDVI-UQ_20200410T151152_aid0001_32N.tif,data/NDVI/ECO_L2T_STARS.002_NDVI-UQ_20200410T151152_aid0001_32N.tif,ECO_L2T_STARS.002_NDVI-UQ_20200410T151152_aid0001_32N.tif,2020-04-10 00:00:00,2020,4,evening,100.0,94.0,True,True,True,0.002704958130701275,False,32632.0,EPSG:32632,94.0,34751.0,0.0335324890911579,0.0318624302744865,0.0074288342148065,0.0723868906497955,0.0170929804444313
raster,ndvi,ECO_L2T_STARS.002_NDVI_20200410T151152_aid0001_32N.tif,data/NDVI/ECO_L2T_STARS.002_NDVI_20200410T151152_aid0001_32N.tif,ECO_L2T_STARS.002_NDVI_20200410T151152_aid0001_32N.tif,2020-04-10 00:00:00,2020,4,evening,100.0,94.0,True,True,True,0.002704958130701275,False,32632.0,EPSG:32632,94.0,34751.0,-0.0818772315979003,-0.0858261138200759,-0.1526644080877304,0.0904823541641235,0.0396936200559139
raster,ndvi,ECO_L2T_STARS.002_NDVI-UQ_20200412T102223_aid0001_32N.tif,data/NDVI/ECO_L2T_STARS.002_NDVI-UQ_20200412T102223_aid0001_32N.tif,ECO_L2T_STARS.002_NDVI-UQ_20200412T102223_aid0001_32N.tif,2020-04-12 00:00:00,2020,4,midday_afternoon,100.0,34751.0,True,True,False,1.0,True,32632.0,EPSG:32632,34751.0,34751.0,0.0332365855574607,0.0197702720761299,0.0013844196218997,0.9028705358505248,0.0464210659265518
raster,ndvi,ECO_L2T_STARS.002_NDVI_20200412T102223_aid0001_32N.tif,data/NDVI/ECO_L2T_STARS.002_NDVI_20200412T102223_aid0001_32N.tif,ECO_L2T_STARS.002_NDVI_20200412T102223_aid0001_32N.tif,2020-04-12 00:00:00,2020,4,midday_afternoon,99.44174268366378,34557.0,True,True,False,1.0,True,32632.0,EPSG:32632,34751.0,34751.0,0.0762098506093025,-0.0406519770622253,-0.880110502243042,0.9996216297149658,0.2549756169319153
raster,ndvi,ECO_L2T_STARS.002_NDVI-UQ_20200413T142716_aid0001_32N.tif,data/NDVI/ECO_L2T_STARS.002_NDVI-UQ_20200413T142716_aid0001_32N.tif,ECO_L2T_STARS.002_NDVI-UQ_20200413T142716_aid0001_32N.tif,2020-04-13 00:00:00,2020,4,evening,100.0,34751.0,True,True,False,1.0,True,32632.0,EPSG:32632,34751.0,34751.0,0.0337950326502323,0.0194129049777984,0.000710598193109,0.9759480357170104,0.0510143525898456
raster,ndvi,ECO_L2T_STARS.002_NDVI_20200413T142716_aid0001_32N.tif,data/NDVI/ECO_L2T_STARS.002_NDVI_20200413T142716_aid0001_32N.tif,ECO_L2T_STARS.002_NDVI_20200413T142716_aid0001_32N.tif,2020-04-13 00:00:00,2020,4,evening,99.44462029869644,34558.0,True,True,False,1.0,True,32632.0,EPSG:32632,34751.0,34751.0,0.077893741428852,-0.035816054791212,-0.9907273650169371,0.9998489022254944,0.2548786103725433
raster,ndvi,ECO_L2T_STARS.002_NDVI-UQ_20200414T134001_aid0001_32N.tif,data/NDVI/ECO_L2T_STARS.002_NDVI-UQ_20200414T134001_aid0001_32N.tif,ECO_L2T_STARS.002_NDVI-UQ_20200414T134001_aid0001_32N.tif,2020-04-14 00:00:00,2020,4,midday_afternoon,100.0,94.0,True,True,True,0.002704958130701275,False,32632.0,EPSG:32632,94.0,34751.0,0.0366828367114067,0.0359460785984993,0.0113921500742435,0.0740955844521522,0.0163859911262989
raster,ndvi,ECO_L2T_STARS.002_NDVI_20200414T134001_aid0001_32N.tif,data/NDVI/ECO_L2T_STARS.002_NDVI_20200414T134001_aid0001_32N.tif,ECO_L2T_STARS.002_NDVI_20200414T134001_aid0001_32N.tif,2020-04-14 00:00:00,2020,4,midday_afternoon,100.0,94.0,True,True,True,0.002704958130701275,False,32632.0,EPSG:32632,94.0,34751.0,-0.0880106985569,-0.0931812822818756,-0.1657654792070388,0.0883651003241539,0.0432473681867122
raster,ndvi,ECO_L2T_STARS.002_NDVI-UQ_20200415T093745_aid0001_32N.tif,data/NDVI/ECO_L2T_STARS.002_NDVI-UQ_20200415T093745_aid0001_32N.tif,ECO_L2T_STARS.002_NDVI-UQ_20200415T093745_aid0001_32N.tif,2020-04-15 00:00:00,2020,4,midday_afternoon,99.98848953986936,34747.0,True,True,False,1.0,True,32632.0,EPSG:32632,34751.0,34751.0,0.0418214425444603,0.0235720053315162,0.0010104171233251,0.9951272010803224,0.0608403533697128
raster,ndvi,ECO_L2T_STARS.002_NDVI_20200415T093745_aid0001_32N.tif,data/NDVI/ECO_L2T_STARS.002_NDVI_20200415T093745_aid0001_32N.tif,ECO_L2T_STARS.002_NDVI_20200415T093745_aid0001_32N.tif,2020-04-15 00:00:00,2020,4,midday_afternoon,99.90791631895485,34719.0,True,True,False,1.0,True,32632.0,EPSG:32632,34751.0,34751.0,0.0848667696118354,0.0407671704888343,-0.7130882143974304,0.996996521949768,0.1848415434360504
raster,ndvi,ECO_L2T_STARS.002_NDVI-UQ_20200417T080401_aid0001_32N.tif,data/NDVI/ECO_L2T_STARS.002_NDVI-UQ_20200417T080401_aid0001_32N.tif,ECO_L2T_STARS.002_NDVI-UQ_20200417T080401_aid0001_32N.tif,2020-04-17 00:00:00,2020,4,morning,100.0,94.0,True,True,True,0.002704958130701275,False,32632.0,EPSG:32632,94.0,34751.0,0.0394030176103115,0.0397374033927917,0.0139787755906581,0.0740825161337852,0.0153005355969071
raster,ndvi,ECO_L2T_STARS.002_NDVI_20200417T080401_aid0001_32N.tif,data/NDVI/ECO_L2T_STARS.002_NDVI_20200417T080401_aid0001_32N.tif,ECO_L2T_STARS.002_NDVI_20200417T080401_aid0001_32N.tif,2020-04-17 00:00:00,2020,4,morning,100.0,94.0,True,True,True,0.002704958130701275,False,32632.0,EPSG:32632,94.0,34751.0,-0.0734036564826965,-0.082065612077713,-0.1526835709810257,0.1069005504250526,0.0475713945925235
raster,ndvi,ECO_L2T_STARS.002_NDVI-UQ_20200417T125534_aid0001_32N.tif,data/NDVI/ECO_L2T_STARS.002_NDVI-UQ_20200417T125534_aid0001_32N.tif,ECO_L2T_STARS.002_NDVI-UQ_20200417T125534_aid0001_32N.tif,2020-04-17 00:00:00,2020,4,midday_afternoon,100.0,34751.0,True,True,False,1.0,True,32632.0,EPSG:32632,34751.0,34751.0,0.046525128185749,0.0243481528013944,0.0058068023063242,0.8372739553451538,0.0663623958826065
raster,ndvi,ECO_L2T_STARS.002_NDVI_20200417T125534_aid0001_32N.tif,data/NDVI/ECO_L2T_STARS.002_NDVI_20200417T125534_aid0001_32N.tif,ECO_L2T_STARS.002_NDVI_20200417T125534_aid0001_32N.tif,2020-04-17 00:00:00,2020,4,midday_afternoon,99.97985669477136,34744.0,True,True,False,1.0,True,32632.0,EPSG:32632,34751.0,34751.0,0.1072055101394653,0.0734549090266227,-0.6283868551254272,0.9979344606399536,0.1581708341836929
raster,ndvi,ECO_L2T_STARS.002_NDVI-UQ_20200418T120825_aid0001_32N.tif,data/NDVI/ECO_L2T_STARS.002_NDVI-UQ_20200418T120825_aid0001_32N.tif,ECO_L2T_STARS.002_NDVI-UQ_20200418T120825_aid0001_32N.tif,2020-04-18 00:00:00,2020,4,midday_afternoon,100.0,34751.0,True,True,False,1.0,True,32632.0,EPSG:32632,34751.0,34751.0,0.0451924465596675,0.0243480615317821,0.0100610321387648,0.7317285537719727,0.0621025301516056
raster,ndvi,ECO_L2T_STARS.002_NDVI_20200418T120825_aid0001_32N.tif,data/NDVI/ECO_L2T_STARS.002_NDVI_20200418T120825_aid0001_32N.tif,ECO_L2T_STARS.002_NDVI_20200418T120825_aid0001_32N.tif,2020-04-18 00:00:00,2020,4,midday_afternoon,99.9625910045754,34738.0,True,True,False,1.0,True,32632.0,EPSG:32632,34751.0,34751.0,0.1129331886768341,0.0789600610733032,-0.5579596161842346,0.9995918869972228,0.1661213040351867
raster,ndvi,ECO_L2T_STARS.002_NDVI-UQ_20200420T071807_aid0001_32N.tif,data/NDVI/ECO_L2T_STARS.002_NDVI-UQ_20200420T071807_aid0001_32N.tif,ECO_L2T_STARS.002_NDVI-UQ_20200420T071807_aid0001_32N.tif,2020-04-20 00:00:00,2020,4,morning,100.0,34751.0,True,True,False,1.0,True,32632.0,EPSG:32632,34751.0,34751.0,0.0397837497293949,0.023768002167344,0.0101048154756426,0.6537919044494629,0.0534591376781463
raster,ndvi,ECO_L2T_STARS.002_NDVI_20200420T071807_aid0001_32N.tif,data/NDVI/ECO_L2T_STARS.002_NDVI_20200420T071807_aid0001_32N.tif,ECO_L2T_STARS.002_NDVI_20200420T071807_aid0001_32N.tif,2020-04-20 00:00:00,2020,4,morning,99.97697907973873,34743.0,True,True,False,1.0,True,32632.0,EPSG:32632,34751.0,34751.0,0.1232845038175582,0.0917249992489814,-0.4834321439266205,0.9938989877700806,0.166388526558876
raster,ndvi,ECO_L2T_STARS.002_NDVI-UQ_20200420T071859_aid0001_32N.tif,data/NDVI/ECO_L2T_STARS.002_NDVI-UQ_20200420T071859_aid0001_32N.tif,ECO_L2T_STARS.002_NDVI-UQ_20200420T071859_aid0001_32N.tif,2020-04-20 00:00:00,2020,4,morning,100.0,94.0,True,True,True,0.002704958130701275,False,32632.0,EPSG:32632,94.0,34751.0,0.0215586647391319,0.0184128861874341,0.0136002460494637,0.073368102312088,0.0122116291895508
raster,ndvi,ECO_L2T_STARS.002_NDVI_20200420T071859_aid0001_32N.tif,data/NDVI/ECO_L2T_STARS.002_NDVI_20200420T071859_aid0001_32N.tif,ECO_L2T_STARS.002_NDVI_20200420T071859_aid0001_32N.tif,2020-04-20 00:00:00,2020,4,morning,100.0,94.0,True,True,True,0.002704958130701275,False,32632.0,EPSG:32632,94.0,34751.0,0.0116524370387196,0.0111095588654279,-0.0700489804148674,0.1162114664912223,0.0455491617321968
raster,ndvi,ECO_L2T_STARS.002_NDVI-UQ_20200421T112222_aid0001_32N.tif,data/NDVI/ECO_L2T_STARS.002_NDVI-UQ_20200421T112222_aid0001_32N.tif,ECO_L2T_STARS.002_NDVI-UQ_20200421T112222_aid0001_32N.tif,2020-04-21 00:00:00,2020,4,midday_afternoon,100.0,34751.0,True,True,False,1.0,True,32632.0,EPSG:32632,34751.0,34751.0,0.0374061912298202,0.023768002167344,0.0100388433784246,0.6471585631370544,0.0505135171115398
raster,ndvi,ECO_L2T_STARS.002_NDVI_20200421T112222_aid0001_32N.tif,data/NDVI/ECO_L2T_STARS.002_NDVI_20200421T112222_aid0001_32N.tif,ECO_L2T_STARS.002_NDVI_20200421T112222_aid0001_32N.tif,2020-04-21 00:00:00,2020,4,midday_afternoon,99.96546861960806,34739.0,True,True,False,1.0,True,32632.0,EPSG:32632,34751.0,34751.0,0.129466250538826,0.0989625826478004,-0.3865794539451599,0.9890037178993224,0.1658339202404022
raster,ndvi,ECO_L2T_STARS.002_NDVI-UQ_20200422T103439_aid0001_32N.tif,data/NDVI/ECO_L2T_STARS.002_NDVI-UQ_20200422T103439_aid0001_32N.tif,ECO_L2T_STARS.002_NDVI-UQ_20200422T103439_aid0001_32N.tif,2020-04-22 00:00:00,2020,4,midday_afternoon,100.0,34751.0,True,True,False,1.0,True,32632.0,EPSG:32632,34751.0,34751.0,0.0518358275294303,0.0256893765181303,0.0100261457264423,0.7266833782196045,0.0723936259746551
raster,ndvi,ECO_L2T_STARS.002_NDVI_20200422T103439_aid0001_32N.tif,data/NDVI/ECO_L2T_STARS.002_NDVI_20200422T103439_aid0001_32N.tif,ECO_L2T_STARS.002_NDVI_20200422T103439_aid0001_32N.tif,2020-04-22 00:00:00,2020,4,midday_afternoon,100.0,34751.0,True,True,False,1.0,True,32632.0,EPSG:32632,34751.0,34751.0,0.1387460678815841,0.0916557908058166,-0.2732438147068023,0.9469203352928162,0.1881566792726516
raster,ndvi,ECO_L2T_STARS.002_NDVI-UQ_20200423T063205_aid0001_32N.tif,data/NDVI/ECO_L2T_STARS.002_NDVI-UQ_20200423T063205_aid0001_32N.tif,ECO_L2T_STARS.002_NDVI-UQ_20200423T063205_aid0001_32N.tif,2020-04-23 00:00:00,2020,4,morning,100.0,34751.0,True,True,False,1.0,True,32632.0,EPSG:32632,34751.0,34751.0,0.0175232198089361,0.0009998778114095,0.0009951015235856,0.5460468530654907,0.0388381481170654
raster,ndvi,ECO_L2T_STARS.002_NDVI_20200423T063205_aid0001_32N.tif,data/NDVI/ECO_L2T_STARS.002_NDVI_20200423T063205_aid0001_32N.tif,ECO_L2T_STARS.002_NDVI_20200423T063205_aid0001_32N.tif,2020-04-23 00:00:00,2020,4,morning,99.97122384967338,34741.0,True,True,False,1.0,True,32632.0,EPSG:32632,34751.0,34751.0,0.14043690264225,0.0434137880802154,-0.996698796749115,0.9919674396514891,0.267666608095169
raster,ndvi,ECO_L2T_STARS.002_NDVI-UQ_20200424T054455_aid0001_32N.tif,data/NDVI/ECO_L2T_STARS.002_NDVI-UQ_20200424T054455_aid0001_32N.tif,ECO_L2T_STARS.002_NDVI-UQ_20200424T054455_aid0001_32N.tif,2020-04-24 00:00:00,2020,4,morning,100.0,34751.0,True,True,False,1.0,True,32632.0,EPSG:32632,34751.0,34751.0,0.0300004687160253,0.0140708610415458,0.0010281407739967,0.5806220173835754,0.0427149906754493
raster,ndvi,ECO_L2T_STARS.002_NDVI_20200424T054455_aid0001_32N.tif,data/NDVI/ECO_L2T_STARS.002_NDVI_20200424T054455_aid0001_32N.tif,ECO_L2T_STARS.002_NDVI_20200424T054455_aid0001_32N.tif,2020-04-24 00:00:00,2020,4,morning,99.9482029294121,34733.0,True,True,False,1.0,True,32632.0,EPSG:32632,34751.0,34751.0,0.1394750326871872,0.0423757694661617,-0.9740104675292968,0.996785044670105,0.2671909630298614
raster,ndvi,ECO_L2T_STARS.002_NDVI-UQ_20200425T094722_aid0001_32N.tif,data/NDVI/ECO_L2T_STARS.002_NDVI-UQ_20200425T094722_aid0001_32N.tif,ECO_L2T_STARS.002_NDVI-UQ_20200425T094722_aid0001_32N.tif,2020-04-25 00:00:00,2020,4,midday_afternoon,100.0,34751.0,True,True,False,1.0,True,32632.0,EPSG:32632,34751.0,34751.0,0.0352602303028106,0.0168715994805097,0.001054891035892,0.6132920980453491,0.0466271825134754
raster,ndvi,ECO_L2T_STARS.002_NDVI_20200425T094722_aid0001_32N.tif,data/NDVI/ECO_L2T_STARS.002_NDVI_20200425T094722_aid0001_32N.tif,ECO_L2T_STARS.002_NDVI_20200425T094722_aid0001_32N.tif,2020-04-25 00:00:00,2020,4,midday_afternoon,99.93669246928148,34729.0,True,True,False,1.0,True,32632.0,EPSG:32632,34751.0,34751.0,0.1395260542631149,0.0417290702462196,-0.9778974056243896,0.9994339942932128,0.2682624459266662
raster,ndvi,ECO_L2T_STARS.002_NDVI-UQ_20200426T090028_aid0001_32N.tif,data/NDVI/ECO_L2T_STARS.002_NDVI-UQ_20200426T090028_aid0001_32N.tif,ECO_L2T_STARS.002_NDVI-UQ_20200426T090028_aid0001_32N.tif,2020-04-26 00:00:00,2020,4,midday_afternoon,100.0,34751.0,True,True,False,1.0,True,32632.0,EPSG:32632,34751.0,34751.0,0.0395251736044883,0.0187220927327871,0.0009814138757064,0.6460448503494263,0.0500590465962886
raster,ndvi,ECO_L2T_STARS.002_NDVI_20200426T090028_aid0001_32N.tif,data/NDVI/ECO_L2T_STARS.002_NDVI_20200426T090028_aid0001_32N.tif,ECO_L2T_STARS.002_NDVI_20200426T090028_aid0001_32N.tif,2020-04-26 00:00:00,2020,4,midday_afternoon,99.9194267790855,34723.0,True,True,False,1.0,True,32632.0,EPSG:32632,34751.0,34751.0,0.1370620876550674,0.0419873967766761,-0.9668039679527284,0.9997239112854004,0.265111356973648
raster,ndvi,ECO_L2T_STARS.002_NDVI-UQ_20200427T045824_aid0001_32N.tif,data/NDVI/ECO_L2T_STARS.002_NDVI-UQ_20200427T045824_aid0001_32N.tif,ECO_L2T_STARS.002_NDVI-UQ_20200427T045824_aid0001_32N.tif,2020-04-27 00:00:00,2020,4,morning,100.0,34751.0,True,True,False,1.0,True,32632.0,EPSG:32632,34751.0,34751.0,0.0432727746665477,0.020604521036148,0.0014778150944039,0.6768802404403687,0.0532840639352798
raster,ndvi,ECO_L2T_STARS.002_NDVI_20200427T045824_aid0001_32N.tif,data/NDVI/ECO_L2T_STARS.002_NDVI_20200427T045824_aid0001_32N.tif,ECO_L2T_STARS.002_NDVI_20200427T045824_aid0001_32N.tif,2020-04-27 00:00:00,2020,4,morning,99.83597594313832,34694.0,True,True,False,1.0,True,32632.0,EPSG:32632,34751.0,34751.0,0.1368666738271713,0.0413527116179466,-0.9698073863983154,0.9996145367622375,0.2657399475574493
raster,ndvi,ECO_L2T_STARS.002_NDVI-UQ_20200429T081408_aid0001_32N.tif,data/NDVI/ECO_L2T_STARS.002_NDVI-UQ_20200429T081408_aid0001_32N.tif,ECO_L2T_STARS.002_NDVI-UQ_20200429T081408_aid0001_32N.tif,2020-04-29 00:00:00,2020,4,morning,100.0,34751.0,True,True,False,1.0,True,32632.0,EPSG:32632,34751.0,34751.0,0.0522174276411533,0.024515300989151,0.0031767750624567,0.677026629447937,0.0650786012411117
raster,ndvi,ECO_L2T_STARS.002_NDVI_20200429T081408_aid0001_32N.tif,data/NDVI/ECO_L2T_STARS.002_NDVI_20200429T081408_aid0001_32N.tif,ECO_L2T_STARS.002_NDVI_20200429T081408_aid0001_32N.tif,2020-04-29 00:00:00,2020,4,morning,99.87338493856292,34707.0,True,True,False,1.0,True,32632.0,EPSG:32632,34751.0,34751.0,0.1168666630983352,0.0266399234533309,-0.9187415838241576,0.9990184307098388,0.2533850967884063
raster,ndvi,ECO_L2T_STARS.002_NDVI-UQ_20200430T072602_aid0001_32N.tif,data/NDVI/ECO_L2T_STARS.002_NDVI-UQ_20200430T072602_aid0001_32N.tif,ECO_L2T_STARS.002_NDVI-UQ_20200430T072602_aid0001_32N.tif,2020-04-30 00:00:00,2020,4,morning,100.0,94.0,True,True,True,0.002704958130701275,False,32632.0,EPSG:32632,94.0,34751.0,0.0198164321482181,0.018338281661272,0.0155982477590441,0.0373014025390148,0.0047077382914721
raster,ndvi,ECO_L2T_STARS.002_NDVI_20200430T072602_aid0001_32N.tif,data/NDVI/ECO_L2T_STARS.002_NDVI_20200430T072602_aid0001_32N.tif,ECO_L2T_STARS.002_NDVI_20200430T072602_aid0001_32N.tif,2020-04-30 00:00:00,2020,4,morning,100.0,94.0,True,True,True,0.002704958130701275,False,32632.0,EPSG:32632,94.0,34751.0,-0.0833491906523704,-0.0964436084032058,-0.1381895393133163,0.2351075261831283,0.0539984479546546
raster,ndvi,ECO_L2T_STARS.002_NDVI-UQ_20200503T063900_aid0001_32N.tif,data/NDVI/ECO_L2T_STARS.002_NDVI-UQ_20200503T063900_aid0001_32N.tif,ECO_L2T_STARS.002_NDVI-UQ_20200503T063900_aid0001_32N.tif,2020-05-03 00:00:00,2020,5,morning,100.0,34751.0,True,True,False,1.0,True,32632.0,EPSG:32632,34751.0,34751.0,0.0510263815522193,0.0316385626792907,0.0008787171100266,0.7915297150611877,0.0682498663663864
raster,ndvi,ECO_L2T_STARS.002_NDVI_20200503T063900_aid0001_32N.tif,data/NDVI/ECO_L2T_STARS.002_NDVI_20200503T063900_aid0001_32N.tif,ECO_L2T_STARS.002_NDVI_20200503T063900_aid0001_32N.tif,2020-05-03 00:00:00,2020,5,morning,99.82734309804034,34691.0,True,True,False,1.0,True,32632.0,EPSG:32632,34751.0,34751.0,0.1385045945644378,0.0402603857219219,-0.8879478573799133,0.9998390674591064,0.2670948803424835
raster,ndvi,ECO_L2T_STARS.002_NDVI-UQ_20200503T063952_aid0001_32N.tif,data/NDVI/ECO_L2T_STARS.002_NDVI-UQ_20200503T063952_aid0001_32N.tif,ECO_L2T_STARS.002_NDVI-UQ_20200503T063952_aid0001_32N.tif,2020-05-03 00:00:00,2020,5,morning,100.0,94.0,True,True,True,0.002704958130701275,False,32632.0,EPSG:32632,94.0,34751.0,0.0212809201329946,0.0247316770255565,0.0009993220446631,0.026270929723978,0.0085127018392086
raster,ndvi,ECO_L2T_STARS.002_NDVI_20200503T063952_aid0001_32N.tif,data/NDVI/ECO_L2T_STARS.002_NDVI_20200503T063952_aid0001_32N.tif,ECO_L2T_STARS.002_NDVI_20200503T063952_aid0001_32N.tif,2020-05-03 00:00:00,2020,5,morning,100.0,94.0,True,True,True,0.002704958130701275,False,32632.0,EPSG:32632,94.0,34751.0,-0.0702709257602691,-0.0903445929288864,-0.1381895393133163,0.2368585020303726,0.0610388107597827
raster,ndvi,ECO_L2T_STARS.002_NDVI-UQ_20200604T140144_aid0001_32N.tif,data/NDVI/ECO_L2T_STARS.002_NDVI-UQ_20200604T140144_aid0001_32N.tif,ECO_L2T_STARS.002_NDVI-UQ_20200604T140144_aid0001_32N.tif,2020-06-04 00:00:00,2020,6,evening,100.0,34751.0,True,True,False,1.0,True,32632.0,EPSG:32632,34751.0,34751.0,0.0346105135977268,0.0252943281084299,0.0011738404864445,0.5727142095565796,0.0423934236168861
raster,ndvi,ECO_L2T_STARS.002_NDVI_20200604T140144_aid0001_32N.tif,data/NDVI/ECO_L2T_STARS.002_NDVI_20200604T140144_aid0001_32N.tif,ECO_L2T_STARS.002_NDVI_20200604T140144_aid0001_32N.tif,2020-06-04 00:00:00,2020,6,evening,99.8676297084976,34705.0,True,True,False,1.0,True,32632.0,EPSG:32632,34751.0,34751.0,0.3539895415306091,0.3000000119209289,-0.929511547088623,0.9988917112350464,0.211823284626007
raster,ndvi,ECO_L2T_STARS.002_NDVI-UQ_20200605T131348_aid0001_32N.tif,data/NDVI/ECO_L2T_STARS.002_NDVI-UQ_20200605T131348_aid0001_32N.tif,ECO_L2T_STARS.002_NDVI-UQ_20200605T131348_aid0001_32N.tif,2020-06-05 00:00:00,2020,6,midday_afternoon,100.0,34751.0,True,True,False,1.0,True,32632.0,EPSG:32632,34751.0,34751.0,0.0391937904059886,0.0313906222581863,0.0007495608879253,0.8812614679336548,0.0442781969904899
raster,ndvi,ECO_L2T_STARS.002_NDVI_20200605T131348_aid0001_32N.tif,data/NDVI/ECO_L2T_STARS.002_NDVI_20200605T131348_aid0001_32N.tif,ECO_L2T_STARS.002_NDVI_20200605T131348_aid0001_32N.tif,2020-06-05 00:00:00,2020,6,midday_afternoon,99.27484101176944,34499.0,True,True,False,1.0,True,32632.0,EPSG:32632,34751.0,34751.0,0.3044888079166412,0.2722149491310119,-0.9301384091377258,0.999639630317688,0.2844399511814117
raster,ndvi,ECO_L2T_STARS.002_NDVI-UQ_20200606T122604_aid0001_32N.tif,data/NDVI/ECO_L2T_STARS.002_NDVI-UQ_20200606T122604_aid0001_32N.tif,ECO_L2T_STARS.002_NDVI-UQ_20200606T122604_aid0001_32N.tif,2020-06-06 00:00:00,2020,6,midday_afternoon,100.0,34751.0,True,True,False,1.0,True,32632.0,EPSG:32632,34751.0,34751.0,0.0367872416973114,0.0271911434829235,0.0007795254350639,0.5807341933250427,0.044561818242073
raster,ndvi,ECO_L2T_STARS.002_NDVI_20200606T122604_aid0001_32N.tif,data/NDVI/ECO_L2T_STARS.002_NDVI_20200606T122604_aid0001_32N.tif,ECO_L2T_STARS.002_NDVI_20200606T122604_aid0001_32N.tif,2020-06-06 00:00:00,2020,6,midday_afternoon,99.79856694771372,34681.0,True,True,False,1.0,True,32632.0,EPSG:32632,34751.0,34751.0,0.3566891849040985,0.3000000119209289,-0.4977979660034179,0.999191164970398,0.2132716625928878
raster,ndvi,ECO_L2T_STARS.002_NDVI-UQ_20200607T162956_aid0001_32N.tif,data/NDVI/ECO_L2T_STARS.002_NDVI-UQ_20200607T162956_aid0001_32N.tif,ECO_L2T_STARS.002_NDVI-UQ_20200607T162956_aid0001_32N.tif,2020-06-07 00:00:00,2020,6,evening,100.0,34751.0,True,True,False,1.0,True,32632.0,EPSG:32632,34751.0,34751.0,0.0423576384782791,0.0343918725848197,0.0112350927665829,0.8813746571540833,0.0429850071668624
raster,ndvi,ECO_L2T_STARS.002_NDVI_20200607T162956_aid0001_32N.tif,data/NDVI/ECO_L2T_STARS.002_NDVI_20200607T162956_aid0001_32N.tif,ECO_L2T_STARS.002_NDVI_20200607T162956_aid0001_32N.tif,2020-06-07 00:00:00,2020,6,evening,99.16261402549569,34460.0,True,True,False,1.0,True,32632.0,EPSG:32632,34751.0,34751.0,0.3029414117336273,0.2695417404174804,-0.932459592819214,0.9994377493858336,0.2846104502677917
raster,ndvi,ECO_L2T_STARS.002_NDVI-UQ_20200608T122708_aid0001_32N.tif,data/NDVI/ECO_L2T_STARS.002_NDVI-UQ_20200608T122708_aid0001_32N.tif,ECO_L2T_STARS.002_NDVI-UQ_20200608T122708_aid0001_32N.tif,2020-06-08 00:00:00,2020,6,midday_afternoon,100.0,34751.0,True,True,False,1.0,True,32632.0,EPSG:32632,34751.0,34751.0,0.0254187043756246,0.025764251127839,0.015034656971693,0.0299999993294477,0.0041144131682813
raster,ndvi,ECO_L2T_STARS.002_NDVI_20200608T122708_aid0001_32N.tif,data/NDVI/ECO_L2T_STARS.002_NDVI_20200608T122708_aid0001_32N.tif,ECO_L2T_STARS.002_NDVI_20200608T122708_aid0001_32N.tif,2020-06-08 00:00:00,2020,6,midday_afternoon,99.92230439411816,34724.0,True,True,False,1.0,True,32632.0,EPSG:32632,34751.0,34751.0,0.3596765697002411,0.3000000119209289,-0.285158634185791,0.9957404732704164,0.2011821717023849
raster,ndvi,ECO_L2T_STARS.002_NDVI-UQ_20200608T122800_aid0001_32N.tif,data/NDVI/ECO_L2T_STARS.002_NDVI-UQ_20200608T122800_aid0001_32N.tif,ECO_L2T_STARS.002_NDVI-UQ_20200608T122800_aid0001_32N.tif,2020-06-08 00:00:00,2020,6,midday_afternoon,100.0,94.0,True,True,True,0.002704958130701275,False,32632.0,EPSG:32632,94.0,34751.0,0.0249359346926212,0.0245151333510875,0.0198929961770772,0.0287824887782335,0.0019705677404999
raster,ndvi,ECO_L2T_STARS.002_NDVI_20200608T122800_aid0001_32N.tif,data/NDVI/ECO_L2T_STARS.002_NDVI_20200608T122800_aid0001_32N.tif,ECO_L2T_STARS.002_NDVI_20200608T122800_aid0001_32N.tif,2020-06-08 00:00:00,2020,6,midday_afternoon,100.0,94.0,True,True,True,0.002704958130701275,False,32632.0,EPSG:32632,94.0,34751.0,0.024171233177185,-0.0286408364772796,-0.0764558240771293,0.5949360728263855,0.1390773952007293
raster,ndvi,ECO_L2T_STARS.002_NDVI-UQ_20200609T113922_aid0001_32N.tif,data/NDVI/ECO_L2T_STARS.002_NDVI-UQ_20200609T113922_aid0001_32N.tif,ECO_L2T_STARS.002_NDVI-UQ_20200609T113922_aid0001_32N.tif,2020-06-09 00:00:00,2020,6,midday_afternoon,100.0,94.0,True,True,True,0.002704958130701275,False,32632.0,EPSG:32632,94.0,34751.0,0.0270302239805459,0.0264762416481971,0.0241935532540082,0.029457526281476,0.0012380175758153
raster,ndvi,ECO_L2T_STARS.002_NDVI_20200609T113922_aid0001_32N.tif,data/NDVI/ECO_L2T_STARS.002_NDVI_20200609T113922_aid0001_32N.tif,ECO_L2T_STARS.002_NDVI_20200609T113922_aid0001_32N.tif,2020-06-09 00:00:00,2020,6,midday_afternoon,100.0,94.0,True,True,True,0.002704958130701275,False,32632.0,EPSG:32632,94.0,34751.0,0.0310866273939609,-0.0284608453512191,-0.0763998031616211,0.3986549377441406,0.1453592926263809
raster,ndvi,ECO_L2T_STARS.002_NDVI-UQ_20200610T105115_aid0001_32N.tif,data/NDVI/ECO_L2T_STARS.002_NDVI-UQ_20200610T105115_aid0001_32N.tif,ECO_L2T_STARS.002_NDVI-UQ_20200610T105115_aid0001_32N.tif,2020-06-10 00:00:00,2020,6,midday_afternoon,100.0,34751.0,True,True,False,1.0,True,32632.0,EPSG:32632,34751.0,34751.0,0.0280081387609243,0.0284177102148532,0.0206448994576931,0.0299999993294477,0.0021221125498414
raster,ndvi,ECO_L2T_STARS.002_NDVI_20200610T105115_aid0001_32N.tif,data/NDVI/ECO_L2T_STARS.002_NDVI_20200610T105115_aid0001_32N.tif,ECO_L2T_STARS.002_NDVI_20200610T105115_aid0001_32N.tif,2020-06-10 00:00:00,2020,6,midday_afternoon,99.99712238496734,34750.0,True,True,False,1.0,True,32632.0,EPSG:32632,34751.0,34751.0,0.3478194773197174,0.3000000119209289,-0.5217125415802002,0.9896401166915894,0.1498542428016662
raster,ndvi,ECO_L2T_STARS.002_NDVI-UQ_20200610T105207_aid0001_32N.tif,data/NDVI/ECO_L2T_STARS.002_NDVI-UQ_20200610T105207_aid0001_32N.tif,ECO_L2T_STARS.002_NDVI-UQ_20200610T105207_aid0001_32N.tif,2020-06-10 00:00:00,2020,6,midday_afternoon,100.0,94.0,True,True,True,0.002704958130701275,False,32632.0,EPSG:32632,94.0,34751.0,0.029495308175683,0.0299999993294477,0.0254562869668006,0.0299999993294477,0.0012327657314017
raster,ndvi,ECO_L2T_STARS.002_NDVI_20200610T105207_aid0001_32N.tif,data/NDVI/ECO_L2T_STARS.002_NDVI_20200610T105207_aid0001_32N.tif,ECO_L2T_STARS.002_NDVI_20200610T105207_aid0001_32N.tif,2020-06-10 00:00:00,2020,6,midday_afternoon,100.0,94.0,True,True,True,0.002704958130701275,False,32632.0,EPSG:32632,94.0,34751.0,0.3101265132427215,0.3000000119209289,0.3000000119209289,0.3984605967998504,0.0259588193148374
raster,ndvi,ECO_L2T_STARS.002_NDVI-UQ_20200611T145525_aid0001_32N.tif,data/NDVI/ECO_L2T_STARS.002_NDVI-UQ_20200611T145525_aid0001_32N.tif,ECO_L2T_STARS.002_NDVI-UQ_20200611T145525_aid0001_32N.tif,2020-06-11 00:00:00,2020,6,evening,100.0,34751.0,True,True,False,1.0,True,32632.0,EPSG:32632,34751.0,34751.0,0.0285525880753994,0.028915574774146,0.0229390114545822,0.0299999993294477,0.0015643337974324
raster,ndvi,ECO_L2T_STARS.002_NDVI_20200611T145525_aid0001_32N.tif,data/NDVI/ECO_L2T_STARS.002_NDVI_20200611T145525_aid0001_32N.tif,ECO_L2T_STARS.002_NDVI_20200611T145525_aid0001_32N.tif,2020-06-11 00:00:00,2020,6,evening,99.99712238496734,34750.0,True,True,False,1.0,True,32632.0,EPSG:32632,34751.0,34751.0,0.3466822803020477,0.3000000119209289,-0.514906644821167,0.9896388649940492,0.1480853259563446
raster,ndvi,ECO_L2T_STARS.002_NDVI-UQ_20200612T105212_aid0001_32N.tif,data/NDVI/ECO_L2T_STARS.002_NDVI-UQ_20200612T105212_aid0001_32N.tif,ECO_L2T_STARS.002_NDVI-UQ_20200612T105212_aid0001_32N.tif,2020-06-12 00:00:00,2020,6,midday_afternoon,100.0,34751.0,True,True,False,1.0,True,32632.0,EPSG:32632,34751.0,34751.0,0.0493558086454868,0.041021954268217,0.0250245351344347,0.8816582560539246,0.041302353143692
raster,ndvi,ECO_L2T_STARS.002_NDVI_20200612T105212_aid0001_32N.tif,data/NDVI/ECO_L2T_STARS.002_NDVI_20200612T105212_aid0001_32N.tif,ECO_L2T_STARS.002_NDVI_20200612T105212_aid0001_32N.tif,2020-06-12 00:00:00,2020,6,midday_afternoon,99.16261402549569,34460.0,True,True,False,1.0,True,32632.0,EPSG:32632,34751.0,34751.0,0.3029414117336273,0.2695417404174804,-0.932459592819214,0.9994377493858336,0.2846104502677917
raster,ndvi,ECO_L2T_STARS.002_NDVI-UQ_20200612T105304_aid0001_32N.tif,data/NDVI/ECO_L2T_STARS.002_NDVI-UQ_20200612T105304_aid0001_32N.tif,ECO_L2T_STARS.002_NDVI-UQ_20200612T105304_aid0001_32N.tif,2020-06-12 00:00:00,2020,6,midday_afternoon,100.0,94.0,True,True,True,0.002704958130701275,False,32632.0,EPSG:32632,94.0,34751.0,0.0297542680054903,0.0299999993294477,0.0278102811425924,0.0299999993294477,0.0005998644046485
raster,ndvi,ECO_L2T_STARS.002_NDVI_20200612T105304_aid0001_32N.tif,data/NDVI/ECO_L2T_STARS.002_NDVI_20200612T105304_aid0001_32N.tif,ECO_L2T_STARS.002_NDVI_20200612T105304_aid0001_32N.tif,2020-06-12 00:00:00,2020,6,midday_afternoon,100.0,94.0,True,True,True,0.002704958130701275,False,32632.0,EPSG:32632,94.0,34751.0,0.3101288974285126,0.3000000119209289,0.3000000119209289,0.3983134627342224,0.0259518567472696
raster,ndvi,ECO_L2T_STARS.002_NDVI-UQ_20200613T100451_aid0001_32N.tif,data/NDVI/ECO_L2T_STARS.002_NDVI-UQ_20200613T100451_aid0001_32N.tif,ECO_L2T_STARS.002_NDVI-UQ_20200613T100451_aid0001_32N.tif,2020-06-13 00:00:00,2020,6,midday_afternoon,100.0,34751.0,True,True,False,1.0,True,32632.0,EPSG:32632,34751.0,34751.0,0.0295494608581066,0.0299999993294477,0.0286746248602867,0.0299999993294477,0.0004927747067995
raster,ndvi,ECO_L2T_STARS.002_NDVI_20200613T100451_aid0001_32N.tif,data/NDVI/ECO_L2T_STARS.002_NDVI_20200613T100451_aid0001_32N.tif,ECO_L2T_STARS.002_NDVI_20200613T100451_aid0001_32N.tif,2020-06-13 00:00:00,2020,6,midday_afternoon,100.0,34751.0,True,True,False,1.0,True,32632.0,EPSG:32632,34751.0,34751.0,0.3429777920246124,0.3000000119209289,-0.4863733351230621,0.994323432445526,0.1402503997087478
raster,ndvi,ECO_L2T_STARS.002_NDVI-UQ_20200614T091639_aid0001_32N.tif,data/NDVI/ECO_L2T_STARS.002_NDVI-UQ_20200614T091639_aid0001_32N.tif,ECO_L2T_STARS.002_NDVI-UQ_20200614T091639_aid0001_32N.tif,2020-06-14 00:00:00,2020,6,midday_afternoon,100.0,34751.0,True,True,False,1.0,True,32632.0,EPSG:32632,34751.0,34751.0,0.0300000011920928,0.0299999993294477,0.0299999993294477,0.0299999993294477,1.862645149230957e-09
raster,ndvi,ECO_L2T_STARS.002_NDVI_20200614T091639_aid0001_32N.tif,data/NDVI/ECO_L2T_STARS.002_NDVI_20200614T091639_aid0001_32N.tif,ECO_L2T_STARS.002_NDVI_20200614T091639_aid0001_32N.tif,2020-06-14 00:00:00,2020,6,midday_afternoon,100.0,34751.0,True,True,False,1.0,True,32632.0,EPSG:32632,34751.0,34751.0,0.3000000119209289,0.3000000119209289,0.3000000119209289,0.3000000119209289,0.0
raster,ndvi,ECO_L2T_STARS.002_NDVI-UQ_20200616T091831_aid0001_32N.tif,data/NDVI/ECO_L2T_STARS.002_NDVI-UQ_20200616T091831_aid0001_32N.tif,ECO_L2T_STARS.002_NDVI-UQ_20200616T091831_aid0001_32N.tif,2020-06-16 00:00:00,2020,6,midday_afternoon,100.0,34751.0,True,True,False,1.0,True,32632.0,EPSG:32632,34751.0,34751.0,0.0300000011920928,0.0299999993294477,0.0299999993294477,0.0299999993294477,1.862645149230957e-09
raster,ndvi,ECO_L2T_STARS.002_NDVI_20200616T091831_aid0001_32N.tif,data/NDVI/ECO_L2T_STARS.002_NDVI_20200616T091831_aid0001_32N.tif,ECO_L2T_STARS.002_NDVI_20200616T091831_aid0001_32N.tif,2020-06-16 00:00:00,2020,6,midday_afternoon,100.0,34751.0,True,True,False,1.0,True,32632.0,EPSG:32632,34751.0,34751.0,0.3000000119209289,0.3000000119209289,0.3000000119209289,0.3000000119209289,0.0
raster,ndvi,ECO_L2T_STARS.002_NDVI-UQ_20200617T083012_aid0001_32N.tif,data/NDVI/ECO_L2T_STARS.002_NDVI-UQ_20200617T083012_aid0001_32N.tif,ECO_L2T_STARS.002_NDVI-UQ_20200617T083012_aid0001_32N.tif,2020-06-17 00:00:00,2020,6,morning,100.0,34751.0,True,True,False,1.0,True,32632.0,EPSG:32632,34751.0,34751.0,0.0300000011920928,0.0299999993294477,0.0299999993294477,0.0299999993294477,1.862645149230957e-09
raster,ndvi,ECO_L2T_STARS.002_NDVI_20200617T083012_aid0001_32N.tif,data/NDVI/ECO_L2T_STARS.002_NDVI_20200617T083012_aid0001_32N.tif,ECO_L2T_STARS.002_NDVI_20200617T083012_aid0001_32N.tif,2020-06-17 00:00:00,2020,6,morning,100.0,34751.0,True,True,False,1.0,True,32632.0,EPSG:32632,34751.0,34751.0,0.3000000119209289,0.3000000119209289,0.3000000119209289,0.3000000119209289,0.0
raster,ndvi,ECO_L2T_STARS.002_NDVI-UQ_20200618T074225_aid0001_32N.tif,data/NDVI/ECO_L2T_STARS.002_NDVI-UQ_20200618T074225_aid0001_32N.tif,ECO_L2T_STARS.002_NDVI-UQ_20200618T074225_aid0001_32N.tif,2020-06-18 00:00:00,2020,6,morning,100.0,34751.0,True,True,False,1.0,True,32632.0,EPSG:32632,34751.0,34751.0,0.0316227711737155,0.0316227748990058,0.0316227748990058,0.0316227748990058,3.725290298461914e-09
raster,ndvi,ECO_L2T_STARS.002_NDVI_20200618T074225_aid0001_32N.tif,data/NDVI/ECO_L2T_STARS.002_NDVI_20200618T074225_aid0001_32N.tif,ECO_L2T_STARS.002_NDVI_20200618T074225_aid0001_32N.tif,2020-06-18 00:00:00,2020,6,morning,100.0,34751.0,True,True,False,1.0,True,32632.0,EPSG:32632,34751.0,34751.0,0.3000000119209289,0.3000000119209289,0.3000000119209289,0.3000000119209289,0.0
raster,ndvi,ECO_L2T_STARS.002_NDVI-UQ_20200619T114557_aid0001_32N.tif,data/NDVI/ECO_L2T_STARS.002_NDVI-UQ_20200619T114557_aid0001_32N.tif,ECO_L2T_STARS.002_NDVI-UQ_20200619T114557_aid0001_32N.tif,2020-06-19 00:00:00,2020,6,midday_afternoon,100.0,94.0,True,True,True,0.002704958130701275,False,32632.0,EPSG:32632,94.0,34751.0,0.0331662446260452,0.0331662483513355,0.0331662483513355,0.0331662483513355,3.725290298461914e-09
raster,ndvi,ECO_L2T_STARS.002_NDVI_20200619T114557_aid0001_32N.tif,data/NDVI/ECO_L2T_STARS.002_NDVI_20200619T114557_aid0001_32N.tif,ECO_L2T_STARS.002_NDVI_20200619T114557_aid0001_32N.tif,2020-06-19 00:00:00,2020,6,midday_afternoon,100.0,94.0,True,True,True,0.002704958130701275,False,32632.0,EPSG:32632,94.0,34751.0,0.2999999225139618,0.3000000119209289,0.3000000119209289,0.3000000119209289,8.940696716308595e-08
raster,ndvi,ECO_L2T_STARS.002_NDVI-UQ_20200620T074258_aid0001_32N.tif,data/NDVI/ECO_L2T_STARS.002_NDVI-UQ_20200620T074258_aid0001_32N.tif,ECO_L2T_STARS.002_NDVI-UQ_20200620T074258_aid0001_32N.tif,2020-06-20 00:00:00,2020,6,morning,100.0,34751.0,True,True,False,1.0,True,32632.0,EPSG:32632,34751.0,34751.0,0.0346410199999809,0.0346410162746906,0.0346410162746906,0.0346410162746906,3.725290298461914e-09
raster,ndvi,ECO_L2T_STARS.002_NDVI_20200620T074258_aid0001_32N.tif,data/NDVI/ECO_L2T_STARS.002_NDVI_20200620T074258_aid0001_32N.tif,ECO_L2T_STARS.002_NDVI_20200620T074258_aid0001_32N.tif,2020-06-20 00:00:00,2020,6,morning,100.0,34751.0,True,True,False,1.0,True,32632.0,EPSG:32632,34751.0,34751.0,0.3000000119209289,0.3000000119209289,0.3000000119209289,0.3000000119209289,0.0
raster,ndvi,ECO_L2T_STARS.002_NDVI-UQ_20200625T052032_aid0001_32N.tif,data/NDVI/ECO_L2T_STARS.002_NDVI-UQ_20200625T052032_aid0001_32N.tif,ECO_L2T_STARS.002_NDVI-UQ_20200625T052032_aid0001_32N.tif,2020-06-25 00:00:00,2020,6,morning,100.0,34751.0,True,True,False,1.0,True,32632.0,EPSG:32632,34751.0,34751.0,0.0398287624120712,0.04123105853796,0.0009996079606935,0.04123105853796,0.0069071850739419
raster,ndvi,ECO_L2T_STARS.002_NDVI_20200625T052032_aid0001_32N.tif,data/NDVI/ECO_L2T_STARS.002_NDVI_20200625T052032_aid0001_32N.tif,ECO_L2T_STARS.002_NDVI_20200625T052032_aid0001_32N.tif,2020-06-25 00:00:00,2020,6,morning,100.0,34751.0,True,True,False,1.0,True,32632.0,EPSG:32632,34751.0,34751.0,0.3196262121200561,0.3000000119209289,-0.3554136455059051,0.9998051524162292,0.0887210145592689
raster,ndvi,ECO_L2T_STARS.002_NDVI-UQ_20200626T043258_aid0001_32N.tif,data/NDVI/ECO_L2T_STARS.002_NDVI-UQ_20200626T043258_aid0001_32N.tif,ECO_L2T_STARS.002_NDVI-UQ_20200626T043258_aid0001_32N.tif,2020-06-26 00:00:00,2020,6,morning,100.0,34751.0,True,True,False,1.0,True,32632.0,EPSG:32632,34751.0,34751.0,0.0405445545911788,0.0424264073371887,0.0008549256599508,0.0424264073371887,0.0076805590651929
raster,ndvi,ECO_L2T_STARS.002_NDVI_20200626T043258_aid0001_32N.tif,data/NDVI/ECO_L2T_STARS.002_NDVI_20200626T043258_aid0001_32N.tif,ECO_L2T_STARS.002_NDVI_20200626T043258_aid0001_32N.tif,2020-06-26 00:00:00,2020,6,morning,99.99424476993468,34749.0,True,True,False,1.0,True,32632.0,EPSG:32632,34751.0,34751.0,0.3285351693630218,0.3000000119209289,-0.3554136455059051,0.994756817817688,0.0998955518007278
raster,ndvi,ECO_L2T_STARS.002_NDVI-UQ_20200627T083544_aid0001_32N.tif,data/NDVI/ECO_L2T_STARS.002_NDVI-UQ_20200627T083544_aid0001_32N.tif,ECO_L2T_STARS.002_NDVI-UQ_20200627T083544_aid0001_32N.tif,2020-06-27 00:00:00,2020,6,morning,100.0,34751.0,True,True,False,1.0,True,32632.0,EPSG:32632,34751.0,34751.0,0.0418609604239463,0.0435889922082424,0.000999727519229,0.0435889922082424,0.0068332264199852
raster,ndvi,ECO_L2T_STARS.002_NDVI_20200627T083544_aid0001_32N.tif,data/NDVI/ECO_L2T_STARS.002_NDVI_20200627T083544_aid0001_32N.tif,ECO_L2T_STARS.002_NDVI_20200627T083544_aid0001_32N.tif,2020-06-27 00:00:00,2020,6,morning,99.99424476993468,34749.0,True,True,False,1.0,True,32632.0,EPSG:32632,34751.0,34751.0,0.3306034207344055,0.3000000119209289,-0.3554136455059051,0.994756817817688,0.1014033332467079
raster,ndvi,ECO_L2T_STARS.002_NDVI-UQ_20200627T083636_aid0001_32N.tif,data/NDVI/ECO_L2T_STARS.002_NDVI-UQ_20200627T083636_aid0001_32N.tif,ECO_L2T_STARS.002_NDVI-UQ_20200627T083636_aid0001_32N.tif,2020-06-27 00:00:00,2020,6,morning,100.0,94.0,True,True,True,0.002704958130701275,False,32632.0,EPSG:32632,94.0,34751.0,0.0435889922082424,0.0435889922082424,0.0435889922082424,0.0435889922082424,0.0
raster,ndvi,ECO_L2T_STARS.002_NDVI_20200627T083636_aid0001_32N.tif,data/NDVI/ECO_L2T_STARS.002_NDVI_20200627T083636_aid0001_32N.tif,ECO_L2T_STARS.002_NDVI_20200627T083636_aid0001_32N.tif,2020-06-27 00:00:00,2020,6,morning,100.0,94.0,True,True,True,0.002704958130701275,False,32632.0,EPSG:32632,94.0,34751.0,0.2999999225139618,0.3000000119209289,0.3000000119209289,0.3000000119209289,8.940696716308595e-08
raster,ndvi,ECO_L2T_STARS.002_NDVI-UQ_20200628T043425_aid0001_32N.tif,data/NDVI/ECO_L2T_STARS.002_NDVI-UQ_20200628T043425_aid0001_32N.tif,ECO_L2T_STARS.002_NDVI-UQ_20200628T043425_aid0001_32N.tif,2020-06-28 00:00:00,2020,6,morning,100.0,34751.0,True,True,False,1.0,True,32632.0,EPSG:32632,34751.0,34751.0,0.0431245490908622,0.0447213612496852,0.0100498488172888,0.0447213612496852,0.0062506198883056
raster,ndvi,ECO_L2T_STARS.002_NDVI_20200628T043425_aid0001_32N.tif,data/NDVI/ECO_L2T_STARS.002_NDVI_20200628T043425_aid0001_32N.tif,ECO_L2T_STARS.002_NDVI_20200628T043425_aid0001_32N.tif,2020-06-28 00:00:00,2020,6,morning,99.99424476993468,34749.0,True,True,False,1.0,True,32632.0,EPSG:32632,34751.0,34751.0,0.3306223750114441,0.3000000119209289,-0.3554136455059051,0.994756817817688,0.1014257445931434
raster,ndvi,ECO_L2T_STARS.002_NDVI-UQ_20200630T074936_aid0001_32N.tif,data/NDVI/ECO_L2T_STARS.002_NDVI-UQ_20200630T074936_aid0001_32N.tif,ECO_L2T_STARS.002_NDVI-UQ_20200630T074936_aid0001_32N.tif,2020-06-30 00:00:00,2020,6,morning,100.0,34751.0,True,True,False,1.0,True,32632.0,EPSG:32632,34751.0,34751.0,0.0387167856097221,0.0468959808349609,0.0009957073489204,0.046904157847166,0.016754075884819
raster,ndvi,ECO_L2T_STARS.002_NDVI_20200630T074936_aid0001_32N.tif,data/NDVI/ECO_L2T_STARS.002_NDVI_20200630T074936_aid0001_32N.tif,ECO_L2T_STARS.002_NDVI_20200630T074936_aid0001_32N.tif,2020-06-30 00:00:00,2020,6,morning,99.99712238496734,34750.0,True,True,False,1.0,True,32632.0,EPSG:32632,34751.0,34751.0,0.3652181625366211,0.3000000119209289,-0.2182797789573669,0.994756817817688,0.1492354720830917
raster,ndvi,ECO_L2T_STARS.002_NDVI-UQ_20210127T152613_aid0001_32N.tif,data/NDVI/ECO_L2T_STARS.002_NDVI-UQ_20210127T152613_aid0001_32N.tif,ECO_L2T_STARS.002_NDVI-UQ_20210127T152613_aid0001_32N.tif,2021-01-27 00:00:00,2021,1,evening,100.0,34751.0,True,True,False,1.0,True,32632.0,EPSG:32632,34751.0,34751.0,0.043381217867136,0.0393851250410079,0.0100498721003532,0.8478850722312927,0.0334738455712795
raster,ndvi,ECO_L2T_STARS.002_NDVI_20210127T152613_aid0001_32N.tif,data/NDVI/ECO_L2T_STARS.002_NDVI_20210127T152613_aid0001_32N.tif,ECO_L2T_STARS.002_NDVI_20210127T152613_aid0001_32N.tif,2021-01-27 00:00:00,2021,1,evening,99.50792782941498,34580.0,True,True,False,1.0,True,32632.0,EPSG:32632,34751.0,34751.0,-0.0970880612730979,-0.0638029724359512,-0.9991505146026612,0.9987921714782716,0.3070070743560791
raster,ndvi,ECO_L2T_STARS.002_NDVI-UQ_20210129T152744_aid0001_32N.tif,data/NDVI/ECO_L2T_STARS.002_NDVI-UQ_20210129T152744_aid0001_32N.tif,ECO_L2T_STARS.002_NDVI-UQ_20210129T152744_aid0001_32N.tif,2021-01-29 00:00:00,2021,1,evening,100.0,34751.0,True,True,False,1.0,True,32632.0,EPSG:32632,34751.0,34751.0,0.0458673387765884,0.0418471992015838,0.017349349334836,0.8480029702186584,0.0331420190632343
raster,ndvi,ECO_L2T_STARS.002_NDVI_20210129T152744_aid0001_32N.tif,data/NDVI/ECO_L2T_STARS.002_NDVI_20210129T152744_aid0001_32N.tif,ECO_L2T_STARS.002_NDVI_20210129T152744_aid0001_32N.tif,2021-01-29 00:00:00,2021,1,evening,99.50792782941498,34580.0,True,True,False,1.0,True,32632.0,EPSG:32632,34751.0,34751.0,-0.0971091538667678,-0.0638750866055488,-0.9991505146026612,0.9987921714782716,0.3070085346698761
raster,ndvi,ECO_L2T_STARS.002_NDVI-UQ_20210131T135245_aid0001_32N.tif,data/NDVI/ECO_L2T_STARS.002_NDVI-UQ_20210131T135245_aid0001_32N.tif,ECO_L2T_STARS.002_NDVI-UQ_20210131T135245_aid0001_32N.tif,2021-01-31 00:00:00,2021,1,midday_afternoon,100.0,34751.0,True,True,False,1.0,True,32632.0,EPSG:32632,34751.0,34751.0,0.0461445674300193,0.043967705219984,0.0009993757121264,0.848120927810669,0.0335388593375682
raster,ndvi,ECO_L2T_STARS.002_NDVI_20210131T135245_aid0001_32N.tif,data/NDVI/ECO_L2T_STARS.002_NDVI_20210131T135245_aid0001_32N.tif,ECO_L2T_STARS.002_NDVI_20210131T135245_aid0001_32N.tif,2021-01-31 00:00:00,2021,1,midday_afternoon,99.52519351961094,34586.0,True,True,False,1.0,True,32632.0,EPSG:32632,34751.0,34751.0,-0.0914612561464309,-0.061324305832386,-0.9991505146026612,0.9987921714782716,0.2993407845497131
raster,ndvi,ECO_L2T_STARS.002_NDVI-UQ_20210131T135337_aid0001_32N.tif,data/NDVI/ECO_L2T_STARS.002_NDVI-UQ_20210131T135337_aid0001_32N.tif,ECO_L2T_STARS.002_NDVI-UQ_20210131T135337_aid0001_32N.tif,2021-01-31 00:00:00,2021,1,midday_afternoon,100.0,94.0,True,True,True,0.002704958130701275,False,32632.0,EPSG:32632,94.0,34751.0,0.045154757797718,0.045825757086277,0.039824228733778,0.045825757086277,0.001640583272092
raster,ndvi,ECO_L2T_STARS.002_NDVI_20210131T135337_aid0001_32N.tif,data/NDVI/ECO_L2T_STARS.002_NDVI_20210131T135337_aid0001_32N.tif,ECO_L2T_STARS.002_NDVI_20210131T135337_aid0001_32N.tif,2021-01-31 00:00:00,2021,1,midday_afternoon,100.0,94.0,True,True,True,0.002704958130701275,False,32632.0,EPSG:32632,94.0,34751.0,0.2583447396755218,0.3000000119209289,-0.0138159105554223,0.3000000119209289,0.1000202596187591
raster,ndvi,ECO_L2T_STARS.002_NDVI-UQ_20210203T130805_aid0001_32N.tif,data/NDVI/ECO_L2T_STARS.002_NDVI-UQ_20210203T130805_aid0001_32N.tif,ECO_L2T_STARS.002_NDVI-UQ_20210203T130805_aid0001_32N.tif,2021-02-03 00:00:00,2021,2,midday_afternoon,100.0,34751.0,True,True,False,1.0,True,32632.0,EPSG:32632,34751.0,34751.0,0.0498644970357418,0.0472498722374439,0.0085315546020865,0.8482977747917175,0.0325797945261001
raster,ndvi,ECO_L2T_STARS.002_NDVI_20210203T130805_aid0001_32N.tif,data/NDVI/ECO_L2T_STARS.002_NDVI_20210203T130805_aid0001_32N.tif,ECO_L2T_STARS.002_NDVI_20210203T130805_aid0001_32N.tif,2021-02-03 00:00:00,2021,2,midday_afternoon,99.52231590457828,34585.0,True,True,False,1.0,True,32632.0,EPSG:32632,34751.0,34751.0,-0.0917250737547874,-0.061305783689022,-0.9991505146026612,0.9987921714782716,0.2988851368427276
raster,ndvi,ECO_L2T_STARS.002_NDVI-UQ_20210204T122006_aid0001_32N.tif,data/NDVI/ECO_L2T_STARS.002_NDVI-UQ_20210204T122006_aid0001_32N.tif,ECO_L2T_STARS.002_NDVI-UQ_20210204T122006_aid0001_32N.tif,2021-02-04 00:00:00,2021,2,midday_afternoon,100.0,34751.0,True,True,False,1.0,True,32632.0,EPSG:32632,34751.0,34751.0,0.0509540997445583,0.0482955463230609,0.010791084729135,0.8483567237854004,0.032402366399765
raster,ndvi,ECO_L2T_STARS.002_NDVI_20210204T122006_aid0001_32N.tif,data/NDVI/ECO_L2T_STARS.002_NDVI_20210204T122006_aid0001_32N.tif,ECO_L2T_STARS.002_NDVI_20210204T122006_aid0001_32N.tif,2021-02-04 00:00:00,2021,2,midday_afternoon,99.52231590457828,34585.0,True,True,False,1.0,True,32632.0,EPSG:32632,34751.0,34751.0,-0.0919627249240875,-0.0614286921918392,-0.9991505146026612,0.9987921714782716,0.2989036738872528
raster,ndvi,ECO_L2T_STARS.002_NDVI-UQ_20210206T122221_aid0001_32N.tif,data/NDVI/ECO_L2T_STARS.002_NDVI-UQ_20210206T122221_aid0001_32N.tif,ECO_L2T_STARS.002_NDVI-UQ_20210206T122221_aid0001_32N.tif,2021-02-06 00:00:00,2021,2,midday_afternoon,100.0,34751.0,True,True,False,1.0,True,32632.0,EPSG:32632,34751.0,34751.0,0.0175818484276533,0.0100498553365468,0.0037094966974109,0.4347536563873291,0.0211899057030677
raster,ndvi,ECO_L2T_STARS.002_NDVI_20210206T122221_aid0001_32N.tif,data/NDVI/ECO_L2T_STARS.002_NDVI_20210206T122221_aid0001_32N.tif,ECO_L2T_STARS.002_NDVI_20210206T122221_aid0001_32N.tif,2021-02-06 00:00:00,2021,2,midday_afternoon,99.89065062875888,34713.0,True,True,False,1.0,True,32632.0,EPSG:32632,34751.0,34751.0,-0.0192142184823751,-0.0355277024209499,-0.9986624121665956,0.9999709725379944,0.2118436843156814
raster,ndvi,ECO_L2T_STARS.002_NDVI-UQ_20210207T113433_aid0001_32N.tif,data/NDVI/ECO_L2T_STARS.002_NDVI-UQ_20210207T113433_aid0001_32N.tif,ECO_L2T_STARS.002_NDVI-UQ_20210207T113433_aid0001_32N.tif,2021-02-07 00:00:00,2021,2,midday_afternoon,100.0,34751.0,True,True,False,1.0,True,32632.0,EPSG:32632,34751.0,34751.0,0.0158019419759511,0.014177163131535,0.0050468067638576,0.0299999993294477,0.0042389966547489
raster,ndvi,ECO_L2T_STARS.002_NDVI_20210207T113433_aid0001_32N.tif,data/NDVI/ECO_L2T_STARS.002_NDVI_20210207T113433_aid0001_32N.tif,ECO_L2T_STARS.002_NDVI_20210207T113433_aid0001_32N.tif,2021-02-07 00:00:00,2021,2,midday_afternoon,99.99712238496734,34750.0,True,True,False,1.0,True,32632.0,EPSG:32632,34751.0,34751.0,0.0180481262505054,-0.0263717509806156,-0.970039427280426,0.9982281923294068,0.1961099058389663
raster,ndvi,ECO_L2T_STARS.002_NDVI-UQ_20210207T113525_aid0001_32N.tif,data/NDVI/ECO_L2T_STARS.002_NDVI-UQ_20210207T113525_aid0001_32N.tif,ECO_L2T_STARS.002_NDVI-UQ_20210207T113525_aid0001_32N.tif,2021-02-07 00:00:00,2021,2,midday_afternoon,100.0,94.0,True,True,True,0.002704958130701275,False,32632.0,EPSG:32632,94.0,34751.0,0.0246741510927677,0.0266678277403116,0.0141771649941802,0.0299999993294477,0.0052042268216609
raster,ndvi,ECO_L2T_STARS.002_NDVI_20210207T113525_aid0001_32N.tif,data/NDVI/ECO_L2T_STARS.002_NDVI_20210207T113525_aid0001_32N.tif,ECO_L2T_STARS.002_NDVI_20210207T113525_aid0001_32N.tif,2021-02-07 00:00:00,2021,2,midday_afternoon,100.0,94.0,True,True,True,0.002704958130701275,False,32632.0,EPSG:32632,94.0,34751.0,0.1120458245277404,0.1328712105751037,-0.0696077123284339,0.3000000119209289,0.1029555276036262
raster,ndvi,ECO_L2T_STARS.002_NDVI-UQ_20210208T104712_aid0001_32N.tif,data/NDVI/ECO_L2T_STARS.002_NDVI-UQ_20210208T104712_aid0001_32N.tif,ECO_L2T_STARS.002_NDVI-UQ_20210208T104712_aid0001_32N.tif,2021-02-08 00:00:00,2021,2,midday_afternoon,100.0,34751.0,True,True,False,1.0,True,32632.0,EPSG:32632,34751.0,34751.0,0.0185728445649147,0.0173491165041923,0.0058111450634896,0.0299999993294477,0.0035915225744247
raster,ndvi,ECO_L2T_STARS.002_NDVI_20210208T104712_aid0001_32N.tif,data/NDVI/ECO_L2T_STARS.002_NDVI_20210208T104712_aid0001_32N.tif,ECO_L2T_STARS.002_NDVI_20210208T104712_aid0001_32N.tif,2021-02-08 00:00:00,2021,2,midday_afternoon,100.0,34751.0,True,True,False,1.0,True,32632.0,EPSG:32632,34751.0,34751.0,0.0214150622487068,-0.0257144756615161,-0.9699423909187316,0.9981048107147216,0.1978075802326202
raster,ndvi,ECO_L2T_STARS.002_NDVI-UQ_20210209T145149_aid0001_32N.tif,data/NDVI/ECO_L2T_STARS.002_NDVI-UQ_20210209T145149_aid0001_32N.tif,ECO_L2T_STARS.002_NDVI-UQ_20210209T145149_aid0001_32N.tif,2021-02-09 00:00:00,2021,2,evening,100.0,34751.0,True,True,False,1.0,True,32632.0,EPSG:32632,34751.0,34751.0,0.02106898650527,0.0200247801840305,0.007018759381026,0.0316227748990058,0.0033500569406896
raster,ndvi,ECO_L2T_STARS.002_NDVI_20210209T145149_aid0001_32N.tif,data/NDVI/ECO_L2T_STARS.002_NDVI_20210209T145149_aid0001_32N.tif,ECO_L2T_STARS.002_NDVI_20210209T145149_aid0001_32N.tif,2021-02-09 00:00:00,2021,2,evening,100.0,34751.0,True,True,False,1.0,True,32632.0,EPSG:32632,34751.0,34751.0,0.0180540066212415,-0.0261837914586067,-0.9699423909187316,0.9981048107147216,0.1915327608585357
raster,ndvi,ECO_L2T_STARS.002_NDVI-UQ_20210210T104928_aid0001_32N.tif,data/NDVI/ECO_L2T_STARS.002_NDVI-UQ_20210210T104928_aid0001_32N.tif,ECO_L2T_STARS.002_NDVI-UQ_20210210T104928_aid0001_32N.tif,2021-02-10 00:00:00,2021,2,midday_afternoon,100.0,34751.0,True,True,False,1.0,True,32632.0,EPSG:32632,34751.0,34751.0,0.0232729241251945,0.0223828461021184,0.0079465834423899,0.0331662483513355,0.0032002511434257
raster,ndvi,ECO_L2T_STARS.002_NDVI_20210210T104928_aid0001_32N.tif,data/NDVI/ECO_L2T_STARS.002_NDVI_20210210T104928_aid0001_32N.tif,ECO_L2T_STARS.002_NDVI_20210210T104928_aid0001_32N.tif,2021-02-10 00:00:00,2021,2,midday_afternoon,100.0,34751.0,True,True,False,1.0,True,32632.0,EPSG:32632,34751.0,34751.0,0.0176179874688386,-0.026265874505043,-0.9699423909187316,0.9981048107147216,0.1910339295864105
raster,ndvi,ECO_L2T_STARS.002_NDVI-UQ_20210211T100242_aid0001_32N.tif,data/NDVI/ECO_L2T_STARS.002_NDVI-UQ_20210211T100242_aid0001_32N.tif,ECO_L2T_STARS.002_NDVI-UQ_20210211T100242_aid0001_32N.tif,2021-02-11 00:00:00,2021,2,midday_afternoon,100.0,34751.0,True,True,False,1.0,True,32632.0,EPSG:32632,34751.0,34751.0,0.0252450201660394,0.0245151352137327,0.0084986966103315,0.0346410162746906,0.0031243194825947
raster,ndvi,ECO_L2T_STARS.002_NDVI_20210211T100242_aid0001_32N.tif,data/NDVI/ECO_L2T_STARS.002_NDVI_20210211T100242_aid0001_32N.tif,ECO_L2T_STARS.002_NDVI_20210211T100242_aid0001_32N.tif,2021-02-11 00:00:00,2021,2,midday_afternoon,100.0,34751.0,True,True,False,1.0,True,32632.0,EPSG:32632,34751.0,34751.0,0.0179299861192703,-0.0261799991130828,-0.9699423909187316,0.9981048107147216,0.1896493136882782
raster,ndvi,ECO_L2T_STARS.002_NDVI-UQ_20210212T091524_aid0001_32N.tif,data/NDVI/ECO_L2T_STARS.002_NDVI-UQ_20210212T091524_aid0001_32N.tif,ECO_L2T_STARS.002_NDVI-UQ_20210212T091524_aid0001_32N.tif,2021-02-12 00:00:00,2021,2,midday_afternoon,100.0,34751.0,True,True,False,1.0,True,32632.0,EPSG:32632,34751.0,34751.0,0.0122382435947656,0.0009992157574743,0.0009934291010722,0.0360555127263069,0.0132384775206446
raster,ndvi,ECO_L2T_STARS.002_NDVI_20210212T091524_aid0001_32N.tif,data/NDVI/ECO_L2T_STARS.002_NDVI_20210212T091524_aid0001_32N.tif,ECO_L2T_STARS.002_NDVI_20210212T091524_aid0001_32N.tif,2021-02-12 00:00:00,2021,2,midday_afternoon,99.98273430980404,34745.0,True,True,False,1.0,True,32632.0,EPSG:32632,34751.0,34751.0,0.0164784882217645,-0.028558675199747,-0.9993440508842468,0.9993531107902528,0.2273870408535003
raster,ndvi,ECO_L2T_STARS.002_NDVI-UQ_20210213T131908_aid0001_32N.tif,data/NDVI/ECO_L2T_STARS.002_NDVI-UQ_20210213T131908_aid0001_32N.tif,ECO_L2T_STARS.002_NDVI-UQ_20210213T131908_aid0001_32N.tif,2021-02-13 00:00:00,2021,2,midday_afternoon,100.0,34751.0,True,True,False,1.0,True,32632.0,EPSG:32632,34751.0,34751.0,0.0173773653805255,0.0100497966632246,0.0011438140645623,0.037416573613882,0.0102809071540832
raster,ndvi,ECO_L2T_STARS.002_NDVI_20210213T131908_aid0001_32N.tif,data/NDVI/ECO_L2T_STARS.002_NDVI_20210213T131908_aid0001_32N.tif,ECO_L2T_STARS.002_NDVI_20210213T131908_aid0001_32N.tif,2021-02-13 00:00:00,2021,2,midday_afternoon,99.98561192483668,34746.0,True,True,False,1.0,True,32632.0,EPSG:32632,34751.0,34751.0,0.0140794245526194,-0.0286918468773365,-0.9978501796722412,0.9984079003334044,0.2232673168182373
raster,ndvi,ECO_L2T_STARS.002_NDVI-UQ_20210214T091645_aid0001_32N.tif,data/NDVI/ECO_L2T_STARS.002_NDVI-UQ_20210214T091645_aid0001_32N.tif,ECO_L2T_STARS.002_NDVI-UQ_20210214T091645_aid0001_32N.tif,2021-02-14 00:00:00,2021,2,midday_afternoon,100.0,34751.0,True,True,False,1.0,True,32632.0,EPSG:32632,34751.0,34751.0,0.0199944358319044,0.0141773913055658,0.0012677853228524,0.0387298315763473,0.0093350978568196
raster,ndvi,ECO_L2T_STARS.002_NDVI_20210214T091645_aid0001_32N.tif,data/NDVI/ECO_L2T_STARS.002_NDVI_20210214T091645_aid0001_32N.tif,ECO_L2T_STARS.002_NDVI_20210214T091645_aid0001_32N.tif,2021-02-14 00:00:00,2021,2,midday_afternoon,99.9482029294121,34733.0,True,True,False,1.0,True,32632.0,EPSG:32632,34751.0,34751.0,0.0123100606724619,-0.0293199699372053,-0.9821268916130066,0.9981775283813475,0.2178716510534286
raster,ndvi,ECO_L2T_STARS.002_NDVI-UQ_20210216T123258_aid0001_32N.tif,data/NDVI/ECO_L2T_STARS.002_NDVI-UQ_20210216T123258_aid0001_32N.tif,ECO_L2T_STARS.002_NDVI-UQ_20210216T123258_aid0001_32N.tif,2021-02-16 00:00:00,2021,2,midday_afternoon,100.0,34751.0,True,True,False,1.0,True,32632.0,EPSG:32632,34751.0,34751.0,0.0117501998320221,0.010049644857645,0.0012897218111902,0.1592081189155578,0.0088141523301601
raster,ndvi,ECO_L2T_STARS.002_NDVI_20210216T123258_aid0001_32N.tif,data/NDVI/ECO_L2T_STARS.002_NDVI_20210216T123258_aid0001_32N.tif,ECO_L2T_STARS.002_NDVI_20210216T123258_aid0001_32N.tif,2021-02-16 00:00:00,2021,2,midday_afternoon,99.88489539869356,34711.0,True,True,False,1.0,True,32632.0,EPSG:32632,34751.0,34751.0,0.0229917857795953,-0.027958171442151,-0.9599969387054444,0.9997546076774596,0.2001338750123977
raster,ndvi,ECO_L2T_STARS.002_NDVI-UQ_20210216T123350_aid0001_32N.tif,data/NDVI/ECO_L2T_STARS.002_NDVI-UQ_20210216T123350_aid0001_32N.tif,ECO_L2T_STARS.002_NDVI-UQ_20210216T123350_aid0001_32N.tif,2021-02-16 00:00:00,2021,2,midday_afternoon,100.0,94.0,True,True,True,0.002704958130701275,False,32632.0,EPSG:32632,94.0,34751.0,0.0123909329995512,0.0100498301908373,0.0054035792127251,0.0355938114225864,0.0079091228544712
raster,ndvi,ECO_L2T_STARS.002_NDVI_20210216T123350_aid0001_32N.tif,data/NDVI/ECO_L2T_STARS.002_NDVI_20210216T123350_aid0001_32N.tif,ECO_L2T_STARS.002_NDVI_20210216T123350_aid0001_32N.tif,2021-02-16 00:00:00,2021,2,midday_afternoon,100.0,94.0,True,True,True,0.002704958130701275,False,32632.0,EPSG:32632,94.0,34751.0,-0.0476237423717975,-0.0612563900649547,-0.1264424473047256,0.1708206534385681,0.0731991231441497
raster,ndvi,ECO_L2T_STARS.002_NDVI-UQ_20210217T114527_aid0001_32N.tif,data/NDVI/ECO_L2T_STARS.002_NDVI-UQ_20210217T114527_aid0001_32N.tif,ECO_L2T_STARS.002_NDVI-UQ_20210217T114527_aid0001_32N.tif,2021-02-17 00:00:00,2021,2,midday_afternoon,100.0,34751.0,True,True,False,1.0,True,32632.0,EPSG:32632,34751.0,34751.0,0.0119102280586957,0.01126563642174,0.0008391604060307,0.2214508205652237,0.00932312104851
raster,ndvi,ECO_L2T_STARS.002_NDVI_20210217T114527_aid0001_32N.tif,data/NDVI/ECO_L2T_STARS.002_NDVI_20210217T114527_aid0001_32N.tif,ECO_L2T_STARS.002_NDVI_20210217T114527_aid0001_32N.tif,2021-02-17 00:00:00,2021,2,midday_afternoon,99.92230439411816,34724.0,True,True,False,1.0,True,32632.0,EPSG:32632,34751.0,34751.0,0.0257389917969703,-0.0267445147037506,-0.9590501189231871,0.9969081282615662,0.1972629874944687
raster,ndvi,ECO_L2T_STARS.002_NDVI-UQ_20210217T114619_aid0001_32N.tif,data/NDVI/ECO_L2T_STARS.002_NDVI-UQ_20210217T114619_aid0001_32N.tif,ECO_L2T_STARS.002_NDVI-UQ_20210217T114619_aid0001_32N.tif,2021-02-17 00:00:00,2021,2,midday_afternoon,100.0,94.0,True,True,True,0.002704958130701275,False,32632.0,EPSG:32632,94.0,34751.0,0.0142862843349576,0.014177163131535,0.0074508762918412,0.0252239424735307,0.0036316458135843
raster,ndvi,ECO_L2T_STARS.002_NDVI_20210217T114619_aid0001_32N.tif,data/NDVI/ECO_L2T_STARS.002_NDVI_20210217T114619_aid0001_32N.tif,ECO_L2T_STARS.002_NDVI_20210217T114619_aid0001_32N.tif,2021-02-17 00:00:00,2021,2,midday_afternoon,100.0,94.0,True,True,True,0.002704958130701275,False,32632.0,EPSG:32632,94.0,34751.0,-0.0642991214990615,-0.0724323019385337,-0.1263859421014785,0.0995163321495056,0.0471876673400402
raster,ndvi,ECO_L2T_STARS.002_NDVI-UQ_20210219T065640_aid0001_32N.tif,data/NDVI/ECO_L2T_STARS.002_NDVI-UQ_20210219T065640_aid0001_32N.tif,ECO_L2T_STARS.002_NDVI-UQ_20210219T065640_aid0001_32N.tif,2021-02-19 00:00:00,2021,2,morning,100.0,34751.0,True,True,False,1.0,True,32632.0,EPSG:32632,34751.0,34751.0,0.0186835806816816,0.0161286816000938,0.0012767483713105,0.290911853313446,0.0135581409558653
raster,ndvi,ECO_L2T_STARS.002_NDVI_20210219T065640_aid0001_32N.tif,data/NDVI/ECO_L2T_STARS.002_NDVI_20210219T065640_aid0001_32N.tif,ECO_L2T_STARS.002_NDVI_20210219T065640_aid0001_32N.tif,2021-02-19 00:00:00,2021,2,morning,99.9194267790855,34723.0,True,True,False,1.0,True,32632.0,EPSG:32632,34751.0,34751.0,0.016288623213768,-0.0308165475726127,-0.9652817845344543,0.9981143474578856,0.1885820776224136
raster,ndvi,ECO_L2T_STARS.002_NDVI-UQ_20210220T110048_aid0001_32N.tif,data/NDVI/ECO_L2T_STARS.002_NDVI-UQ_20210220T110048_aid0001_32N.tif,ECO_L2T_STARS.002_NDVI-UQ_20210220T110048_aid0001_32N.tif,2021-02-20 00:00:00,2021,2,midday_afternoon,100.0,34751.0,True,True,False,1.0,True,32632.0,EPSG:32632,34751.0,34751.0,0.009268743917346,0.0009964576456695,0.0007653710199519,0.1791603565216064,0.011243475601077
raster,ndvi,ECO_L2T_STARS.002_NDVI_20210220T110048_aid0001_32N.tif,data/NDVI/ECO_L2T_STARS.002_NDVI_20210220T110048_aid0001_32N.tif,ECO_L2T_STARS.002_NDVI_20210220T110048_aid0001_32N.tif,2021-02-20 00:00:00,2021,2,midday_afternoon,99.92230439411816,34724.0,True,True,False,1.0,True,32632.0,EPSG:32632,34751.0,34751.0,0.0109132397919893,-0.0428074821829795,-0.9182281494140624,0.996033787727356,0.1950508058071136
raster,ndvi,ECO_L2T_STARS.002_NDVI_20210221T101322_aid0001_32N.tif,data/NDVI/ECO_L2T_STARS.002_NDVI_20210221T101322_aid0001_32N.tif,ECO_L2T_STARS.002_NDVI_20210221T101322_aid0001_32N.tif,2021-02-21 00:00:00,2021,2,midday_afternoon,99.79856694771372,34681.0,True,True,False,1.0,True,32632.0,EPSG:32632,34751.0,34751.0,0.0095306783914566,-0.0536458753049373,-0.9407286643981934,0.9991021752357484,0.222790241241455
raster,ndvi,ECO_L2T_STARS.002_NDVI_20210223T101517_aid0001_32N.tif,data/NDVI/ECO_L2T_STARS.002_NDVI_20210223T101517_aid0001_32N.tif,ECO_L2T_STARS.002_NDVI_20210223T101517_aid0001_32N.tif,2021-02-23 00:00:00,2021,2,midday_afternoon,99.838853558171,34695.0,True,True,False,1.0,True,32632.0,EPSG:32632,34751.0,34751.0,0.0021182331256568,-0.0558772981166839,-0.9533367156982422,0.9997014999389648,0.2085901647806167
raster,ndvi,ECO_L2T_STARS.002_NDVI_20210224T092756_aid0001_32N.tif,data/NDVI/ECO_L2T_STARS.002_NDVI_20210224T092756_aid0001_32N.tif,ECO_L2T_STARS.002_NDVI_20210224T092756_aid0001_32N.tif,2021-02-24 00:00:00,2021,2,midday_afternoon,99.81295502287703,34686.0,True,True,False,1.0,True,32632.0,EPSG:32632,34751.0,34751.0,0.0016288851620629,-0.0570620596408844,-0.9516640305519104,0.995658278465271,0.2103966623544693
raster,ndvi,ECO_L2T_STARS.002_NDVI_20210225T084024_aid0001_32N.tif,data/NDVI/ECO_L2T_STARS.002_NDVI_20210225T084024_aid0001_32N.tif,ECO_L2T_STARS.002_NDVI_20210225T084024_aid0001_32N.tif,2021-02-25 00:00:00,2021,2,morning,99.88777301372622,34712.0,True,True,False,1.0,True,32632.0,EPSG:32632,34751.0,34751.0,-0.0030414720531553,-0.0568686127662658,-0.9587648510932922,0.9985803961753844,0.2059640437364578
raster,ndvi,ECO_L2T_STARS.002_NDVI_20210227T084216_aid0001_32N.tif,data/NDVI/ECO_L2T_STARS.002_NDVI_20210227T084216_aid0001_32N.tif,ECO_L2T_STARS.002_NDVI_20210227T084216_aid0001_32N.tif,2021-02-27 00:00:00,2021,2,morning,99.86187447843228,34703.0,True,True,False,1.0,True,32632.0,EPSG:32632,34751.0,34751.0,-0.0063192108646035,-0.0594545006752014,-0.9483790397644044,0.9969175457954408,0.2023520916700363
raster,ndvi,ECO_L2T_STARS.002_NDVI_20210301T070736_aid0001_32N.tif,data/NDVI/ECO_L2T_STARS.002_NDVI_20210301T070736_aid0001_32N.tif,ECO_L2T_STARS.002_NDVI_20210301T070736_aid0001_32N.tif,2021-03-01 00:00:00,2021,3,morning,99.79856694771372,34681.0,True,True,False,1.0,True,32632.0,EPSG:32632,34751.0,34751.0,-0.000213294828427,-0.0608515888452529,-0.9595555663108826,0.999993622303009,0.2152093648910522
raster,ndvi,ECO_L2T_STARS.002_NDVI_20210304T062204_aid0001_32N.tif,data/NDVI/ECO_L2T_STARS.002_NDVI_20210304T062204_aid0001_32N.tif,ECO_L2T_STARS.002_NDVI_20210304T062204_aid0001_32N.tif,2021-03-04 00:00:00,2021,3,morning,99.93957008431413,34730.0,True,True,False,1.0,True,32632.0,EPSG:32632,34751.0,34751.0,0.0471714213490486,0.0051810164004564,-0.9874584078788756,0.9963552951812744,0.1922999024391174
raster,ndvi,ECO_L2T_STARS.002_NDVI_20210326T170040_aid0001_32N.tif,data/NDVI/ECO_L2T_STARS.002_NDVI_20210326T170040_aid0001_32N.tif,ECO_L2T_STARS.002_NDVI_20210326T170040_aid0001_32N.tif,2021-03-26 00:00:00,2021,3,evening,99.98561192483668,34746.0,True,True,False,1.0,True,32632.0,EPSG:32632,34751.0,34751.0,0.0195600539445877,-0.0653154030442237,-0.3189961314201355,0.9970958828926086,0.190671756863594
raster,ndvi,ECO_L2T_STARS.002_NDVI_20210327T161332_aid0001_32N.tif,data/NDVI/ECO_L2T_STARS.002_NDVI_20210327T161332_aid0001_32N.tif,ECO_L2T_STARS.002_NDVI_20210327T161332_aid0001_32N.tif,2021-03-27 00:00:00,2021,3,evening,99.98273430980404,34745.0,True,True,False,1.0,True,32632.0,EPSG:32632,34751.0,34751.0,0.019455898553133,-0.0649607852101326,-0.3188812434673309,0.9954046010971068,0.1904519200325012
raster,ndvi,ECO_L2T_STARS.002_NDVI_20210329T161506_aid0001_32N.tif,data/NDVI/ECO_L2T_STARS.002_NDVI_20210329T161506_aid0001_32N.tif,ECO_L2T_STARS.002_NDVI_20210329T161506_aid0001_32N.tif,2021-03-29 00:00:00,2021,3,evening,99.97985669477136,34744.0,True,True,False,1.0,True,32632.0,EPSG:32632,34751.0,34751.0,0.0086743542924523,-0.0662830919027328,-0.4163089990615845,0.9902169108390808,0.1761011630296707
raster,ndvi,ECO_L2T_STARS.002_NDVI_20210330T152739_aid0001_32N.tif,data/NDVI/ECO_L2T_STARS.002_NDVI_20210330T152739_aid0001_32N.tif,ECO_L2T_STARS.002_NDVI_20210330T152739_aid0001_32N.tif,2021-03-30 00:00:00,2021,3,evening,99.99136715490202,34748.0,True,True,False,1.0,True,32632.0,EPSG:32632,34751.0,34751.0,0.0065331552177667,-0.0693908482789993,-0.7347950339317322,0.999752402305603,0.1766732186079025
raster,ndvi,ECO_L2T_STARS.002_NDVI_20210330T152831_aid0001_32N.tif,data/NDVI/ECO_L2T_STARS.002_NDVI_20210330T152831_aid0001_32N.tif,ECO_L2T_STARS.002_NDVI_20210330T152831_aid0001_32N.tif,2021-03-30 00:00:00,2021,3,evening,100.0,94.0,True,True,True,0.002704958130701275,False,32632.0,EPSG:32632,94.0,34751.0,-0.0823714137077331,-0.0861703604459762,-0.0998896136879921,0.0724820494651794,0.0196924842894077
raster,ndvi,ECO_L2T_STARS.002_NDVI-UQ_20210403T135515_aid0001_32N.tif,data/NDVI/ECO_L2T_STARS.002_NDVI-UQ_20210403T135515_aid0001_32N.tif,ECO_L2T_STARS.002_NDVI-UQ_20210403T135515_aid0001_32N.tif,2021-04-03 00:00:00,2021,4,midday_afternoon,100.0,34751.0,True,True,False,1.0,True,32632.0,EPSG:32632,34751.0,34751.0,0.0102395499125123,0.0095485625788569,0.0006124391802586,0.3300301432609558,0.0084329098463058
raster,ndvi,ECO_L2T_STARS.002_NDVI_20210403T135515_aid0001_32N.tif,data/NDVI/ECO_L2T_STARS.002_NDVI_20210403T135515_aid0001_32N.tif,ECO_L2T_STARS.002_NDVI_20210403T135515_aid0001_32N.tif,2021-04-03 00:00:00,2021,4,midday_afternoon,99.99136715490202,34748.0,True,True,False,1.0,True,32632.0,EPSG:32632,34751.0,34751.0,0.0195867698639631,-0.0733126848936081,-0.7464932799339294,0.9922662973403932,0.196731761097908
raster,ndvi,ECO_L2T_STARS.002_NDVI-UQ_20210404T130806_aid0001_32N.tif,data/NDVI/ECO_L2T_STARS.002_NDVI-UQ_20210404T130806_aid0001_32N.tif,ECO_L2T_STARS.002_NDVI-UQ_20210404T130806_aid0001_32N.tif,2021-04-04 00:00:00,2021,4,midday_afternoon,100.0,34751.0,True,True,False,1.0,True,32632.0,EPSG:32632,34751.0,34751.0,0.0149480048567056,0.0123922480270266,0.0010286523029208,0.406670480966568,0.0106722488999366
raster,ndvi,ECO_L2T_STARS.002_NDVI_20210404T130806_aid0001_32N.tif,data/NDVI/ECO_L2T_STARS.002_NDVI_20210404T130806_aid0001_32N.tif,ECO_L2T_STARS.002_NDVI_20210404T130806_aid0001_32N.tif,2021-04-04 00:00:00,2021,4,midday_afternoon,99.98273430980404,34745.0,True,True,False,1.0,True,32632.0,EPSG:32632,34751.0,34751.0,0.0230832230299711,-0.0694268494844436,-0.741166353225708,0.9915453791618348,0.1976588666439056
raster,ndvi,ECO_L2T_STARS.002_NDVI-UQ_20210405T122034_aid0001_32N.tif,data/NDVI/ECO_L2T_STARS.002_NDVI-UQ_20210405T122034_aid0001_32N.tif,ECO_L2T_STARS.002_NDVI-UQ_20210405T122034_aid0001_32N.tif,2021-04-05 00:00:00,2021,4,midday_afternoon,100.0,94.0,True,True,True,0.002704958130701275,False,32632.0,EPSG:32632,94.0,34751.0,0.0169857442378997,0.0161440894007682,0.0117269400507211,0.0285918284207582,0.0038399347104132
raster,ndvi,ECO_L2T_STARS.002_NDVI_20210405T122034_aid0001_32N.tif,data/NDVI/ECO_L2T_STARS.002_NDVI_20210405T122034_aid0001_32N.tif,ECO_L2T_STARS.002_NDVI_20210405T122034_aid0001_32N.tif,2021-04-05 00:00:00,2021,4,midday_afternoon,100.0,94.0,True,True,True,0.002704958130701275,False,32632.0,EPSG:32632,94.0,34751.0,-0.1002038419246673,-0.1047759354114532,-0.1662513315677642,0.166678249835968,0.037643726915121
raster,ndvi,ECO_L2T_STARS.002_NDVI-UQ_20210405T171120_aid0001_32N.tif,data/NDVI/ECO_L2T_STARS.002_NDVI-UQ_20210405T171120_aid0001_32N.tif,ECO_L2T_STARS.002_NDVI-UQ_20210405T171120_aid0001_32N.tif,2021-04-05 00:00:00,2021,4,evening,100.0,34751.0,True,True,False,1.0,True,32632.0,EPSG:32632,34751.0,34751.0,0.0159846935421228,0.0132699534296989,0.0010014120489358,0.1808762401342392,0.0114580476656556
raster,ndvi,ECO_L2T_STARS.002_NDVI_20210405T171120_aid0001_32N.tif,data/NDVI/ECO_L2T_STARS.002_NDVI_20210405T171120_aid0001_32N.tif,ECO_L2T_STARS.002_NDVI_20210405T171120_aid0001_32N.tif,2021-04-05 00:00:00,2021,4,evening,99.97985669477136,34744.0,True,True,False,1.0,True,32632.0,EPSG:32632,34751.0,34751.0,0.0230957921594381,-0.0692526325583458,-0.7405333518981934,0.9921333193778992,0.1973644942045211
raster,ndvi,ECO_L2T_STARS.002_NDVI-UQ_20210406T162426_aid0001_32N.tif,data/NDVI/ECO_L2T_STARS.002_NDVI-UQ_20210406T162426_aid0001_32N.tif,ECO_L2T_STARS.002_NDVI-UQ_20210406T162426_aid0001_32N.tif,2021-04-06 00:00:00,2021,4,evening,100.0,94.0,True,True,True,0.002704958130701275,False,32632.0,EPSG:32632,94.0,34751.0,0.0179070178419351,0.0165798794478178,0.0121158044785261,0.0334294252097606,0.0045706699602305
raster,ndvi,ECO_L2T_STARS.002_NDVI_20210406T162426_aid0001_32N.tif,data/NDVI/ECO_L2T_STARS.002_NDVI_20210406T162426_aid0001_32N.tif,ECO_L2T_STARS.002_NDVI_20210406T162426_aid0001_32N.tif,2021-04-06 00:00:00,2021,4,evening,100.0,94.0,True,True,True,0.002704958130701275,False,32632.0,EPSG:32632,94.0,34751.0,-0.1001497209072113,-0.1046754419803619,-0.1662581115961074,0.1676945835351944,0.0378238968551158
raster,ndvi,ECO_L2T_STARS.002_NDVI-UQ_20210407T122251_aid0001_32N.tif,data/NDVI/ECO_L2T_STARS.002_NDVI-UQ_20210407T122251_aid0001_32N.tif,ECO_L2T_STARS.002_NDVI-UQ_20210407T122251_aid0001_32N.tif,2021-04-07 00:00:00,2021,4,midday_afternoon,100.0,34751.0,True,True,False,1.0,True,32632.0,EPSG:32632,34751.0,34751.0,0.018665462732315,0.0148970121517777,0.0012971450341865,0.4690946638584137,0.018444063141942
raster,ndvi,ECO_L2T_STARS.002_NDVI_20210407T122251_aid0001_32N.tif,data/NDVI/ECO_L2T_STARS.002_NDVI_20210407T122251_aid0001_32N.tif,ECO_L2T_STARS.002_NDVI_20210407T122251_aid0001_32N.tif,2021-04-07 00:00:00,2021,4,midday_afternoon,99.9107939339875,34720.0,True,True,False,1.0,True,32632.0,EPSG:32632,34751.0,34751.0,0.0207699816673994,-0.0695142447948455,-0.7384935617446899,0.9971036911010742,0.1959752738475799
raster,ndvi,ECO_L2T_STARS.002_NDVI-UQ_20210408T113448_aid0001_32N.tif,data/NDVI/ECO_L2T_STARS.002_NDVI-UQ_20210408T113448_aid0001_32N.tif,ECO_L2T_STARS.002_NDVI-UQ_20210408T113448_aid0001_32N.tif,2021-04-08 00:00:00,2021,4,midday_afternoon,100.0,34751.0,True,True,False,1.0,True,32632.0,EPSG:32632,34751.0,34751.0,0.0236264877021312,0.0196116436272859,0.0008467094157822,0.5065333247184753,0.0212973542511463
raster,ndvi,ECO_L2T_STARS.002_NDVI_20210408T113448_aid0001_32N.tif,data/NDVI/ECO_L2T_STARS.002_NDVI_20210408T113448_aid0001_32N.tif,ECO_L2T_STARS.002_NDVI_20210408T113448_aid0001_32N.tif,2021-04-08 00:00:00,2021,4,midday_afternoon,99.92805962418348,34726.0,True,True,False,1.0,True,32632.0,EPSG:32632,34751.0,34751.0,0.0289866961538791,-0.0576999559998512,-0.7191612720489502,0.9992457628250122,0.1952147632837295
raster,ndvi,ECO_L2T_STARS.002_NDVI-UQ_20210408T113540_aid0001_32N.tif,data/NDVI/ECO_L2T_STARS.002_NDVI-UQ_20210408T113540_aid0001_32N.tif,ECO_L2T_STARS.002_NDVI-UQ_20210408T113540_aid0001_32N.tif,2021-04-08 00:00:00,2021,4,midday_afternoon,100.0,94.0,True,True,True,0.002704958130701275,False,32632.0,EPSG:32632,94.0,34751.0,0.0195783022791147,0.0176495760679245,0.0131663158535957,0.041453793644905,0.0059600211679935
raster,ndvi,ECO_L2T_STARS.002_NDVI_20210408T113540_aid0001_32N.tif,data/NDVI/ECO_L2T_STARS.002_NDVI_20210408T113540_aid0001_32N.tif,ECO_L2T_STARS.002_NDVI_20210408T113540_aid0001_32N.tif,2021-04-08 00:00:00,2021,4,midday_afternoon,100.0,94.0,True,True,True,0.002704958130701275,False,32632.0,EPSG:32632,94.0,34751.0,-0.0972850546240806,-0.1009806543588638,-0.1589036583900451,0.1693949401378631,0.0381571575999259
raster,ndvi,ECO_L2T_STARS.002_NDVI-UQ_20210413T140702_aid0001_32N.tif,data/NDVI/ECO_L2T_STARS.002_NDVI-UQ_20210413T140702_aid0001_32N.tif,ECO_L2T_STARS.002_NDVI-UQ_20210413T140702_aid0001_32N.tif,2021-04-13 00:00:00,2021,4,evening,100.0,34751.0,True,True,False,1.0,True,32632.0,EPSG:32632,34751.0,34751.0,0.0295674242079257,0.0259023383259773,0.0009248032001778,0.3839389681816101,0.018757315352559
raster,ndvi,ECO_L2T_STARS.002_NDVI_20210413T140702_aid0001_32N.tif,data/NDVI/ECO_L2T_STARS.002_NDVI_20210413T140702_aid0001_32N.tif,ECO_L2T_STARS.002_NDVI_20210413T140702_aid0001_32N.tif,2021-04-13 00:00:00,2021,4,evening,99.99424476993468,34749.0,True,True,False,1.0,True,32632.0,EPSG:32632,34751.0,34751.0,0.0785606428980827,0.0432183220982551,-0.9803687930107116,0.9881631731987,0.1396357715129852
raster,ndvi,ECO_L2T_STARS.002_NDVI-UQ_20210414T131940_aid0001_32N.tif,data/NDVI/ECO_L2T_STARS.002_NDVI-UQ_20210414T131940_aid0001_32N.tif,ECO_L2T_STARS.002_NDVI-UQ_20210414T131940_aid0001_32N.tif,2021-04-14 00:00:00,2021,4,midday_afternoon,100.0,34751.0,True,True,False,1.0,True,32632.0,EPSG:32632,34751.0,34751.0,0.0334472209215164,0.027680343016982,0.0081538399681448,0.8929140567779541,0.0228486005216836
raster,ndvi,ECO_L2T_STARS.002_NDVI_20210414T131940_aid0001_32N.tif,data/NDVI/ECO_L2T_STARS.002_NDVI_20210414T131940_aid0001_32N.tif,ECO_L2T_STARS.002_NDVI_20210414T131940_aid0001_32N.tif,2021-04-14 00:00:00,2021,4,midday_afternoon,100.0,34751.0,True,True,False,1.0,True,32632.0,EPSG:32632,34751.0,34751.0,0.0583012662827968,0.0340847410261631,-0.5388554930686951,0.9906643629074096,0.1164774298667907
raster,ndvi,ECO_L2T_STARS.002_NDVI-UQ_20210415T091739_aid0001_32N.tif,data/NDVI/ECO_L2T_STARS.002_NDVI-UQ_20210415T091739_aid0001_32N.tif,ECO_L2T_STARS.002_NDVI-UQ_20210415T091739_aid0001_32N.tif,2021-04-15 00:00:00,2021,4,midday_afternoon,100.0,34751.0,True,True,False,1.0,True,32632.0,EPSG:32632,34751.0,34751.0,0.0296541433781385,0.0260353591293096,0.0057688145898282,0.7357915043830872,0.0212234184145927
raster,ndvi,ECO_L2T_STARS.002_NDVI_20210415T091739_aid0001_32N.tif,data/NDVI/ECO_L2T_STARS.002_NDVI_20210415T091739_aid0001_32N.tif,ECO_L2T_STARS.002_NDVI_20210415T091739_aid0001_32N.tif,2021-04-15 00:00:00,2021,4,midday_afternoon,100.0,34751.0,True,True,False,1.0,True,32632.0,EPSG:32632,34751.0,34751.0,0.0751864165067672,0.053284041583538,-0.5388026237487793,0.9798744320869446,0.1142164170742034
raster,ndvi,ECO_L2T_STARS.002_NDVI-UQ_20210417T074302_aid0001_32N.tif,data/NDVI/ECO_L2T_STARS.002_NDVI-UQ_20210417T074302_aid0001_32N.tif,ECO_L2T_STARS.002_NDVI-UQ_20210417T074302_aid0001_32N.tif,2021-04-17 00:00:00,2021,4,morning,100.0,94.0,True,True,True,0.002704958130701275,False,32632.0,EPSG:32632,94.0,34751.0,0.036437164992094,0.0390901379287242,0.0144426831975579,0.0628557279706001,0.0145981293171644
raster,ndvi,ECO_L2T_STARS.002_NDVI_20210417T074302_aid0001_32N.tif,data/NDVI/ECO_L2T_STARS.002_NDVI_20210417T074302_aid0001_32N.tif,ECO_L2T_STARS.002_NDVI_20210417T074302_aid0001_32N.tif,2021-04-17 00:00:00,2021,4,morning,100.0,94.0,True,True,True,0.002704958130701275,False,32632.0,EPSG:32632,94.0,34751.0,0.0155647536739707,0.0019598251674324,-0.0863423869013786,0.156280905008316,0.065359391272068
raster,ndvi,ECO_L2T_STARS.002_NDVI-UQ_20210418T114706_aid0001_32N.tif,data/NDVI/ECO_L2T_STARS.002_NDVI-UQ_20210418T114706_aid0001_32N.tif,ECO_L2T_STARS.002_NDVI-UQ_20210418T114706_aid0001_32N.tif,2021-04-18 00:00:00,2021,4,midday_afternoon,100.0,34751.0,True,True,False,1.0,True,32632.0,EPSG:32632,34751.0,34751.0,0.0210272949188947,0.0215593613684177,0.0022283545695245,0.1205212399363517,0.0083551257848739
raster,ndvi,ECO_L2T_STARS.002_NDVI_20210418T114706_aid0001_32N.tif,data/NDVI/ECO_L2T_STARS.002_NDVI_20210418T114706_aid0001_32N.tif,ECO_L2T_STARS.002_NDVI_20210418T114706_aid0001_32N.tif,2021-04-18 00:00:00,2021,4,midday_afternoon,100.0,34751.0,True,True,False,1.0,True,32632.0,EPSG:32632,34751.0,34751.0,0.1203296929597854,0.076875202357769,-0.4841637909412384,0.9988473057746888,0.1529860347509384
raster,ndvi,ECO_L2T_STARS.002_NDVI-UQ_20210419T074455_aid0001_32N.tif,data/NDVI/ECO_L2T_STARS.002_NDVI-UQ_20210419T074455_aid0001_32N.tif,ECO_L2T_STARS.002_NDVI-UQ_20210419T074455_aid0001_32N.tif,2021-04-19 00:00:00,2021,4,morning,100.0,34751.0,True,True,False,1.0,True,32632.0,EPSG:32632,34751.0,34751.0,0.0221541989594697,0.0228611789643764,0.0026280579622834,0.0962051153182983,0.0080572059378027
raster,ndvi,ECO_L2T_STARS.002_NDVI_20210419T074455_aid0001_32N.tif,data/NDVI/ECO_L2T_STARS.002_NDVI_20210419T074455_aid0001_32N.tif,ECO_L2T_STARS.002_NDVI_20210419T074455_aid0001_32N.tif,2021-04-19 00:00:00,2021,4,morning,100.0,34751.0,True,True,False,1.0,True,32632.0,EPSG:32632,34751.0,34751.0,0.1280209571123123,0.0847390592098236,-0.4849008917808532,0.9980148673057556,0.1538909524679184
raster,ndvi,ECO_L2T_STARS.002_NDVI-UQ_20210420T065713_aid0001_32N.tif,data/NDVI/ECO_L2T_STARS.002_NDVI-UQ_20210420T065713_aid0001_32N.tif,ECO_L2T_STARS.002_NDVI-UQ_20210420T065713_aid0001_32N.tif,2021-04-20 00:00:00,2021,4,morning,100.0,34751.0,True,True,False,1.0,True,32632.0,EPSG:32632,34751.0,34751.0,0.0232999995350837,0.0240798909217119,0.0032870741561055,0.0898730233311653,0.0073645375669002
raster,ndvi,ECO_L2T_STARS.002_NDVI_20210420T065713_aid0001_32N.tif,data/NDVI/ECO_L2T_STARS.002_NDVI_20210420T065713_aid0001_32N.tif,ECO_L2T_STARS.002_NDVI_20210420T065713_aid0001_32N.tif,2021-04-20 00:00:00,2021,4,morning,100.0,34751.0,True,True,False,1.0,True,32632.0,EPSG:32632,34751.0,34751.0,0.1236344650387764,0.0768925324082374,-0.2893823087215423,0.9948852062225342,0.1547873765230178
raster,ndvi,ECO_L2T_STARS.002_NDVI-UQ_20210420T065805_aid0001_32N.tif,data/NDVI/ECO_L2T_STARS.002_NDVI-UQ_20210420T065805_aid0001_32N.tif,ECO_L2T_STARS.002_NDVI-UQ_20210420T065805_aid0001_32N.tif,2021-04-20 00:00:00,2021,4,morning,100.0,94.0,True,True,True,0.002704958130701275,False,32632.0,EPSG:32632,94.0,34751.0,0.0409448742866516,0.0427555702626705,0.0225519631057977,0.0651984810829162,0.0128175448626279
raster,ndvi,ECO_L2T_STARS.002_NDVI_20210420T065805_aid0001_32N.tif,data/NDVI/ECO_L2T_STARS.002_NDVI_20210420T065805_aid0001_32N.tif,ECO_L2T_STARS.002_NDVI_20210420T065805_aid0001_32N.tif,2021-04-20 00:00:00,2021,4,morning,100.0,94.0,True,True,True,0.002704958130701275,False,32632.0,EPSG:32632,94.0,34751.0,0.0155647536739707,0.0019598251674324,-0.0863423869013786,0.156280905008316,0.065359391272068
raster,ndvi,ECO_L2T_STARS.002_NDVI-UQ_20210421T061028_aid0001_32N.tif,data/NDVI/ECO_L2T_STARS.002_NDVI-UQ_20210421T061028_aid0001_32N.tif,ECO_L2T_STARS.002_NDVI-UQ_20210421T061028_aid0001_32N.tif,2021-04-21 00:00:00,2021,4,morning,100.0,94.0,True,True,True,0.002704958130701275,False,32632.0,EPSG:32632,94.0,34751.0,0.0422757416963577,0.0439094379544258,0.0246696379035711,0.0659609138965606,0.0123908668756484
raster,ndvi,ECO_L2T_STARS.002_NDVI_20210421T061028_aid0001_32N.tif,data/NDVI/ECO_L2T_STARS.002_NDVI_20210421T061028_aid0001_32N.tif,ECO_L2T_STARS.002_NDVI_20210421T061028_aid0001_32N.tif,2021-04-21 00:00:00,2021,4,morning,100.0,94.0,True,True,True,0.002704958130701275,False,32632.0,EPSG:32632,94.0,34751.0,0.0155647536739707,0.0019598251674324,-0.0863423869013786,0.156280905008316,0.065359391272068
raster,ndvi,ECO_L2T_STARS.002_NDVI-UQ_20210422T101429_aid0001_32N.tif,data/NDVI/ECO_L2T_STARS.002_NDVI-UQ_20210422T101429_aid0001_32N.tif,ECO_L2T_STARS.002_NDVI-UQ_20210422T101429_aid0001_32N.tif,2021-04-22 00:00:00,2021,4,midday_afternoon,100.0,34751.0,True,True,False,1.0,True,32632.0,EPSG:32632,34751.0,34751.0,0.0230371318757534,0.0245151240378618,0.0013767660129815,0.0883376747369766,0.0071707917377352
raster,ndvi,ECO_L2T_STARS.002_NDVI_20210422T101429_aid0001_32N.tif,data/NDVI/ECO_L2T_STARS.002_NDVI_20210422T101429_aid0001_32N.tif,ECO_L2T_STARS.002_NDVI_20210422T101429_aid0001_32N.tif,2021-04-22 00:00:00,2021,4,midday_afternoon,100.0,34751.0,True,True,False,1.0,True,32632.0,EPSG:32632,34751.0,34751.0,0.1395720988512039,0.0964580178260803,-0.434455543756485,0.9799415469169616,0.1660869866609573
raster,ndvi,ECO_L2T_STARS.002_NDVI-UQ_20210423T061156_aid0001_32N.tif,data/NDVI/ECO_L2T_STARS.002_NDVI-UQ_20210423T061156_aid0001_32N.tif,ECO_L2T_STARS.002_NDVI-UQ_20210423T061156_aid0001_32N.tif,2021-04-23 00:00:00,2021,4,morning,100.0,34751.0,True,True,False,1.0,True,32632.0,EPSG:32632,34751.0,34751.0,0.0183317437767982,0.022420547902584,0.0007857375894673,0.0643774196505546,0.0110430335626006
raster,ndvi,ECO_L2T_STARS.002_NDVI_20210423T061156_aid0001_32N.tif,data/NDVI/ECO_L2T_STARS.002_NDVI_20210423T061156_aid0001_32N.tif,ECO_L2T_STARS.002_NDVI_20210423T061156_aid0001_32N.tif,2021-04-23 00:00:00,2021,4,morning,99.97410146470604,34742.0,True,True,False,1.0,True,32632.0,EPSG:32632,34751.0,34751.0,0.1281164139509201,0.0807784423232078,-0.4587558507919311,0.9790113568305968,0.1768227070569992
raster,ndvi,ECO_L2T_STARS.002_NDVI-UQ_20210423T061248_aid0001_32N.tif,data/NDVI/ECO_L2T_STARS.002_NDVI-UQ_20210423T061248_aid0001_32N.tif,ECO_L2T_STARS.002_NDVI-UQ_20210423T061248_aid0001_32N.tif,2021-04-23 00:00:00,2021,4,morning,100.0,94.0,True,True,True,0.002704958130701275,False,32632.0,EPSG:32632,94.0,34751.0,0.0447529219090938,0.0461306720972061,0.0284357350319623,0.0674599260091781,0.0116866314783692
raster,ndvi,ECO_L2T_STARS.002_NDVI_20210423T061248_aid0001_32N.tif,data/NDVI/ECO_L2T_STARS.002_NDVI_20210423T061248_aid0001_32N.tif,ECO_L2T_STARS.002_NDVI_20210423T061248_aid0001_32N.tif,2021-04-23 00:00:00,2021,4,morning,100.0,94.0,True,True,True,0.002704958130701275,False,32632.0,EPSG:32632,94.0,34751.0,0.0228149741888046,0.0019598251674324,-0.0863423869013786,0.1688749492168426,0.0756274387240409
raster,ndvi,ECO_L2T_STARS.002_NDVI-UQ_20210424T052525_aid0001_32N.tif,data/NDVI/ECO_L2T_STARS.002_NDVI-UQ_20210424T052525_aid0001_32N.tif,ECO_L2T_STARS.002_NDVI-UQ_20210424T052525_aid0001_32N.tif,2021-04-24 00:00:00,2021,4,morning,100.0,34751.0,True,True,False,1.0,True,32632.0,EPSG:32632,34751.0,34751.0,0.0211781822144985,0.0226081982254982,0.0029943822883069,0.0832290276885032,0.0081920269876718
raster,ndvi,ECO_L2T_STARS.002_NDVI_20210424T052525_aid0001_32N.tif,data/NDVI/ECO_L2T_STARS.002_NDVI_20210424T052525_aid0001_32N.tif,ECO_L2T_STARS.002_NDVI_20210424T052525_aid0001_32N.tif,2021-04-24 00:00:00,2021,4,morning,100.0,34751.0,True,True,False,1.0,True,32632.0,EPSG:32632,34751.0,34751.0,0.1255926936864853,0.0851233601570129,-0.4340704977512359,0.980226993560791,0.1649306267499923
raster,ndvi,ECO_L2T_STARS.002_NDVI-UQ_20210425T092913_aid0001_32N.tif,data/NDVI/ECO_L2T_STARS.002_NDVI-UQ_20210425T092913_aid0001_32N.tif,ECO_L2T_STARS.002_NDVI-UQ_20210425T092913_aid0001_32N.tif,2021-04-25 00:00:00,2021,4,midday_afternoon,100.0,94.0,True,True,True,0.002704958130701275,False,32632.0,EPSG:32632,94.0,34751.0,0.046695776283741,0.0477425567805767,0.0317583233118057,0.0675686374306678,0.0108404280617833
raster,ndvi,ECO_L2T_STARS.002_NDVI_20210425T092913_aid0001_32N.tif,data/NDVI/ECO_L2T_STARS.002_NDVI_20210425T092913_aid0001_32N.tif,ECO_L2T_STARS.002_NDVI_20210425T092913_aid0001_32N.tif,2021-04-25 00:00:00,2021,4,midday_afternoon,100.0,94.0,True,True,True,0.002704958130701275,False,32632.0,EPSG:32632,94.0,34751.0,0.0060354978777468,-0.0266959387809038,-0.1101983189582824,0.1688749492168426,0.0876293033361435
raster,ndvi,ECO_L2T_STARS.002_NDVI-UQ_20210426T084149_aid0001_32N.tif,data/NDVI/ECO_L2T_STARS.002_NDVI-UQ_20210426T084149_aid0001_32N.tif,ECO_L2T_STARS.002_NDVI-UQ_20210426T084149_aid0001_32N.tif,2021-04-26 00:00:00,2021,4,morning,100.0,34751.0,True,True,False,1.0,True,32632.0,EPSG:32632,34751.0,34751.0,0.0241834595799446,0.0250078476965427,0.0085183857008814,0.0578088499605655,0.0052459286525845
raster,ndvi,ECO_L2T_STARS.002_NDVI_20210426T084149_aid0001_32N.tif,data/NDVI/ECO_L2T_STARS.002_NDVI_20210426T084149_aid0001_32N.tif,ECO_L2T_STARS.002_NDVI_20210426T084149_aid0001_32N.tif,2021-04-26 00:00:00,2021,4,morning,100.0,34751.0,True,True,False,1.0,True,32632.0,EPSG:32632,34751.0,34751.0,0.1351334601640701,0.0976507663726806,-0.4335541427135467,0.9800607562065125,0.1687677055597305
raster,ndvi,ECO_L2T_STARS.002_NDVI-UQ_20210428T084347_aid0001_32N.tif,data/NDVI/ECO_L2T_STARS.002_NDVI-UQ_20210428T084347_aid0001_32N.tif,ECO_L2T_STARS.002_NDVI-UQ_20210428T084347_aid0001_32N.tif,2021-04-28 00:00:00,2021,4,morning,100.0,34751.0,True,True,False,1.0,True,32632.0,EPSG:32632,34751.0,34751.0,0.0257614664733409,0.0278397090733051,0.0009970143437385,0.0646809861063957,0.0089798895642161
raster,ndvi,ECO_L2T_STARS.002_NDVI_20210428T084347_aid0001_32N.tif,data/NDVI/ECO_L2T_STARS.002_NDVI_20210428T084347_aid0001_32N.tif,ECO_L2T_STARS.002_NDVI_20210428T084347_aid0001_32N.tif,2021-04-28 00:00:00,2021,4,morning,100.0,34751.0,True,True,False,1.0,True,32632.0,EPSG:32632,34751.0,34751.0,0.1290383636951446,0.0894463211297988,-0.4335541427135467,0.9800607562065125,0.1729997545480728
raster,ndvi,ECO_L2T_STARS.002_NDVI-UQ_20210429T075625_aid0001_32N.tif,data/NDVI/ECO_L2T_STARS.002_NDVI-UQ_20210429T075625_aid0001_32N.tif,ECO_L2T_STARS.002_NDVI-UQ_20210429T075625_aid0001_32N.tif,2021-04-29 00:00:00,2021,4,morning,100.0,34751.0,True,True,False,1.0,True,32632.0,EPSG:32632,34751.0,34751.0,0.0281153284013271,0.0295435842126607,0.005732724443078,0.0679699927568435,0.0071402755565941
raster,ndvi,ECO_L2T_STARS.002_NDVI_20210429T075625_aid0001_32N.tif,data/NDVI/ECO_L2T_STARS.002_NDVI_20210429T075625_aid0001_32N.tif,ECO_L2T_STARS.002_NDVI_20210429T075625_aid0001_32N.tif,2021-04-29 00:00:00,2021,4,morning,100.0,34751.0,True,True,False,1.0,True,32632.0,EPSG:32632,34751.0,34751.0,0.1288579702377319,0.0889061838388443,-0.4335541427135467,0.9800607562065125,0.1730411946773529
raster,ndvi,ECO_L2T_STARS.002_NDVI-UQ_20210430T070859_aid0001_32N.tif,data/NDVI/ECO_L2T_STARS.002_NDVI-UQ_20210430T070859_aid0001_32N.tif,ECO_L2T_STARS.002_NDVI-UQ_20210430T070859_aid0001_32N.tif,2021-04-30 00:00:00,2021,4,morning,100.0,34751.0,True,True,False,1.0,True,32632.0,EPSG:32632,34751.0,34751.0,0.0300636161118745,0.0311933867633342,0.008354103192687,0.0926805958151817,0.0067388908937573
raster,ndvi,ECO_L2T_STARS.002_NDVI_20210430T070859_aid0001_32N.tif,data/NDVI/ECO_L2T_STARS.002_NDVI_20210430T070859_aid0001_32N.tif,ECO_L2T_STARS.002_NDVI_20210430T070859_aid0001_32N.tif,2021-04-30 00:00:00,2021,4,morning,100.0,34751.0,True,True,False,1.0,True,32632.0,EPSG:32632,34751.0,34751.0,0.1279498636722564,0.0893546342849731,-0.4335541427135467,0.9800607562065125,0.172981321811676
raster,ndvi,ECO_L2T_STARS.002_NDVI-UQ_20210502T071054_aid0001_32N.tif,data/NDVI/ECO_L2T_STARS.002_NDVI-UQ_20210502T071054_aid0001_32N.tif,ECO_L2T_STARS.002_NDVI-UQ_20210502T071054_aid0001_32N.tif,2021-05-02 00:00:00,2021,5,morning,100.0,34751.0,True,True,False,1.0,True,32632.0,EPSG:32632,34751.0,34751.0,0.0328598096966743,0.0341308936476707,0.0012516496935859,0.093709111213684,0.0068366713821887
raster,ndvi,ECO_L2T_STARS.002_NDVI_20210502T071054_aid0001_32N.tif,data/NDVI/ECO_L2T_STARS.002_NDVI_20210502T071054_aid0001_32N.tif,ECO_L2T_STARS.002_NDVI_20210502T071054_aid0001_32N.tif,2021-05-02 00:00:00,2021,5,morning,100.0,34751.0,True,True,False,1.0,True,32632.0,EPSG:32632,34751.0,34751.0,0.1249268651008606,0.0843847692012786,-0.4335541427135467,0.969617247581482,0.1698485910892486
raster,ndvi,ECO_L2T_STARS.002_NDVI-UQ_20210503T062331_aid0001_32N.tif,data/NDVI/ECO_L2T_STARS.002_NDVI-UQ_20210503T062331_aid0001_32N.tif,ECO_L2T_STARS.002_NDVI-UQ_20210503T062331_aid0001_32N.tif,2021-05-03 00:00:00,2021,5,morning,100.0,34751.0,True,True,False,1.0,True,32632.0,EPSG:32632,34751.0,34751.0,0.0215912461280822,0.0288874525576829,0.0007829298265278,0.0610467195510864,0.0114444056525826
raster,ndvi,ECO_L2T_STARS.002_NDVI_20210503T062331_aid0001_32N.tif,data/NDVI/ECO_L2T_STARS.002_NDVI_20210503T062331_aid0001_32N.tif,ECO_L2T_STARS.002_NDVI_20210503T062331_aid0001_32N.tif,2021-05-03 00:00:00,2021,5,morning,99.87914016862824,34709.0,True,True,False,1.0,True,32632.0,EPSG:32632,34751.0,34751.0,0.213667944073677,0.3000000119209289,-0.2387317866086959,0.9937455654144288,0.1644108742475509
raster,ndvi,ECO_L2T_STARS.002_NDVI-UQ_20210504T053602_aid0001_32N.tif,data/NDVI/ECO_L2T_STARS.002_NDVI-UQ_20210504T053602_aid0001_32N.tif,ECO_L2T_STARS.002_NDVI-UQ_20210504T053602_aid0001_32N.tif,2021-05-04 00:00:00,2021,5,morning,100.0,34751.0,True,True,False,1.0,True,32632.0,EPSG:32632,34751.0,34751.0,0.0249762032181024,0.0306076239794492,0.0027031539939343,0.061860341578722,0.0086743663996458
raster,ndvi,ECO_L2T_STARS.002_NDVI_20210504T053602_aid0001_32N.tif,data/NDVI/ECO_L2T_STARS.002_NDVI_20210504T053602_aid0001_32N.tif,ECO_L2T_STARS.002_NDVI_20210504T053602_aid0001_32N.tif,2021-05-04 00:00:00,2021,5,morning,99.87914016862824,34709.0,True,True,False,1.0,True,32632.0,EPSG:32632,34751.0,34751.0,0.2136296182870865,0.3000000119209289,-0.2387317866086959,0.9937455654144288,0.1643848717212677
raster,ndvi,ECO_L2T_STARS.002_NDVI-UQ_20210506T053802_aid0001_32N.tif,data/NDVI/ECO_L2T_STARS.002_NDVI-UQ_20210506T053802_aid0001_32N.tif,ECO_L2T_STARS.002_NDVI-UQ_20210506T053802_aid0001_32N.tif,2021-05-06 00:00:00,2021,5,morning,100.0,34751.0,True,True,False,1.0,True,32632.0,EPSG:32632,34751.0,34751.0,0.0293124374002218,0.0338235571980476,0.0045059770345687,0.1681011021137237,0.0080878287553787
raster,ndvi,ECO_L2T_STARS.002_NDVI_20210506T053802_aid0001_32N.tif,data/NDVI/ECO_L2T_STARS.002_NDVI_20210506T053802_aid0001_32N.tif,ECO_L2T_STARS.002_NDVI_20210506T053802_aid0001_32N.tif,2021-05-06 00:00:00,2021,5,morning,99.87914016862824,34709.0,True,True,False,1.0,True,32632.0,EPSG:32632,34751.0,34751.0,0.2134815007448196,0.3000000119209289,-0.2387317866086959,0.9937455654144288,0.1640189737081527
raster,ndvi,ECO_L2T_STARS.002_NDVI-UQ_20210507T045046_aid0001_32N.tif,data/NDVI/ECO_L2T_STARS.002_NDVI-UQ_20210507T045046_aid0001_32N.tif,ECO_L2T_STARS.002_NDVI-UQ_20210507T045046_aid0001_32N.tif,2021-05-07 00:00:00,2021,5,morning,100.0,34751.0,True,True,False,1.0,True,32632.0,EPSG:32632,34751.0,34751.0,0.031127730384469,0.0352653264999389,0.0109683098271489,0.1948516815900802,0.0080634010955691
raster,ndvi,ECO_L2T_STARS.002_NDVI_20210507T045046_aid0001_32N.tif,data/NDVI/ECO_L2T_STARS.002_NDVI_20210507T045046_aid0001_32N.tif,ECO_L2T_STARS.002_NDVI_20210507T045046_aid0001_32N.tif,2021-05-07 00:00:00,2021,5,morning,99.87914016862824,34709.0,True,True,False,1.0,True,32632.0,EPSG:32632,34751.0,34751.0,0.2133941799402237,0.3000000119209289,-0.2387317866086959,0.9937455654144288,0.1640046089887619
raster,ndvi,ECO_L2T_STARS.002_NDVI-UQ_20210522T174715_aid0001_32N.tif,data/NDVI/ECO_L2T_STARS.002_NDVI-UQ_20210522T174715_aid0001_32N.tif,ECO_L2T_STARS.002_NDVI-UQ_20210522T174715_aid0001_32N.tif,2021-05-22 00:00:00,2021,5,evening,100.0,34751.0,True,True,False,1.0,True,32632.0,EPSG:32632,34751.0,34751.0,0.0416357591748237,0.0448987782001495,0.0200249273329973,0.1968938261270523,0.0075313379056751
raster,ndvi,ECO_L2T_STARS.002_NDVI_20210522T174715_aid0001_32N.tif,data/NDVI/ECO_L2T_STARS.002_NDVI_20210522T174715_aid0001_32N.tif,ECO_L2T_STARS.002_NDVI_20210522T174715_aid0001_32N.tif,2021-05-22 00:00:00,2021,5,evening,99.87914016862824,34709.0,True,True,False,1.0,True,32632.0,EPSG:32632,34751.0,34751.0,0.214221715927124,0.3000000119209289,-0.2387317866086959,0.9937455654144288,0.1672538965940475
raster,ndvi,ECO_L2T_STARS.002_NDVI-UQ_20210524T174926_aid0001_32N.tif,data/NDVI/ECO_L2T_STARS.002_NDVI-UQ_20210524T174926_aid0001_32N.tif,ECO_L2T_STARS.002_NDVI-UQ_20210524T174926_aid0001_32N.tif,2021-05-24 00:00:00,2021,5,evening,100.0,34751.0,True,True,False,1.0,True,32632.0,EPSG:32632,34751.0,34751.0,0.026739552617073,0.0299999993294477,0.0100424438714981,0.0299999993294477,0.0066463244147598
raster,ndvi,ECO_L2T_STARS.002_NDVI_20210524T174926_aid0001_32N.tif,data/NDVI/ECO_L2T_STARS.002_NDVI_20210524T174926_aid0001_32N.tif,ECO_L2T_STARS.002_NDVI_20210524T174926_aid0001_32N.tif,2021-05-24 00:00:00,2021,5,evening,100.0,34751.0,True,True,False,1.0,True,32632.0,EPSG:32632,34751.0,34751.0,0.2516088187694549,0.3000000119209289,-0.1317831426858902,0.9811424612998962,0.1254607588052749
raster,ndvi,ECO_L2T_STARS.002_NDVI-UQ_20210525T170140_aid0001_32N.tif,data/NDVI/ECO_L2T_STARS.002_NDVI-UQ_20210525T170140_aid0001_32N.tif,ECO_L2T_STARS.002_NDVI-UQ_20210525T170140_aid0001_32N.tif,2021-05-25 00:00:00,2021,5,evening,100.0,34751.0,True,True,False,1.0,True,32632.0,EPSG:32632,34751.0,34751.0,0.0274301413446664,0.0299999993294477,0.0141721796244382,0.0299999993294477,0.0052858828566968
raster,ndvi,ECO_L2T_STARS.002_NDVI_20210525T170140_aid0001_32N.tif,data/NDVI/ECO_L2T_STARS.002_NDVI_20210525T170140_aid0001_32N.tif,ECO_L2T_STARS.002_NDVI_20210525T170140_aid0001_32N.tif,2021-05-25 00:00:00,2021,5,evening,100.0,34751.0,True,True,False,1.0,True,32632.0,EPSG:32632,34751.0,34751.0,0.2519740462303161,0.3000000119209289,-0.1327358931303024,0.9810146689414978,0.1253023147583007
raster,ndvi,ECO_L2T_STARS.002_NDVI-UQ_20210525T170232_aid0001_32N.tif,data/NDVI/ECO_L2T_STARS.002_NDVI-UQ_20210525T170232_aid0001_32N.tif,ECO_L2T_STARS.002_NDVI-UQ_20210525T170232_aid0001_32N.tif,2021-05-25 00:00:00,2021,5,evening,100.0,94.0,True,True,True,0.002704958130701275,False,32632.0,EPSG:32632,94.0,34751.0,0.0187460109591484,0.0192053746432065,0.014177163131535,0.0261633079499006,0.0040443432517349
raster,ndvi,ECO_L2T_STARS.002_NDVI_20210525T170232_aid0001_32N.tif,data/NDVI/ECO_L2T_STARS.002_NDVI_20210525T170232_aid0001_32N.tif,ECO_L2T_STARS.002_NDVI_20210525T170232_aid0001_32N.tif,2021-05-25 00:00:00,2021,5,evening,100.0,94.0,True,True,True,0.002704958130701275,False,32632.0,EPSG:32632,94.0,34751.0,0.0111524490639567,-0.0003521866165101,-0.035599373281002,0.1319243311882019,0.0407326593995094
raster,ndvi,ECO_L2T_STARS.002_NDVI-UQ_20210526T161452_aid0001_32N.tif,data/NDVI/ECO_L2T_STARS.002_NDVI-UQ_20210526T161452_aid0001_32N.tif,ECO_L2T_STARS.002_NDVI-UQ_20210526T161452_aid0001_32N.tif,2021-05-26 00:00:00,2021,5,evening,100.0,34751.0,True,True,False,1.0,True,32632.0,EPSG:32632,34751.0,34751.0,0.00249775336124,0.0009960818570107,0.0008983223233371,0.0299999993294477,0.005484674591571
raster,ndvi,ECO_L2T_STARS.002_NDVI_20210526T161452_aid0001_32N.tif,data/NDVI/ECO_L2T_STARS.002_NDVI_20210526T161452_aid0001_32N.tif,ECO_L2T_STARS.002_NDVI_20210526T161452_aid0001_32N.tif,2021-05-26 00:00:00,2021,5,evening,100.0,34751.0,True,True,False,1.0,True,32632.0,EPSG:32632,34751.0,34751.0,0.1893807202577591,0.0427164025604724,-0.4708080887794494,0.9789504408836364,0.2921494245529175
raster,ndvi,ECO_L2T_STARS.002_NDVI-UQ_20210528T161640_aid0001_32N.tif,data/NDVI/ECO_L2T_STARS.002_NDVI-UQ_20210528T161640_aid0001_32N.tif,ECO_L2T_STARS.002_NDVI-UQ_20210528T161640_aid0001_32N.tif,2021-05-28 00:00:00,2021,5,evening,100.0,34751.0,True,True,False,1.0,True,32632.0,EPSG:32632,34751.0,34751.0,0.0082646403461694,0.0098383035510778,0.0008653306867927,0.0299999993294477,0.0064942864701151
raster,ndvi,ECO_L2T_STARS.002_NDVI_20210528T161640_aid0001_32N.tif,data/NDVI/ECO_L2T_STARS.002_NDVI_20210528T161640_aid0001_32N.tif,ECO_L2T_STARS.002_NDVI_20210528T161640_aid0001_32N.tif,2021-05-28 00:00:00,2021,5,evening,99.99712238496734,34750.0,True,True,False,1.0,True,32632.0,EPSG:32632,34751.0,34751.0,0.1704092323780059,0.0280583873391151,-0.4704866707324981,0.9707526564598083,0.299975723028183
raster,ndvi,ECO_L2T_STARS.002_NDVI-UQ_20210529T152944_aid0001_32N.tif,data/NDVI/ECO_L2T_STARS.002_NDVI-UQ_20210529T152944_aid0001_32N.tif,ECO_L2T_STARS.002_NDVI-UQ_20210529T152944_aid0001_32N.tif,2021-05-29 00:00:00,2021,5,evening,100.0,34751.0,True,True,False,1.0,True,32632.0,EPSG:32632,34751.0,34751.0,0.0139527870342135,0.0139576997607946,0.0050974581390619,0.0316227748990058,0.0039040960837155
raster,ndvi,ECO_L2T_STARS.002_NDVI_20210529T152944_aid0001_32N.tif,data/NDVI/ECO_L2T_STARS.002_NDVI_20210529T152944_aid0001_32N.tif,ECO_L2T_STARS.002_NDVI_20210529T152944_aid0001_32N.tif,2021-05-29 00:00:00,2021,5,evening,99.99712238496734,34750.0,True,True,False,1.0,True,32632.0,EPSG:32632,34751.0,34751.0,0.1704189628362655,0.0280583873391151,-0.4704866707324981,0.9707526564598083,0.2999880909919739
raster,ndvi,ECO_L2T_STARS.002_NDVI-UQ_20210530T144207_aid0001_32N.tif,data/NDVI/ECO_L2T_STARS.002_NDVI-UQ_20210530T144207_aid0001_32N.tif,ECO_L2T_STARS.002_NDVI-UQ_20210530T144207_aid0001_32N.tif,2021-05-30 00:00:00,2021,5,evening,100.0,34751.0,True,True,False,1.0,True,32632.0,EPSG:32632,34751.0,34751.0,0.0172765720635652,0.0171422194689512,0.0076500647701323,0.0331662483513355,0.0032399091869592
raster,ndvi,ECO_L2T_STARS.002_NDVI_20210530T144207_aid0001_32N.tif,data/NDVI/ECO_L2T_STARS.002_NDVI_20210530T144207_aid0001_32N.tif,ECO_L2T_STARS.002_NDVI_20210530T144207_aid0001_32N.tif,2021-05-30 00:00:00,2021,5,evening,100.0,34751.0,True,True,False,1.0,True,32632.0,EPSG:32632,34751.0,34751.0,0.1708715409040451,0.0276542473584413,-0.4704866707324981,0.9707526564598083,0.3011545538902282
raster,ndvi,ECO_L2T_STARS.002_NDVI-UQ_20210601T144356_aid0001_32N.tif,data/NDVI/ECO_L2T_STARS.002_NDVI-UQ_20210601T144356_aid0001_32N.tif,ECO_L2T_STARS.002_NDVI-UQ_20210601T144356_aid0001_32N.tif,2021-06-01 00:00:00,2021,6,evening,100.0,34751.0,True,True,False,1.0,True,32632.0,EPSG:32632,34751.0,34751.0,0.0105418618768453,0.0100496551021933,0.0051193009130656,0.2002524733543396,0.0058235549367964
raster,ndvi,ECO_L2T_STARS.002_NDVI_20210601T144356_aid0001_32N.tif,data/NDVI/ECO_L2T_STARS.002_NDVI_20210601T144356_aid0001_32N.tif,ECO_L2T_STARS.002_NDVI_20210601T144356_aid0001_32N.tif,2021-06-01 00:00:00,2021,6,evening,99.98273430980404,34745.0,True,True,False,1.0,True,32632.0,EPSG:32632,34751.0,34751.0,0.1927471607923507,0.0612848401069641,-0.2940446436405182,0.9957181215286256,0.3070819973945617
raster,ndvi,ECO_L2T_STARS.002_NDVI-UQ_20210602T135657_aid0001_32N.tif,data/NDVI/ECO_L2T_STARS.002_NDVI-UQ_20210602T135657_aid0001_32N.tif,ECO_L2T_STARS.002_NDVI-UQ_20210602T135657_aid0001_32N.tif,2021-06-02 00:00:00,2021,6,midday_afternoon,100.0,94.0,True,True,True,0.002704958130701275,False,32632.0,EPSG:32632,94.0,34751.0,0.014170479029417,0.0141701558604836,0.0141699304804205,0.0141719821840524,6.797324090257462e-07
raster,ndvi,ECO_L2T_STARS.002_NDVI_20210602T135657_aid0001_32N.tif,data/NDVI/ECO_L2T_STARS.002_NDVI_20210602T135657_aid0001_32N.tif,ECO_L2T_STARS.002_NDVI_20210602T135657_aid0001_32N.tif,2021-06-02 00:00:00,2021,6,midday_afternoon,100.0,94.0,True,True,True,0.002704958130701275,False,32632.0,EPSG:32632,94.0,34751.0,-0.0606896877288818,-0.074585422873497,-0.1013109236955642,0.3878138959407806,0.0772745162248611
raster,ndvi,ECO_L2T_STARS.002_NDVI-UQ_20210603T130942_aid0001_32N.tif,data/NDVI/ECO_L2T_STARS.002_NDVI-UQ_20210603T130942_aid0001_32N.tif,ECO_L2T_STARS.002_NDVI-UQ_20210603T130942_aid0001_32N.tif,2021-06-03 00:00:00,2021,6,midday_afternoon,100.0,94.0,True,True,True,0.002704958130701275,False,32632.0,EPSG:32632,94.0,34751.0,0.0173441302031278,0.0173439364880323,0.0173437874764204,0.0173450578004121,4.72725361078119e-07
raster,ndvi,ECO_L2T_STARS.002_NDVI_20210603T130942_aid0001_32N.tif,data/NDVI/ECO_L2T_STARS.002_NDVI_20210603T130942_aid0001_32N.tif,ECO_L2T_STARS.002_NDVI_20210603T130942_aid0001_32N.tif,2021-06-03 00:00:00,2021,6,midday_afternoon,100.0,94.0,True,True,True,0.002704958130701275,False,32632.0,EPSG:32632,94.0,34751.0,-0.0606782846152782,-0.07452854514122,-0.101349376142025,0.3842923939228058,0.0773822516202926
raster,ndvi,ECO_L2T_STARS.002_NDVI-UQ_20210605T131106_aid0001_32N.tif,data/NDVI/ECO_L2T_STARS.002_NDVI-UQ_20210605T131106_aid0001_32N.tif,ECO_L2T_STARS.002_NDVI-UQ_20210605T131106_aid0001_32N.tif,2021-06-05 00:00:00,2021,6,midday_afternoon,100.0,34751.0,True,True,False,1.0,True,32632.0,EPSG:32632,34751.0,34751.0,0.0174786876887083,0.01802409440279,0.0008284870418719,0.4521580338478088,0.0131166949868202
raster,ndvi,ECO_L2T_STARS.002_NDVI_20210605T131106_aid0001_32N.tif,data/NDVI/ECO_L2T_STARS.002_NDVI_20210605T131106_aid0001_32N.tif,ECO_L2T_STARS.002_NDVI_20210605T131106_aid0001_32N.tif,2021-06-05 00:00:00,2021,6,midday_afternoon,99.81295502287703,34686.0,True,True,False,1.0,True,32632.0,EPSG:32632,34751.0,34751.0,0.1964782327413559,0.0856292769312858,-0.591782808303833,0.9984099268913268,0.3052068650722503
raster,ndvi,ECO_L2T_STARS.002_NDVI-UQ_20210607T162802_aid0001_32N.tif,data/NDVI/ECO_L2T_STARS.002_NDVI-UQ_20210607T162802_aid0001_32N.tif,ECO_L2T_STARS.002_NDVI-UQ_20210607T162802_aid0001_32N.tif,2021-06-07 00:00:00,2021,6,evening,100.0,34751.0,True,True,False,1.0,True,32632.0,EPSG:32632,34751.0,34751.0,0.025196311995387,0.0238196328282356,0.0033361187670379,0.6145296096801758,0.0228681582957506
raster,ndvi,ECO_L2T_STARS.002_NDVI_20210607T162802_aid0001_32N.tif,data/NDVI/ECO_L2T_STARS.002_NDVI_20210607T162802_aid0001_32N.tif,ECO_L2T_STARS.002_NDVI_20210607T162802_aid0001_32N.tif,2021-06-07 00:00:00,2021,6,evening,99.87626255359558,34708.0,True,True,False,1.0,True,32632.0,EPSG:32632,34751.0,34751.0,0.1946516185998916,0.0842936187982559,-0.5911054611206055,0.9978844523429872,0.3041949570178985
raster,ndvi,ECO_L2T_STARS.002_NDVI-UQ_20210611T145512_aid0001_32N.tif,data/NDVI/ECO_L2T_STARS.002_NDVI-UQ_20210611T145512_aid0001_32N.tif,ECO_L2T_STARS.002_NDVI-UQ_20210611T145512_aid0001_32N.tif,2021-06-11 00:00:00,2021,6,evening,100.0,34751.0,True,True,False,1.0,True,32632.0,EPSG:32632,34751.0,34751.0,0.0272743348032236,0.0287781190127134,0.01004318613559,0.2703261971473694,0.0054397699423134
raster,ndvi,ECO_L2T_STARS.002_NDVI_20210611T145512_aid0001_32N.tif,data/NDVI/ECO_L2T_STARS.002_NDVI_20210611T145512_aid0001_32N.tif,ECO_L2T_STARS.002_NDVI_20210611T145512_aid0001_32N.tif,2021-06-11 00:00:00,2021,6,evening,99.9424476993468,34731.0,True,True,False,1.0,True,32632.0,EPSG:32632,34751.0,34751.0,0.2602759003639221,0.3000000119209289,-0.3298560976982116,0.9868778586387634,0.2242447286844253
raster,ndvi,ECO_L2T_STARS.002_NDVI-UQ_20210612T140746_aid0001_32N.tif,data/NDVI/ECO_L2T_STARS.002_NDVI-UQ_20210612T140746_aid0001_32N.tif,ECO_L2T_STARS.002_NDVI-UQ_20210612T140746_aid0001_32N.tif,2021-06-12 00:00:00,2021,6,evening,100.0,34751.0,True,True,False,1.0,True,32632.0,EPSG:32632,34751.0,34751.0,0.0235335063189268,0.0299999993294477,0.0008784189121797,0.0299999993294477,0.0105558140203356
raster,ndvi,ECO_L2T_STARS.002_NDVI_20210612T140746_aid0001_32N.tif,data/NDVI/ECO_L2T_STARS.002_NDVI_20210612T140746_aid0001_32N.tif,ECO_L2T_STARS.002_NDVI_20210612T140746_aid0001_32N.tif,2021-06-12 00:00:00,2021,6,evening,100.0,34751.0,True,True,False,1.0,True,32632.0,EPSG:32632,34751.0,34751.0,0.3364982008934021,0.3000000119209289,-0.1438219547271728,0.9673576354980468,0.1781921088695526
raster,ndvi,ECO_L2T_STARS.002_NDVI-UQ_20210613T100511_aid0001_32N.tif,data/NDVI/ECO_L2T_STARS.002_NDVI-UQ_20210613T100511_aid0001_32N.tif,ECO_L2T_STARS.002_NDVI-UQ_20210613T100511_aid0001_32N.tif,2021-06-13 00:00:00,2021,6,midday_afternoon,100.0,34751.0,True,True,False,1.0,True,32632.0,EPSG:32632,34751.0,34751.0,0.0259447209537029,0.0315270163118839,0.0008452465990558,0.0701249465346336,0.0088047431781888
raster,ndvi,ECO_L2T_STARS.002_NDVI_20210613T100511_aid0001_32N.tif,data/NDVI/ECO_L2T_STARS.002_NDVI_20210613T100511_aid0001_32N.tif,ECO_L2T_STARS.002_NDVI_20210613T100511_aid0001_32N.tif,2021-06-13 00:00:00,2021,6,midday_afternoon,100.0,34751.0,True,True,False,1.0,True,32632.0,EPSG:32632,34751.0,34751.0,0.3428972065448761,0.3000000119209289,-0.1438219547271728,0.9911547303199768,0.1826134026050567
raster,ndvi,ECO_L2T_STARS.002_NDVI-UQ_20210613T100603_aid0001_32N.tif,data/NDVI/ECO_L2T_STARS.002_NDVI-UQ_20210613T100603_aid0001_32N.tif,ECO_L2T_STARS.002_NDVI-UQ_20210613T100603_aid0001_32N.tif,2021-06-13 00:00:00,2021,6,midday_afternoon,100.0,94.0,True,True,True,0.002704958130701275,False,32632.0,EPSG:32632,94.0,34751.0,0.0098668467253446,0.0100385136902332,0.004899219609797,0.01004952006042,0.000715511967428
raster,ndvi,ECO_L2T_STARS.002_NDVI_20210613T100603_aid0001_32N.tif,data/NDVI/ECO_L2T_STARS.002_NDVI_20210613T100603_aid0001_32N.tif,ECO_L2T_STARS.002_NDVI_20210613T100603_aid0001_32N.tif,2021-06-13 00:00:00,2021,6,midday_afternoon,100.0,94.0,True,True,True,0.002704958130701275,False,32632.0,EPSG:32632,94.0,34751.0,-0.0143535463139414,-0.0763977766036987,-0.1056409552693367,0.7125014066696167,0.1638063788414001
raster,ndvi,ECO_L2T_STARS.002_NDVI-UQ_20210614T091828_aid0001_32N.tif,data/NDVI/ECO_L2T_STARS.002_NDVI-UQ_20210614T091828_aid0001_32N.tif,ECO_L2T_STARS.002_NDVI-UQ_20210614T091828_aid0001_32N.tif,2021-06-14 00:00:00,2021,6,midday_afternoon,100.0,34751.0,True,True,False,1.0,True,32632.0,EPSG:32632,34751.0,34751.0,0.028125649318099,0.0330547057092189,0.0050957561470568,0.1205368414521217,0.0077280248515307
raster,ndvi,ECO_L2T_STARS.002_NDVI_20210614T091828_aid0001_32N.tif,data/NDVI/ECO_L2T_STARS.002_NDVI_20210614T091828_aid0001_32N.tif,ECO_L2T_STARS.002_NDVI_20210614T091828_aid0001_32N.tif,2021-06-14 00:00:00,2021,6,midday_afternoon,99.99712238496734,34750.0,True,True,False,1.0,True,32632.0,EPSG:32632,34751.0,34751.0,0.3427009880542755,0.3000000119209289,-0.1438219547271728,0.9673576354980468,0.1828319281339645
raster,ndvi,ECO_L2T_STARS.002_NDVI-UQ_20210617T083218_aid0001_32N.tif,data/NDVI/ECO_L2T_STARS.002_NDVI-UQ_20210617T083218_aid0001_32N.tif,ECO_L2T_STARS.002_NDVI-UQ_20210617T083218_aid0001_32N.tif,2021-06-17 00:00:00,2021,6,morning,100.0,34751.0,True,True,False,1.0,True,32632.0,EPSG:32632,34751.0,34751.0,0.0132112503051757,0.0141774145886302,0.000877360231243,0.037416573613882,0.0058243102394044
raster,ndvi,ECO_L2T_STARS.002_NDVI_20210617T083218_aid0001_32N.tif,data/NDVI/ECO_L2T_STARS.002_NDVI_20210617T083218_aid0001_32N.tif,ECO_L2T_STARS.002_NDVI_20210617T083218_aid0001_32N.tif,2021-06-17 00:00:00,2021,6,morning,99.93669246928148,34729.0,True,True,False,1.0,True,32632.0,EPSG:32632,34751.0,34751.0,0.3224728405475616,0.2953341603279114,-0.503620982170105,0.997974455356598,0.293796956539154
raster,ndvi,ECO_L2T_STARS.002_NDVI-UQ_20210617T083310_aid0001_32N.tif,data/NDVI/ECO_L2T_STARS.002_NDVI-UQ_20210617T083310_aid0001_32N.tif,ECO_L2T_STARS.002_NDVI-UQ_20210617T083310_aid0001_32N.tif,2021-06-17 00:00:00,2021,6,morning,100.0,94.0,True,True,True,0.002704958130701275,False,32632.0,EPSG:32632,94.0,34751.0,0.0095601882785558,0.0111269690096378,0.0008832957828417,0.0141772888600826,0.0044289729557931
raster,ndvi,ECO_L2T_STARS.002_NDVI_20210617T083310_aid0001_32N.tif,data/NDVI/ECO_L2T_STARS.002_NDVI_20210617T083310_aid0001_32N.tif,ECO_L2T_STARS.002_NDVI_20210617T083310_aid0001_32N.tif,2021-06-17 00:00:00,2021,6,morning,100.0,94.0,True,True,True,0.002704958130701275,False,32632.0,EPSG:32632,94.0,34751.0,0.0245654489845037,-0.0614071413874626,-0.097720094025135,0.8798475861549377,0.2005585134029388
raster,ndvi,ECO_L2T_STARS.002_NDVI-UQ_20210619T114918_aid0001_32N.tif,data/NDVI/ECO_L2T_STARS.002_NDVI-UQ_20210619T114918_aid0001_32N.tif,ECO_L2T_STARS.002_NDVI-UQ_20210619T114918_aid0001_32N.tif,2021-06-19 00:00:00,2021,6,midday_afternoon,100.0,34751.0,True,True,False,1.0,True,32632.0,EPSG:32632,34751.0,34751.0,0.0198746789246797,0.02002496086061,0.0070205456577241,0.0793910101056099,0.0042772884480655
raster,ndvi,ECO_L2T_STARS.002_NDVI_20210619T114918_aid0001_32N.tif,data/NDVI/ECO_L2T_STARS.002_NDVI_20210619T114918_aid0001_32N.tif,ECO_L2T_STARS.002_NDVI_20210619T114918_aid0001_32N.tif,2021-06-19 00:00:00,2021,6,midday_afternoon,99.93669246928148,34729.0,True,True,False,1.0,True,32632.0,EPSG:32632,34751.0,34751.0,0.3221936225891113,0.2950107753276825,-0.503620982170105,0.997974455356598,0.2936303913593292
raster,ndvi,ECO_L2T_STARS.002_NDVI-UQ_20210621T065931_aid0001_32N.tif,data/NDVI/ECO_L2T_STARS.002_NDVI-UQ_20210621T065931_aid0001_32N.tif,ECO_L2T_STARS.002_NDVI-UQ_20210621T065931_aid0001_32N.tif,2021-06-21 00:00:00,2021,6,morning,100.0,34751.0,True,True,False,1.0,True,32632.0,EPSG:32632,34751.0,34751.0,0.0244942754507064,0.0245152823626995,0.0135182617232203,0.1040142774581909,0.003924542106688
raster,ndvi,ECO_L2T_STARS.002_NDVI_20210621T065931_aid0001_32N.tif,data/NDVI/ECO_L2T_STARS.002_NDVI_20210621T065931_aid0001_32N.tif,ECO_L2T_STARS.002_NDVI_20210621T065931_aid0001_32N.tif,2021-06-21 00:00:00,2021,6,morning,99.89352824379154,34714.0,True,True,False,1.0,True,32632.0,EPSG:32632,34751.0,34751.0,0.3216012716293335,0.2941714525222778,-0.503620982170105,0.997974455356598,0.2937879860401153
raster,ndvi,ECO_L2T_STARS.002_NDVI-UQ_20210621T070023_aid0001_32N.tif,data/NDVI/ECO_L2T_STARS.002_NDVI-UQ_20210621T070023_aid0001_32N.tif,ECO_L2T_STARS.002_NDVI-UQ_20210621T070023_aid0001_32N.tif,2021-06-21 00:00:00,2021,6,morning,100.0,94.0,True,True,True,0.002704958130701275,False,32632.0,EPSG:32632,94.0,34751.0,0.0225482825189828,0.0228868834674358,0.0200194958597421,0.0245152097195386,0.0016086974646896
raster,ndvi,ECO_L2T_STARS.002_NDVI_20210621T070023_aid0001_32N.tif,data/NDVI/ECO_L2T_STARS.002_NDVI_20210621T070023_aid0001_32N.tif,ECO_L2T_STARS.002_NDVI_20210621T070023_aid0001_32N.tif,2021-06-21 00:00:00,2021,6,morning,100.0,94.0,True,True,True,0.002704958130701275,False,32632.0,EPSG:32632,94.0,34751.0,0.0245654489845037,-0.0614071413874626,-0.097720094025135,0.8798475861549377,0.2005585134029388
raster,ndvi,ECO_L2T_STARS.002_NDVI-UQ_20210622T061157_aid0001_32N.tif,data/NDVI/ECO_L2T_STARS.002_NDVI-UQ_20210622T061157_aid0001_32N.tif,ECO_L2T_STARS.002_NDVI-UQ_20210622T061157_aid0001_32N.tif,2021-06-22 00:00:00,2021,6,morning,100.0,34751.0,True,True,False,1.0,True,32632.0,EPSG:32632,34751.0,34751.0,0.0210084188729524,0.0264763832092285,0.0009982124902307,0.079347014427185,0.0111661059781908
raster,ndvi,ECO_L2T_STARS.002_NDVI_20210622T061157_aid0001_32N.tif,data/NDVI/ECO_L2T_STARS.002_NDVI_20210622T061157_aid0001_32N.tif,ECO_L2T_STARS.002_NDVI_20210622T061157_aid0001_32N.tif,2021-06-22 00:00:00,2021,6,morning,99.90791631895485,34719.0,True,True,False,1.0,True,32632.0,EPSG:32632,34751.0,34751.0,0.3294415771961212,0.304386556148529,-0.503620982170105,0.996462345123291,0.2901144623756408
raster,ndvi,ECO_L2T_STARS.002_NDVI-UQ_20210623T052510_aid0001_32N.tif,data/NDVI/ECO_L2T_STARS.002_NDVI-UQ_20210623T052510_aid0001_32N.tif,ECO_L2T_STARS.002_NDVI-UQ_20210623T052510_aid0001_32N.tif,2021-06-23 00:00:00,2021,6,morning,100.0,34751.0,True,True,False,1.0,True,32632.0,EPSG:32632,34751.0,34751.0,0.0242811143398284,0.0299999993294477,0.005107382312417,0.1529936641454696,0.0090039288625121
raster,ndvi,ECO_L2T_STARS.002_NDVI_20210623T052510_aid0001_32N.tif,data/NDVI/ECO_L2T_STARS.002_NDVI_20210623T052510_aid0001_32N.tif,ECO_L2T_STARS.002_NDVI_20210623T052510_aid0001_32N.tif,2021-06-23 00:00:00,2021,6,morning,100.0,34751.0,True,True,False,1.0,True,32632.0,EPSG:32632,34751.0,34751.0,0.3431576788425445,0.3000000119209289,-0.1352153420448303,0.9984691739082336,0.1639634519815445
raster,ndvi,ECO_L2T_STARS.002_NDVI-UQ_20210624T092854_aid0001_32N.tif,data/NDVI/ECO_L2T_STARS.002_NDVI-UQ_20210624T092854_aid0001_32N.tif,ECO_L2T_STARS.002_NDVI-UQ_20210624T092854_aid0001_32N.tif,2021-06-24 00:00:00,2021,6,midday_afternoon,100.0,34751.0,True,True,False,1.0,True,32632.0,EPSG:32632,34751.0,34751.0,0.0264317542314529,0.0316227748990058,0.0076545095071196,0.1611799597740173,0.0083917379379272
raster,ndvi,ECO_L2T_STARS.002_NDVI_20210624T092854_aid0001_32N.tif,data/NDVI/ECO_L2T_STARS.002_NDVI_20210624T092854_aid0001_32N.tif,ECO_L2T_STARS.002_NDVI_20210624T092854_aid0001_32N.tif,2021-06-24 00:00:00,2021,6,midday_afternoon,99.97122384967338,34741.0,True,True,False,1.0,True,32632.0,EPSG:32632,34751.0,34751.0,0.3447951078414917,0.3000000119209289,-0.1555970460176468,0.9998792409896852,0.1639714837074279
raster,ndvi,ECO_L2T_STARS.002_NDVI-UQ_20210625T052649_aid0001_32N.tif,data/NDVI/ECO_L2T_STARS.002_NDVI-UQ_20210625T052649_aid0001_32N.tif,ECO_L2T_STARS.002_NDVI-UQ_20210625T052649_aid0001_32N.tif,2021-06-25 00:00:00,2021,6,morning,100.0,34751.0,True,True,False,1.0,True,32632.0,EPSG:32632,34751.0,34751.0,0.0260605439543724,0.0325202979147434,0.0009941965108737,0.1638744175434112,0.0103256590664386
raster,ndvi,ECO_L2T_STARS.002_NDVI_20210625T052649_aid0001_32N.tif,data/NDVI/ECO_L2T_STARS.002_NDVI_20210625T052649_aid0001_32N.tif,ECO_L2T_STARS.002_NDVI_20210625T052649_aid0001_32N.tif,2021-06-25 00:00:00,2021,6,morning,99.95683577451008,34736.0,True,True,False,1.0,True,32632.0,EPSG:32632,34751.0,34751.0,0.3680448830127716,0.3000000119209289,-0.6151888966560364,0.999977707862854,0.1910458952188491
raster,ndvi,ECO_L2T_STARS.002_NDVI-UQ_20210626T043928_aid0001_32N.tif,data/NDVI/ECO_L2T_STARS.002_NDVI-UQ_20210626T043928_aid0001_32N.tif,ECO_L2T_STARS.002_NDVI-UQ_20210626T043928_aid0001_32N.tif,2021-06-26 00:00:00,2021,6,morning,100.0,34751.0,True,True,False,1.0,True,32632.0,EPSG:32632,34751.0,34751.0,0.0280893873423337,0.033599816262722,0.0051218192093074,0.1754152774810791,0.0093108126893639
raster,ndvi,ECO_L2T_STARS.002_NDVI_20210626T043928_aid0001_32N.tif,data/NDVI/ECO_L2T_STARS.002_NDVI_20210626T043928_aid0001_32N.tif,ECO_L2T_STARS.002_NDVI_20210626T043928_aid0001_32N.tif,2021-06-26 00:00:00,2021,6,morning,99.97122384967338,34741.0,True,True,False,1.0,True,32632.0,EPSG:32632,34751.0,34751.0,0.3679359853267669,0.3000000119209289,-0.6123144626617432,0.993281364440918,0.1910770535469055
raster,ndvi,ECO_L2T_STARS.002_NDVI-UQ_20210626T044020_aid0001_32N.tif,data/NDVI/ECO_L2T_STARS.002_NDVI-UQ_20210626T044020_aid0001_32N.tif,ECO_L2T_STARS.002_NDVI-UQ_20210626T044020_aid0001_32N.tif,2021-06-26 00:00:00,2021,6,morning,100.0,94.0,True,True,True,0.002704958130701275,False,32632.0,EPSG:32632,94.0,34751.0,0.0199365150183439,0.0200247857719659,0.0192454550415277,0.0200248081237077,0.0002158388961106
raster,ndvi,ECO_L2T_STARS.002_NDVI_20210626T044020_aid0001_32N.tif,data/NDVI/ECO_L2T_STARS.002_NDVI_20210626T044020_aid0001_32N.tif,ECO_L2T_STARS.002_NDVI_20210626T044020_aid0001_32N.tif,2021-06-26 00:00:00,2021,6,morning,100.0,94.0,True,True,True,0.002704958130701275,False,32632.0,EPSG:32632,94.0,34751.0,0.0707845166325569,-0.0142483357340097,-0.0621883943676948,0.7444008588790894,0.2110191285610199
raster,ndvi,ECO_L2T_STARS.002_NDVI-UQ_20210627T035322_aid0001_32N.tif,data/NDVI/ECO_L2T_STARS.002_NDVI-UQ_20210627T035322_aid0001_32N.tif,ECO_L2T_STARS.002_NDVI-UQ_20210627T035322_aid0001_32N.tif,2021-06-27 00:00:00,2021,6,morning,100.0,94.0,True,True,True,0.002704958130701275,False,32632.0,EPSG:32632,94.0,34751.0,0.021714799106121,0.0223828516900539,0.0009988022502511,0.0223828721791505,0.0031055943109095
raster,ndvi,ECO_L2T_STARS.002_NDVI_20210627T035322_aid0001_32N.tif,data/NDVI/ECO_L2T_STARS.002_NDVI_20210627T035322_aid0001_32N.tif,ECO_L2T_STARS.002_NDVI_20210627T035322_aid0001_32N.tif,2021-06-27 00:00:00,2021,6,morning,100.0,94.0,True,True,True,0.002704958130701275,False,32632.0,EPSG:32632,94.0,34751.0,0.0720915272831916,-0.0142483357340097,-0.0621883943676948,0.7494491934776306,0.2141774147748947
raster,ndvi,ECO_L2T_STARS.002_NDVI-UQ_20210628T075704_aid0001_32N.tif,data/NDVI/ECO_L2T_STARS.002_NDVI-UQ_20210628T075704_aid0001_32N.tif,ECO_L2T_STARS.002_NDVI-UQ_20210628T075704_aid0001_32N.tif,2021-06-28 00:00:00,2021,6,morning,100.0,34751.0,True,True,False,1.0,True,32632.0,EPSG:32632,34751.0,34751.0,0.0314378552138805,0.0357056073844432,0.0051211840473115,0.3434987366199493,0.0131128216162323
raster,ndvi,ECO_L2T_STARS.002_NDVI_20210628T075704_aid0001_32N.tif,data/NDVI/ECO_L2T_STARS.002_NDVI_20210628T075704_aid0001_32N.tif,ECO_L2T_STARS.002_NDVI_20210628T075704_aid0001_32N.tif,2021-06-28 00:00:00,2021,6,morning,99.96546861960806,34739.0,True,True,False,1.0,True,32632.0,EPSG:32632,34751.0,34751.0,0.3710878789424896,0.3000000119209289,-0.6111579537391663,0.999791145324707,0.1926556676626205
raster,ndvi,ECO_L2T_STARS.002_NDVI_20220127T145413_aid0001_32N.tif,data/NDVI/ECO_L2T_STARS.002_NDVI_20220127T145413_aid0001_32N.tif,ECO_L2T_STARS.002_NDVI_20220127T145413_aid0001_32N.tif,2022-01-27 00:00:00,2022,1,evening,100.0,94.0,True,True,True,0.002704958130701275,False,32632.0,EPSG:32632,94.0,34751.0,-0.2014064341783523,-0.2498253881931305,-0.3510828614234924,0.4236308336257934,0.1248315647244453
raster,ndvi,ECO_L2T_STARS.002_NDVI_20220130T140617_aid0001_32N.tif,data/NDVI/ECO_L2T_STARS.002_NDVI_20220130T140617_aid0001_32N.tif,ECO_L2T_STARS.002_NDVI_20220130T140617_aid0001_32N.tif,2022-01-30 00:00:00,2022,1,evening,98.86909729216426,34358.0,True,True,False,1.0,True,32632.0,EPSG:32632,34751.0,34751.0,0.0652897283434867,0.0010988499270752,-0.999520480632782,0.9999996423721312,0.3619884848594665
raster,ndvi,ECO_L2T_STARS.002_NDVI_20220131T131841_aid0001_32N.tif,data/NDVI/ECO_L2T_STARS.002_NDVI_20220131T131841_aid0001_32N.tif,ECO_L2T_STARS.002_NDVI_20220131T131841_aid0001_32N.tif,2022-01-31 00:00:00,2022,1,midday_afternoon,100.0,94.0,True,True,True,0.002704958130701275,False,32632.0,EPSG:32632,94.0,34751.0,-0.2875950634479522,-0.2342322170734405,-0.7538834810256958,0.5942457318305969,0.2714212238788605
raster,ndvi,ECO_L2T_STARS.002_NDVI_20220202T131833_aid0001_32N.tif,data/NDVI/ECO_L2T_STARS.002_NDVI_20220202T131833_aid0001_32N.tif,ECO_L2T_STARS.002_NDVI_20220202T131833_aid0001_32N.tif,2022-02-02 00:00:00,2022,2,midday_afternoon,99.499294984317,34577.0,True,True,False,1.0,True,32632.0,EPSG:32632,34751.0,34751.0,0.0979285463690757,0.0392458476126194,-0.9865768551826476,0.99869966506958,0.2889731228351593
raster,ndvi,ECO_L2T_STARS.002_NDVI_20220202T131925_aid0001_32N.tif,data/NDVI/ECO_L2T_STARS.002_NDVI_20220202T131925_aid0001_32N.tif,ECO_L2T_STARS.002_NDVI_20220202T131925_aid0001_32N.tif,2022-02-02 00:00:00,2022,2,midday_afternoon,100.0,94.0,True,True,True,0.002704958130701275,False,32632.0,EPSG:32632,94.0,34751.0,-0.2946626245975494,-0.2333747744560241,-0.7532222270965576,0.5857027173042297,0.26465904712677
raster,ndvi,ECO_L2T_STARS.002_NDVI_20220203T123044_aid0001_32N.tif,data/NDVI/ECO_L2T_STARS.002_NDVI_20220203T123044_aid0001_32N.tif,ECO_L2T_STARS.002_NDVI_20220203T123044_aid0001_32N.tif,2022-02-03 00:00:00,2022,2,midday_afternoon,99.65756381111336,34632.0,True,True,False,1.0,True,32632.0,EPSG:32632,34751.0,34751.0,0.0978083163499832,0.0429837182164192,-0.992873191833496,0.997279942035675,0.2528478503227234
raster,ndvi,ECO_L2T_STARS.002_NDVI_20220205T123109_aid0001_32N.tif,data/NDVI/ECO_L2T_STARS.002_NDVI_20220205T123109_aid0001_32N.tif,ECO_L2T_STARS.002_NDVI_20220205T123109_aid0001_32N.tif,2022-02-05 00:00:00,2022,2,midday_afternoon,99.68921757647264,34643.0,True,True,False,1.0,True,32632.0,EPSG:32632,34751.0,34751.0,0.0981289148330688,0.0440654791891574,-0.9912964701652528,0.9975503087043762,0.2490690946578979
raster,ndvi,ECO_L2T_STARS.002_NDVI_20220207T154611_aid0001_32N.tif,data/NDVI/ECO_L2T_STARS.002_NDVI_20220207T154611_aid0001_32N.tif,ECO_L2T_STARS.002_NDVI_20220207T154611_aid0001_32N.tif,2022-02-07 00:00:00,2022,2,evening,99.71799372679922,34653.0,True,True,False,1.0,True,32632.0,EPSG:32632,34751.0,34751.0,0.0992350429296493,0.0448388531804084,-0.9991905689239502,0.9980477690696716,0.2496782690286636
raster,ndvi,ECO_L2T_STARS.002_NDVI_20220208T145807_aid0001_32N.tif,data/NDVI/ECO_L2T_STARS.002_NDVI_20220208T145807_aid0001_32N.tif,ECO_L2T_STARS.002_NDVI_20220208T145807_aid0001_32N.tif,2022-02-08 00:00:00,2022,2,evening,99.68633996143996,34642.0,True,True,False,1.0,True,32632.0,EPSG:32632,34751.0,34751.0,0.1007767617702484,0.0442657247185707,-0.9925846457481384,0.9993786811828612,0.252679705619812
raster,ndvi,ECO_L2T_STARS.002_NDVI_20220209T105527_aid0001_32N.tif,data/NDVI/ECO_L2T_STARS.002_NDVI_20220209T105527_aid0001_32N.tif,ECO_L2T_STARS.002_NDVI_20220209T105527_aid0001_32N.tif,2022-02-09 00:00:00,2022,2,midday_afternoon,99.66331904117868,34634.0,True,True,False,1.0,True,32632.0,EPSG:32632,34751.0,34751.0,0.1006482318043708,0.0445740409195423,-0.9906010627746582,0.9995753169059752,0.2541444599628448
raster,ndvi,ECO_L2T_STARS.002_NDVI_20220210T100733_aid0001_32N.tif,data/NDVI/ECO_L2T_STARS.002_NDVI_20220210T100733_aid0001_32N.tif,ECO_L2T_STARS.002_NDVI_20220210T100733_aid0001_32N.tif,2022-02-10 00:00:00,2022,2,midday_afternoon,99.84748640326896,34698.0,True,True,False,1.0,True,32632.0,EPSG:32632,34751.0,34751.0,0.0383143611252307,-0.0287830010056495,-0.9842329621315002,0.999902606010437,0.2481668442487716
raster,ndvi,ECO_L2T_STARS.002_NDVI_20220211T141020_aid0001_32N.tif,data/NDVI/ECO_L2T_STARS.002_NDVI_20220211T141020_aid0001_32N.tif,ECO_L2T_STARS.002_NDVI_20220211T141020_aid0001_32N.tif,2022-02-11 00:00:00,2022,2,evening,99.838853558171,34695.0,True,True,False,1.0,True,32632.0,EPSG:32632,34751.0,34751.0,0.0387313701212406,-0.0281559564173221,-0.9753273129463196,0.9996073842048644,0.2467655688524246
raster,ndvi,ECO_L2T_STARS.002_NDVI_20220211T141112_aid0001_32N.tif,data/NDVI/ECO_L2T_STARS.002_NDVI_20220211T141112_aid0001_32N.tif,ECO_L2T_STARS.002_NDVI_20220211T141112_aid0001_32N.tif,2022-02-11 00:00:00,2022,2,evening,100.0,94.0,True,True,True,0.002704958130701275,False,32632.0,EPSG:32632,94.0,34751.0,-0.0525361262261867,-0.0495114065706729,-0.2075122147798538,0.3558715283870697,0.0991016030311584
raster,ndvi,ECO_L2T_STARS.002_NDVI_20220212T132215_aid0001_32N.tif,data/NDVI/ECO_L2T_STARS.002_NDVI_20220212T132215_aid0001_32N.tif,ECO_L2T_STARS.002_NDVI_20220212T132215_aid0001_32N.tif,2022-02-12 00:00:00,2022,2,midday_afternoon,99.68921757647264,34643.0,True,True,False,1.0,True,32632.0,EPSG:32632,34751.0,34751.0,0.0371832363307476,-0.0290861558169126,-0.9757663011550904,0.9985049962997437,0.2503297626972198
raster,ndvi,ECO_L2T_STARS.002_NDVI_20220213T091933_aid0001_32N.tif,data/NDVI/ECO_L2T_STARS.002_NDVI_20220213T091933_aid0001_32N.tif,ECO_L2T_STARS.002_NDVI_20220213T091933_aid0001_32N.tif,2022-02-13 00:00:00,2022,2,midday_afternoon,99.6316652758194,34623.0,True,True,False,1.0,True,32632.0,EPSG:32632,34751.0,34751.0,0.0355792790651321,-0.0301046893000602,-0.9909402132034302,0.9998615980148317,0.254157543182373
raster,ndvi,ECO_L2T_STARS.002_NDVI_20220214T132250_aid0001_32N.tif,data/NDVI/ECO_L2T_STARS.002_NDVI_20220214T132250_aid0001_32N.tif,ECO_L2T_STARS.002_NDVI_20220214T132250_aid0001_32N.tif,2022-02-14 00:00:00,2022,2,midday_afternoon,99.61439958562345,34617.0,True,True,False,1.0,True,32632.0,EPSG:32632,34751.0,34751.0,0.0351852588355541,-0.0296967048197984,-0.9937412738800048,0.997925102710724,0.2559467554092407
raster,ndvi,ECO_L2T_STARS.002_NDVI_20220215T074357_aid0001_32N.tif,data/NDVI/ECO_L2T_STARS.002_NDVI_20220215T074357_aid0001_32N.tif,ECO_L2T_STARS.002_NDVI_20220215T074357_aid0001_32N.tif,2022-02-15 00:00:00,2022,2,morning,99.61439958562345,34617.0,True,True,False,1.0,True,32632.0,EPSG:32632,34751.0,34751.0,0.0351228453218936,-0.0295903664082288,-0.9966797828674316,0.999581515789032,0.2565460205078125
raster,ndvi,ECO_L2T_STARS.002_NDVI_20220216T114626_aid0001_32N.tif,data/NDVI/ECO_L2T_STARS.002_NDVI_20220216T114626_aid0001_32N.tif,ECO_L2T_STARS.002_NDVI_20220216T114626_aid0001_32N.tif,2022-02-16 00:00:00,2022,2,midday_afternoon,99.66619665621134,34635.0,True,True,False,1.0,True,32632.0,EPSG:32632,34751.0,34751.0,-0.0066240592859685,-0.0397779569029808,-0.997852385044098,0.9992896914482116,0.1892797797918319
raster,ndvi,ECO_L2T_STARS.002_NDVI_20220218T065543_aid0001_32N.tif,data/NDVI/ECO_L2T_STARS.002_NDVI_20220218T065543_aid0001_32N.tif,ECO_L2T_STARS.002_NDVI_20220218T065543_aid0001_32N.tif,2022-02-18 00:00:00,2022,2,morning,99.660441426146,34633.0,True,True,False,1.0,True,32632.0,EPSG:32632,34751.0,34751.0,-0.0066623543389141,-0.0285276174545288,-0.9839645624160768,0.9989700317382812,0.164686918258667
raster,ndvi,ECO_L2T_STARS.002_NDVI_20220219T105827_aid0001_32N.tif,data/NDVI/ECO_L2T_STARS.002_NDVI_20220219T105827_aid0001_32N.tif,ECO_L2T_STARS.002_NDVI_20220219T105827_aid0001_32N.tif,2022-02-19 00:00:00,2022,2,midday_afternoon,100.0,34751.0,True,True,False,1.0,True,32632.0,EPSG:32632,34751.0,34751.0,0.0317645631730556,-0.0128356516361236,-0.6468284726142883,0.9566769003868104,0.1155561655759811
raster,ndvi,ECO_L2T_STARS.002_NDVI_20220220T101015_aid0001_32N.tif,data/NDVI/ECO_L2T_STARS.002_NDVI_20220220T101015_aid0001_32N.tif,ECO_L2T_STARS.002_NDVI_20220220T101015_aid0001_32N.tif,2022-02-20 00:00:00,2022,2,midday_afternoon,99.71799372679922,34653.0,True,True,False,1.0,True,32632.0,EPSG:32632,34751.0,34751.0,0.0111864106729626,-0.0272583477199077,-0.9744517207145692,0.9992912411689758,0.1711285561323166
raster,ndvi,ECO_L2T_STARS.002_NDVI_20220227T074600_aid0001_32N.tif,data/NDVI/ECO_L2T_STARS.002_NDVI_20220227T074600_aid0001_32N.tif,ECO_L2T_STARS.002_NDVI_20220227T074600_aid0001_32N.tif,2022-02-27 00:00:00,2022,2,morning,99.70936088170124,34650.0,True,True,False,1.0,True,32632.0,EPSG:32632,34751.0,34751.0,0.0687346532940864,-0.0190181918442249,-0.9873583912849426,0.9997025728225708,0.2375303357839584
raster,ndvi,ECO_L2T_STARS.002_NDVI_20220325T163843_aid0001_32N.tif,data/NDVI/ECO_L2T_STARS.002_NDVI_20220325T163843_aid0001_32N.tif,ECO_L2T_STARS.002_NDVI_20220325T163843_aid0001_32N.tif,2022-03-25 00:00:00,2022,3,evening,99.6978504215706,34646.0,True,True,False,1.0,True,32632.0,EPSG:32632,34751.0,34751.0,0.1003469750285148,-0.0258395448327064,-0.95698481798172,0.9990966320037842,0.2662437260150909
raster,ndvi,ECO_L2T_STARS.002_NDVI_20220327T163908_aid0001_32N.tif,data/NDVI/ECO_L2T_STARS.002_NDVI_20220327T163908_aid0001_32N.tif,ECO_L2T_STARS.002_NDVI_20220327T163908_aid0001_32N.tif,2022-03-27 00:00:00,2022,3,evening,99.86475209346494,34704.0,True,True,False,1.0,True,32632.0,EPSG:32632,34751.0,34751.0,0.104309394955635,-0.024056077003479,-0.9668771624565125,0.9999473690986632,0.2682535350322723
raster,ndvi,ECO_L2T_STARS.002_NDVI_20220329T150307_aid0001_32N.tif,data/NDVI/ECO_L2T_STARS.002_NDVI_20220329T150307_aid0001_32N.tif,ECO_L2T_STARS.002_NDVI_20220329T150307_aid0001_32N.tif,2022-03-29 00:00:00,2022,3,evening,99.6834623464073,34641.0,True,True,False,1.0,True,32632.0,EPSG:32632,34751.0,34751.0,0.1084625348448753,-0.0242518950253725,-0.9665483832359314,0.9997157454490662,0.2765136361122131
raster,ndvi,ECO_L2T_STARS.002_NDVI-UQ_20220402T132741_aid0001_32N.tif,data/NDVI/ECO_L2T_STARS.002_NDVI-UQ_20220402T132741_aid0001_32N.tif,ECO_L2T_STARS.002_NDVI-UQ_20220402T132741_aid0001_32N.tif,2022-04-02 00:00:00,2022,4,midday_afternoon,100.0,34751.0,True,True,False,1.0,True,32632.0,EPSG:32632,34751.0,34751.0,0.0322943963110446,0.0237141698598861,0.0010101064108312,0.451353907585144,0.0332892723381519
raster,ndvi,ECO_L2T_STARS.002_NDVI_20220402T132741_aid0001_32N.tif,data/NDVI/ECO_L2T_STARS.002_NDVI_20220402T132741_aid0001_32N.tif,ECO_L2T_STARS.002_NDVI_20220402T132741_aid0001_32N.tif,2022-04-02 00:00:00,2022,4,midday_afternoon,99.57123536013351,34602.0,True,True,False,1.0,True,32632.0,EPSG:32632,34751.0,34751.0,0.1067196726799011,-0.024766718968749,-0.966396689414978,0.9992770552635192,0.2754497230052948
raster,ndvi,ECO_L2T_STARS.002_NDVI-UQ_20220405T123921_aid0001_32N.tif,data/NDVI/ECO_L2T_STARS.002_NDVI-UQ_20220405T123921_aid0001_32N.tif,ECO_L2T_STARS.002_NDVI-UQ_20220405T123921_aid0001_32N.tif,2022-04-05 00:00:00,2022,4,midday_afternoon,100.0,34751.0,True,True,False,1.0,True,32632.0,EPSG:32632,34751.0,34751.0,0.0337474755942821,0.0251414813101291,0.0010175136849284,0.548196017742157,0.0393663346767425
raster,ndvi,ECO_L2T_STARS.002_NDVI_20220405T123921_aid0001_32N.tif,data/NDVI/ECO_L2T_STARS.002_NDVI_20220405T123921_aid0001_32N.tif,ECO_L2T_STARS.002_NDVI_20220405T123921_aid0001_32N.tif,2022-04-05 00:00:00,2022,4,midday_afternoon,99.31800523725936,34514.0,True,True,False,1.0,True,32632.0,EPSG:32632,34751.0,34751.0,0.0968973413109779,-0.0216727890074253,-0.9664437174797058,0.998557150363922,0.2669530510902405
raster,ndvi,ECO_L2T_STARS.002_NDVI-UQ_20220405T124013_aid0001_32N.tif,data/NDVI/ECO_L2T_STARS.002_NDVI-UQ_20220405T124013_aid0001_32N.tif,ECO_L2T_STARS.002_NDVI-UQ_20220405T124013_aid0001_32N.tif,2022-04-05 00:00:00,2022,4,midday_afternoon,100.0,94.0,True,True,True,0.002704958130701275,False,32632.0,EPSG:32632,94.0,34751.0,0.0127957770600914,0.0112612890079617,0.002851351397112,0.0242409538477659,0.0057359398342669
raster,ndvi,ECO_L2T_STARS.002_NDVI_20220405T124013_aid0001_32N.tif,data/NDVI/ECO_L2T_STARS.002_NDVI_20220405T124013_aid0001_32N.tif,ECO_L2T_STARS.002_NDVI_20220405T124013_aid0001_32N.tif,2022-04-05 00:00:00,2022,4,midday_afternoon,100.0,94.0,True,True,True,0.002704958130701275,False,32632.0,EPSG:32632,94.0,34751.0,0.1352688670158386,0.2091006934642791,-0.1399036794900894,0.3000674545764923,0.1295017600059509
raster,ndvi,ECO_L2T_STARS.002_NDVI-UQ_20220406T164204_aid0001_32N.tif,data/NDVI/ECO_L2T_STARS.002_NDVI-UQ_20220406T164204_aid0001_32N.tif,ECO_L2T_STARS.002_NDVI-UQ_20220406T164204_aid0001_32N.tif,2022-04-06 00:00:00,2022,4,evening,100.0,34751.0,True,True,False,1.0,True,32632.0,EPSG:32632,34751.0,34751.0,0.0158289223909378,0.000999940210022,0.0007671820931136,0.4513616263866424,0.0295594464987516
raster,ndvi,ECO_L2T_STARS.002_NDVI_20220406T164204_aid0001_32N.tif,data/NDVI/ECO_L2T_STARS.002_NDVI_20220406T164204_aid0001_32N.tif,ECO_L2T_STARS.002_NDVI_20220406T164204_aid0001_32N.tif,2022-04-06 00:00:00,2022,4,evening,99.77842364248512,34674.0,True,True,False,1.0,True,32632.0,EPSG:32632,34751.0,34751.0,0.0997435972094535,-0.0274144187569618,-0.9651145339012146,0.9980210065841676,0.2556608617305755
raster,ndvi,ECO_L2T_STARS.002_NDVI-UQ_20220406T164256_aid0001_32N.tif,data/NDVI/ECO_L2T_STARS.002_NDVI-UQ_20220406T164256_aid0001_32N.tif,ECO_L2T_STARS.002_NDVI-UQ_20220406T164256_aid0001_32N.tif,2022-04-06 00:00:00,2022,4,evening,100.0,94.0,True,True,True,0.002704958130701275,False,32632.0,EPSG:32632,94.0,34751.0,0.0134414937347173,0.0116168539971113,0.0009990149410441,0.0269625820219516,0.0062863188795745
raster,ndvi,ECO_L2T_STARS.002_NDVI_20220406T164256_aid0001_32N.tif,data/NDVI/ECO_L2T_STARS.002_NDVI_20220406T164256_aid0001_32N.tif,ECO_L2T_STARS.002_NDVI_20220406T164256_aid0001_32N.tif,2022-04-06 00:00:00,2022,4,evening,100.0,94.0,True,True,True,0.002704958130701275,False,32632.0,EPSG:32632,94.0,34751.0,0.1306814700365066,0.2094588577747345,-0.1402031481266021,0.3007304072380066,0.134067103266716
raster,ndvi,ECO_L2T_STARS.002_NDVI-UQ_20220407T155406_aid0001_32N.tif,data/NDVI/ECO_L2T_STARS.002_NDVI-UQ_20220407T155406_aid0001_32N.tif,ECO_L2T_STARS.002_NDVI-UQ_20220407T155406_aid0001_32N.tif,2022-04-07 00:00:00,2022,4,evening,100.0,34751.0,True,True,False,1.0,True,32632.0,EPSG:32632,34751.0,34751.0,0.0226549413055181,0.0100498748943209,0.0008516651578247,0.5254101753234863,0.0348429270088672
raster,ndvi,ECO_L2T_STARS.002_NDVI_20220407T155406_aid0001_32N.tif,data/NDVI/ECO_L2T_STARS.002_NDVI_20220407T155406_aid0001_32N.tif,ECO_L2T_STARS.002_NDVI_20220407T155406_aid0001_32N.tif,2022-04-07 00:00:00,2022,4,evening,99.74676987712584,34663.0,True,True,False,1.0,True,32632.0,EPSG:32632,34751.0,34751.0,0.0996613800525665,-0.0278179012238979,-0.9660470485687256,0.9969777464866638,0.2573975622653961
raster,ndvi,ECO_L2T_STARS.002_NDVI-UQ_20220409T155501_aid0001_32N.tif,data/NDVI/ECO_L2T_STARS.002_NDVI-UQ_20220409T155501_aid0001_32N.tif,ECO_L2T_STARS.002_NDVI-UQ_20220409T155501_aid0001_32N.tif,2022-04-09 00:00:00,2022,4,evening,100.0,94.0,True,True,True,0.002704958130701275,False,32632.0,EPSG:32632,94.0,34751.0,0.0213772635906934,0.0208461955189704,0.0130998818203806,0.0325517505407333,0.0046384148299694
raster,ndvi,ECO_L2T_STARS.002_NDVI_20220409T155501_aid0001_32N.tif,data/NDVI/ECO_L2T_STARS.002_NDVI_20220409T155501_aid0001_32N.tif,ECO_L2T_STARS.002_NDVI_20220409T155501_aid0001_32N.tif,2022-04-09 00:00:00,2022,4,evening,100.0,94.0,True,True,True,0.002704958130701275,False,32632.0,EPSG:32632,94.0,34751.0,0.130154937505722,0.2081281542778015,-0.1404619067907333,0.3007304072380066,0.134341761469841
raster,ndvi,ECO_L2T_STARS.002_NDVI-UQ_20220410T101424_aid0001_32N.tif,data/NDVI/ECO_L2T_STARS.002_NDVI-UQ_20220410T101424_aid0001_32N.tif,ECO_L2T_STARS.002_NDVI-UQ_20220410T101424_aid0001_32N.tif,2022-04-10 00:00:00,2022,4,midday_afternoon,99.99712238496734,34750.0,True,True,False,1.0,True,32632.0,EPSG:32632,34751.0,34751.0,0.0344083160161972,0.0200249813497066,0.009422798641026,0.9975363612174988,0.049132365733385
raster,ndvi,ECO_L2T_STARS.002_NDVI_20220410T101424_aid0001_32N.tif,data/NDVI/ECO_L2T_STARS.002_NDVI_20220410T101424_aid0001_32N.tif,ECO_L2T_STARS.002_NDVI_20220410T101424_aid0001_32N.tif,2022-04-10 00:00:00,2022,4,midday_afternoon,99.4331098385658,34554.0,True,True,False,1.0,True,32632.0,EPSG:32632,34751.0,34751.0,0.0993281975388526,-0.0279878266155719,-0.965886652469635,0.998083770275116,0.2586289942264557
raster,ndvi,ECO_L2T_STARS.002_NDVI-UQ_20220410T150558_aid0001_32N.tif,data/NDVI/ECO_L2T_STARS.002_NDVI-UQ_20220410T150558_aid0001_32N.tif,ECO_L2T_STARS.002_NDVI-UQ_20220410T150558_aid0001_32N.tif,2022-04-10 00:00:00,2022,4,evening,100.0,94.0,True,True,True,0.002704958130701275,False,32632.0,EPSG:32632,94.0,34751.0,0.0236847940832376,0.0231206379830837,0.0164805017411708,0.0340531431138515,0.0041872533038258
raster,ndvi,ECO_L2T_STARS.002_NDVI_20220410T150558_aid0001_32N.tif,data/NDVI/ECO_L2T_STARS.002_NDVI_20220410T150558_aid0001_32N.tif,ECO_L2T_STARS.002_NDVI_20220410T150558_aid0001_32N.tif,2022-04-10 00:00:00,2022,4,evening,100.0,94.0,True,True,True,0.002704958130701275,False,32632.0,EPSG:32632,94.0,34751.0,0.130154937505722,0.2081281542778015,-0.1404619067907333,0.3007304072380066,0.134341761469841
raster,ndvi,ECO_L2T_STARS.002_NDVI-UQ_20220411T141714_aid0001_32N.tif,data/NDVI/ECO_L2T_STARS.002_NDVI-UQ_20220411T141714_aid0001_32N.tif,ECO_L2T_STARS.002_NDVI-UQ_20220411T141714_aid0001_32N.tif,2022-04-11 00:00:00,2022,4,evening,100.0,34751.0,True,True,False,1.0,True,32632.0,EPSG:32632,34751.0,34751.0,0.0013749020872637,0.0009988289093598,0.00099514471367,0.5089866518974304,0.0066544390283524
raster,ndvi,ECO_L2T_STARS.002_NDVI_20220411T141714_aid0001_32N.tif,data/NDVI/ECO_L2T_STARS.002_NDVI_20220411T141714_aid0001_32N.tif,ECO_L2T_STARS.002_NDVI_20220411T141714_aid0001_32N.tif,2022-04-11 00:00:00,2022,4,evening,99.92230439411816,34724.0,True,True,False,1.0,True,32632.0,EPSG:32632,34751.0,34751.0,0.139102354645729,-0.0125442836433649,-0.7329259514808655,0.9999276995658876,0.2627131640911102
raster,ndvi,ECO_L2T_STARS.002_NDVI-UQ_20220412T101517_aid0001_32N.tif,data/NDVI/ECO_L2T_STARS.002_NDVI-UQ_20220412T101517_aid0001_32N.tif,ECO_L2T_STARS.002_NDVI-UQ_20220412T101517_aid0001_32N.tif,2022-04-12 00:00:00,2022,4,midday_afternoon,100.0,34751.0,True,True,False,1.0,True,32632.0,EPSG:32632,34751.0,34751.0,0.0048836134374141,0.0008478543604724,0.0008391215233132,0.3013675212860107,0.0140041727572679
raster,ndvi,ECO_L2T_STARS.002_NDVI_20220412T101517_aid0001_32N.tif,data/NDVI/ECO_L2T_STARS.002_NDVI_20220412T101517_aid0001_32N.tif,ECO_L2T_STARS.002_NDVI_20220412T101517_aid0001_32N.tif,2022-04-12 00:00:00,2022,4,midday_afternoon,99.89928347385688,34716.0,True,True,False,1.0,True,32632.0,EPSG:32632,34751.0,34751.0,0.107372298836708,-0.0118983816355466,-0.8544701933860779,0.9968408346176147,0.2268732190132141
raster,ndvi,ECO_L2T_STARS.002_NDVI-UQ_20220413T092607_aid0001_32N.tif,data/NDVI/ECO_L2T_STARS.002_NDVI-UQ_20220413T092607_aid0001_32N.tif,ECO_L2T_STARS.002_NDVI-UQ_20220413T092607_aid0001_32N.tif,2022-04-13 00:00:00,2022,4,midday_afternoon,100.0,34751.0,True,True,False,1.0,True,32632.0,EPSG:32632,34751.0,34751.0,0.0099802073091268,0.0100356899201869,0.0008258381858468,0.3015334010124206,0.0147298909723758
raster,ndvi,ECO_L2T_STARS.002_NDVI_20220413T092607_aid0001_32N.tif,data/NDVI/ECO_L2T_STARS.002_NDVI_20220413T092607_aid0001_32N.tif,ECO_L2T_STARS.002_NDVI_20220413T092607_aid0001_32N.tif,2022-04-13 00:00:00,2022,4,midday_afternoon,99.86475209346494,34704.0,True,True,False,1.0,True,32632.0,EPSG:32632,34751.0,34751.0,0.105771966278553,-0.0134660322219133,-0.845822811126709,0.9964913725852966,0.2348165512084961
raster,ndvi,ECO_L2T_STARS.002_NDVI-UQ_20220414T083743_aid0001_32N.tif,data/NDVI/ECO_L2T_STARS.002_NDVI-UQ_20220414T083743_aid0001_32N.tif,ECO_L2T_STARS.002_NDVI-UQ_20220414T083743_aid0001_32N.tif,2022-04-14 00:00:00,2022,4,morning,100.0,34751.0,True,True,False,1.0,True,32632.0,EPSG:32632,34751.0,34751.0,0.0140267293900251,0.0141673674806952,0.0092305606231093,0.3451127111911773,0.0099373860284686
raster,ndvi,ECO_L2T_STARS.002_NDVI_20220414T083743_aid0001_32N.tif,data/NDVI/ECO_L2T_STARS.002_NDVI_20220414T083743_aid0001_32N.tif,ECO_L2T_STARS.002_NDVI_20220414T083743_aid0001_32N.tif,2022-04-14 00:00:00,2022,4,morning,99.93957008431413,34730.0,True,True,False,1.0,True,32632.0,EPSG:32632,34751.0,34751.0,0.1057803928852081,-0.0126369018107652,-0.4351976215839386,0.9982375502586364,0.2349290996789932
raster,ndvi,ECO_L2T_STARS.002_NDVI-UQ_20220414T083835_aid0001_32N.tif,data/NDVI/ECO_L2T_STARS.002_NDVI-UQ_20220414T083835_aid0001_32N.tif,ECO_L2T_STARS.002_NDVI-UQ_20220414T083835_aid0001_32N.tif,2022-04-14 00:00:00,2022,4,morning,100.0,94.0,True,True,True,0.002704958130701275,False,32632.0,EPSG:32632,94.0,34751.0,0.016659177839756,0.0173491165041923,0.0100410347804427,0.0173491407185792,0.0017737825401127
raster,ndvi,ECO_L2T_STARS.002_NDVI_20220414T083835_aid0001_32N.tif,data/NDVI/ECO_L2T_STARS.002_NDVI_20220414T083835_aid0001_32N.tif,ECO_L2T_STARS.002_NDVI_20220414T083835_aid0001_32N.tif,2022-04-14 00:00:00,2022,4,morning,100.0,94.0,True,True,True,0.002704958130701275,False,32632.0,EPSG:32632,94.0,34751.0,-0.0363360121846199,-0.0396757274866104,-0.1136597320437431,0.2271361649036407,0.0412874817848205
raster,ndvi,ECO_L2T_STARS.002_NDVI-UQ_20220417T124039_aid0001_32N.tif,data/NDVI/ECO_L2T_STARS.002_NDVI-UQ_20220417T124039_aid0001_32N.tif,ECO_L2T_STARS.002_NDVI-UQ_20220417T124039_aid0001_32N.tif,2022-04-17 00:00:00,2022,4,midday_afternoon,100.0,34751.0,True,True,False,1.0,True,32632.0,EPSG:32632,34751.0,34751.0,0.016111759468913,0.017780652269721,0.005120588466525,0.310874730348587,0.0076626916415989
raster,ndvi,ECO_L2T_STARS.002_NDVI_20220417T124039_aid0001_32N.tif,data/NDVI/ECO_L2T_STARS.002_NDVI_20220417T124039_aid0001_32N.tif,ECO_L2T_STARS.002_NDVI_20220417T124039_aid0001_32N.tif,2022-04-17 00:00:00,2022,4,midday_afternoon,99.87914016862824,34709.0,True,True,False,1.0,True,32632.0,EPSG:32632,34751.0,34751.0,0.1460374444723129,0.0027548749931156,-0.474274218082428,0.9978429675102234,0.2779974341392517
raster,ndvi,ECO_L2T_STARS.002_NDVI-UQ_20220418T115201_aid0001_32N.tif,data/NDVI/ECO_L2T_STARS.002_NDVI-UQ_20220418T115201_aid0001_32N.tif,ECO_L2T_STARS.002_NDVI-UQ_20220418T115201_aid0001_32N.tif,2022-04-18 00:00:00,2022,4,midday_afternoon,100.0,34751.0,True,True,False,1.0,True,32632.0,EPSG:32632,34751.0,34751.0,0.0131519362330436,0.0141772869974374,0.0009845254244282,0.1334518939256668,0.0101643567904829
raster,ndvi,ECO_L2T_STARS.002_NDVI_20220418T115201_aid0001_32N.tif,data/NDVI/ECO_L2T_STARS.002_NDVI_20220418T115201_aid0001_32N.tif,ECO_L2T_STARS.002_NDVI_20220418T115201_aid0001_32N.tif,2022-04-18 00:00:00,2022,4,midday_afternoon,99.95683577451008,34736.0,True,True,False,1.0,True,32632.0,EPSG:32632,34751.0,34751.0,0.159722089767456,0.0175398923456668,-0.4760106801986694,0.9987519979476928,0.2816556394100189
raster,ndvi,ECO_L2T_STARS.002_NDVI-UQ_20220419T110355_aid0001_32N.tif,data/NDVI/ECO_L2T_STARS.002_NDVI-UQ_20220419T110355_aid0001_32N.tif,ECO_L2T_STARS.002_NDVI-UQ_20220419T110355_aid0001_32N.tif,2022-04-19 00:00:00,2022,4,midday_afternoon,100.0,34751.0,True,True,False,1.0,True,32632.0,EPSG:32632,34751.0,34751.0,0.0170134846121072,0.0173491165041923,0.0051167355850338,0.1529929190874099,0.008546132594347
raster,ndvi,ECO_L2T_STARS.002_NDVI_20220419T110355_aid0001_32N.tif,data/NDVI/ECO_L2T_STARS.002_NDVI_20220419T110355_aid0001_32N.tif,ECO_L2T_STARS.002_NDVI_20220419T110355_aid0001_32N.tif,2022-04-19 00:00:00,2022,4,midday_afternoon,99.9482029294121,34733.0,True,True,False,1.0,True,32632.0,EPSG:32632,34751.0,34751.0,0.156623899936676,0.0164546519517898,-0.5180767774581909,0.9997369647026062,0.2772856950759887
raster,ndvi,ECO_L2T_STARS.002_NDVI-UQ_20220420T070003_aid0001_32N.tif,data/NDVI/ECO_L2T_STARS.002_NDVI-UQ_20220420T070003_aid0001_32N.tif,ECO_L2T_STARS.002_NDVI-UQ_20220420T070003_aid0001_32N.tif,2022-04-20 00:00:00,2022,4,morning,100.0,34751.0,True,True,False,1.0,True,32632.0,EPSG:32632,34751.0,34751.0,0.0089544206857681,0.0077417786233127,0.0008607180207036,0.1284018158912658,0.0085220150649547
raster,ndvi,ECO_L2T_STARS.002_NDVI_20220420T070003_aid0001_32N.tif,data/NDVI/ECO_L2T_STARS.002_NDVI_20220420T070003_aid0001_32N.tif,ECO_L2T_STARS.002_NDVI_20220420T070003_aid0001_32N.tif,2022-04-20 00:00:00,2022,4,morning,99.97697907973873,34743.0,True,True,False,1.0,True,32632.0,EPSG:32632,34751.0,34751.0,0.1499145627021789,0.0631950870156288,-0.5744354128837585,0.997453272342682,0.2542044818401336
raster,ndvi,ECO_L2T_STARS.002_NDVI-UQ_20220420T070055_aid0001_32N.tif,data/NDVI/ECO_L2T_STARS.002_NDVI-UQ_20220420T070055_aid0001_32N.tif,ECO_L2T_STARS.002_NDVI-UQ_20220420T070055_aid0001_32N.tif,2022-04-20 00:00:00,2022,4,morning,100.0,94.0,True,True,True,0.002704958130701275,False,32632.0,EPSG:32632,94.0,34751.0,0.0021112244576215,0.0009008859633468,0.0008630818338133,0.0088769188150763,0.0020828160922974
raster,ndvi,ECO_L2T_STARS.002_NDVI_20220420T070055_aid0001_32N.tif,data/NDVI/ECO_L2T_STARS.002_NDVI_20220420T070055_aid0001_32N.tif,ECO_L2T_STARS.002_NDVI_20220420T070055_aid0001_32N.tif,2022-04-20 00:00:00,2022,4,morning,100.0,94.0,True,True,True,0.002704958130701275,False,32632.0,EPSG:32632,94.0,34751.0,-0.0877626612782478,-0.1040348410606384,-0.1604608595371246,0.1293517649173736,0.0423925444483757
raster,ndvi,ECO_L2T_STARS.002_NDVI-UQ_20220421T061146_aid0001_32N.tif,data/NDVI/ECO_L2T_STARS.002_NDVI-UQ_20220421T061146_aid0001_32N.tif,ECO_L2T_STARS.002_NDVI-UQ_20220421T061146_aid0001_32N.tif,2022-04-21 00:00:00,2022,4,morning,100.0,34751.0,True,True,False,1.0,True,32632.0,EPSG:32632,34751.0,34751.0,0.0024890669155865,0.0009943203767761,0.0008278765017166,0.0315968915820121,0.0050012227147817
raster,ndvi,ECO_L2T_STARS.002_NDVI_20220421T061146_aid0001_32N.tif,data/NDVI/ECO_L2T_STARS.002_NDVI_20220421T061146_aid0001_32N.tif,ECO_L2T_STARS.002_NDVI_20220421T061146_aid0001_32N.tif,2022-04-21 00:00:00,2022,4,morning,100.0,34751.0,True,True,False,1.0,True,32632.0,EPSG:32632,34751.0,34751.0,0.1746933311223983,0.0722596868872642,-0.5874760746955872,0.998463809490204,0.2715873420238495
raster,ndvi,ECO_L2T_STARS.002_NDVI-UQ_20220422T052338_aid0001_32N.tif,data/NDVI/ECO_L2T_STARS.002_NDVI-UQ_20220422T052338_aid0001_32N.tif,ECO_L2T_STARS.002_NDVI-UQ_20220422T052338_aid0001_32N.tif,2022-04-22 00:00:00,2022,4,morning,100.0,94.0,True,True,True,0.002704958130701275,False,32632.0,EPSG:32632,94.0,34751.0,0.0069834175519645,0.0070765735581517,0.0051273494027554,0.0087127378210425,0.0008875380153767
raster,ndvi,ECO_L2T_STARS.002_NDVI_20220422T052338_aid0001_32N.tif,data/NDVI/ECO_L2T_STARS.002_NDVI_20220422T052338_aid0001_32N.tif,ECO_L2T_STARS.002_NDVI_20220422T052338_aid0001_32N.tif,2022-04-22 00:00:00,2022,4,morning,100.0,94.0,True,True,True,0.002704958130701275,False,32632.0,EPSG:32632,94.0,34751.0,-0.0697174295783042,-0.0920298770070076,-0.1072021275758743,0.3505873084068298,0.067838042974472
raster,ndvi,ECO_L2T_STARS.002_NDVI-UQ_20220422T101457_aid0001_32N.tif,data/NDVI/ECO_L2T_STARS.002_NDVI-UQ_20220422T101457_aid0001_32N.tif,ECO_L2T_STARS.002_NDVI-UQ_20220422T101457_aid0001_32N.tif,2022-04-22 00:00:00,2022,4,midday_afternoon,100.0,34751.0,True,True,False,1.0,True,32632.0,EPSG:32632,34751.0,34751.0,0.0093086156994104,0.0082077290862798,0.0050859944894909,0.0744854137301445,0.004451117478311
raster,ndvi,ECO_L2T_STARS.002_NDVI_20220422T101457_aid0001_32N.tif,data/NDVI/ECO_L2T_STARS.002_NDVI_20220422T101457_aid0001_32N.tif,ECO_L2T_STARS.002_NDVI_20220422T101457_aid0001_32N.tif,2022-04-22 00:00:00,2022,4,midday_afternoon,100.0,34751.0,True,True,False,1.0,True,32632.0,EPSG:32632,34751.0,34751.0,0.1739292442798614,0.0720006301999092,-0.5872348546981812,0.995011866092682,0.270779550075531
raster,ndvi,ECO_L2T_STARS.002_NDVI-UQ_20220423T092547_aid0001_32N.tif,data/NDVI/ECO_L2T_STARS.002_NDVI-UQ_20220423T092547_aid0001_32N.tif,ECO_L2T_STARS.002_NDVI-UQ_20220423T092547_aid0001_32N.tif,2022-04-23 00:00:00,2022,4,midday_afternoon,100.0,34751.0,True,True,False,1.0,True,32632.0,EPSG:32632,34751.0,34751.0,0.0135540328919887,0.0120040047913789,0.0038140078540891,0.1535880118608474,0.0094000715762376
raster,ndvi,ECO_L2T_STARS.002_NDVI_20220423T092547_aid0001_32N.tif,data/NDVI/ECO_L2T_STARS.002_NDVI_20220423T092547_aid0001_32N.tif,ECO_L2T_STARS.002_NDVI_20220423T092547_aid0001_32N.tif,2022-04-23 00:00:00,2022,4,midday_afternoon,99.9194267790855,34723.0,True,True,False,1.0,True,32632.0,EPSG:32632,34751.0,34751.0,0.1712623387575149,0.0681174769997596,-0.5869172811508179,0.9851611256599426,0.2692866027355194
raster,ndvi,ECO_L2T_STARS.002_NDVI-UQ_20220424T052320_aid0001_32N.tif,data/NDVI/ECO_L2T_STARS.002_NDVI-UQ_20220424T052320_aid0001_32N.tif,ECO_L2T_STARS.002_NDVI-UQ_20220424T052320_aid0001_32N.tif,2022-04-24 00:00:00,2022,4,morning,100.0,34751.0,True,True,False,1.0,True,32632.0,EPSG:32632,34751.0,34751.0,0.0183522626757621,0.0173403322696685,0.0042485031299293,0.2725904285907745,0.0149436900392174
raster,ndvi,ECO_L2T_STARS.002_NDVI_20220424T052320_aid0001_32N.tif,data/NDVI/ECO_L2T_STARS.002_NDVI_20220424T052320_aid0001_32N.tif,ECO_L2T_STARS.002_NDVI_20220424T052320_aid0001_32N.tif,2022-04-24 00:00:00,2022,4,morning,99.90791631895485,34719.0,True,True,False,1.0,True,32632.0,EPSG:32632,34751.0,34751.0,0.1708782017230987,0.0677950605750083,-0.5871621370315552,0.9997811317443848,0.2689170837402344
raster,ndvi,ECO_L2T_STARS.002_NDVI-UQ_20220425T092624_aid0001_32N.tif,data/NDVI/ECO_L2T_STARS.002_NDVI-UQ_20220425T092624_aid0001_32N.tif,ECO_L2T_STARS.002_NDVI-UQ_20220425T092624_aid0001_32N.tif,2022-04-25 00:00:00,2022,4,midday_afternoon,100.0,34751.0,True,True,False,1.0,True,32632.0,EPSG:32632,34751.0,34751.0,0.0214258469641208,0.0200173649936914,0.0042524947784841,0.3737650215625763,0.0184480343014001
raster,ndvi,ECO_L2T_STARS.002_NDVI_20220425T092624_aid0001_32N.tif,data/NDVI/ECO_L2T_STARS.002_NDVI_20220425T092624_aid0001_32N.tif,ECO_L2T_STARS.002_NDVI_20220425T092624_aid0001_32N.tif,2022-04-25 00:00:00,2022,4,midday_afternoon,99.89065062875888,34713.0,True,True,False,1.0,True,32632.0,EPSG:32632,34751.0,34751.0,0.171248197555542,0.0675593316555023,-0.5871714949607849,0.9942798614501952,0.2697049081325531
raster,ndvi,ECO_L2T_STARS.002_NDVI-UQ_20220426T083838_aid0001_32N.tif,data/NDVI/ECO_L2T_STARS.002_NDVI-UQ_20220426T083838_aid0001_32N.tif,ECO_L2T_STARS.002_NDVI-UQ_20220426T083838_aid0001_32N.tif,2022-04-26 00:00:00,2022,4,morning,100.0,34751.0,True,True,False,1.0,True,32632.0,EPSG:32632,34751.0,34751.0,0.0202662833034992,0.020198693498969,0.0009900468867272,0.4234844744205475,0.0218317955732345
raster,ndvi,ECO_L2T_STARS.002_NDVI_20220426T083838_aid0001_32N.tif,data/NDVI/ECO_L2T_STARS.002_NDVI_20220426T083838_aid0001_32N.tif,ECO_L2T_STARS.002_NDVI_20220426T083838_aid0001_32N.tif,2022-04-26 00:00:00,2022,4,morning,99.51943828954562,34584.0,True,True,False,1.0,True,32632.0,EPSG:32632,34751.0,34751.0,0.1605019271373748,0.0495306104421615,-0.5871683359146118,0.9995627999305724,0.2721634805202484
raster,ndvi,ECO_L2T_STARS.002_NDVI-UQ_20220427T075054_aid0001_32N.tif,data/NDVI/ECO_L2T_STARS.002_NDVI-UQ_20220427T075054_aid0001_32N.tif,ECO_L2T_STARS.002_NDVI-UQ_20220427T075054_aid0001_32N.tif,2022-04-27 00:00:00,2022,4,morning,100.0,94.0,True,True,True,0.002704958130701275,False,32632.0,EPSG:32632,94.0,34751.0,0.0157832186669111,0.014887960627675,0.0040244469419121,0.0497058369219303,0.0100611960515379
raster,ndvi,ECO_L2T_STARS.002_NDVI_20220427T075054_aid0001_32N.tif,data/NDVI/ECO_L2T_STARS.002_NDVI_20220427T075054_aid0001_32N.tif,ECO_L2T_STARS.002_NDVI_20220427T075054_aid0001_32N.tif,2022-04-27 00:00:00,2022,4,morning,100.0,94.0,True,True,True,0.002704958130701275,False,32632.0,EPSG:32632,94.0,34751.0,-0.0323078297078609,-0.0538354851305484,-0.0993988960981369,0.4806379377841949,0.0907643437385559
raster,ndvi,ECO_L2T_STARS.002_NDVI-UQ_20220429T075044_aid0001_32N.tif,data/NDVI/ECO_L2T_STARS.002_NDVI-UQ_20220429T075044_aid0001_32N.tif,ECO_L2T_STARS.002_NDVI-UQ_20220429T075044_aid0001_32N.tif,2022-04-29 00:00:00,2022,4,morning,100.0,34751.0,True,True,False,1.0,True,32632.0,EPSG:32632,34751.0,34751.0,0.0315349511802196,0.0253901649266481,0.000713036104571,0.4264801144599914,0.0358928479254245
raster,ndvi,ECO_L2T_STARS.002_NDVI_20220429T075044_aid0001_32N.tif,data/NDVI/ECO_L2T_STARS.002_NDVI_20220429T075044_aid0001_32N.tif,ECO_L2T_STARS.002_NDVI_20220429T075044_aid0001_32N.tif,2022-04-29 00:00:00,2022,4,morning,98.37414750654658,34186.0,True,True,False,1.0,True,32632.0,EPSG:32632,34751.0,34751.0,0.1889233887195587,0.0648770034313201,-0.913888156414032,0.9996196031570436,0.291268527507782
raster,ndvi,ECO_L2T_STARS.002_NDVI-UQ_20220429T075135_aid0001_32N.tif,data/NDVI/ECO_L2T_STARS.002_NDVI-UQ_20220429T075135_aid0001_32N.tif,ECO_L2T_STARS.002_NDVI-UQ_20220429T075135_aid0001_32N.tif,2022-04-29 00:00:00,2022,4,morning,100.0,94.0,True,True,True,0.002704958130701275,False,32632.0,EPSG:32632,94.0,34751.0,0.0280633680522441,0.0248917639255523,0.0071849497035145,0.1059019342064857,0.021376609802246
raster,ndvi,ECO_L2T_STARS.002_NDVI_20220429T075135_aid0001_32N.tif,data/NDVI/ECO_L2T_STARS.002_NDVI_20220429T075135_aid0001_32N.tif,ECO_L2T_STARS.002_NDVI_20220429T075135_aid0001_32N.tif,2022-04-29 00:00:00,2022,4,morning,100.0,94.0,True,True,True,0.002704958130701275,False,32632.0,EPSG:32632,94.0,34751.0,-0.0463136062026023,-0.066523477435112,-0.097323477268219,0.4237580001354217,0.0786621570587158
raster,ndvi,ECO_L2T_STARS.002_NDVI-UQ_20220430T070234_aid0001_32N.tif,data/NDVI/ECO_L2T_STARS.002_NDVI-UQ_20220430T070234_aid0001_32N.tif,ECO_L2T_STARS.002_NDVI-UQ_20220430T070234_aid0001_32N.tif,2022-04-30 00:00:00,2022,4,morning,100.0,34751.0,True,True,False,1.0,True,32632.0,EPSG:32632,34751.0,34751.0,0.0415887646377086,0.0290344785898923,0.001705921953544,0.5211037993431091,0.044278435409069
raster,ndvi,ECO_L2T_STARS.002_NDVI_20220430T070234_aid0001_32N.tif,data/NDVI/ECO_L2T_STARS.002_NDVI_20220430T070234_aid0001_32N.tif,ECO_L2T_STARS.002_NDVI_20220430T070234_aid0001_32N.tif,2022-04-30 00:00:00,2022,4,morning,98.12667261373772,34100.0,True,True,False,1.0,True,32632.0,EPSG:32632,34751.0,34751.0,0.1900264024734497,0.063373178243637,-0.8943978548049927,0.9998329877853394,0.2944018244743347
raster,ndvi,ECO_L2T_STARS.002_NDVI-UQ_20220501T061422_aid0001_32N.tif,data/NDVI/ECO_L2T_STARS.002_NDVI-UQ_20220501T061422_aid0001_32N.tif,ECO_L2T_STARS.002_NDVI-UQ_20220501T061422_aid0001_32N.tif,2022-05-01 00:00:00,2022,5,morning,100.0,94.0,True,True,True,0.002704958130701275,False,32632.0,EPSG:32632,94.0,34751.0,0.0379302129149436,0.0342884473502635,0.0132556576281785,0.1421780586242675,0.0279696956276893
raster,ndvi,ECO_L2T_STARS.002_NDVI_20220501T061422_aid0001_32N.tif,data/NDVI/ECO_L2T_STARS.002_NDVI_20220501T061422_aid0001_32N.tif,ECO_L2T_STARS.002_NDVI_20220501T061422_aid0001_32N.tif,2022-05-01 00:00:00,2022,5,morning,100.0,94.0,True,True,True,0.002704958130701275,False,32632.0,EPSG:32632,94.0,34751.0,-0.0464591421186924,-0.0690073668956756,-0.0966979041695594,0.4288840293884277,0.0800866708159446
raster,ndvi,ECO_L2T_STARS.002_NDVI-UQ_20220503T061442_aid0001_32N.tif,data/NDVI/ECO_L2T_STARS.002_NDVI-UQ_20220503T061442_aid0001_32N.tif,ECO_L2T_STARS.002_NDVI-UQ_20220503T061442_aid0001_32N.tif,2022-05-03 00:00:00,2022,5,morning,100.0,34751.0,True,True,False,1.0,True,32632.0,EPSG:32632,34751.0,34751.0,0.0572055652737617,0.0341006480157375,0.0043425480835139,0.7306665778160095,0.0624887980520725
raster,ndvi,ECO_L2T_STARS.002_NDVI_20220503T061442_aid0001_32N.tif,data/NDVI/ECO_L2T_STARS.002_NDVI_20220503T061442_aid0001_32N.tif,ECO_L2T_STARS.002_NDVI_20220503T061442_aid0001_32N.tif,2022-05-03 00:00:00,2022,5,morning,97.98566947713736,34051.0,True,True,False,1.0,True,32632.0,EPSG:32632,34751.0,34751.0,0.1893523782491684,0.0623119547963142,-0.8943422436714172,0.9995185136795044,0.2949792444705963
raster,ndvi,ECO_L2T_STARS.002_NDVI-UQ_20220504T052646_aid0001_32N.tif,data/NDVI/ECO_L2T_STARS.002_NDVI-UQ_20220504T052646_aid0001_32N.tif,ECO_L2T_STARS.002_NDVI-UQ_20220504T052646_aid0001_32N.tif,2022-05-04 00:00:00,2022,5,morning,100.0,34751.0,True,True,False,1.0,True,32632.0,EPSG:32632,34751.0,34751.0,0.0592823736369609,0.0355584882199764,0.0079770246520638,0.7419339418411255,0.0632951408624649
raster,ndvi,ECO_L2T_STARS.002_NDVI_20220504T052646_aid0001_32N.tif,data/NDVI/ECO_L2T_STARS.002_NDVI_20220504T052646_aid0001_32N.tif,ECO_L2T_STARS.002_NDVI_20220504T052646_aid0001_32N.tif,2022-05-04 00:00:00,2022,5,morning,97.91948433138614,34028.0,True,True,False,1.0,True,32632.0,EPSG:32632,34751.0,34751.0,0.1893727779388427,0.061723880469799,-0.8943422436714172,0.9999745488166808,0.2955258786678314
raster,ndvi,ECO_L2T_STARS.002_NDVI-UQ_20220507T043843_aid0001_32N.tif,data/NDVI/ECO_L2T_STARS.002_NDVI-UQ_20220507T043843_aid0001_32N.tif,ECO_L2T_STARS.002_NDVI-UQ_20220507T043843_aid0001_32N.tif,2022-05-07 00:00:00,2022,5,morning,100.0,94.0,True,True,True,0.002704958130701275,False,32632.0,EPSG:32632,94.0,34751.0,0.0503814630210399,0.045294351875782,0.0242398232221603,0.1718943864107132,0.0318164117634296
raster,ndvi,ECO_L2T_STARS.002_NDVI_20220507T043843_aid0001_32N.tif,data/NDVI/ECO_L2T_STARS.002_NDVI_20220507T043843_aid0001_32N.tif,ECO_L2T_STARS.002_NDVI_20220507T043843_aid0001_32N.tif,2022-05-07 00:00:00,2022,5,morning,100.0,94.0,True,True,True,0.002704958130701275,False,32632.0,EPSG:32632,94.0,34751.0,-0.0455807968974113,-0.068330705165863,-0.0966979041695594,0.4272667169570923,0.0794470235705375
raster,ndvi,ECO_L2T_STARS.002_NDVI-UQ_20220524T172343_aid0001_32N.tif,data/NDVI/ECO_L2T_STARS.002_NDVI-UQ_20220524T172343_aid0001_32N.tif,ECO_L2T_STARS.002_NDVI-UQ_20220524T172343_aid0001_32N.tif,2022-05-24 00:00:00,2022,5,evening,100.0,34751.0,True,True,False,1.0,True,32632.0,EPSG:32632,34751.0,34751.0,0.0522764287889003,0.0405350066721439,0.0050958902575075,0.7424356937408447,0.0496386475861072
raster,ndvi,ECO_L2T_STARS.002_NDVI_20220524T172343_aid0001_32N.tif,data/NDVI/ECO_L2T_STARS.002_NDVI_20220524T172343_aid0001_32N.tif,ECO_L2T_STARS.002_NDVI_20220524T172343_aid0001_32N.tif,2022-05-24 00:00:00,2022,5,evening,98.43457742223244,34207.0,True,True,False,1.0,True,32632.0,EPSG:32632,34751.0,34751.0,0.2313221842050552,0.1376295089721679,-0.9715229868888856,0.9993587136268616,0.2953028976917267
raster,ndvi,ECO_L2T_STARS.002_NDVI-UQ_20220524T172435_aid0001_32N.tif,data/NDVI/ECO_L2T_STARS.002_NDVI-UQ_20220524T172435_aid0001_32N.tif,ECO_L2T_STARS.002_NDVI-UQ_20220524T172435_aid0001_32N.tif,2022-05-24 00:00:00,2022,5,evening,100.0,94.0,True,True,True,0.002704958130701275,False,32632.0,EPSG:32632,94.0,34751.0,0.0297399908304214,0.0299999993294477,0.0258519910275936,0.0299999993294477,0.0007818696321919
raster,ndvi,ECO_L2T_STARS.002_NDVI_20220524T172435_aid0001_32N.tif,data/NDVI/ECO_L2T_STARS.002_NDVI_20220524T172435_aid0001_32N.tif,ECO_L2T_STARS.002_NDVI_20220524T172435_aid0001_32N.tif,2022-05-24 00:00:00,2022,5,evening,100.0,94.0,True,True,True,0.002704958130701275,False,32632.0,EPSG:32632,94.0,34751.0,0.3179836571216583,0.3000000119209289,0.3000000119209289,0.5109358429908752,0.0479601472616195
raster,ndvi,ECO_L2T_STARS.002_NDVI-UQ_20220525T163559_aid0001_32N.tif,data/NDVI/ECO_L2T_STARS.002_NDVI-UQ_20220525T163559_aid0001_32N.tif,ECO_L2T_STARS.002_NDVI-UQ_20220525T163559_aid0001_32N.tif,2022-05-25 00:00:00,2022,5,evening,100.0,34751.0,True,True,False,1.0,True,32632.0,EPSG:32632,34751.0,34751.0,0.0544744543731212,0.0420938096940517,0.0076457792893052,0.7425026893615723,0.0493450537323951
raster,ndvi,ECO_L2T_STARS.002_NDVI_20220525T163559_aid0001_32N.tif,data/NDVI/ECO_L2T_STARS.002_NDVI_20220525T163559_aid0001_32N.tif,ECO_L2T_STARS.002_NDVI_20220525T163559_aid0001_32N.tif,2022-05-25 00:00:00,2022,5,evening,98.40292365687318,34196.0,True,True,False,1.0,True,32632.0,EPSG:32632,34751.0,34751.0,0.231348380446434,0.1376826763153076,-0.8504859209060669,0.999555230140686,0.2953997254371643
raster,ndvi,ECO_L2T_STARS.002_NDVI-UQ_20220526T154821_aid0001_32N.tif,data/NDVI/ECO_L2T_STARS.002_NDVI-UQ_20220526T154821_aid0001_32N.tif,ECO_L2T_STARS.002_NDVI-UQ_20220526T154821_aid0001_32N.tif,2022-05-26 00:00:00,2022,5,evening,100.0,94.0,True,True,True,0.002704958130701275,False,32632.0,EPSG:32632,94.0,34751.0,0.0598596148192882,0.0541204735636711,0.038569014519453,0.174462080001831,0.0290150474756956
raster,ndvi,ECO_L2T_STARS.002_NDVI_20220526T154821_aid0001_32N.tif,data/NDVI/ECO_L2T_STARS.002_NDVI_20220526T154821_aid0001_32N.tif,ECO_L2T_STARS.002_NDVI_20220526T154821_aid0001_32N.tif,2022-05-26 00:00:00,2022,5,evening,100.0,94.0,True,True,True,0.002704958130701275,False,32632.0,EPSG:32632,94.0,34751.0,-0.00256736157462,-0.0680475607514381,-0.0966979041695594,0.9632083773612976,0.2005068957805633
raster,ndvi,ECO_L2T_STARS.002_NDVI-UQ_20220528T154844_aid0001_32N.tif,data/NDVI/ECO_L2T_STARS.002_NDVI-UQ_20220528T154844_aid0001_32N.tif,ECO_L2T_STARS.002_NDVI-UQ_20220528T154844_aid0001_32N.tif,2022-05-28 00:00:00,2022,5,evening,100.0,34751.0,True,True,False,1.0,True,32632.0,EPSG:32632,34751.0,34751.0,0.06313356757164,0.0466776229441165,0.0030953139066696,0.7426897287368774,0.058703351765871
raster,ndvi,ECO_L2T_STARS.002_NDVI_20220528T154844_aid0001_32N.tif,data/NDVI/ECO_L2T_STARS.002_NDVI_20220528T154844_aid0001_32N.tif,ECO_L2T_STARS.002_NDVI_20220528T154844_aid0001_32N.tif,2022-05-28 00:00:00,2022,5,evening,98.0633650830192,34078.0,True,True,False,1.0,True,32632.0,EPSG:32632,34751.0,34751.0,0.2444291412830352,0.1526326090097427,-0.948395848274231,0.9999710321426392,0.3019192218780517
raster,ndvi,ECO_L2T_STARS.002_NDVI-UQ_20220529T150052_aid0001_32N.tif,data/NDVI/ECO_L2T_STARS.002_NDVI-UQ_20220529T150052_aid0001_32N.tif,ECO_L2T_STARS.002_NDVI-UQ_20220529T150052_aid0001_32N.tif,2022-05-29 00:00:00,2022,5,evening,100.0,34751.0,True,True,False,1.0,True,32632.0,EPSG:32632,34751.0,34751.0,0.0654282122850418,0.0478372350335121,0.0104680927470326,0.8284892439842224,0.0616160966455936
raster,ndvi,ECO_L2T_STARS.002_NDVI_20220529T150052_aid0001_32N.tif,data/NDVI/ECO_L2T_STARS.002_NDVI_20220529T150052_aid0001_32N.tif,ECO_L2T_STARS.002_NDVI_20220529T150052_aid0001_32N.tif,2022-05-29 00:00:00,2022,5,evening,97.97128140197404,34046.0,True,True,False,1.0,True,32632.0,EPSG:32632,34751.0,34751.0,0.2436030060052871,0.1505859196186065,-0.948395848274231,0.9999710321426392,0.3021875917911529
raster,ndvi,ECO_L2T_STARS.002_NDVI-UQ_20220530T141248_aid0001_32N.tif,data/NDVI/ECO_L2T_STARS.002_NDVI-UQ_20220530T141248_aid0001_32N.tif,ECO_L2T_STARS.002_NDVI-UQ_20220530T141248_aid0001_32N.tif,2022-05-30 00:00:00,2022,5,evening,100.0,94.0,True,True,True,0.002704958130701275,False,32632.0,EPSG:32632,94.0,34751.0,0.0293538514524698,0.0299999993294477,0.0241427980363369,0.0299999993294477,0.0015799095854163
raster,ndvi,ECO_L2T_STARS.002_NDVI_20220530T141248_aid0001_32N.tif,data/NDVI/ECO_L2T_STARS.002_NDVI_20220530T141248_aid0001_32N.tif,ECO_L2T_STARS.002_NDVI_20220530T141248_aid0001_32N.tif,2022-05-30 00:00:00,2022,5,evening,100.0,94.0,True,True,True,0.002704958130701275,False,32632.0,EPSG:32632,94.0,34751.0,0.2789899706840515,0.3000000119209289,0.082181379199028,0.3000000119209289,0.0548195615410804
raster,ndvi,ECO_L2T_STARS.002_NDVI-UQ_20220601T141303_aid0001_32N.tif,data/NDVI/ECO_L2T_STARS.002_NDVI-UQ_20220601T141303_aid0001_32N.tif,ECO_L2T_STARS.002_NDVI-UQ_20220601T141303_aid0001_32N.tif,2022-06-01 00:00:00,2022,6,evening,100.0,34751.0,True,True,False,1.0,True,32632.0,EPSG:32632,34751.0,34751.0,0.0383624285459518,0.0279549285769462,0.003414403880015,0.9358588457107544,0.0670055523514747
raster,ndvi,ECO_L2T_STARS.002_NDVI_20220601T141303_aid0001_32N.tif,data/NDVI/ECO_L2T_STARS.002_NDVI_20220601T141303_aid0001_32N.tif,ECO_L2T_STARS.002_NDVI_20220601T141303_aid0001_32N.tif,2022-06-01 00:00:00,2022,6,evening,99.89352824379154,34714.0,True,True,False,1.0,True,32632.0,EPSG:32632,34751.0,34751.0,0.3455115556716919,0.3000000119209289,-0.9597982168197632,0.9983721375465392,0.185057982802391
raster,ndvi,ECO_L2T_STARS.002_NDVI-UQ_20220604T132418_aid0001_32N.tif,data/NDVI/ECO_L2T_STARS.002_NDVI-UQ_20220604T132418_aid0001_32N.tif,ECO_L2T_STARS.002_NDVI-UQ_20220604T132418_aid0001_32N.tif,2022-06-04 00:00:00,2022,6,midday_afternoon,100.0,34751.0,True,True,False,1.0,True,32632.0,EPSG:32632,34751.0,34751.0,0.0449204929172992,0.0329510979354381,0.0176538433879613,0.9360191226005554,0.069210410118103
raster,ndvi,ECO_L2T_STARS.002_NDVI_20220604T132418_aid0001_32N.tif,data/NDVI/ECO_L2T_STARS.002_NDVI_20220604T132418_aid0001_32N.tif,ECO_L2T_STARS.002_NDVI_20220604T132418_aid0001_32N.tif,2022-06-04 00:00:00,2022,6,midday_afternoon,99.89352824379154,34714.0,True,True,False,1.0,True,32632.0,EPSG:32632,34751.0,34751.0,0.345839262008667,0.3000000119209289,-0.9597982168197632,0.9983721375465392,0.1842467337846756
raster,ndvi,ECO_L2T_STARS.002_NDVI-UQ_20220604T163858_aid0001_32N.tif,data/NDVI/ECO_L2T_STARS.002_NDVI-UQ_20220604T163858_aid0001_32N.tif,ECO_L2T_STARS.002_NDVI-UQ_20220604T163858_aid0001_32N.tif,2022-06-04 00:00:00,2022,6,evening,100.0,94.0,True,True,True,0.002704958130701275,False,32632.0,EPSG:32632,94.0,34751.0,0.0299999974668025,0.0299999993294477,0.0299999993294477,0.0299999993294477,1.862645149230957e-09
raster,ndvi,ECO_L2T_STARS.002_NDVI_20220604T163858_aid0001_32N.tif,data/NDVI/ECO_L2T_STARS.002_NDVI_20220604T163858_aid0001_32N.tif,ECO_L2T_STARS.002_NDVI_20220604T163858_aid0001_32N.tif,2022-06-04 00:00:00,2022,6,evening,100.0,94.0,True,True,True,0.002704958130701275,False,32632.0,EPSG:32632,94.0,34751.0,0.2999999225139618,0.3000000119209289,0.3000000119209289,0.3000000119209289,8.940696716308595e-08
raster,ndvi,ECO_L2T_STARS.002_NDVI-UQ_20220605T123628_aid0001_32N.tif,data/NDVI/ECO_L2T_STARS.002_NDVI-UQ_20220605T123628_aid0001_32N.tif,ECO_L2T_STARS.002_NDVI-UQ_20220605T123628_aid0001_32N.tif,2022-06-05 00:00:00,2022,6,midday_afternoon,100.0,34751.0,True,True,False,1.0,True,32632.0,EPSG:32632,34751.0,34751.0,0.0277860444039106,0.0299999993294477,0.0165158063173294,0.0299999993294477,0.0029151700437068
raster,ndvi,ECO_L2T_STARS.002_NDVI_20220605T123628_aid0001_32N.tif,data/NDVI/ECO_L2T_STARS.002_NDVI_20220605T123628_aid0001_32N.tif,ECO_L2T_STARS.002_NDVI_20220605T123628_aid0001_32N.tif,2022-06-05 00:00:00,2022,6,midday_afternoon,99.99712238496734,34750.0,True,True,False,1.0,True,32632.0,EPSG:32632,34751.0,34751.0,0.3364414870738983,0.3000000119209289,-0.3351112008094787,0.9957839250564576,0.1423069387674331
raster,ndvi,ECO_L2T_STARS.002_NDVI-UQ_20220606T114746_aid0001_32N.tif,data/NDVI/ECO_L2T_STARS.002_NDVI-UQ_20220606T114746_aid0001_32N.tif,ECO_L2T_STARS.002_NDVI-UQ_20220606T114746_aid0001_32N.tif,2022-06-06 00:00:00,2022,6,midday_afternoon,100.0,34751.0,True,True,False,1.0,True,32632.0,EPSG:32632,34751.0,34751.0,0.0479400493204593,0.0358577035367488,0.0216997154057025,0.9361259341239928,0.068620465695858
raster,ndvi,ECO_L2T_STARS.002_NDVI_20220606T114746_aid0001_32N.tif,data/NDVI/ECO_L2T_STARS.002_NDVI_20220606T114746_aid0001_32N.tif,ECO_L2T_STARS.002_NDVI_20220606T114746_aid0001_32N.tif,2022-06-06 00:00:00,2022,6,midday_afternoon,99.89352824379154,34714.0,True,True,False,1.0,True,32632.0,EPSG:32632,34751.0,34751.0,0.344653308391571,0.3000000119209289,-0.9597982168197632,0.9983721375465392,0.1839735060930252
raster,ndvi,ECO_L2T_STARS.002_NDVI-UQ_20220607T155126_aid0001_32N.tif,data/NDVI/ECO_L2T_STARS.002_NDVI-UQ_20220607T155126_aid0001_32N.tif,ECO_L2T_STARS.002_NDVI-UQ_20220607T155126_aid0001_32N.tif,2022-06-07 00:00:00,2022,6,evening,100.0,34751.0,True,True,False,1.0,True,32632.0,EPSG:32632,34751.0,34751.0,0.0289221219718456,0.0299999993294477,0.0159384496510028,0.0299999993294477,0.0017019573133438
raster,ndvi,ECO_L2T_STARS.002_NDVI_20220607T155126_aid0001_32N.tif,data/NDVI/ECO_L2T_STARS.002_NDVI_20220607T155126_aid0001_32N.tif,ECO_L2T_STARS.002_NDVI_20220607T155126_aid0001_32N.tif,2022-06-07 00:00:00,2022,6,evening,100.0,34751.0,True,True,False,1.0,True,32632.0,EPSG:32632,34751.0,34751.0,0.332107812166214,0.3000000119209289,-0.3346704244613647,0.9952778816223145,0.1377900838851928
raster,ndvi,ECO_L2T_STARS.002_NDVI-UQ_20220608T114756_aid0001_32N.tif,data/NDVI/ECO_L2T_STARS.002_NDVI-UQ_20220608T114756_aid0001_32N.tif,ECO_L2T_STARS.002_NDVI-UQ_20220608T114756_aid0001_32N.tif,2022-06-08 00:00:00,2022,6,midday_afternoon,100.0,34751.0,True,True,False,1.0,True,32632.0,EPSG:32632,34751.0,34751.0,0.0294214803725481,0.0299999993294477,0.0168840531259775,0.0299999993294477,0.0018256325274705
raster,ndvi,ECO_L2T_STARS.002_NDVI_20220608T114756_aid0001_32N.tif,data/NDVI/ECO_L2T_STARS.002_NDVI_20220608T114756_aid0001_32N.tif,ECO_L2T_STARS.002_NDVI_20220608T114756_aid0001_32N.tif,2022-06-08 00:00:00,2022,6,midday_afternoon,100.0,34751.0,True,True,False,1.0,True,32632.0,EPSG:32632,34751.0,34751.0,0.3090644180774688,0.3000000119209289,-0.000254677113844,0.8514167666435242,0.0822615027427673
raster,ndvi,ECO_L2T_STARS.002_NDVI-UQ_20220609T155101_aid0001_32N.tif,data/NDVI/ECO_L2T_STARS.002_NDVI-UQ_20220609T155101_aid0001_32N.tif,ECO_L2T_STARS.002_NDVI-UQ_20220609T155101_aid0001_32N.tif,2022-06-09 00:00:00,2022,6,evening,100.0,34751.0,True,True,False,1.0,True,32632.0,EPSG:32632,34751.0,34751.0,0.0296148415654897,0.0299999993294477,0.0168840549886226,0.0299999993294477,0.0015615773154422
raster,ndvi,ECO_L2T_STARS.002_NDVI_20220609T155101_aid0001_32N.tif,data/NDVI/ECO_L2T_STARS.002_NDVI_20220609T155101_aid0001_32N.tif,ECO_L2T_STARS.002_NDVI_20220609T155101_aid0001_32N.tif,2022-06-09 00:00:00,2022,6,evening,100.0,34751.0,True,True,False,1.0,True,32632.0,EPSG:32632,34751.0,34751.0,0.303862452507019,0.3000000119209289,0.0543268732726573,0.8182346820831299,0.0493832789361476
raster,ndvi,ECO_L2T_STARS.002_NDVI-UQ_20220610T101130_aid0001_32N.tif,data/NDVI/ECO_L2T_STARS.002_NDVI-UQ_20220610T101130_aid0001_32N.tif,ECO_L2T_STARS.002_NDVI-UQ_20220610T101130_aid0001_32N.tif,2022-06-10 00:00:00,2022,6,midday_afternoon,100.0,34751.0,True,True,False,1.0,True,32632.0,EPSG:32632,34751.0,34751.0,0.0260530449450016,0.0316227748990058,0.0009986939840018,0.0316227748990058,0.0114125655964016
raster,ndvi,ECO_L2T_STARS.002_NDVI_20220610T101130_aid0001_32N.tif,data/NDVI/ECO_L2T_STARS.002_NDVI_20220610T101130_aid0001_32N.tif,ECO_L2T_STARS.002_NDVI_20220610T101130_aid0001_32N.tif,2022-06-10 00:00:00,2022,6,midday_afternoon,100.0,34751.0,True,True,False,1.0,True,32632.0,EPSG:32632,34751.0,34751.0,0.3793337643146515,0.3000000119209289,-0.0759744793176651,0.964953064918518,0.1576798409223556
raster,ndvi,ECO_L2T_STARS.002_NDVI-UQ_20220611T141420_aid0001_32N.tif,data/NDVI/ECO_L2T_STARS.002_NDVI-UQ_20220611T141420_aid0001_32N.tif,ECO_L2T_STARS.002_NDVI-UQ_20220611T141420_aid0001_32N.tif,2022-06-11 00:00:00,2022,6,evening,100.0,34751.0,True,True,False,1.0,True,32632.0,EPSG:32632,34751.0,34751.0,0.0246155858039855,0.0299999993294477,0.0075996527448296,0.0299999993294477,0.0076439892873167
raster,ndvi,ECO_L2T_STARS.002_NDVI_20220611T141420_aid0001_32N.tif,data/NDVI/ECO_L2T_STARS.002_NDVI_20220611T141420_aid0001_32N.tif,ECO_L2T_STARS.002_NDVI_20220611T141420_aid0001_32N.tif,2022-06-11 00:00:00,2022,6,evening,100.0,34751.0,True,True,False,1.0,True,32632.0,EPSG:32632,34751.0,34751.0,0.38965705037117,0.3000000119209289,-0.0746709033846855,0.9613518714904784,0.1754153817892074
raster,ndvi,ECO_L2T_STARS.002_NDVI-UQ_20220612T101126_aid0001_32N.tif,data/NDVI/ECO_L2T_STARS.002_NDVI-UQ_20220612T101126_aid0001_32N.tif,ECO_L2T_STARS.002_NDVI-UQ_20220612T101126_aid0001_32N.tif,2022-06-12 00:00:00,2022,6,midday_afternoon,100.0,34751.0,True,True,False,1.0,True,32632.0,EPSG:32632,34751.0,34751.0,0.021401509642601,0.0298617593944072,0.0009925949852913,0.0316227748990058,0.0124801574274897
raster,ndvi,ECO_L2T_STARS.002_NDVI_20220612T101126_aid0001_32N.tif,data/NDVI/ECO_L2T_STARS.002_NDVI_20220612T101126_aid0001_32N.tif,ECO_L2T_STARS.002_NDVI_20220612T101126_aid0001_32N.tif,2022-06-12 00:00:00,2022,6,midday_afternoon,100.0,34751.0,True,True,False,1.0,True,32632.0,EPSG:32632,34751.0,34751.0,0.4078974425792694,0.3000000119209289,-0.0746709033846855,0.9613518714904784,0.1831702291965484
raster,ndvi,ECO_L2T_STARS.002_NDVI-UQ_20220613T092328_aid0001_32N.tif,data/NDVI/ECO_L2T_STARS.002_NDVI-UQ_20220613T092328_aid0001_32N.tif,ECO_L2T_STARS.002_NDVI-UQ_20220613T092328_aid0001_32N.tif,2022-06-13 00:00:00,2022,6,midday_afternoon,100.0,34751.0,True,True,False,1.0,True,32632.0,EPSG:32632,34751.0,34751.0,0.0249002203345298,0.0315533466637134,0.0100491419434547,0.039277646690607,0.0095972763374447
raster,ndvi,ECO_L2T_STARS.002_NDVI_20220613T092328_aid0001_32N.tif,data/NDVI/ECO_L2T_STARS.002_NDVI_20220613T092328_aid0001_32N.tif,ECO_L2T_STARS.002_NDVI_20220613T092328_aid0001_32N.tif,2022-06-13 00:00:00,2022,6,midday_afternoon,100.0,34751.0,True,True,False,1.0,True,32632.0,EPSG:32632,34751.0,34751.0,0.4082878232002258,0.3000000119209289,-0.0746709033846855,0.9613518714904784,0.183014690876007
raster,ndvi,ECO_L2T_STARS.002_NDVI-UQ_20220614T083424_aid0001_32N.tif,data/NDVI/ECO_L2T_STARS.002_NDVI-UQ_20220614T083424_aid0001_32N.tif,ECO_L2T_STARS.002_NDVI-UQ_20220614T083424_aid0001_32N.tif,2022-06-14 00:00:00,2022,6,morning,100.0,34751.0,True,True,False,1.0,True,32632.0,EPSG:32632,34751.0,34751.0,0.0270458348095417,0.0330071486532688,0.0115251122042536,0.0493711493909359,0.0086064403876662
raster,ndvi,ECO_L2T_STARS.002_NDVI_20220614T083424_aid0001_32N.tif,data/NDVI/ECO_L2T_STARS.002_NDVI_20220614T083424_aid0001_32N.tif,ECO_L2T_STARS.002_NDVI_20220614T083424_aid0001_32N.tif,2022-06-14 00:00:00,2022,6,morning,100.0,34751.0,True,True,False,1.0,True,32632.0,EPSG:32632,34751.0,34751.0,0.4099678993225097,0.3000000119209289,-0.0746709033846855,0.9613518714904784,0.1824701130390167
raster,ndvi,ECO_L2T_STARS.002_NDVI-UQ_20220614T083516_aid0001_32N.tif,data/NDVI/ECO_L2T_STARS.002_NDVI-UQ_20220614T083516_aid0001_32N.tif,ECO_L2T_STARS.002_NDVI-UQ_20220614T083516_aid0001_32N.tif,2022-06-14 00:00:00,2022,6,morning,100.0,94.0,True,True,True,0.002704958130701275,False,32632.0,EPSG:32632,94.0,34751.0,0.0326096415519714,0.0346410162746906,0.0182638354599475,0.0346410162746906,0.0049978792667388
raster,ndvi,ECO_L2T_STARS.002_NDVI_20220614T083516_aid0001_32N.tif,data/NDVI/ECO_L2T_STARS.002_NDVI_20220614T083516_aid0001_32N.tif,ECO_L2T_STARS.002_NDVI_20220614T083516_aid0001_32N.tif,2022-06-14 00:00:00,2022,6,morning,100.0,94.0,True,True,True,0.002704958130701275,False,32632.0,EPSG:32632,94.0,34751.0,0.3224520683288574,0.3000000119209289,0.2363033890724182,0.5534578561782837,0.0646440759301185
raster,ndvi,ECO_L2T_STARS.002_NDVI-UQ_20220616T083449_aid0001_32N.tif,data/NDVI/ECO_L2T_STARS.002_NDVI-UQ_20220616T083449_aid0001_32N.tif,ECO_L2T_STARS.002_NDVI-UQ_20220616T083449_aid0001_32N.tif,2022-06-16 00:00:00,2022,6,morning,100.0,34751.0,True,True,False,1.0,True,32632.0,EPSG:32632,34751.0,34751.0,0.0195347052067518,0.0200247764587402,0.0008261573384515,0.3002356290817261,0.0106283081695437
raster,ndvi,ECO_L2T_STARS.002_NDVI_20220616T083449_aid0001_32N.tif,data/NDVI/ECO_L2T_STARS.002_NDVI_20220616T083449_aid0001_32N.tif,ECO_L2T_STARS.002_NDVI_20220616T083449_aid0001_32N.tif,2022-06-16 00:00:00,2022,6,morning,99.8964058588242,34715.0,True,True,False,1.0,True,32632.0,EPSG:32632,34751.0,34751.0,0.4317071735858917,0.3604630529880523,-0.0959848687052726,0.9984896779060364,0.2151784598827362
raster,ndvi,ECO_L2T_STARS.002_NDVI-UQ_20220617T123821_aid0001_32N.tif,data/NDVI/ECO_L2T_STARS.002_NDVI-UQ_20220617T123821_aid0001_32N.tif,ECO_L2T_STARS.002_NDVI-UQ_20220617T123821_aid0001_32N.tif,2022-06-17 00:00:00,2022,6,midday_afternoon,100.0,34751.0,True,True,False,1.0,True,32632.0,EPSG:32632,34751.0,34751.0,0.0203664302825927,0.0218321532011032,0.0008262476767413,0.3527903854846954,0.0124002462252974
raster,ndvi,ECO_L2T_STARS.002_NDVI_20220617T123821_aid0001_32N.tif,data/NDVI/ECO_L2T_STARS.002_NDVI_20220617T123821_aid0001_32N.tif,ECO_L2T_STARS.002_NDVI_20220617T123821_aid0001_32N.tif,2022-06-17 00:00:00,2022,6,midday_afternoon,99.96546861960806,34739.0,True,True,False,1.0,True,32632.0,EPSG:32632,34751.0,34751.0,0.4247098267078399,0.3637732267379761,-0.0742356181144714,0.9938254356384276,0.2063464373350143
raster,ndvi,ECO_L2T_STARS.002_NDVI-UQ_20220618T114917_aid0001_32N.tif,data/NDVI/ECO_L2T_STARS.002_NDVI-UQ_20220618T114917_aid0001_32N.tif,ECO_L2T_STARS.002_NDVI-UQ_20220618T114917_aid0001_32N.tif,2022-06-18 00:00:00,2022,6,midday_afternoon,100.0,34751.0,True,True,False,1.0,True,32632.0,EPSG:32632,34751.0,34751.0,0.02341840416193,0.0237922333180904,0.0050869244150817,0.4110605716705322,0.0122733321040868
raster,ndvi,ECO_L2T_STARS.002_NDVI_20220618T114917_aid0001_32N.tif,data/NDVI/ECO_L2T_STARS.002_NDVI_20220618T114917_aid0001_32N.tif,ECO_L2T_STARS.002_NDVI_20220618T114917_aid0001_32N.tif,2022-06-18 00:00:00,2022,6,midday_afternoon,99.98273430980404,34745.0,True,True,False,1.0,True,32632.0,EPSG:32632,34751.0,34751.0,0.4174995720386505,0.3589527010917663,-0.1367574781179428,0.9998226761817932,0.2086763083934784
raster,ndvi,ECO_L2T_STARS.002_NDVI-UQ_20220618T115009_aid0001_32N.tif,data/NDVI/ECO_L2T_STARS.002_NDVI-UQ_20220618T115009_aid0001_32N.tif,ECO_L2T_STARS.002_NDVI-UQ_20220618T115009_aid0001_32N.tif,2022-06-18 00:00:00,2022,6,midday_afternoon,100.0,94.0,True,True,True,0.002704958130701275,False,32632.0,EPSG:32632,94.0,34751.0,0.0365554429590702,0.0399999991059303,0.0114531135186553,0.0399999991059303,0.0086367493495345
raster,ndvi,ECO_L2T_STARS.002_NDVI_20220618T115009_aid0001_32N.tif,data/NDVI/ECO_L2T_STARS.002_NDVI_20220618T115009_aid0001_32N.tif,ECO_L2T_STARS.002_NDVI_20220618T115009_aid0001_32N.tif,2022-06-18 00:00:00,2022,6,midday_afternoon,100.0,94.0,True,True,True,0.002704958130701275,False,32632.0,EPSG:32632,94.0,34751.0,0.3348815441131592,0.3000000119209289,0.3000000119209289,0.6024028658866882,0.0845261141657829
raster,ndvi,ECO_L2T_STARS.002_NDVI-UQ_20220620T065825_aid0001_32N.tif,data/NDVI/ECO_L2T_STARS.002_NDVI-UQ_20220620T065825_aid0001_32N.tif,ECO_L2T_STARS.002_NDVI-UQ_20220620T065825_aid0001_32N.tif,2022-06-20 00:00:00,2022,6,morning,100.0,34751.0,True,True,False,1.0,True,32632.0,EPSG:32632,34751.0,34751.0,0.0262551661580801,0.0259572528302669,0.0009868131019175,0.5130342245101929,0.015265398658812
raster,ndvi,ECO_L2T_STARS.002_NDVI_20220620T065825_aid0001_32N.tif,data/NDVI/ECO_L2T_STARS.002_NDVI_20220620T065825_aid0001_32N.tif,ECO_L2T_STARS.002_NDVI_20220620T065825_aid0001_32N.tif,2022-06-20 00:00:00,2022,6,morning,99.81871025294237,34688.0,True,True,False,1.0,True,32632.0,EPSG:32632,34751.0,34751.0,0.4173040688037872,0.3618886470794678,-0.3505589663982391,0.9991891980171204,0.2222773730754852
raster,ndvi,ECO_L2T_STARS.002_NDVI-UQ_20220622T052302_aid0001_32N.tif,data/NDVI/ECO_L2T_STARS.002_NDVI-UQ_20220622T052302_aid0001_32N.tif,ECO_L2T_STARS.002_NDVI-UQ_20220622T052302_aid0001_32N.tif,2022-06-22 00:00:00,2022,6,morning,100.0,94.0,True,True,True,0.002704958130701275,False,32632.0,EPSG:32632,94.0,34751.0,0.0398452430963516,0.0447213612496852,0.00737558118999,0.0447213612496852,0.0108873173594474
raster,ndvi,ECO_L2T_STARS.002_NDVI_20220622T052302_aid0001_32N.tif,data/NDVI/ECO_L2T_STARS.002_NDVI_20220622T052302_aid0001_32N.tif,ECO_L2T_STARS.002_NDVI_20220622T052302_aid0001_32N.tif,2022-06-22 00:00:00,2022,6,morning,100.0,94.0,True,True,True,0.002704958130701275,False,32632.0,EPSG:32632,94.0,34751.0,0.3285293579101562,0.3000000119209289,0.2082396149635315,0.7344253659248352,0.1226499676704406
raster,ndvi,ECO_L2T_STARS.002_NDVI-UQ_20220622T101412_aid0001_32N.tif,data/NDVI/ECO_L2T_STARS.002_NDVI-UQ_20220622T101412_aid0001_32N.tif,ECO_L2T_STARS.002_NDVI-UQ_20220622T101412_aid0001_32N.tif,2022-06-22 00:00:00,2022,6,midday_afternoon,100.0,34751.0,True,True,False,1.0,True,32632.0,EPSG:32632,34751.0,34751.0,0.0371369458734989,0.031638465821743,0.0045245359651744,0.5858772397041321,0.0297865439206361
raster,ndvi,ECO_L2T_STARS.002_NDVI_20220622T101412_aid0001_32N.tif,data/NDVI/ECO_L2T_STARS.002_NDVI_20220622T101412_aid0001_32N.tif,ECO_L2T_STARS.002_NDVI_20220622T101412_aid0001_32N.tif,2022-06-22 00:00:00,2022,6,midday_afternoon,99.69209519150527,34644.0,True,True,False,1.0,True,32632.0,EPSG:32632,34751.0,34751.0,0.4157527983188629,0.3601748347282409,-0.4308971464633941,0.9982405304908752,0.2256674617528915
raster,ndvi,ECO_L2T_STARS.002_NDVI-UQ_20220623T092526_aid0001_32N.tif,data/NDVI/ECO_L2T_STARS.002_NDVI-UQ_20220623T092526_aid0001_32N.tif,ECO_L2T_STARS.002_NDVI-UQ_20220623T092526_aid0001_32N.tif,2022-06-23 00:00:00,2022,6,midday_afternoon,100.0,34751.0,True,True,False,1.0,True,32632.0,EPSG:32632,34751.0,34751.0,0.0446036458015441,0.0243480317294597,0.0008088873000815,0.7325538396835327,0.0645681843161583
raster,ndvi,ECO_L2T_STARS.002_NDVI_20220623T092526_aid0001_32N.tif,data/NDVI/ECO_L2T_STARS.002_NDVI_20220623T092526_aid0001_32N.tif,ECO_L2T_STARS.002_NDVI_20220623T092526_aid0001_32N.tif,2022-06-23 00:00:00,2022,6,midday_afternoon,99.73813703202784,34660.0,True,True,False,1.0,True,32632.0,EPSG:32632,34751.0,34751.0,0.3861827254295349,0.3245556950569153,-0.6166143417358398,0.9973497986793518,0.2255735844373703
raster,ndvi,ECO_L2T_STARS.002_NDVI-UQ_20220624T052306_aid0001_32N.tif,data/NDVI/ECO_L2T_STARS.002_NDVI-UQ_20220624T052306_aid0001_32N.tif,ECO_L2T_STARS.002_NDVI-UQ_20220624T052306_aid0001_32N.tif,2022-06-24 00:00:00,2022,6,morning,100.0,34751.0,True,True,False,1.0,True,32632.0,EPSG:32632,34751.0,34751.0,0.0499112457036972,0.0266154203563928,0.0015453533269464,0.7789894342422485,0.0690189152956008
raster,ndvi,ECO_L2T_STARS.002_NDVI_20220624T052306_aid0001_32N.tif,data/NDVI/ECO_L2T_STARS.002_NDVI_20220624T052306_aid0001_32N.tif,ECO_L2T_STARS.002_NDVI_20220624T052306_aid0001_32N.tif,2022-06-24 00:00:00,2022,6,morning,99.61727720065608,34618.0,True,True,False,1.0,True,32632.0,EPSG:32632,34751.0,34751.0,0.3855278789997101,0.3329581320285797,-0.6111683249473572,0.9996692538261414,0.2343037277460098
raster,ndvi,ECO_L2T_STARS.002_NDVI-UQ_20220625T092536_aid0001_32N.tif,data/NDVI/ECO_L2T_STARS.002_NDVI-UQ_20220625T092536_aid0001_32N.tif,ECO_L2T_STARS.002_NDVI-UQ_20220625T092536_aid0001_32N.tif,2022-06-25 00:00:00,2022,6,midday_afternoon,100.0,34751.0,True,True,False,1.0,True,32632.0,EPSG:32632,34751.0,34751.0,0.0405786521732807,0.0250015836209058,0.0009228721028193,0.8201114535331726,0.0673281699419021
raster,ndvi,ECO_L2T_STARS.002_NDVI_20220625T092536_aid0001_32N.tif,data/NDVI/ECO_L2T_STARS.002_NDVI_20220625T092536_aid0001_32N.tif,ECO_L2T_STARS.002_NDVI_20220625T092536_aid0001_32N.tif,2022-06-25 00:00:00,2022,6,midday_afternoon,99.70360565163593,34648.0,True,True,False,1.0,True,32632.0,EPSG:32632,34751.0,34751.0,0.4115962386131286,0.3630029857158661,-0.9677472710609436,0.999622642993927,0.2502017319202423
raster,ndvi,ECO_L2T_STARS.002_NDVI-UQ_20220627T074901_aid0001_32N.tif,data/NDVI/ECO_L2T_STARS.002_NDVI-UQ_20220627T074901_aid0001_32N.tif,ECO_L2T_STARS.002_NDVI-UQ_20220627T074901_aid0001_32N.tif,2022-06-27 00:00:00,2022,6,morning,100.0,34751.0,True,True,False,1.0,True,32632.0,EPSG:32632,34751.0,34751.0,0.0570799335837364,0.0409180559217929,0.0007333075045607,0.7201077938079834,0.0640647038817405
raster,ndvi,ECO_L2T_STARS.002_NDVI_20220627T074901_aid0001_32N.tif,data/NDVI/ECO_L2T_STARS.002_NDVI_20220627T074901_aid0001_32N.tif,ECO_L2T_STARS.002_NDVI_20220627T074901_aid0001_32N.tif,2022-06-27 00:00:00,2022,6,morning,99.29498431699808,34506.0,True,True,False,1.0,True,32632.0,EPSG:32632,34751.0,34751.0,0.4203496873378753,0.3813383877277374,-0.8250833749771118,0.9999750256538392,0.2417553514242172
raster,ndvi,ECO_L2T_STARS.002_NDVI-UQ_20220627T074953_aid0001_32N.tif,data/NDVI/ECO_L2T_STARS.002_NDVI-UQ_20220627T074953_aid0001_32N.tif,ECO_L2T_STARS.002_NDVI-UQ_20220627T074953_aid0001_32N.tif,2022-06-27 00:00:00,2022,6,morning,100.0,94.0,True,True,True,0.002704958130701275,False,32632.0,EPSG:32632,94.0,34751.0,0.047114048153162,0.0477095991373062,0.0009994971333071,0.0693582743406295,0.012984100729227
raster,ndvi,ECO_L2T_STARS.002_NDVI_20220627T074953_aid0001_32N.tif,data/NDVI/ECO_L2T_STARS.002_NDVI_20220627T074953_aid0001_32N.tif,ECO_L2T_STARS.002_NDVI_20220627T074953_aid0001_32N.tif,2022-06-27 00:00:00,2022,6,morning,100.0,94.0,True,True,True,0.002704958130701275,False,32632.0,EPSG:32632,94.0,34751.0,0.2484462857246399,0.2002552598714828,0.1686014235019683,0.6011449098587036,0.113436222076416
raster,ndvi,ECO_L2T_STARS.002_NDVI-UQ_20220629T074959_aid0001_32N.tif,data/NDVI/ECO_L2T_STARS.002_NDVI-UQ_20220629T074959_aid0001_32N.tif,ECO_L2T_STARS.002_NDVI-UQ_20220629T074959_aid0001_32N.tif,2022-06-29 00:00:00,2022,6,morning,100.0,34751.0,True,True,False,1.0,True,32632.0,EPSG:32632,34751.0,34751.0,0.0599423646926879,0.0423817448318004,0.0070009399205446,0.7202454209327698,0.0618562549352645
raster,ndvi,ECO_L2T_STARS.002_NDVI_20220629T074959_aid0001_32N.tif,data/NDVI/ECO_L2T_STARS.002_NDVI_20220629T074959_aid0001_32N.tif,ECO_L2T_STARS.002_NDVI_20220629T074959_aid0001_32N.tif,2022-06-29 00:00:00,2022,6,morning,99.08779603464647,34434.0,True,True,False,1.0,True,32632.0,EPSG:32632,34751.0,34751.0,0.4177901744842529,0.3813831806182861,-0.929575502872467,0.9998675584793092,0.2451131939888
raster,ndvi,ECO_L2T_STARS.002_NDVI_20230101T014011_aid0001_32N.tif,data/NDVI/ECO_L2T_STARS.002_NDVI_20230101T014011_aid0001_32N.tif,ECO_L2T_STARS.002_NDVI_20230101T014011_aid0001_32N.tif,2023-01-01 00:00:00,2023,1,night,99.9625910045754,34738.0,True,True,False,1.0,True,32632.0,EPSG:32632,34751.0,34751.0,0.0563802346587181,-0.0203371942043304,-0.9954161643981934,0.9993111491203308,0.3366216421127319
raster,ndvi,ECO_L2T_STARS.002_NDVI_20230102T054319_aid0001_32N.tif,data/NDVI/ECO_L2T_STARS.002_NDVI_20230102T054319_aid0001_32N.tif,ECO_L2T_STARS.002_NDVI_20230102T054319_aid0001_32N.tif,2023-01-02 00:00:00,2023,1,morning,100.0,34751.0,True,True,False,1.0,True,32632.0,EPSG:32632,34751.0,34751.0,0.1353257894515991,0.0946696028113365,-0.1916245222091674,0.9513880014419556,0.1583045125007629
raster,ndvi,ECO_L2T_STARS.002_NDVI_20230104T005141_aid0001_32N.tif,data/NDVI/ECO_L2T_STARS.002_NDVI_20230104T005141_aid0001_32N.tif,ECO_L2T_STARS.002_NDVI_20230104T005141_aid0001_32N.tif,2023-01-04 00:00:00,2023,1,night,100.0,34751.0,True,True,False,1.0,True,32632.0,EPSG:32632,34751.0,34751.0,0.1364610642194748,0.0945317819714546,-0.2272615432739257,0.9510032534599304,0.1568420231342315
raster,ndvi,ECO_L2T_STARS.002_NDVI_20230105T000340_aid0001_32N.tif,data/NDVI/ECO_L2T_STARS.002_NDVI_20230105T000340_aid0001_32N.tif,ECO_L2T_STARS.002_NDVI_20230105T000340_aid0001_32N.tif,2023-01-05 00:00:00,2023,1,night,100.0,34751.0,True,True,False,1.0,True,32632.0,EPSG:32632,34751.0,34751.0,0.1460583508014679,0.1240297853946685,-0.2822401821613312,0.9506763219833374,0.1522942334413528
raster,ndvi,ECO_L2T_STARS.002_NDVI_20230107T231527_aid0001_32N.tif,data/NDVI/ECO_L2T_STARS.002_NDVI_20230107T231527_aid0001_32N.tif,ECO_L2T_STARS.002_NDVI_20230107T231527_aid0001_32N.tif,2023-01-07 00:00:00,2023,1,night,99.9482029294121,34733.0,True,True,False,1.0,True,32632.0,EPSG:32632,34751.0,34751.0,0.0745657980442047,-0.0077730780467391,-0.9978266954421996,0.9988388419151306,0.3926875591278076
raster,ndvi,ECO_L2T_STARS.002_NDVI_20230109T213808_aid0001_32N.tif,data/NDVI/ECO_L2T_STARS.002_NDVI_20230109T213808_aid0001_32N.tif,ECO_L2T_STARS.002_NDVI_20230109T213808_aid0001_32N.tif,2023-01-09 00:00:00,2023,1,night,99.9194267790855,34723.0,True,True,False,1.0,True,32632.0,EPSG:32632,34751.0,34751.0,0.0745489224791526,-0.0071127489209175,-0.999910295009613,0.999918818473816,0.3890504240989685
raster,ndvi,ECO_L2T_STARS.002_NDVI_20230111T014120_aid0001_32N.tif,data/NDVI/ECO_L2T_STARS.002_NDVI_20230111T014120_aid0001_32N.tif,ECO_L2T_STARS.002_NDVI_20230111T014120_aid0001_32N.tif,2023-01-11 00:00:00,2023,1,night,99.91367154902017,34721.0,True,True,False,1.0,True,32632.0,EPSG:32632,34751.0,34751.0,0.0699125081300735,-0.0090160788968205,-0.9984161257743835,0.9974132180213928,0.3623636960983276
raster,ndvi,ECO_L2T_STARS.002_NDVI_20230112T204944_aid0001_32N.tif,data/NDVI/ECO_L2T_STARS.002_NDVI_20230112T204944_aid0001_32N.tif,ECO_L2T_STARS.002_NDVI_20230112T204944_aid0001_32N.tif,2023-01-12 00:00:00,2023,1,night,99.92805962418348,34726.0,True,True,False,1.0,True,32632.0,EPSG:32632,34751.0,34751.0,0.0688361823558807,-0.0084997741505503,-0.999682605266571,0.9972980618476868,0.3592517971992492
raster,ndvi,ECO_L2T_STARS.002_NDVI_20230125T151028_aid0001_32N.tif,data/NDVI/ECO_L2T_STARS.002_NDVI_20230125T151028_aid0001_32N.tif,ECO_L2T_STARS.002_NDVI_20230125T151028_aid0001_32N.tif,2023-01-25 00:00:00,2023,1,evening,100.0,94.0,True,True,True,0.002704958130701275,False,32632.0,EPSG:32632,94.0,34751.0,0.2006356716156005,0.3000000119209289,-0.1128363013267517,0.7143770456314087,0.1524728536605835
raster,ndvi,ECO_L2T_STARS.002_NDVI_20230127T150954_aid0001_32N.tif,data/NDVI/ECO_L2T_STARS.002_NDVI_20230127T150954_aid0001_32N.tif,ECO_L2T_STARS.002_NDVI_20230127T150954_aid0001_32N.tif,2023-01-27 00:00:00,2023,1,evening,99.41296653333715,34547.0,True,True,False,1.0,True,32632.0,EPSG:32632,34751.0,34751.0,0.1281628310680389,0.0793375149369239,-0.99536794424057,0.999361217021942,0.3181666731834411
raster,ndvi,ECO_L2T_STARS.002_NDVI_20230128T142100_aid0001_32N.tif,data/NDVI/ECO_L2T_STARS.002_NDVI_20230128T142100_aid0001_32N.tif,ECO_L2T_STARS.002_NDVI_20230128T142100_aid0001_32N.tif,2023-01-28 00:00:00,2023,1,evening,99.64029812091738,34626.0,True,True,False,1.0,True,32632.0,EPSG:32632,34751.0,34751.0,0.1065632775425911,0.0349262654781341,-0.9976410865783693,0.9990184903144836,0.2953811287879944
raster,ndvi,ECO_L2T_STARS.002_NDVI_20230128T142152_aid0001_32N.tif,data/NDVI/ECO_L2T_STARS.002_NDVI_20230128T142152_aid0001_32N.tif,ECO_L2T_STARS.002_NDVI_20230128T142152_aid0001_32N.tif,2023-01-28 00:00:00,2023,1,evening,100.0,94.0,True,True,True,0.002704958130701275,False,32632.0,EPSG:32632,94.0,34751.0,0.0915089771151542,0.0212707538157701,-0.1919185668230056,0.3000000119209289,0.1658477783203125
raster,ndvi,ECO_L2T_STARS.002_NDVI_20230130T142054_aid0001_32N.tif,data/NDVI/ECO_L2T_STARS.002_NDVI_20230130T142054_aid0001_32N.tif,ECO_L2T_STARS.002_NDVI_20230130T142054_aid0001_32N.tif,2023-01-30 00:00:00,2023,1,evening,99.7928117176484,34679.0,True,True,False,1.0,True,32632.0,EPSG:32632,34751.0,34751.0,0.0821955278515815,0.0174494925886392,-0.9975669384002686,0.9965990781784058,0.2689199149608612
raster,ndvi,ECO_L2T_STARS.002_NDVI_20230131T133150_aid0001_32N.tif,data/NDVI/ECO_L2T_STARS.002_NDVI_20230131T133150_aid0001_32N.tif,ECO_L2T_STARS.002_NDVI_20230131T133150_aid0001_32N.tif,2023-01-31 00:00:00,2023,1,midday_afternoon,99.42447699346782,34551.0,True,True,False,1.0,True,32632.0,EPSG:32632,34751.0,34751.0,0.1091812774538993,0.0196464750915765,-0.99760764837265,0.99958997964859,0.3043477833271026
raster,ndvi,ECO_L2T_STARS.002_NDVI_20230131T133242_aid0001_32N.tif,data/NDVI/ECO_L2T_STARS.002_NDVI_20230131T133242_aid0001_32N.tif,ECO_L2T_STARS.002_NDVI_20230131T133242_aid0001_32N.tif,2023-01-31 00:00:00,2023,1,midday_afternoon,100.0,94.0,True,True,True,0.002704958130701275,False,32632.0,EPSG:32632,94.0,34751.0,0.0910631045699119,0.0210285820066928,-0.3152170181274414,0.5649162530899048,0.1900140047073364
raster,ndvi,ECO_L2T_STARS.002_NDVI_20230203T124238_aid0001_32N.tif,data/NDVI/ECO_L2T_STARS.002_NDVI_20230203T124238_aid0001_32N.tif,ECO_L2T_STARS.002_NDVI_20230203T124238_aid0001_32N.tif,2023-02-03 00:00:00,2023,2,midday_afternoon,99.7496474921585,34664.0,True,True,False,1.0,True,32632.0,EPSG:32632,34751.0,34751.0,0.1532813012599945,0.0221704486757516,-0.9832785725593568,0.9996777176856996,0.3188691735267639
raster,ndvi,ECO_L2T_STARS.002_NDVI_20230204T115436_aid0001_32N.tif,data/NDVI/ECO_L2T_STARS.002_NDVI_20230204T115436_aid0001_32N.tif,ECO_L2T_STARS.002_NDVI_20230204T115436_aid0001_32N.tif,2023-02-04 00:00:00,2023,2,midday_afternoon,99.69497280653796,34645.0,True,True,False,1.0,True,32632.0,EPSG:32632,34751.0,34751.0,0.1469585448503494,0.022936288267374,-0.977489709854126,0.9995323419570924,0.3133754432201385
raster,ndvi,ECO_L2T_STARS.002_NDVI_20230205T110625_aid0001_32N.tif,data/NDVI/ECO_L2T_STARS.002_NDVI_20230205T110625_aid0001_32N.tif,ECO_L2T_STARS.002_NDVI_20230205T110625_aid0001_32N.tif,2023-02-05 00:00:00,2023,2,midday_afternoon,99.66619665621134,34635.0,True,True,False,1.0,True,32632.0,EPSG:32632,34751.0,34751.0,0.1432951688766479,0.0232750196009874,-0.9969156980514526,0.9996030926704408,0.3072275221347809
raster,ndvi,ECO_L2T_STARS.002_NDVI_20230206T150956_aid0001_32N.tif,data/NDVI/ECO_L2T_STARS.002_NDVI_20230206T150956_aid0001_32N.tif,ECO_L2T_STARS.002_NDVI_20230206T150956_aid0001_32N.tif,2023-02-06 00:00:00,2023,2,evening,99.3957008431412,34541.0,True,True,False,1.0,True,32632.0,EPSG:32632,34751.0,34751.0,0.1445691436529159,0.0277704652398824,-0.9860647916793824,0.9996892213821412,0.3060798943042755
raster,ndvi,ECO_L2T_STARS.002_NDVI_20230207T110713_aid0001_32N.tif,data/NDVI/ECO_L2T_STARS.002_NDVI_20230207T110713_aid0001_32N.tif,ECO_L2T_STARS.002_NDVI_20230207T110713_aid0001_32N.tif,2023-02-07 00:00:00,2023,2,midday_afternoon,99.28635147190008,34503.0,True,True,False,1.0,True,32632.0,EPSG:32632,34751.0,34751.0,0.1455250978469848,0.0319648273289203,-0.9911851286888124,0.9998198747634888,0.303645521402359
raster,ndvi,ECO_L2T_STARS.002_NDVI_20230208T101912_aid0001_32N.tif,data/NDVI/ECO_L2T_STARS.002_NDVI_20230208T101912_aid0001_32N.tif,ECO_L2T_STARS.002_NDVI_20230208T101912_aid0001_32N.tif,2023-02-08 00:00:00,2023,2,midday_afternoon,99.41584414836984,34548.0,True,True,False,1.0,True,32632.0,EPSG:32632,34751.0,34751.0,0.1429763585329055,0.0359213463962078,-0.9915671944618224,0.9999768137931824,0.2917376160621643
raster,ndvi,ECO_L2T_STARS.002_NDVI_20230209T093041_aid0001_32N.tif,data/NDVI/ECO_L2T_STARS.002_NDVI_20230209T093041_aid0001_32N.tif,ECO_L2T_STARS.002_NDVI_20230209T093041_aid0001_32N.tif,2023-02-09 00:00:00,2023,2,midday_afternoon,99.3439037725533,34523.0,True,True,False,1.0,True,32632.0,EPSG:32632,34751.0,34751.0,0.1416764110326767,0.0347585827112197,-0.9863684773445128,0.9992110133171082,0.2936922013759613
raster,ndvi,ECO_L2T_STARS.002_NDVI_20230209T093133_aid0001_32N.tif,data/NDVI/ECO_L2T_STARS.002_NDVI_20230209T093133_aid0001_32N.tif,ECO_L2T_STARS.002_NDVI_20230209T093133_aid0001_32N.tif,2023-02-09 00:00:00,2023,2,midday_afternoon,100.0,94.0,True,True,True,0.002704958130701275,False,32632.0,EPSG:32632,94.0,34751.0,0.0887706130743026,0.1020760685205459,-0.2943154573440552,0.5761207938194275,0.1435016691684723
raster,ndvi,ECO_L2T_STARS.002_NDVI_20230210T133406_aid0001_32N.tif,data/NDVI/ECO_L2T_STARS.002_NDVI_20230210T133406_aid0001_32N.tif,ECO_L2T_STARS.002_NDVI_20230210T133406_aid0001_32N.tif,2023-02-10 00:00:00,2023,2,midday_afternoon,99.37843515294524,34535.0,True,True,False,1.0,True,32632.0,EPSG:32632,34751.0,34751.0,0.1343729346990585,0.0279508754611015,-0.9997934103012084,0.9999377727508544,0.3015090525150299
raster,ndvi,ECO_L2T_STARS.002_NDVI_20230212T084251_aid0001_32N.tif,data/NDVI/ECO_L2T_STARS.002_NDVI_20230212T084251_aid0001_32N.tif,ECO_L2T_STARS.002_NDVI_20230212T084251_aid0001_32N.tif,2023-02-12 00:00:00,2023,2,morning,99.82734309804034,34691.0,True,True,False,1.0,True,32632.0,EPSG:32632,34751.0,34751.0,0.1266986578702926,0.030468774959445,-0.9993038773536682,0.9990740418434144,0.2893153727054596
raster,ndvi,ECO_L2T_STARS.002_NDVI_20230213T075443_aid0001_32N.tif,data/NDVI/ECO_L2T_STARS.002_NDVI_20230213T075443_aid0001_32N.tif,ECO_L2T_STARS.002_NDVI_20230213T075443_aid0001_32N.tif,2023-02-13 00:00:00,2023,2,morning,99.81007740784436,34685.0,True,True,False,1.0,True,32632.0,EPSG:32632,34751.0,34751.0,0.1261104494333267,0.0336444675922393,-0.9925954937934875,0.9996007084846495,0.2901635468006134
raster,ndvi,ECO_L2T_STARS.002_NDVI_20230214T115710_aid0001_32N.tif,data/NDVI/ECO_L2T_STARS.002_NDVI_20230214T115710_aid0001_32N.tif,ECO_L2T_STARS.002_NDVI_20230214T115710_aid0001_32N.tif,2023-02-14 00:00:00,2023,2,midday_afternoon,99.36404707778192,34530.0,True,True,False,1.0,True,32632.0,EPSG:32632,34751.0,34751.0,0.1181995347142219,0.0201765745878219,-0.9992547035217284,0.9990567564964294,0.2943384647369385
raster,ndvi,ECO_L2T_STARS.002_NDVI_20230214T115802_aid0001_32N.tif,data/NDVI/ECO_L2T_STARS.002_NDVI_20230214T115802_aid0001_32N.tif,ECO_L2T_STARS.002_NDVI_20230214T115802_aid0001_32N.tif,2023-02-14 00:00:00,2023,2,midday_afternoon,100.0,94.0,True,True,True,0.002704958130701275,False,32632.0,EPSG:32632,94.0,34751.0,-0.1240396574139595,-0.0802885890007019,-0.3342847228050232,0.4879114329814911,0.1281531155109405
raster,ndvi,ECO_L2T_STARS.002_NDVI_20230215T075455_aid0001_32N.tif,data/NDVI/ECO_L2T_STARS.002_NDVI_20230215T075455_aid0001_32N.tif,ECO_L2T_STARS.002_NDVI_20230215T075455_aid0001_32N.tif,2023-02-15 00:00:00,2023,2,morning,99.660441426146,34633.0,True,True,False,1.0,True,32632.0,EPSG:32632,34751.0,34751.0,0.1009837463498115,-0.0359212756156921,-0.9991763234138488,0.9996902346611024,0.3516162931919098
raster,ndvi,ECO_L2T_STARS.002_NDVI_20230216T070648_aid0001_32N.tif,data/NDVI/ECO_L2T_STARS.002_NDVI_20230216T070648_aid0001_32N.tif,ECO_L2T_STARS.002_NDVI_20230216T070648_aid0001_32N.tif,2023-02-16 00:00:00,2023,2,morning,99.5136830594803,34582.0,True,True,False,1.0,True,32632.0,EPSG:32632,34751.0,34751.0,0.0989901721477508,-0.035972636193037,-0.99898099899292,0.9998657703399658,0.3496414124965668
raster,ndvi,ECO_L2T_STARS.002_NDVI_20230217T110856_aid0001_32N.tif,data/NDVI/ECO_L2T_STARS.002_NDVI_20230217T110856_aid0001_32N.tif,ECO_L2T_STARS.002_NDVI_20230217T110856_aid0001_32N.tif,2023-02-17 00:00:00,2023,2,midday_afternoon,99.51080544444764,34581.0,True,True,False,1.0,True,32632.0,EPSG:32632,34751.0,34751.0,0.0973767712712287,-0.0364998579025268,-0.99857097864151,0.9999261498451232,0.349735826253891
raster,ndvi,ECO_L2T_STARS.002_NDVI_20230218T102022_aid0001_32N.tif,data/NDVI/ECO_L2T_STARS.002_NDVI_20230218T102022_aid0001_32N.tif,ECO_L2T_STARS.002_NDVI_20230218T102022_aid0001_32N.tif,2023-02-18 00:00:00,2023,2,midday_afternoon,99.5510920549049,34595.0,True,True,False,1.0,True,32632.0,EPSG:32632,34751.0,34751.0,0.0977478176355362,-0.0355863682925701,-0.9956250190734864,0.999338686466217,0.3457833230495453
raster,ndvi,ECO_L2T_STARS.002_NDVI_20230220T102041_aid0001_32N.tif,data/NDVI/ECO_L2T_STARS.002_NDVI_20230220T102041_aid0001_32N.tif,ECO_L2T_STARS.002_NDVI_20230220T102041_aid0001_32N.tif,2023-02-20 00:00:00,2023,2,midday_afternoon,99.499294984317,34577.0,True,True,False,1.0,True,32632.0,EPSG:32632,34751.0,34751.0,0.1645873934030532,-0.0051788152195513,-0.9937540888786316,0.9994495511054992,0.3207808434963226
raster,ndvi,ECO_L2T_STARS.002_NDVI_20230222T084457_aid0001_32N.tif,data/NDVI/ECO_L2T_STARS.002_NDVI_20230222T084457_aid0001_32N.tif,ECO_L2T_STARS.002_NDVI_20230222T084457_aid0001_32N.tif,2023-02-22 00:00:00,2023,2,morning,99.51080544444764,34581.0,True,True,False,1.0,True,32632.0,EPSG:32632,34751.0,34751.0,0.158805176615715,-0.0020747908856719,-0.9972133040428162,0.9989515542984008,0.3128702342510223
raster,ndvi,ECO_L2T_STARS.002_NDVI_20230225T075838_aid0001_32N.tif,data/NDVI/ECO_L2T_STARS.002_NDVI_20230225T075838_aid0001_32N.tif,ECO_L2T_STARS.002_NDVI_20230225T075838_aid0001_32N.tif,2023-02-25 00:00:00,2023,2,morning,99.2431872464102,34488.0,True,True,False,1.0,True,32632.0,EPSG:32632,34751.0,34751.0,0.1547121107578277,0.0139023978263139,-0.9993267059326172,0.9999122023582458,0.3034154772758484
raster,ndvi,ECO_L2T_STARS.002_NDVI_20230226T071051_aid0001_32N.tif,data/NDVI/ECO_L2T_STARS.002_NDVI_20230226T071051_aid0001_32N.tif,ECO_L2T_STARS.002_NDVI_20230226T071051_aid0001_32N.tif,2023-02-26 00:00:00,2023,2,morning,99.3957008431412,34541.0,True,True,False,1.0,True,32632.0,EPSG:32632,34751.0,34751.0,0.1438579708337783,0.0203623827546834,-0.994098663330078,0.999929904937744,0.2858952581882477
raster,ndvi,ECO_L2T_STARS.002_NDVI_20230228T071155_aid0001_32N.tif,data/NDVI/ECO_L2T_STARS.002_NDVI_20230228T071155_aid0001_32N.tif,ECO_L2T_STARS.002_NDVI_20230228T071155_aid0001_32N.tif,2023-02-28 00:00:00,2023,2,morning,99.9424476993468,34731.0,True,True,False,1.0,True,32632.0,EPSG:32632,34751.0,34751.0,0.1360618025064468,0.0940182283520698,-0.9934408664703368,0.9993700981140136,0.2026301920413971
raster,ndvi,ECO_L2T_STARS.002_NDVI_20230301T062449_aid0001_32N.tif,data/NDVI/ECO_L2T_STARS.002_NDVI_20230301T062449_aid0001_32N.tif,ECO_L2T_STARS.002_NDVI_20230301T062449_aid0001_32N.tif,2023-03-01 00:00:00,2023,3,morning,99.9050387039222,34718.0,True,True,False,1.0,True,32632.0,EPSG:32632,34751.0,34751.0,0.1275805234909057,0.0762690156698226,-0.9872986674308776,0.9983144402503968,0.2071750909090042
raster,ndvi,ECO_L2T_STARS.002_NDVI_20230323T165457_aid0001_32N.tif,data/NDVI/ECO_L2T_STARS.002_NDVI_20230323T165457_aid0001_32N.tif,ECO_L2T_STARS.002_NDVI_20230323T165457_aid0001_32N.tif,2023-03-23 00:00:00,2023,3,evening,99.8964058588242,34715.0,True,True,False,1.0,True,32632.0,EPSG:32632,34751.0,34751.0,0.1706232875585556,0.0023888810537755,-0.6529108881950378,0.9997143149375916,0.3064989149570465
raster,ndvi,ECO_L2T_STARS.002_NDVI_20230325T165601_aid0001_32N.tif,data/NDVI/ECO_L2T_STARS.002_NDVI_20230325T165601_aid0001_32N.tif,ECO_L2T_STARS.002_NDVI_20230325T165601_aid0001_32N.tif,2023-03-25 00:00:00,2023,3,evening,99.8964058588242,34715.0,True,True,False,1.0,True,32632.0,EPSG:32632,34751.0,34751.0,0.1716044545173645,0.0032035573385655,-0.6051006317138672,0.9993780851364136,0.3066750466823578
raster,ndvi,ECO_L2T_STARS.002_NDVI_20230326T160811_aid0001_32N.tif,data/NDVI/ECO_L2T_STARS.002_NDVI_20230326T160811_aid0001_32N.tif,ECO_L2T_STARS.002_NDVI_20230326T160811_aid0001_32N.tif,2023-03-26 00:00:00,2023,3,evening,99.89352824379154,34714.0,True,True,False,1.0,True,32632.0,EPSG:32632,34751.0,34751.0,0.1716476827859878,0.0036528566852211,-0.6035025715827942,0.9989765286445618,0.3059742748737335
raster,ndvi,ECO_L2T_STARS.002_NDVI_20230327T152017_aid0001_32N.tif,data/NDVI/ECO_L2T_STARS.002_NDVI_20230327T152017_aid0001_32N.tif,ECO_L2T_STARS.002_NDVI_20230327T152017_aid0001_32N.tif,2023-03-27 00:00:00,2023,3,evening,99.9194267790855,34723.0,True,True,False,1.0,True,32632.0,EPSG:32632,34751.0,34751.0,0.1702785044908523,0.0028188729193061,-0.5870350003242493,0.9993494749069214,0.3052937388420105
raster,ndvi,ECO_L2T_STARS.002_NDVI_20230329T152039_aid0001_32N.tif,data/NDVI/ECO_L2T_STARS.002_NDVI_20230329T152039_aid0001_32N.tif,ECO_L2T_STARS.002_NDVI_20230329T152039_aid0001_32N.tif,2023-03-29 00:00:00,2023,3,evening,99.9338148542488,34728.0,True,True,False,1.0,True,32632.0,EPSG:32632,34751.0,34751.0,0.1311130225658416,-0.0129911759868264,-0.9043335914611816,0.9980490803718568,0.2826164960861206
raster,ndvi,ECO_L2T_STARS.002_NDVI_20230330T143252_aid0001_32N.tif,data/NDVI/ECO_L2T_STARS.002_NDVI_20230330T143252_aid0001_32N.tif,ECO_L2T_STARS.002_NDVI_20230330T143252_aid0001_32N.tif,2023-03-30 00:00:00,2023,3,evening,100.0,34751.0,True,True,False,1.0,True,32632.0,EPSG:32632,34751.0,34751.0,0.0880161896347999,0.0281913951039314,-0.5350767970085144,0.9924716949462892,0.1978834271430969
raster,ndvi,ECO_L2T_STARS.002_NDVI_20230331T134442_aid0001_32N.tif,data/NDVI/ECO_L2T_STARS.002_NDVI_20230331T134442_aid0001_32N.tif,ECO_L2T_STARS.002_NDVI_20230331T134442_aid0001_32N.tif,2023-03-31 00:00:00,2023,3,midday_afternoon,100.0,34751.0,True,True,False,1.0,True,32632.0,EPSG:32632,34751.0,34751.0,0.1616815477609634,0.1567623317241668,-0.5521925687789917,0.6571516990661621,0.1345205307006836
raster,ndvi,ECO_L2T_STARS.002_NDVI-UQ_20230402T134556_aid0001_32N.tif,data/NDVI/ECO_L2T_STARS.002_NDVI-UQ_20230402T134556_aid0001_32N.tif,ECO_L2T_STARS.002_NDVI-UQ_20230402T134556_aid0001_32N.tif,2023-04-02 00:00:00,2023,4,midday_afternoon,100.0,34751.0,True,True,False,1.0,True,32632.0,EPSG:32632,34751.0,34751.0,0.0277341306209564,0.0264839120209217,0.007823153398931,0.4351064264774322,0.0152114247903227
raster,ndvi,ECO_L2T_STARS.002_NDVI_20230402T134556_aid0001_32N.tif,data/NDVI/ECO_L2T_STARS.002_NDVI_20230402T134556_aid0001_32N.tif,ECO_L2T_STARS.002_NDVI_20230402T134556_aid0001_32N.tif,2023-04-02 00:00:00,2023,4,midday_afternoon,100.0,34751.0,True,True,False,1.0,True,32632.0,EPSG:32632,34751.0,34751.0,0.148554727435112,0.1109170094132423,-0.5529872179031372,0.6571192145347595,0.1401201337575912
raster,ndvi,ECO_L2T_STARS.002_NDVI-UQ_20230403T125822_aid0001_32N.tif,data/NDVI/ECO_L2T_STARS.002_NDVI-UQ_20230403T125822_aid0001_32N.tif,ECO_L2T_STARS.002_NDVI-UQ_20230403T125822_aid0001_32N.tif,2023-04-03 00:00:00,2023,4,midday_afternoon,100.0,34751.0,True,True,False,1.0,True,32632.0,EPSG:32632,34751.0,34751.0,0.0231424774974584,0.0254562906920909,0.0008784035453572,0.4353327453136444,0.0181248970329761
raster,ndvi,ECO_L2T_STARS.002_NDVI_20230403T125822_aid0001_32N.tif,data/NDVI/ECO_L2T_STARS.002_NDVI_20230403T125822_aid0001_32N.tif,ECO_L2T_STARS.002_NDVI_20230403T125822_aid0001_32N.tif,2023-04-03 00:00:00,2023,4,midday_afternoon,100.0,34751.0,True,True,False,1.0,True,32632.0,EPSG:32632,34751.0,34751.0,0.2016692608594894,0.1618586182594299,-0.554214596748352,0.9946581721305848,0.2187450230121612
raster,ndvi,ECO_L2T_STARS.002_NDVI-UQ_20230404T121017_aid0001_32N.tif,data/NDVI/ECO_L2T_STARS.002_NDVI-UQ_20230404T121017_aid0001_32N.tif,ECO_L2T_STARS.002_NDVI-UQ_20230404T121017_aid0001_32N.tif,2023-04-04 00:00:00,2023,4,midday_afternoon,100.0,34751.0,True,True,False,1.0,True,32632.0,EPSG:32632,34751.0,34751.0,0.0254333093762397,0.0266592781990766,0.0050978334620594,0.5011661648750305,0.0199487619102001
raster,ndvi,ECO_L2T_STARS.002_NDVI_20230404T121017_aid0001_32N.tif,data/NDVI/ECO_L2T_STARS.002_NDVI_20230404T121017_aid0001_32N.tif,ECO_L2T_STARS.002_NDVI_20230404T121017_aid0001_32N.tif,2023-04-04 00:00:00,2023,4,midday_afternoon,99.97985669477136,34744.0,True,True,False,1.0,True,32632.0,EPSG:32632,34751.0,34751.0,0.2069509178400039,0.1988810151815414,-0.5636111497879028,0.999808669090271,0.2188329100608825
raster,ndvi,ECO_L2T_STARS.002_NDVI-UQ_20230405T161358_aid0001_32N.tif,data/NDVI/ECO_L2T_STARS.002_NDVI-UQ_20230405T161358_aid0001_32N.tif,ECO_L2T_STARS.002_NDVI-UQ_20230405T161358_aid0001_32N.tif,2023-04-05 00:00:00,2023,4,evening,100.0,34751.0,True,True,False,1.0,True,32632.0,EPSG:32632,34751.0,34751.0,0.0248771868646144,0.0266592781990766,0.007019646000117,0.3304895162582397,0.0138483103364706
raster,ndvi,ECO_L2T_STARS.002_NDVI_20230405T161358_aid0001_32N.tif,data/NDVI/ECO_L2T_STARS.002_NDVI_20230405T161358_aid0001_32N.tif,ECO_L2T_STARS.002_NDVI_20230405T161358_aid0001_32N.tif,2023-04-05 00:00:00,2023,4,evening,99.9338148542488,34728.0,True,True,False,1.0,True,32632.0,EPSG:32632,34751.0,34751.0,0.2080337554216385,0.2320391535758972,-0.5635712742805481,0.994474232196808,0.2121214419603347
raster,ndvi,ECO_L2T_STARS.002_NDVI-UQ_20230406T121058_aid0001_32N.tif,data/NDVI/ECO_L2T_STARS.002_NDVI-UQ_20230406T121058_aid0001_32N.tif,ECO_L2T_STARS.002_NDVI-UQ_20230406T121058_aid0001_32N.tif,2023-04-06 00:00:00,2023,4,midday_afternoon,100.0,34751.0,True,True,False,1.0,True,32632.0,EPSG:32632,34751.0,34751.0,0.0135649060830473,0.0133695090189576,0.0008871195022948,0.2379912286996841,0.0141510553658008
raster,ndvi,ECO_L2T_STARS.002_NDVI_20230406T121058_aid0001_32N.tif,data/NDVI/ECO_L2T_STARS.002_NDVI_20230406T121058_aid0001_32N.tif,ECO_L2T_STARS.002_NDVI_20230406T121058_aid0001_32N.tif,2023-04-06 00:00:00,2023,4,midday_afternoon,99.9194267790855,34723.0,True,True,False,1.0,True,32632.0,EPSG:32632,34751.0,34751.0,0.2397844195365905,0.1881236881017685,-0.3525801301002502,0.9993119835853576,0.2780604362487793
raster,ndvi,ECO_L2T_STARS.002_NDVI-UQ_20230407T112342_aid0001_32N.tif,data/NDVI/ECO_L2T_STARS.002_NDVI-UQ_20230407T112342_aid0001_32N.tif,ECO_L2T_STARS.002_NDVI-UQ_20230407T112342_aid0001_32N.tif,2023-04-07 00:00:00,2023,4,midday_afternoon,100.0,34751.0,True,True,False,1.0,True,32632.0,EPSG:32632,34751.0,34751.0,0.017473354935646,0.0156948808580636,0.0026164271403104,0.2364304810762405,0.0118355480954051
raster,ndvi,ECO_L2T_STARS.002_NDVI_20230407T112342_aid0001_32N.tif,data/NDVI/ECO_L2T_STARS.002_NDVI_20230407T112342_aid0001_32N.tif,ECO_L2T_STARS.002_NDVI_20230407T112342_aid0001_32N.tif,2023-04-07 00:00:00,2023,4,midday_afternoon,99.87914016862824,34709.0,True,True,False,1.0,True,32632.0,EPSG:32632,34751.0,34751.0,0.2471849024295807,0.2165551930665969,-0.3511095941066742,0.998631477355957,0.273406833410263
raster,ndvi,ECO_L2T_STARS.002_NDVI-UQ_20230408T152616_aid0001_32N.tif,data/NDVI/ECO_L2T_STARS.002_NDVI-UQ_20230408T152616_aid0001_32N.tif,ECO_L2T_STARS.002_NDVI-UQ_20230408T152616_aid0001_32N.tif,2023-04-08 00:00:00,2023,4,evening,100.0,34751.0,True,True,False,1.0,True,32632.0,EPSG:32632,34751.0,34751.0,0.0197809543460607,0.0175884421914815,0.0033574285916984,0.2323606610298156,0.0110652530565857
raster,ndvi,ECO_L2T_STARS.002_NDVI_20230408T152616_aid0001_32N.tif,data/NDVI/ECO_L2T_STARS.002_NDVI_20230408T152616_aid0001_32N.tif,ECO_L2T_STARS.002_NDVI_20230408T152616_aid0001_32N.tif,2023-04-08 00:00:00,2023,4,evening,99.87914016862824,34709.0,True,True,False,1.0,True,32632.0,EPSG:32632,34751.0,34751.0,0.2534388899803161,0.2374009788036346,-0.3512003719806671,0.997338056564331,0.2707351744174957
raster,ndvi,ECO_L2T_STARS.002_NDVI-UQ_20230409T143814_aid0001_32N.tif,data/NDVI/ECO_L2T_STARS.002_NDVI-UQ_20230409T143814_aid0001_32N.tif,ECO_L2T_STARS.002_NDVI-UQ_20230409T143814_aid0001_32N.tif,2023-04-09 00:00:00,2023,4,evening,100.0,34751.0,True,True,False,1.0,True,32632.0,EPSG:32632,34751.0,34751.0,0.021398251876235,0.0186137426644563,0.0039809639565646,0.3035010993480682,0.0136752538383007
raster,ndvi,ECO_L2T_STARS.002_NDVI_20230409T143814_aid0001_32N.tif,data/NDVI/ECO_L2T_STARS.002_NDVI_20230409T143814_aid0001_32N.tif,ECO_L2T_STARS.002_NDVI_20230409T143814_aid0001_32N.tif,2023-04-09 00:00:00,2023,4,evening,99.45037552876175,34560.0,True,True,False,1.0,True,32632.0,EPSG:32632,34751.0,34751.0,0.2583958804607391,0.2433332502841949,-0.3682856857776642,0.9997864961624146,0.2772092223167419
raster,ndvi,ECO_L2T_STARS.002_NDVI-UQ_20230409T143906_aid0001_32N.tif,data/NDVI/ECO_L2T_STARS.002_NDVI-UQ_20230409T143906_aid0001_32N.tif,ECO_L2T_STARS.002_NDVI-UQ_20230409T143906_aid0001_32N.tif,2023-04-09 00:00:00,2023,4,evening,100.0,94.0,True,True,True,0.002704958130701275,False,32632.0,EPSG:32632,94.0,34751.0,0.0284038688987493,0.0299999993294477,0.0174408871680498,0.0406469590961933,0.0043783974833786
raster,ndvi,ECO_L2T_STARS.002_NDVI_20230409T143906_aid0001_32N.tif,data/NDVI/ECO_L2T_STARS.002_NDVI_20230409T143906_aid0001_32N.tif,ECO_L2T_STARS.002_NDVI_20230409T143906_aid0001_32N.tif,2023-04-09 00:00:00,2023,4,evening,100.0,94.0,True,True,True,0.002704958130701275,False,32632.0,EPSG:32632,94.0,34751.0,0.1617233753204345,0.2290663421154022,-0.0407293438911438,0.3000000119209289,0.1423273980617523
raster,ndvi,ECO_L2T_STARS.002_NDVI-UQ_20230411T094752_aid0001_32N.tif,data/NDVI/ECO_L2T_STARS.002_NDVI-UQ_20230411T094752_aid0001_32N.tif,ECO_L2T_STARS.002_NDVI-UQ_20230411T094752_aid0001_32N.tif,2023-04-11 00:00:00,2023,4,midday_afternoon,100.0,34751.0,True,True,False,1.0,True,32632.0,EPSG:32632,34751.0,34751.0,0.0274203196167945,0.022382840514183,0.0033020810224115,0.4626457691192627,0.028161821886897
raster,ndvi,ECO_L2T_STARS.002_NDVI_20230411T094752_aid0001_32N.tif,data/NDVI/ECO_L2T_STARS.002_NDVI_20230411T094752_aid0001_32N.tif,ECO_L2T_STARS.002_NDVI_20230411T094752_aid0001_32N.tif,2023-04-11 00:00:00,2023,4,midday_afternoon,99.14247072026704,34453.0,True,True,False,1.0,True,32632.0,EPSG:32632,34751.0,34751.0,0.2503601014614105,0.2218093425035476,-0.9933866262435912,0.9998388290405272,0.271572083234787
raster,ndvi,ECO_L2T_STARS.002_NDVI-UQ_20230412T135038_aid0001_32N.tif,data/NDVI/ECO_L2T_STARS.002_NDVI-UQ_20230412T135038_aid0001_32N.tif,ECO_L2T_STARS.002_NDVI-UQ_20230412T135038_aid0001_32N.tif,2023-04-12 00:00:00,2023,4,midday_afternoon,100.0,34751.0,True,True,False,1.0,True,32632.0,EPSG:32632,34751.0,34751.0,0.0292862653732299,0.0245151240378618,0.001340402290225,0.4974274933338165,0.0313039757311344
raster,ndvi,ECO_L2T_STARS.002_NDVI_20230412T135038_aid0001_32N.tif,data/NDVI/ECO_L2T_STARS.002_NDVI_20230412T135038_aid0001_32N.tif,ECO_L2T_STARS.002_NDVI_20230412T135038_aid0001_32N.tif,2023-04-12 00:00:00,2023,4,midday_afternoon,98.9237719777848,34377.0,True,True,False,1.0,True,32632.0,EPSG:32632,34751.0,34751.0,0.2516891360282898,0.2253683507442474,-0.9619543552398682,0.9996777176856996,0.2682875394821167
raster,ndvi,ECO_L2T_STARS.002_NDVI-UQ_20230412T135130_aid0001_32N.tif,data/NDVI/ECO_L2T_STARS.002_NDVI-UQ_20230412T135130_aid0001_32N.tif,ECO_L2T_STARS.002_NDVI-UQ_20230412T135130_aid0001_32N.tif,2023-04-12 00:00:00,2023,4,midday_afternoon,100.0,94.0,True,True,True,0.002704958130701275,False,32632.0,EPSG:32632,94.0,34751.0,0.0269150882959365,0.0299999993294477,0.0175409205257892,0.0299999993294477,0.0043015959672629
raster,ndvi,ECO_L2T_STARS.002_NDVI_20230412T135130_aid0001_32N.tif,data/NDVI/ECO_L2T_STARS.002_NDVI_20230412T135130_aid0001_32N.tif,ECO_L2T_STARS.002_NDVI_20230412T135130_aid0001_32N.tif,2023-04-12 00:00:00,2023,4,midday_afternoon,100.0,94.0,True,True,True,0.002704958130701275,False,32632.0,EPSG:32632,94.0,34751.0,0.1902052015066146,0.3000000119209289,-0.3074205815792084,0.3000000119209289,0.1653531342744827
raster,ndvi,ECO_L2T_STARS.002_NDVI-UQ_20230413T130243_aid0001_32N.tif,data/NDVI/ECO_L2T_STARS.002_NDVI-UQ_20230413T130243_aid0001_32N.tif,ECO_L2T_STARS.002_NDVI-UQ_20230413T130243_aid0001_32N.tif,2023-04-13 00:00:00,2023,4,midday_afternoon,100.0,34751.0,True,True,False,1.0,True,32632.0,EPSG:32632,34751.0,34751.0,0.0317432545125484,0.0264762360602617,0.0009973036358132,0.5358278751373291,0.0356229543685913
raster,ndvi,ECO_L2T_STARS.002_NDVI_20230413T130243_aid0001_32N.tif,data/NDVI/ECO_L2T_STARS.002_NDVI_20230413T130243_aid0001_32N.tif,ECO_L2T_STARS.002_NDVI_20230413T130243_aid0001_32N.tif,2023-04-13 00:00:00,2023,4,midday_afternoon,98.81154499151104,34338.0,True,True,False,1.0,True,32632.0,EPSG:32632,34751.0,34751.0,0.2524951994419098,0.2349324226379394,-0.9104850888252258,0.9997867345809937,0.2648563385009765
raster,ndvi,ECO_L2T_STARS.002_NDVI-UQ_20230414T090004_aid0001_32N.tif,data/NDVI/ECO_L2T_STARS.002_NDVI-UQ_20230414T090004_aid0001_32N.tif,ECO_L2T_STARS.002_NDVI-UQ_20230414T090004_aid0001_32N.tif,2023-04-14 00:00:00,2023,4,midday_afternoon,100.0,34751.0,True,True,False,1.0,True,32632.0,EPSG:32632,34751.0,34751.0,0.0347012430429458,0.0299999993294477,0.0099962400272488,0.5373280644416809,0.0404260270297527
raster,ndvi,ECO_L2T_STARS.002_NDVI_20230414T090004_aid0001_32N.tif,data/NDVI/ECO_L2T_STARS.002_NDVI_20230414T090004_aid0001_32N.tif,ECO_L2T_STARS.002_NDVI_20230414T090004_aid0001_32N.tif,2023-04-14 00:00:00,2023,4,midday_afternoon,99.78993410261576,34678.0,True,True,False,1.0,True,32632.0,EPSG:32632,34751.0,34751.0,0.2376859784126281,0.3000000119209289,-0.0688720494508743,0.9997650980949402,0.1680533736944198
raster,ndvi,ECO_L2T_STARS.002_NDVI-UQ_20230414T090056_aid0001_32N.tif,data/NDVI/ECO_L2T_STARS.002_NDVI-UQ_20230414T090056_aid0001_32N.tif,ECO_L2T_STARS.002_NDVI-UQ_20230414T090056_aid0001_32N.tif,2023-04-14 00:00:00,2023,4,midday_afternoon,100.0,94.0,True,True,True,0.002704958130701275,False,32632.0,EPSG:32632,94.0,34751.0,0.0272662080824375,0.0299999993294477,0.0179437845945358,0.0299999993294477,0.0038978355005383
raster,ndvi,ECO_L2T_STARS.002_NDVI_20230414T090056_aid0001_32N.tif,data/NDVI/ECO_L2T_STARS.002_NDVI_20230414T090056_aid0001_32N.tif,ECO_L2T_STARS.002_NDVI_20230414T090056_aid0001_32N.tif,2023-04-14 00:00:00,2023,4,midday_afternoon,100.0,94.0,True,True,True,0.002704958130701275,False,32632.0,EPSG:32632,94.0,34751.0,0.1973456144332885,0.3000000119209289,-0.0593283362686634,0.3000000119209289,0.1343406289815902
raster,ndvi,ECO_L2T_STARS.002_NDVI-UQ_20230415T081131_aid0001_32N.tif,data/NDVI/ECO_L2T_STARS.002_NDVI-UQ_20230415T081131_aid0001_32N.tif,ECO_L2T_STARS.002_NDVI-UQ_20230415T081131_aid0001_32N.tif,2023-04-15 00:00:00,2023,4,morning,100.0,34751.0,True,True,False,1.0,True,32632.0,EPSG:32632,34751.0,34751.0,0.0310765281319618,0.0299999993294477,0.0103612523525953,0.5371106266975403,0.0304702334105968
raster,ndvi,ECO_L2T_STARS.002_NDVI_20230415T081131_aid0001_32N.tif,data/NDVI/ECO_L2T_STARS.002_NDVI_20230415T081131_aid0001_32N.tif,ECO_L2T_STARS.002_NDVI_20230415T081131_aid0001_32N.tif,2023-04-15 00:00:00,2023,4,morning,100.0,34751.0,True,True,False,1.0,True,32632.0,EPSG:32632,34751.0,34751.0,0.2401419728994369,0.3000000119209289,-0.0689561516046524,0.9997308254241944,0.1670014411211013
raster,ndvi,ECO_L2T_STARS.002_NDVI-UQ_20230415T081223_aid0001_32N.tif,data/NDVI/ECO_L2T_STARS.002_NDVI-UQ_20230415T081223_aid0001_32N.tif,ECO_L2T_STARS.002_NDVI-UQ_20230415T081223_aid0001_32N.tif,2023-04-15 00:00:00,2023,4,morning,100.0,94.0,True,True,True,0.002704958130701275,False,32632.0,EPSG:32632,94.0,34751.0,0.0278646927326917,0.0299999993294477,0.0202140118926763,0.0305376984179019,0.0031250359024852
raster,ndvi,ECO_L2T_STARS.002_NDVI_20230415T081223_aid0001_32N.tif,data/NDVI/ECO_L2T_STARS.002_NDVI_20230415T081223_aid0001_32N.tif,ECO_L2T_STARS.002_NDVI_20230415T081223_aid0001_32N.tif,2023-04-15 00:00:00,2023,4,morning,100.0,94.0,True,True,True,0.002704958130701275,False,32632.0,EPSG:32632,94.0,34751.0,0.1955019831657409,0.3000000119209289,-0.0593399442732334,0.3000000119209289,0.1355827301740646
raster,ndvi,ECO_L2T_STARS.002_NDVI-UQ_20230416T072422_aid0001_32N.tif,data/NDVI/ECO_L2T_STARS.002_NDVI-UQ_20230416T072422_aid0001_32N.tif,ECO_L2T_STARS.002_NDVI-UQ_20230416T072422_aid0001_32N.tif,2023-04-16 00:00:00,2023,4,morning,100.0,34751.0,True,True,False,1.0,True,32632.0,EPSG:32632,34751.0,34751.0,0.0281154010444879,0.0299999993294477,0.0009960796451196,0.2651357650756836,0.0133874611929059
raster,ndvi,ECO_L2T_STARS.002_NDVI_20230416T072422_aid0001_32N.tif,data/NDVI/ECO_L2T_STARS.002_NDVI_20230416T072422_aid0001_32N.tif,ECO_L2T_STARS.002_NDVI_20230416T072422_aid0001_32N.tif,2023-04-16 00:00:00,2023,4,morning,99.97410146470604,34742.0,True,True,False,1.0,True,32632.0,EPSG:32632,34751.0,34751.0,0.2377421408891677,0.3000000119209289,-0.0689353793859481,0.9996306300163268,0.1675669848918914
raster,ndvi,ECO_L2T_STARS.002_NDVI-UQ_20230418T072400_aid0001_32N.tif,data/NDVI/ECO_L2T_STARS.002_NDVI-UQ_20230418T072400_aid0001_32N.tif,ECO_L2T_STARS.002_NDVI-UQ_20230418T072400_aid0001_32N.tif,2023-04-18 00:00:00,2023,4,morning,100.0,34751.0,True,True,False,1.0,True,32632.0,EPSG:32632,34751.0,34751.0,0.0218184981495142,0.0260353591293096,0.0008784253732301,0.2656169235706329,0.0157613232731819
raster,ndvi,ECO_L2T_STARS.002_NDVI_20230418T072400_aid0001_32N.tif,data/NDVI/ECO_L2T_STARS.002_NDVI_20230418T072400_aid0001_32N.tif,ECO_L2T_STARS.002_NDVI_20230418T072400_aid0001_32N.tif,2023-04-18 00:00:00,2023,4,morning,99.98848953986936,34747.0,True,True,False,1.0,True,32632.0,EPSG:32632,34751.0,34751.0,0.1976037621498108,0.2436752021312713,-0.1096334978938102,0.9938321113586426,0.1941063106060028
raster,ndvi,ECO_L2T_STARS.002_NDVI-UQ_20230419T063527_aid0001_32N.tif,data/NDVI/ECO_L2T_STARS.002_NDVI-UQ_20230419T063527_aid0001_32N.tif,ECO_L2T_STARS.002_NDVI-UQ_20230419T063527_aid0001_32N.tif,2023-04-19 00:00:00,2023,4,morning,100.0,34751.0,True,True,False,1.0,True,32632.0,EPSG:32632,34751.0,34751.0,0.0239253044128417,0.0270986892282962,0.0051221447065472,0.2658841609954834,0.0136315710842609
raster,ndvi,ECO_L2T_STARS.002_NDVI_20230419T063527_aid0001_32N.tif,data/NDVI/ECO_L2T_STARS.002_NDVI_20230419T063527_aid0001_32N.tif,ECO_L2T_STARS.002_NDVI_20230419T063527_aid0001_32N.tif,2023-04-19 00:00:00,2023,4,morning,99.98848953986936,34747.0,True,True,False,1.0,True,32632.0,EPSG:32632,34751.0,34751.0,0.1971918195486068,0.24415323138237,-0.109625369310379,0.9937778115272522,0.1928841918706894
raster,ndvi,ECO_L2T_STARS.002_NDVI-UQ_20230419T063619_aid0001_32N.tif,data/NDVI/ECO_L2T_STARS.002_NDVI-UQ_20230419T063619_aid0001_32N.tif,ECO_L2T_STARS.002_NDVI-UQ_20230419T063619_aid0001_32N.tif,2023-04-19 00:00:00,2023,4,morning,100.0,94.0,True,True,True,0.002704958130701275,False,32632.0,EPSG:32632,94.0,34751.0,0.014256845228374,0.0100495275110006,0.006697401870042,0.0255258101969957,0.0054928818717598
raster,ndvi,ECO_L2T_STARS.002_NDVI_20230419T063619_aid0001_32N.tif,data/NDVI/ECO_L2T_STARS.002_NDVI_20230419T063619_aid0001_32N.tif,ECO_L2T_STARS.002_NDVI_20230419T063619_aid0001_32N.tif,2023-04-19 00:00:00,2023,4,morning,100.0,94.0,True,True,True,0.002704958130701275,False,32632.0,EPSG:32632,94.0,34751.0,-0.0237838290631771,-0.0423331521451473,-0.1181717962026596,0.3531566262245178,0.0752400755882263
raster,ndvi,ECO_L2T_STARS.002_NDVI-UQ_20230420T054705_aid0001_32N.tif,data/NDVI/ECO_L2T_STARS.002_NDVI-UQ_20230420T054705_aid0001_32N.tif,ECO_L2T_STARS.002_NDVI-UQ_20230420T054705_aid0001_32N.tif,2023-04-20 00:00:00,2023,4,morning,100.0,34751.0,True,True,False,1.0,True,32632.0,EPSG:32632,34751.0,34751.0,0.0248285233974456,0.0274147000163793,0.0100205857306718,0.1548671126365661,0.0083850985392928
raster,ndvi,ECO_L2T_STARS.002_NDVI_20230420T054705_aid0001_32N.tif,data/NDVI/ECO_L2T_STARS.002_NDVI_20230420T054705_aid0001_32N.tif,ECO_L2T_STARS.002_NDVI_20230420T054705_aid0001_32N.tif,2023-04-20 00:00:00,2023,4,morning,99.98848953986936,34747.0,True,True,False,1.0,True,32632.0,EPSG:32632,34751.0,34751.0,0.1919441223144531,0.2233117371797561,-0.1096162125468254,0.9937149882316588,0.1945389509201049
raster,ndvi,ECO_L2T_STARS.002_NDVI-UQ_20230421T095013_aid0001_32N.tif,data/NDVI/ECO_L2T_STARS.002_NDVI-UQ_20230421T095013_aid0001_32N.tif,ECO_L2T_STARS.002_NDVI-UQ_20230421T095013_aid0001_32N.tif,2023-04-21 00:00:00,2023,4,midday_afternoon,100.0,34751.0,True,True,False,1.0,True,32632.0,EPSG:32632,34751.0,34751.0,0.0254739969968795,0.0276347249746322,0.0009980611503124,0.0299999993294477,0.0050189299508929
raster,ndvi,ECO_L2T_STARS.002_NDVI_20230421T095013_aid0001_32N.tif,data/NDVI/ECO_L2T_STARS.002_NDVI_20230421T095013_aid0001_32N.tif,ECO_L2T_STARS.002_NDVI_20230421T095013_aid0001_32N.tif,2023-04-21 00:00:00,2023,4,midday_afternoon,99.98848953986936,34747.0,True,True,False,1.0,True,32632.0,EPSG:32632,34751.0,34751.0,0.2090309709310531,0.3000000119209289,-0.1262594163417816,0.9935932755470276,0.1839045137166977
raster,ndvi,ECO_L2T_STARS.002_NDVI-UQ_20230422T054638_aid0001_32N.tif,data/NDVI/ECO_L2T_STARS.002_NDVI-UQ_20230422T054638_aid0001_32N.tif,ECO_L2T_STARS.002_NDVI-UQ_20230422T054638_aid0001_32N.tif,2023-04-22 00:00:00,2023,4,morning,100.0,34751.0,True,True,False,1.0,True,32632.0,EPSG:32632,34751.0,34751.0,0.0264352522790431,0.0282346103340387,0.0100496746599674,0.0299999993294477,0.0039969622157514
raster,ndvi,ECO_L2T_STARS.002_NDVI_20230422T054638_aid0001_32N.tif,data/NDVI/ECO_L2T_STARS.002_NDVI_20230422T054638_aid0001_32N.tif,ECO_L2T_STARS.002_NDVI_20230422T054638_aid0001_32N.tif,2023-04-22 00:00:00,2023,4,morning,99.98848953986936,34747.0,True,True,False,1.0,True,32632.0,EPSG:32632,34751.0,34751.0,0.2129340469837188,0.3000000119209289,-0.1310288608074188,0.993492066860199,0.1792910248041153
raster,ndvi,ECO_L2T_STARS.002_NDVI-UQ_20230422T054730_aid0001_32N.tif,data/NDVI/ECO_L2T_STARS.002_NDVI-UQ_20230422T054730_aid0001_32N.tif,ECO_L2T_STARS.002_NDVI-UQ_20230422T054730_aid0001_32N.tif,2023-04-22 00:00:00,2023,4,morning,100.0,94.0,True,True,True,0.002704958130701275,False,32632.0,EPSG:32632,94.0,34751.0,0.0222486667335033,0.0200247969478368,0.0173215940594673,0.0282267555594444,0.0028623926918953
raster,ndvi,ECO_L2T_STARS.002_NDVI_20230422T054730_aid0001_32N.tif,data/NDVI/ECO_L2T_STARS.002_NDVI_20230422T054730_aid0001_32N.tif,ECO_L2T_STARS.002_NDVI_20230422T054730_aid0001_32N.tif,2023-04-22 00:00:00,2023,4,morning,100.0,94.0,True,True,True,0.002704958130701275,False,32632.0,EPSG:32632,94.0,34751.0,-0.0085310451686382,-0.0373886451125144,-0.1824142187833786,0.351003885269165,0.078970231115818
raster,ndvi,ECO_L2T_STARS.002_NDVI-UQ_20230423T045856_aid0001_32N.tif,data/NDVI/ECO_L2T_STARS.002_NDVI-UQ_20230423T045856_aid0001_32N.tif,ECO_L2T_STARS.002_NDVI-UQ_20230423T045856_aid0001_32N.tif,2023-04-23 00:00:00,2023,4,morning,100.0,34751.0,True,True,False,1.0,True,32632.0,EPSG:32632,34751.0,34751.0,0.0271086078137159,0.0286618806421756,0.0009228139533661,0.0299999993294477,0.0036284250672906
raster,ndvi,ECO_L2T_STARS.002_NDVI_20230423T045856_aid0001_32N.tif,data/NDVI/ECO_L2T_STARS.002_NDVI_20230423T045856_aid0001_32N.tif,ECO_L2T_STARS.002_NDVI_20230423T045856_aid0001_32N.tif,2023-04-23 00:00:00,2023,4,morning,99.98848953986936,34747.0,True,True,False,1.0,True,32632.0,EPSG:32632,34751.0,34751.0,0.2128622084856033,0.3000000119209289,-0.1813074946403503,0.993358314037323,0.176729068160057
raster,ndvi,ECO_L2T_STARS.002_NDVI-UQ_20230424T090130_aid0001_32N.tif,data/NDVI/ECO_L2T_STARS.002_NDVI-UQ_20230424T090130_aid0001_32N.tif,ECO_L2T_STARS.002_NDVI-UQ_20230424T090130_aid0001_32N.tif,2023-04-24 00:00:00,2023,4,midday_afternoon,100.0,34751.0,True,True,False,1.0,True,32632.0,EPSG:32632,34751.0,34751.0,0.0279295556247234,0.0293144658207893,0.0100424885749816,0.0299999993294477,0.0026398785412311
raster,ndvi,ECO_L2T_STARS.002_NDVI_20230424T090130_aid0001_32N.tif,data/NDVI/ECO_L2T_STARS.002_NDVI_20230424T090130_aid0001_32N.tif,ECO_L2T_STARS.002_NDVI_20230424T090130_aid0001_32N.tif,2023-04-24 00:00:00,2023,4,midday_afternoon,99.99136715490202,34748.0,True,True,False,1.0,True,32632.0,EPSG:32632,34751.0,34751.0,0.2158200293779373,0.3000000119209289,-0.1812127083539962,0.998732089996338,0.1760741025209427
raster,ndvi,ECO_L2T_STARS.002_NDVI-UQ_20230425T081223_aid0001_32N.tif,data/NDVI/ECO_L2T_STARS.002_NDVI-UQ_20230425T081223_aid0001_32N.tif,ECO_L2T_STARS.002_NDVI-UQ_20230425T081223_aid0001_32N.tif,2023-04-25 00:00:00,2023,4,morning,100.0,34751.0,True,True,False,1.0,True,32632.0,EPSG:32632,34751.0,34751.0,0.0286445561796426,0.029704000800848,0.0141722112894058,0.0299999993294477,0.0018713485915213
raster,ndvi,ECO_L2T_STARS.002_NDVI_20230425T081223_aid0001_32N.tif,data/NDVI/ECO_L2T_STARS.002_NDVI_20230425T081223_aid0001_32N.tif,ECO_L2T_STARS.002_NDVI_20230425T081223_aid0001_32N.tif,2023-04-25 00:00:00,2023,4,morning,100.0,34751.0,True,True,False,1.0,True,32632.0,EPSG:32632,34751.0,34751.0,0.216153398156166,0.3000000119209289,-0.1810619682073593,0.9973688125610352,0.1752160638570785
raster,ndvi,ECO_L2T_STARS.002_NDVI-UQ_20230427T081145_aid0001_32N.tif,data/NDVI/ECO_L2T_STARS.002_NDVI-UQ_20230427T081145_aid0001_32N.tif,ECO_L2T_STARS.002_NDVI-UQ_20230427T081145_aid0001_32N.tif,2023-04-27 00:00:00,2023,4,morning,100.0,34751.0,True,True,False,1.0,True,32632.0,EPSG:32632,34751.0,34751.0,0.0170800779014825,0.0100494837388396,0.0100402720272541,0.0299999993294477,0.0086080702021718
raster,ndvi,ECO_L2T_STARS.002_NDVI_20230427T081145_aid0001_32N.tif,data/NDVI/ECO_L2T_STARS.002_NDVI_20230427T081145_aid0001_32N.tif,ECO_L2T_STARS.002_NDVI_20230427T081145_aid0001_32N.tif,2023-04-27 00:00:00,2023,4,morning,100.0,34751.0,True,True,False,1.0,True,32632.0,EPSG:32632,34751.0,34751.0,0.2755829691886902,0.2963664829730987,-0.8275539875030518,0.9975924491882324,0.2713570296764374
raster,ndvi,ECO_L2T_STARS.002_NDVI-UQ_20230428T072242_aid0001_32N.tif,data/NDVI/ECO_L2T_STARS.002_NDVI-UQ_20230428T072242_aid0001_32N.tif,ECO_L2T_STARS.002_NDVI-UQ_20230428T072242_aid0001_32N.tif,2023-04-28 00:00:00,2023,4,morning,100.0,34751.0,True,True,False,1.0,True,32632.0,EPSG:32632,34751.0,34751.0,0.0197208262979984,0.0141771649941802,0.014170641079545,0.0299999993294477,0.0068166363053023
raster,ndvi,ECO_L2T_STARS.002_NDVI_20230428T072242_aid0001_32N.tif,data/NDVI/ECO_L2T_STARS.002_NDVI_20230428T072242_aid0001_32N.tif,ECO_L2T_STARS.002_NDVI_20230428T072242_aid0001_32N.tif,2023-04-28 00:00:00,2023,4,morning,100.0,34751.0,True,True,False,1.0,True,32632.0,EPSG:32632,34751.0,34751.0,0.2779728770256042,0.3000000119209289,-0.8273279070854187,0.9974651336669922,0.2700052559375763
raster,ndvi,ECO_L2T_STARS.002_NDVI-UQ_20230428T072334_aid0001_32N.tif,data/NDVI/ECO_L2T_STARS.002_NDVI-UQ_20230428T072334_aid0001_32N.tif,ECO_L2T_STARS.002_NDVI-UQ_20230428T072334_aid0001_32N.tif,2023-04-28 00:00:00,2023,4,morning,100.0,94.0,True,True,True,0.002704958130701275,False,32632.0,EPSG:32632,94.0,34751.0,0.0141771724447608,0.0141771640628576,0.014177163131535,0.0141771929338574,1.1760412199635084e-08
raster,ndvi,ECO_L2T_STARS.002_NDVI_20230428T072334_aid0001_32N.tif,data/NDVI/ECO_L2T_STARS.002_NDVI_20230428T072334_aid0001_32N.tif,ECO_L2T_STARS.002_NDVI_20230428T072334_aid0001_32N.tif,2023-04-28 00:00:00,2023,4,morning,100.0,94.0,True,True,True,0.002704958130701275,False,32632.0,EPSG:32632,94.0,34751.0,-0.0250062886625528,-0.0341086760163307,-0.0508271045982837,0.4786961376667022,0.0603170730173587
raster,ndvi,ECO_L2T_STARS.002_NDVI-UQ_20230429T063409_aid0001_32N.tif,data/NDVI/ECO_L2T_STARS.002_NDVI-UQ_20230429T063409_aid0001_32N.tif,ECO_L2T_STARS.002_NDVI-UQ_20230429T063409_aid0001_32N.tif,2023-04-29 00:00:00,2023,4,morning,100.0,34751.0,True,True,False,1.0,True,32632.0,EPSG:32632,34751.0,34751.0,0.0217879004776477,0.0173491183668375,0.0173437893390655,0.0299999993294477,0.0054503888823091
raster,ndvi,ECO_L2T_STARS.002_NDVI_20230429T063409_aid0001_32N.tif,data/NDVI/ECO_L2T_STARS.002_NDVI_20230429T063409_aid0001_32N.tif,ECO_L2T_STARS.002_NDVI_20230429T063409_aid0001_32N.tif,2023-04-29 00:00:00,2023,4,morning,100.0,34751.0,True,True,False,1.0,True,32632.0,EPSG:32632,34751.0,34751.0,0.278982013463974,0.3000000119209289,-0.8270602226257324,0.9973080158233644,0.2695366144180298
raster,ndvi,ECO_L2T_STARS.002_NDVI-UQ_20230429T063501_aid0001_32N.tif,data/NDVI/ECO_L2T_STARS.002_NDVI-UQ_20230429T063501_aid0001_32N.tif,ECO_L2T_STARS.002_NDVI-UQ_20230429T063501_aid0001_32N.tif,2023-04-29 00:00:00,2023,4,morning,100.0,94.0,True,True,True,0.002704958130701275,False,32632.0,EPSG:32632,94.0,34751.0,0.0173491239547729,0.0173491165041923,0.0173491146415472,0.0173491407185792,9.472370443575072e-09
raster,ndvi,ECO_L2T_STARS.002_NDVI_20230429T063501_aid0001_32N.tif,data/NDVI/ECO_L2T_STARS.002_NDVI_20230429T063501_aid0001_32N.tif,ECO_L2T_STARS.002_NDVI_20230429T063501_aid0001_32N.tif,2023-04-29 00:00:00,2023,4,morning,100.0,94.0,True,True,True,0.002704958130701275,False,32632.0,EPSG:32632,94.0,34751.0,-0.0250039510428905,-0.0341058261692523,-0.0508255362510681,0.4786707460880279,0.0603142529726028
raster,ndvi,ECO_L2T_STARS.002_NDVI-UQ_20230501T063446_aid0001_32N.tif,data/NDVI/ECO_L2T_STARS.002_NDVI-UQ_20230501T063446_aid0001_32N.tif,ECO_L2T_STARS.002_NDVI-UQ_20230501T063446_aid0001_32N.tif,2023-05-01 00:00:00,2023,5,morning,100.0,34751.0,True,True,False,1.0,True,32632.0,EPSG:32632,34751.0,34751.0,0.0251184590160846,0.022382840514183,0.0223828386515378,0.0299999993294477,0.0033040777780115
raster,ndvi,ECO_L2T_STARS.002_NDVI_20230501T063446_aid0001_32N.tif,data/NDVI/ECO_L2T_STARS.002_NDVI_20230501T063446_aid0001_32N.tif,ECO_L2T_STARS.002_NDVI_20230501T063446_aid0001_32N.tif,2023-05-01 00:00:00,2023,5,morning,100.0,34751.0,True,True,False,1.0,True,32632.0,EPSG:32632,34751.0,34751.0,0.2797164618968963,0.3000000119209289,-0.826312780380249,0.9968392252922058,0.2686493694782257
raster,ndvi,ECO_L2T_STARS.002_NDVI-UQ_20230502T054627_aid0001_32N.tif,data/NDVI/ECO_L2T_STARS.002_NDVI-UQ_20230502T054627_aid0001_32N.tif,ECO_L2T_STARS.002_NDVI-UQ_20230502T054627_aid0001_32N.tif,2023-05-02 00:00:00,2023,5,morning,100.0,34751.0,True,True,False,1.0,True,32632.0,EPSG:32632,34751.0,34751.0,0.0265410225838422,0.0245151259005069,0.0245151221752166,0.0299999993294477,0.002406837651506
raster,ndvi,ECO_L2T_STARS.002_NDVI_20230502T054627_aid0001_32N.tif,data/NDVI/ECO_L2T_STARS.002_NDVI_20230502T054627_aid0001_32N.tif,ECO_L2T_STARS.002_NDVI_20230502T054627_aid0001_32N.tif,2023-05-02 00:00:00,2023,5,morning,100.0,34751.0,True,True,False,1.0,True,32632.0,EPSG:32632,34751.0,34751.0,0.2805449366569519,0.3000000119209289,-0.8257257342338562,0.9964491128921508,0.2678140103816986
raster,ndvi,ECO_L2T_STARS.002_NDVI-UQ_20230503T045809_aid0001_32N.tif,data/NDVI/ECO_L2T_STARS.002_NDVI-UQ_20230503T045809_aid0001_32N.tif,ECO_L2T_STARS.002_NDVI-UQ_20230503T045809_aid0001_32N.tif,2023-05-03 00:00:00,2023,5,morning,100.0,94.0,True,True,True,0.002704958130701275,False,32632.0,EPSG:32632,94.0,34751.0,0.0101955691352486,0.0110741853713989,0.0009367113816551,0.0235765874385833,0.0088468007743358
raster,ndvi,ECO_L2T_STARS.002_NDVI_20230503T045809_aid0001_32N.tif,data/NDVI/ECO_L2T_STARS.002_NDVI_20230503T045809_aid0001_32N.tif,ECO_L2T_STARS.002_NDVI_20230503T045809_aid0001_32N.tif,2023-05-03 00:00:00,2023,5,morning,100.0,94.0,True,True,True,0.002704958130701275,False,32632.0,EPSG:32632,94.0,34751.0,-0.0240939296782016,-0.0356031134724617,-0.0580854304134845,0.4759529232978821,0.0636588037014007
raster,ndvi,ECO_L2T_STARS.002_NDVI-UQ_20230527T151139_aid0001_32N.tif,data/NDVI/ECO_L2T_STARS.002_NDVI-UQ_20230527T151139_aid0001_32N.tif,ECO_L2T_STARS.002_NDVI-UQ_20230527T151139_aid0001_32N.tif,2023-05-27 00:00:00,2023,5,evening,100.0,34751.0,True,True,False,1.0,True,32632.0,EPSG:32632,34751.0,34751.0,0.0179410427808761,0.0156035367399454,0.0100357895717024,0.0299999993294477,0.0084681939333677
raster,ndvi,ECO_L2T_STARS.002_NDVI_20230527T151139_aid0001_32N.tif,data/NDVI/ECO_L2T_STARS.002_NDVI_20230527T151139_aid0001_32N.tif,ECO_L2T_STARS.002_NDVI_20230527T151139_aid0001_32N.tif,2023-05-27 00:00:00,2023,5,evening,99.96546861960806,34739.0,True,True,False,1.0,True,32632.0,EPSG:32632,34751.0,34751.0,0.2880217730998993,0.3000000119209289,-0.1815346777439117,0.9904890060424804,0.2600948512554168
raster,ndvi,ECO_L2T_STARS.002_NDVI-UQ_20230527T151231_aid0001_32N.tif,data/NDVI/ECO_L2T_STARS.002_NDVI-UQ_20230527T151231_aid0001_32N.tif,ECO_L2T_STARS.002_NDVI-UQ_20230527T151231_aid0001_32N.tif,2023-05-27 00:00:00,2023,5,evening,100.0,94.0,True,True,True,0.002704958130701275,False,32632.0,EPSG:32632,94.0,34751.0,0.0181801095604896,0.0184256248176097,0.0100494818761944,0.0281931832432746,0.0060550952330231
raster,ndvi,ECO_L2T_STARS.002_NDVI_20230527T151231_aid0001_32N.tif,data/NDVI/ECO_L2T_STARS.002_NDVI_20230527T151231_aid0001_32N.tif,ECO_L2T_STARS.002_NDVI_20230527T151231_aid0001_32N.tif,2023-05-27 00:00:00,2023,5,evening,100.0,94.0,True,True,True,0.002704958130701275,False,32632.0,EPSG:32632,94.0,34751.0,0.0436825305223465,-0.0299586802721023,-0.0873101279139518,0.6146031618118286,0.173765167593956
raster,ndvi,ECO_L2T_STARS.002_NDVI-UQ_20230529T151114_aid0001_32N.tif,data/NDVI/ECO_L2T_STARS.002_NDVI-UQ_20230529T151114_aid0001_32N.tif,ECO_L2T_STARS.002_NDVI-UQ_20230529T151114_aid0001_32N.tif,2023-05-29 00:00:00,2023,5,evening,100.0,34751.0,True,True,False,1.0,True,32632.0,EPSG:32632,34751.0,34751.0,0.0226194728165864,0.0213456526398658,0.0173411946743726,0.0299999993294477,0.0055490247905254
raster,ndvi,ECO_L2T_STARS.002_NDVI_20230529T151114_aid0001_32N.tif,data/NDVI/ECO_L2T_STARS.002_NDVI_20230529T151114_aid0001_32N.tif,ECO_L2T_STARS.002_NDVI_20230529T151114_aid0001_32N.tif,2023-05-29 00:00:00,2023,5,evening,100.0,34751.0,True,True,False,1.0,True,32632.0,EPSG:32632,34751.0,34751.0,0.3054574728012085,0.3000000119209289,-0.1803981512784958,0.959299087524414,0.2514883577823639
raster,ndvi,ECO_L2T_STARS.002_NDVI-UQ_20230603T124450_aid0001_32N.tif,data/NDVI/ECO_L2T_STARS.002_NDVI-UQ_20230603T124450_aid0001_32N.tif,ECO_L2T_STARS.002_NDVI-UQ_20230603T124450_aid0001_32N.tif,2023-06-03 00:00:00,2023,6,midday_afternoon,100.0,94.0,True,True,True,0.002704958130701275,False,32632.0,EPSG:32632,94.0,34751.0,0.0103883491829037,0.0100494837388396,0.0008777099428698,0.0211164467036724,0.0036019866820424
raster,ndvi,ECO_L2T_STARS.002_NDVI_20230603T124450_aid0001_32N.tif,data/NDVI/ECO_L2T_STARS.002_NDVI_20230603T124450_aid0001_32N.tif,ECO_L2T_STARS.002_NDVI_20230603T124450_aid0001_32N.tif,2023-06-03 00:00:00,2023,6,midday_afternoon,100.0,94.0,True,True,True,0.002704958130701275,False,32632.0,EPSG:32632,94.0,34751.0,-0.0009367844322696,-0.0730971172451973,-0.1291905790567398,0.6849144101142883,0.1865422278642654
raster,ndvi,ECO_L2T_STARS.002_NDVI-UQ_20230603T173627_aid0001_32N.tif,data/NDVI/ECO_L2T_STARS.002_NDVI-UQ_20230603T173627_aid0001_32N.tif,ECO_L2T_STARS.002_NDVI-UQ_20230603T173627_aid0001_32N.tif,2023-06-03 00:00:00,2023,6,evening,100.0,34751.0,True,True,False,1.0,True,32632.0,EPSG:32632,34751.0,34751.0,0.0193839538842439,0.0202869828790426,0.0008451480534859,0.0299999993294477,0.0098818512633442
raster,ndvi,ECO_L2T_STARS.002_NDVI_20230603T173627_aid0001_32N.tif,data/NDVI/ECO_L2T_STARS.002_NDVI_20230603T173627_aid0001_32N.tif,ECO_L2T_STARS.002_NDVI_20230603T173627_aid0001_32N.tif,2023-06-03 00:00:00,2023,6,evening,100.0,34751.0,True,True,False,1.0,True,32632.0,EPSG:32632,34751.0,34751.0,0.3576757907867431,0.3000000119209289,-0.8040894269943237,0.9722188115119934,0.2166426926851272
raster,ndvi,ECO_L2T_STARS.002_NDVI-UQ_20230604T115625_aid0001_32N.tif,data/NDVI/ECO_L2T_STARS.002_NDVI-UQ_20230604T115625_aid0001_32N.tif,ECO_L2T_STARS.002_NDVI-UQ_20230604T115625_aid0001_32N.tif,2023-06-04 00:00:00,2023,6,midday_afternoon,100.0,34751.0,True,True,False,1.0,True,32632.0,EPSG:32632,34751.0,34751.0,0.0217335578054189,0.0220215804874897,0.0100356498733162,0.0299999993294477,0.0074827591888606
raster,ndvi,ECO_L2T_STARS.002_NDVI_20230604T115625_aid0001_32N.tif,data/NDVI/ECO_L2T_STARS.002_NDVI_20230604T115625_aid0001_32N.tif,ECO_L2T_STARS.002_NDVI_20230604T115625_aid0001_32N.tif,2023-06-04 00:00:00,2023,6,midday_afternoon,100.0,34751.0,True,True,False,1.0,True,32632.0,EPSG:32632,34751.0,34751.0,0.3577601909637451,0.3000000119209289,-0.8038923740386963,0.9722244739532472,0.2163368463516235
raster,ndvi,ECO_L2T_STARS.002_NDVI-UQ_20230605T155811_aid0001_32N.tif,data/NDVI/ECO_L2T_STARS.002_NDVI-UQ_20230605T155811_aid0001_32N.tif,ECO_L2T_STARS.002_NDVI-UQ_20230605T155811_aid0001_32N.tif,2023-06-05 00:00:00,2023,6,evening,100.0,34751.0,True,True,False,1.0,True,32632.0,EPSG:32632,34751.0,34751.0,0.0234003067016601,0.0236119143664836,0.0141673665493726,0.0299999993294477,0.0059664673171937
raster,ndvi,ECO_L2T_STARS.002_NDVI_20230605T155811_aid0001_32N.tif,data/NDVI/ECO_L2T_STARS.002_NDVI_20230605T155811_aid0001_32N.tif,ECO_L2T_STARS.002_NDVI_20230605T155811_aid0001_32N.tif,2023-06-05 00:00:00,2023,6,evening,100.0,34751.0,True,True,False,1.0,True,32632.0,EPSG:32632,34751.0,34751.0,0.3578666448593139,0.3000000119209289,-0.8036628365516663,0.9722358584403992,0.2159577906131744
raster,ndvi,ECO_L2T_STARS.002_NDVI-UQ_20230606T115505_aid0001_32N.tif,data/NDVI/ECO_L2T_STARS.002_NDVI-UQ_20230606T115505_aid0001_32N.tif,ECO_L2T_STARS.002_NDVI-UQ_20230606T115505_aid0001_32N.tif,2023-06-06 00:00:00,2023,6,midday_afternoon,100.0,34751.0,True,True,False,1.0,True,32632.0,EPSG:32632,34751.0,34751.0,0.0247595682740211,0.0250538904219865,0.0107943248003721,0.0299999993294477,0.0047865402884781
raster,ndvi,ECO_L2T_STARS.002_NDVI_20230606T115505_aid0001_32N.tif,data/NDVI/ECO_L2T_STARS.002_NDVI_20230606T115505_aid0001_32N.tif,ECO_L2T_STARS.002_NDVI_20230606T115505_aid0001_32N.tif,2023-06-06 00:00:00,2023,6,midday_afternoon,100.0,34751.0,True,True,False,1.0,True,32632.0,EPSG:32632,34751.0,34751.0,0.3573235869407654,0.3000000119209289,-0.8033891320228577,0.9722563028335572,0.2150045931339264
raster,ndvi,ECO_L2T_STARS.002_NDVI-UQ_20230607T110557_aid0001_32N.tif,data/NDVI/ECO_L2T_STARS.002_NDVI-UQ_20230607T110557_aid0001_32N.tif,ECO_L2T_STARS.002_NDVI-UQ_20230607T110557_aid0001_32N.tif,2023-06-07 00:00:00,2023,6,midday_afternoon,100.0,34751.0,True,True,False,1.0,True,32632.0,EPSG:32632,34751.0,34751.0,0.0252249874174594,0.0263544544577598,0.0009223166271112,0.0299999993294477,0.0056188465096056
raster,ndvi,ECO_L2T_STARS.002_NDVI_20230607T110557_aid0001_32N.tif,data/NDVI/ECO_L2T_STARS.002_NDVI_20230607T110557_aid0001_32N.tif,ECO_L2T_STARS.002_NDVI_20230607T110557_aid0001_32N.tif,2023-06-07 00:00:00,2023,6,midday_afternoon,100.0,34751.0,True,True,False,1.0,True,32632.0,EPSG:32632,34751.0,34751.0,0.3598553836345672,0.3000000119209289,-0.8030521869659424,0.972291886806488,0.2156824767589569
raster,ndvi,ECO_L2T_STARS.002_NDVI-UQ_20230608T150858_aid0001_32N.tif,data/NDVI/ECO_L2T_STARS.002_NDVI-UQ_20230608T150858_aid0001_32N.tif,ECO_L2T_STARS.002_NDVI-UQ_20230608T150858_aid0001_32N.tif,2023-06-08 00:00:00,2023,6,evening,100.0,34751.0,True,True,False,1.0,True,32632.0,EPSG:32632,34751.0,34751.0,0.0264628045260906,0.0276807677000761,0.0094050150364637,0.0299999993294477,0.0042486172169446
raster,ndvi,ECO_L2T_STARS.002_NDVI_20230608T150858_aid0001_32N.tif,data/NDVI/ECO_L2T_STARS.002_NDVI_20230608T150858_aid0001_32N.tif,ECO_L2T_STARS.002_NDVI_20230608T150858_aid0001_32N.tif,2023-06-08 00:00:00,2023,6,evening,100.0,34751.0,True,True,False,1.0,True,32632.0,EPSG:32632,34751.0,34751.0,0.3572019934654236,0.3000000119209289,-0.8026168346405029,0.9723541736602784,0.2153313755989074
raster,ndvi,ECO_L2T_STARS.002_NDVI-UQ_20230609T141922_aid0001_32N.tif,data/NDVI/ECO_L2T_STARS.002_NDVI-UQ_20230609T141922_aid0001_32N.tif,ECO_L2T_STARS.002_NDVI-UQ_20230609T141922_aid0001_32N.tif,2023-06-09 00:00:00,2023,6,evening,100.0,34751.0,True,True,False,1.0,True,32632.0,EPSG:32632,34751.0,34751.0,0.0272563938051462,0.0289093349128961,0.0095870234072208,0.0299999993294477,0.0038420748896896
raster,ndvi,ECO_L2T_STARS.002_NDVI_20230609T141922_aid0001_32N.tif,data/NDVI/ECO_L2T_STARS.002_NDVI_20230609T141922_aid0001_32N.tif,ECO_L2T_STARS.002_NDVI_20230609T141922_aid0001_32N.tif,2023-06-09 00:00:00,2023,6,evening,99.99712238496734,34750.0,True,True,False,1.0,True,32632.0,EPSG:32632,34751.0,34751.0,0.3503280878067016,0.3000000119209289,-0.8020059466362,0.972464084625244,0.2120689302682876
raster,ndvi,ECO_L2T_STARS.002_NDVI-UQ_20230610T101557_aid0001_32N.tif,data/NDVI/ECO_L2T_STARS.002_NDVI-UQ_20230610T101557_aid0001_32N.tif,ECO_L2T_STARS.002_NDVI-UQ_20230610T101557_aid0001_32N.tif,2023-06-10 00:00:00,2023,6,midday_afternoon,100.0,34751.0,True,True,False,1.0,True,32632.0,EPSG:32632,34751.0,34751.0,0.0224985498934984,0.0289091095328331,0.0008983195293694,0.0299999993294477,0.010480192489922
raster,ndvi,ECO_L2T_STARS.002_NDVI_20230610T101557_aid0001_32N.tif,data/NDVI/ECO_L2T_STARS.002_NDVI_20230610T101557_aid0001_32N.tif,ECO_L2T_STARS.002_NDVI_20230610T101557_aid0001_32N.tif,2023-06-10 00:00:00,2023,6,midday_afternoon,99.80719979281172,34684.0,True,True,False,1.0,True,32632.0,EPSG:32632,34751.0,34751.0,0.3850660026073456,0.3000000119209289,-0.7652691602706909,0.9994701147079468,0.2033524513244629
raster,ndvi,ECO_L2T_STARS.002_NDVI-UQ_20230611T092733_aid0001_32N.tif,data/NDVI/ECO_L2T_STARS.002_NDVI-UQ_20230611T092733_aid0001_32N.tif,ECO_L2T_STARS.002_NDVI-UQ_20230611T092733_aid0001_32N.tif,2023-06-11 00:00:00,2023,6,midday_afternoon,100.0,34751.0,True,True,False,1.0,True,32632.0,EPSG:32632,34751.0,34751.0,0.0240880828350782,0.0293608903884887,0.0009960804600268,0.0299999993294477,0.0077147628180682
raster,ndvi,ECO_L2T_STARS.002_NDVI_20230611T092733_aid0001_32N.tif,data/NDVI/ECO_L2T_STARS.002_NDVI_20230611T092733_aid0001_32N.tif,ECO_L2T_STARS.002_NDVI_20230611T092733_aid0001_32N.tif,2023-06-11 00:00:00,2023,6,midday_afternoon,99.36404707778192,34530.0,True,True,False,1.0,True,32632.0,EPSG:32632,34751.0,34751.0,0.3743443787097931,0.3000000119209289,-0.5605056881904602,0.9991760849952698,0.192482516169548
raster,ndvi,ECO_L2T_STARS.002_NDVI-UQ_20230612T083817_aid0001_32N.tif,data/NDVI/ECO_L2T_STARS.002_NDVI-UQ_20230612T083817_aid0001_32N.tif,ECO_L2T_STARS.002_NDVI-UQ_20230612T083817_aid0001_32N.tif,2023-06-12 00:00:00,2023,6,morning,100.0,94.0,True,True,True,0.002704958130701275,False,32632.0,EPSG:32632,94.0,34751.0,0.0147778075188398,0.0141771901398897,0.0008812435553409,0.0261536072939634,0.0067313401959836
raster,ndvi,ECO_L2T_STARS.002_NDVI_20230612T083817_aid0001_32N.tif,data/NDVI/ECO_L2T_STARS.002_NDVI_20230612T083817_aid0001_32N.tif,ECO_L2T_STARS.002_NDVI_20230612T083817_aid0001_32N.tif,2023-06-12 00:00:00,2023,6,morning,100.0,94.0,True,True,True,0.002704958130701275,False,32632.0,EPSG:32632,94.0,34751.0,0.037754476070404,-0.0332508571445941,-0.0959420651197433,0.6966734528541565,0.1934036463499069
raster,ndvi,ECO_L2T_STARS.002_NDVI-UQ_20230612T132855_aid0001_32N.tif,data/NDVI/ECO_L2T_STARS.002_NDVI-UQ_20230612T132855_aid0001_32N.tif,ECO_L2T_STARS.002_NDVI-UQ_20230612T132855_aid0001_32N.tif,2023-06-12 00:00:00,2023,6,midday_afternoon,100.0,34751.0,True,True,False,1.0,True,32632.0,EPSG:32632,34751.0,34751.0,0.0220440346747636,0.0279028117656707,0.0008653225959278,0.0299999993294477,0.0101601313799619
raster,ndvi,ECO_L2T_STARS.002_NDVI_20230612T132855_aid0001_32N.tif,data/NDVI/ECO_L2T_STARS.002_NDVI_20230612T132855_aid0001_32N.tif,ECO_L2T_STARS.002_NDVI_20230612T132855_aid0001_32N.tif,2023-06-12 00:00:00,2023,6,midday_afternoon,99.90216108888951,34717.0,True,True,False,1.0,True,32632.0,EPSG:32632,34751.0,34751.0,0.394856333732605,0.3000000119209289,-0.5603874325752258,0.9967345595359802,0.1984836608171463
raster,ndvi,ECO_L2T_STARS.002_NDVI-UQ_20230613T124005_aid0001_32N.tif,data/NDVI/ECO_L2T_STARS.002_NDVI-UQ_20230613T124005_aid0001_32N.tif,ECO_L2T_STARS.002_NDVI-UQ_20230613T124005_aid0001_32N.tif,2023-06-13 00:00:00,2023,6,midday_afternoon,100.0,94.0,True,True,True,0.002704958130701275,False,32632.0,EPSG:32632,94.0,34751.0,0.0179370921105146,0.0173491369932889,0.0063010454177856,0.0268808212131261,0.0052127428352832
raster,ndvi,ECO_L2T_STARS.002_NDVI_20230613T124005_aid0001_32N.tif,data/NDVI/ECO_L2T_STARS.002_NDVI_20230613T124005_aid0001_32N.tif,ECO_L2T_STARS.002_NDVI_20230613T124005_aid0001_32N.tif,2023-06-13 00:00:00,2023,6,midday_afternoon,100.0,94.0,True,True,True,0.002704958130701275,False,32632.0,EPSG:32632,94.0,34751.0,0.0444820299744606,-0.0327341184020042,-0.0959377288818359,0.7098857760429382,0.2065631300210952
raster,ndvi,ECO_L2T_STARS.002_NDVI-UQ_20230614T083645_aid0001_32N.tif,data/NDVI/ECO_L2T_STARS.002_NDVI-UQ_20230614T083645_aid0001_32N.tif,ECO_L2T_STARS.002_NDVI-UQ_20230614T083645_aid0001_32N.tif,2023-06-14 00:00:00,2023,6,morning,100.0,34751.0,True,True,False,1.0,True,32632.0,EPSG:32632,34751.0,34751.0,0.0255921725183725,0.0283540058881044,0.0070174736902117,0.6147558093070984,0.0174472909420728
raster,ndvi,ECO_L2T_STARS.002_NDVI_20230614T083645_aid0001_32N.tif,data/NDVI/ECO_L2T_STARS.002_NDVI_20230614T083645_aid0001_32N.tif,ECO_L2T_STARS.002_NDVI_20230614T083645_aid0001_32N.tif,2023-06-14 00:00:00,2023,6,morning,99.36404707778192,34530.0,True,True,False,1.0,True,32632.0,EPSG:32632,34751.0,34751.0,0.3928652107715606,0.3000000119209289,-0.5600923895835876,0.9999078512191772,0.2005434930324554
raster,ndvi,ECO_L2T_STARS.002_NDVI-UQ_20230615T074727_aid0001_32N.tif,data/NDVI/ECO_L2T_STARS.002_NDVI-UQ_20230615T074727_aid0001_32N.tif,ECO_L2T_STARS.002_NDVI-UQ_20230615T074727_aid0001_32N.tif,2023-06-15 00:00:00,2023,6,morning,99.99712238496734,34750.0,True,True,False,1.0,True,32632.0,EPSG:32632,34751.0,34751.0,0.0263903196901083,0.0284272041171789,0.0008870883029885,0.9764454364776612,0.0270071122795343
raster,ndvi,ECO_L2T_STARS.002_NDVI_20230615T074727_aid0001_32N.tif,data/NDVI/ECO_L2T_STARS.002_NDVI_20230615T074727_aid0001_32N.tif,ECO_L2T_STARS.002_NDVI_20230615T074727_aid0001_32N.tif,2023-06-15 00:00:00,2023,6,morning,99.35541423268394,34527.0,True,True,False,1.0,True,32632.0,EPSG:32632,34751.0,34751.0,0.3980820477008819,0.3000000119209289,-0.5598970055580139,0.9997807145118712,0.2020820081233978
raster,ndvi,ECO_L2T_STARS.002_NDVI-UQ_20230616T114931_aid0001_32N.tif,data/NDVI/ECO_L2T_STARS.002_NDVI-UQ_20230616T114931_aid0001_32N.tif,ECO_L2T_STARS.002_NDVI-UQ_20230616T114931_aid0001_32N.tif,2023-06-16 00:00:00,2023,6,midday_afternoon,99.99712238496734,34750.0,True,True,False,1.0,True,32632.0,EPSG:32632,34751.0,34751.0,0.0304038971662521,0.0293096061795949,0.0050998087972402,0.9941784739494324,0.0364569313824176
raster,ndvi,ECO_L2T_STARS.002_NDVI_20230616T114931_aid0001_32N.tif,data/NDVI/ECO_L2T_STARS.002_NDVI_20230616T114931_aid0001_32N.tif,ECO_L2T_STARS.002_NDVI_20230616T114931_aid0001_32N.tif,2023-06-16 00:00:00,2023,6,midday_afternoon,99.13671549020172,34451.0,True,True,False,1.0,True,32632.0,EPSG:32632,34751.0,34751.0,0.3958948254585266,0.3000000119209289,-0.9869446754455566,0.9999586939811708,0.2041536420583725
raster,ndvi,ECO_L2T_STARS.002_NDVI-UQ_20230616T115022_aid0001_32N.tif,data/NDVI/ECO_L2T_STARS.002_NDVI-UQ_20230616T115022_aid0001_32N.tif,ECO_L2T_STARS.002_NDVI-UQ_20230616T115022_aid0001_32N.tif,2023-06-16 00:00:00,2023,6,midday_afternoon,100.0,94.0,True,True,True,0.002704958130701275,False,32632.0,EPSG:32632,94.0,34751.0,0.0231019333004951,0.0245151352137327,0.00630071060732,0.028909957036376,0.0067470367066562
raster,ndvi,ECO_L2T_STARS.002_NDVI_20230616T115022_aid0001_32N.tif,data/NDVI/ECO_L2T_STARS.002_NDVI_20230616T115022_aid0001_32N.tif,ECO_L2T_STARS.002_NDVI_20230616T115022_aid0001_32N.tif,2023-06-16 00:00:00,2023,6,midday_afternoon,100.0,94.0,True,True,True,0.002704958130701275,False,32632.0,EPSG:32632,94.0,34751.0,0.0555918961763381,-0.0305484719574451,-0.0959156453609466,0.7195191383361816,0.2228017896413803
raster,ndvi,ECO_L2T_STARS.002_NDVI-UQ_20230618T065818_aid0001_32N.tif,data/NDVI/ECO_L2T_STARS.002_NDVI-UQ_20230618T065818_aid0001_32N.tif,ECO_L2T_STARS.002_NDVI-UQ_20230618T065818_aid0001_32N.tif,2023-06-18 00:00:00,2023,6,morning,99.99424476993468,34749.0,True,True,False,1.0,True,32632.0,EPSG:32632,34751.0,34751.0,0.0358516871929168,0.0299999993294477,0.0009347126469947,0.9213956594467164,0.0530883036553859
raster,ndvi,ECO_L2T_STARS.002_NDVI_20230618T065818_aid0001_32N.tif,data/NDVI/ECO_L2T_STARS.002_NDVI_20230618T065818_aid0001_32N.tif,ECO_L2T_STARS.002_NDVI_20230618T065818_aid0001_32N.tif,2023-06-18 00:00:00,2023,6,morning,99.54533682483957,34593.0,True,True,False,1.0,True,32632.0,EPSG:32632,34751.0,34751.0,0.3790555894374847,0.3000000119209289,-0.7274071574211121,0.9996859431266784,0.1654180586338043
raster,ndvi,ECO_L2T_STARS.002_NDVI-UQ_20230619T060957_aid0001_32N.tif,data/NDVI/ECO_L2T_STARS.002_NDVI-UQ_20230619T060957_aid0001_32N.tif,ECO_L2T_STARS.002_NDVI-UQ_20230619T060957_aid0001_32N.tif,2023-06-19 00:00:00,2023,6,morning,100.0,34751.0,True,True,False,1.0,True,32632.0,EPSG:32632,34751.0,34751.0,0.0337966568768024,0.0299999993294477,0.0008504827274009,0.6446300148963928,0.046925488859415
raster,ndvi,ECO_L2T_STARS.002_NDVI_20230619T060957_aid0001_32N.tif,data/NDVI/ECO_L2T_STARS.002_NDVI_20230619T060957_aid0001_32N.tif,ECO_L2T_STARS.002_NDVI_20230619T060957_aid0001_32N.tif,2023-06-19 00:00:00,2023,6,morning,99.47051883399038,34567.0,True,True,False,1.0,True,32632.0,EPSG:32632,34751.0,34751.0,0.380813866853714,0.3000000119209289,-0.6927821040153503,0.9967490434646606,0.1739450693130493
raster,ndvi,ECO_L2T_STARS.002_NDVI-UQ_20230619T110056_aid0001_32N.tif,data/NDVI/ECO_L2T_STARS.002_NDVI-UQ_20230619T110056_aid0001_32N.tif,ECO_L2T_STARS.002_NDVI-UQ_20230619T110056_aid0001_32N.tif,2023-06-19 00:00:00,2023,6,midday_afternoon,100.0,94.0,True,True,True,0.002704958130701275,False,32632.0,EPSG:32632,94.0,34751.0,0.0364663861691951,0.0299999993294477,0.0299999993294477,0.1018989011645317,0.0169325955212116
raster,ndvi,ECO_L2T_STARS.002_NDVI_20230619T110056_aid0001_32N.tif,data/NDVI/ECO_L2T_STARS.002_NDVI_20230619T110056_aid0001_32N.tif,ECO_L2T_STARS.002_NDVI_20230619T110056_aid0001_32N.tif,2023-06-19 00:00:00,2023,6,midday_afternoon,100.0,94.0,True,True,True,0.002704958130701275,False,32632.0,EPSG:32632,94.0,34751.0,0.3441498577594757,0.3000000119209289,0.3000000119209289,0.9594335556030272,0.1214160397648811
raster,ndvi,ECO_L2T_STARS.002_NDVI-UQ_20230620T101211_aid0001_32N.tif,data/NDVI/ECO_L2T_STARS.002_NDVI-UQ_20230620T101211_aid0001_32N.tif,ECO_L2T_STARS.002_NDVI-UQ_20230620T101211_aid0001_32N.tif,2023-06-20 00:00:00,2023,6,midday_afternoon,100.0,34751.0,True,True,False,1.0,True,32632.0,EPSG:32632,34751.0,34751.0,0.0356733575463295,0.0299999993294477,0.0050970818847417,0.7565056681632996,0.0489810891449451
raster,ndvi,ECO_L2T_STARS.002_NDVI_20230620T101211_aid0001_32N.tif,data/NDVI/ECO_L2T_STARS.002_NDVI_20230620T101211_aid0001_32N.tif,ECO_L2T_STARS.002_NDVI_20230620T101211_aid0001_32N.tif,2023-06-20 00:00:00,2023,6,midday_afternoon,99.78705648758309,34677.0,True,True,False,1.0,True,32632.0,EPSG:32632,34751.0,34751.0,0.3728881478309631,0.3000000119209289,-0.6768845319747925,0.958790957927704,0.1651533842086792
raster,ndvi,ECO_L2T_STARS.002_NDVI-UQ_20230621T060918_aid0001_32N.tif,data/NDVI/ECO_L2T_STARS.002_NDVI-UQ_20230621T060918_aid0001_32N.tif,ECO_L2T_STARS.002_NDVI-UQ_20230621T060918_aid0001_32N.tif,2023-06-21 00:00:00,2023,6,morning,100.0,34751.0,True,True,False,1.0,True,32632.0,EPSG:32632,34751.0,34751.0,0.036651860922575,0.0299999993294477,0.0034974948503077,0.8759660720825195,0.0521710105240345
raster,ndvi,ECO_L2T_STARS.002_NDVI_20230621T060918_aid0001_32N.tif,data/NDVI/ECO_L2T_STARS.002_NDVI_20230621T060918_aid0001_32N.tif,ECO_L2T_STARS.002_NDVI_20230621T060918_aid0001_32N.tif,2023-06-21 00:00:00,2023,6,morning,99.78993410261576,34678.0,True,True,False,1.0,True,32632.0,EPSG:32632,34751.0,34751.0,0.3728860020637512,0.3000000119209289,-0.6766554713249207,0.9976555109024048,0.1655770391225814
raster,ndvi,ECO_L2T_STARS.002_NDVI-UQ_20230622T052033_aid0001_32N.tif,data/NDVI/ECO_L2T_STARS.002_NDVI-UQ_20230622T052033_aid0001_32N.tif,ECO_L2T_STARS.002_NDVI-UQ_20230622T052033_aid0001_32N.tif,2023-06-22 00:00:00,2023,6,morning,100.0,34751.0,True,True,False,1.0,True,32632.0,EPSG:32632,34751.0,34751.0,0.038864329457283,0.0299999993294477,0.0085164746269583,0.9887964725494384,0.0591036118566989
raster,ndvi,ECO_L2T_STARS.002_NDVI_20230622T052033_aid0001_32N.tif,data/NDVI/ECO_L2T_STARS.002_NDVI_20230622T052033_aid0001_32N.tif,ECO_L2T_STARS.002_NDVI_20230622T052033_aid0001_32N.tif,2023-06-22 00:00:00,2023,6,morning,99.7726684124198,34672.0,True,True,False,1.0,True,32632.0,EPSG:32632,34751.0,34751.0,0.3716740906238556,0.3000000119209289,-0.9560598134994508,0.9988332390785216,0.1652492731809616
raster,ndvi,ECO_L2T_STARS.002_NDVI-UQ_20230623T043153_aid0001_32N.tif,data/NDVI/ECO_L2T_STARS.002_NDVI-UQ_20230623T043153_aid0001_32N.tif,ECO_L2T_STARS.002_NDVI-UQ_20230623T043153_aid0001_32N.tif,2023-06-23 00:00:00,2023,6,morning,99.99136715490202,34748.0,True,True,False,1.0,True,32632.0,EPSG:32632,34751.0,34751.0,0.0339860692620277,0.0299999993294477,0.0126061532646417,0.9680612683296204,0.049035545438528
raster,ndvi,ECO_L2T_STARS.002_NDVI_20230623T043153_aid0001_32N.tif,data/NDVI/ECO_L2T_STARS.002_NDVI_20230623T043153_aid0001_32N.tif,ECO_L2T_STARS.002_NDVI_20230623T043153_aid0001_32N.tif,2023-06-23 00:00:00,2023,6,morning,100.0,34751.0,True,True,False,1.0,True,32632.0,EPSG:32632,34751.0,34751.0,0.3685001730918884,0.3000000119209289,-0.219016432762146,0.9903803467750548,0.1582257747650146
raster,ndvi,ECO_L2T_STARS.002_NDVI-UQ_20230624T083501_aid0001_32N.tif,data/NDVI/ECO_L2T_STARS.002_NDVI-UQ_20230624T083501_aid0001_32N.tif,ECO_L2T_STARS.002_NDVI-UQ_20230624T083501_aid0001_32N.tif,2023-06-24 00:00:00,2023,6,morning,100.0,34751.0,True,True,False,1.0,True,32632.0,EPSG:32632,34751.0,34751.0,0.0345080941915512,0.0299999993294477,0.011940156109631,0.6492804884910583,0.0393182449042797
raster,ndvi,ECO_L2T_STARS.002_NDVI_20230624T083501_aid0001_32N.tif,data/NDVI/ECO_L2T_STARS.002_NDVI_20230624T083501_aid0001_32N.tif,ECO_L2T_STARS.002_NDVI_20230624T083501_aid0001_32N.tif,2023-06-24 00:00:00,2023,6,morning,99.64317573595004,34627.0,True,True,False,1.0,True,32632.0,EPSG:32632,34751.0,34751.0,0.3749169111251831,0.3000000119209289,-0.2171155214309692,0.9991044402122498,0.1598438024520874
raster,ndvi,ECO_L2T_STARS.002_NDVI-UQ_20230626T083339_aid0001_32N.tif,data/NDVI/ECO_L2T_STARS.002_NDVI-UQ_20230626T083339_aid0001_32N.tif,ECO_L2T_STARS.002_NDVI-UQ_20230626T083339_aid0001_32N.tif,2023-06-26 00:00:00,2023,6,morning,100.0,34751.0,True,True,False,1.0,True,32632.0,EPSG:32632,34751.0,34751.0,0.0069315102882683,0.0054003177210688,0.0008281443733721,0.1079427897930145,0.0077358866110444
raster,ndvi,ECO_L2T_STARS.002_NDVI_20230626T083339_aid0001_32N.tif,data/NDVI/ECO_L2T_STARS.002_NDVI_20230626T083339_aid0001_32N.tif,ECO_L2T_STARS.002_NDVI_20230626T083339_aid0001_32N.tif,2023-06-26 00:00:00,2023,6,morning,99.95395815947742,34735.0,True,True,False,1.0,True,32632.0,EPSG:32632,34751.0,34751.0,0.4072040617465973,0.3731969594955444,-0.5206354856491089,0.9992247223854064,0.2424966543912887
raster,ndvi,ECO_L2T_STARS.002_NDVI-UQ_20230627T025344_aid0001_32N.tif,data/NDVI/ECO_L2T_STARS.002_NDVI-UQ_20230627T025344_aid0001_32N.tif,ECO_L2T_STARS.002_NDVI-UQ_20230627T025344_aid0001_32N.tif,2023-06-27 00:00:00,2023,6,night,100.0,34751.0,True,True,False,1.0,True,32632.0,EPSG:32632,34751.0,34751.0,0.0128293549641966,0.0112665453925728,0.0100356480106711,0.0299999993294477,0.0044866031967103
raster,ndvi,ECO_L2T_STARS.002_NDVI_20230627T025344_aid0001_32N.tif,data/NDVI/ECO_L2T_STARS.002_NDVI_20230627T025344_aid0001_32N.tif,ECO_L2T_STARS.002_NDVI_20230627T025344_aid0001_32N.tif,2023-06-27 00:00:00,2023,6,night,99.98848953986936,34747.0,True,True,False,1.0,True,32632.0,EPSG:32632,34751.0,34751.0,0.407514750957489,0.3739724457263946,-0.5205112099647522,0.9987375736236572,0.2420371919870376
raster,ndvi,ECO_L2T_STARS.002_NDVI-UQ_20230628T065603_aid0001_32N.tif,data/NDVI/ECO_L2T_STARS.002_NDVI-UQ_20230628T065603_aid0001_32N.tif,ECO_L2T_STARS.002_NDVI-UQ_20230628T065603_aid0001_32N.tif,2023-06-28 00:00:00,2023,6,morning,100.0,34751.0,True,True,False,1.0,True,32632.0,EPSG:32632,34751.0,34751.0,0.0170332062989473,0.0147063909098505,0.0067771314643323,0.2114908397197723,0.0101700341328978
raster,ndvi,ECO_L2T_STARS.002_NDVI_20230628T065603_aid0001_32N.tif,data/NDVI/ECO_L2T_STARS.002_NDVI_20230628T065603_aid0001_32N.tif,ECO_L2T_STARS.002_NDVI_20230628T065603_aid0001_32N.tif,2023-06-28 00:00:00,2023,6,morning,99.97985669477136,34744.0,True,True,False,1.0,True,32632.0,EPSG:32632,34751.0,34751.0,0.407895416021347,0.3740469217300415,-0.5203691124916077,0.9985146522521972,0.2430765032768249
raster,ndvi,ECO_L2T_STARS.002_NDVI-UQ_20230630T065450_aid0001_32N.tif,data/NDVI/ECO_L2T_STARS.002_NDVI-UQ_20230630T065450_aid0001_32N.tif,ECO_L2T_STARS.002_NDVI-UQ_20230630T065450_aid0001_32N.tif,2023-06-30 00:00:00,2023,6,morning,100.0,34751.0,True,True,False,1.0,True,32632.0,EPSG:32632,34751.0,34751.0,0.0230175945907831,0.0202933941036462,0.0097827548161149,0.394355297088623,0.0172254350036382
raster,ndvi,ECO_L2T_STARS.002_NDVI_20230630T065450_aid0001_32N.tif,data/NDVI/ECO_L2T_STARS.002_NDVI_20230630T065450_aid0001_32N.tif,ECO_L2T_STARS.002_NDVI_20230630T065450_aid0001_32N.tif,2023-06-30 00:00:00,2023,6,morning,99.35253661765128,34526.0,True,True,False,1.0,True,32632.0,EPSG:32632,34751.0,34751.0,0.4048400819301605,0.3670180439949035,-0.5200010538101196,0.999236822128296,0.2466041892766952
raster,ndvi,ECO_L2T_STARS.002_NDVI-UQ_20230630T065541_aid0001_32N.tif,data/NDVI/ECO_L2T_STARS.002_NDVI-UQ_20230630T065541_aid0001_32N.tif,ECO_L2T_STARS.002_NDVI-UQ_20230630T065541_aid0001_32N.tif,2023-06-30 00:00:00,2023,6,morning,100.0,94.0,True,True,True,0.002704958130701275,False,32632.0,EPSG:32632,94.0,34751.0,0.0221605505794286,0.0223828386515378,0.0200179442763328,0.0257174707949161,0.0010864846408367
raster,ndvi,ECO_L2T_STARS.002_NDVI_20230630T065541_aid0001_32N.tif,data/NDVI/ECO_L2T_STARS.002_NDVI_20230630T065541_aid0001_32N.tif,ECO_L2T_STARS.002_NDVI_20230630T065541_aid0001_32N.tif,2023-06-30 00:00:00,2023,6,morning,100.0,94.0,True,True,True,0.002704958130701275,False,32632.0,EPSG:32632,94.0,34751.0,0.1133843660354614,0.0378480106592178,-0.0608585029840469,0.7376387119293213,0.185535043478012
raster,ndvi,ECO_L2T_STARS.002_NDVI_20240119T170439_aid0001_32N.tif,data/NDVI/ECO_L2T_STARS.002_NDVI_20240119T170439_aid0001_32N.tif,ECO_L2T_STARS.002_NDVI_20240119T170439_aid0001_32N.tif,2024-01-19 00:00:00,2024,1,evening,99.51943828954562,34584.0,True,True,False,1.0,True,32632.0,EPSG:32632,34751.0,34751.0,0.0030281778890639,-0.0078364983201026,-0.9980806708335876,0.9980310797691344,0.271466851234436
raster,ndvi,ECO_L2T_STARS.002_NDVI_20240125T152934_aid0001_32N.tif,data/NDVI/ECO_L2T_STARS.002_NDVI_20240125T152934_aid0001_32N.tif,ECO_L2T_STARS.002_NDVI_20240125T152934_aid0001_32N.tif,2024-01-25 00:00:00,2024,1,evening,99.69209519150527,34644.0,True,True,False,1.0,True,32632.0,EPSG:32632,34751.0,34751.0,0.0203382652252912,-0.0023681600578129,-0.9991263151168824,0.9988527297973632,0.254245400428772
raster,ndvi,ECO_L2T_STARS.002_NDVI_20240127T135259_aid0001_32N.tif,data/NDVI/ECO_L2T_STARS.002_NDVI_20240127T135259_aid0001_32N.tif,ECO_L2T_STARS.002_NDVI_20240127T135259_aid0001_32N.tif,2024-01-27 00:00:00,2024,1,midday_afternoon,100.0,94.0,True,True,True,0.002704958130701275,False,32632.0,EPSG:32632,94.0,34751.0,-0.1036072373390197,-0.0983405411243438,-0.4690832793712616,0.358388215303421,0.1499486416578292
raster,ndvi,ECO_L2T_STARS.002_NDVI_20240129T135433_aid0001_32N.tif,data/NDVI/ECO_L2T_STARS.002_NDVI_20240129T135433_aid0001_32N.tif,ECO_L2T_STARS.002_NDVI_20240129T135433_aid0001_32N.tif,2024-01-29 00:00:00,2024,1,midday_afternoon,100.0,94.0,True,True,True,0.002704958130701275,False,32632.0,EPSG:32632,94.0,34751.0,-0.2847590446472168,-0.2867185473442077,-0.6749836802482605,0.2609567642211914,0.2193085104227066
raster,ndvi,ECO_L2T_STARS.002_NDVI_20240130T175754_aid0001_32N.tif,data/NDVI/ECO_L2T_STARS.002_NDVI_20240130T175754_aid0001_32N.tif,ECO_L2T_STARS.002_NDVI_20240130T175754_aid0001_32N.tif,2024-01-30 00:00:00,2024,1,evening,99.34678138758596,34524.0,True,True,False,1.0,True,32632.0,EPSG:32632,34751.0,34751.0,-0.0502382405102252,-0.059496846050024,-0.9988145232200624,0.9995988607406616,0.3317164778709411
raster,ndvi,ECO_L2T_STARS.002_NDVI_20240131T170951_aid0001_32N.tif,data/NDVI/ECO_L2T_STARS.002_NDVI_20240131T170951_aid0001_32N.tif,ECO_L2T_STARS.002_NDVI_20240131T170951_aid0001_32N.tif,2024-01-31 00:00:00,2024,1,evening,99.34678138758596,34524.0,True,True,False,1.0,True,32632.0,EPSG:32632,34751.0,34751.0,-0.0502382405102252,-0.059496846050024,-0.9988145232200624,0.9995988607406616,0.3317164778709411
raster,ndvi,ECO_L2T_STARS.002_NDVI_20240202T121856_aid0001_32N.tif,data/NDVI/ECO_L2T_STARS.002_NDVI_20240202T121856_aid0001_32N.tif,ECO_L2T_STARS.002_NDVI_20240202T121856_aid0001_32N.tif,2024-02-02 00:00:00,2024,2,midday_afternoon,99.34678138758596,34524.0,True,True,False,1.0,True,32632.0,EPSG:32632,34751.0,34751.0,-0.0532311871647834,-0.0553240664303302,-0.9999743700027466,0.9997480511665344,0.3160217702388763
raster,ndvi,ECO_L2T_STARS.002_NDVI_20240202T121948_aid0001_32N.tif,data/NDVI/ECO_L2T_STARS.002_NDVI_20240202T121948_aid0001_32N.tif,ECO_L2T_STARS.002_NDVI_20240202T121948_aid0001_32N.tif,2024-02-02 00:00:00,2024,2,midday_afternoon,100.0,94.0,True,True,True,0.002704958130701275,False,32632.0,EPSG:32632,94.0,34751.0,-0.2374416440725326,-0.2866763174533844,-0.6569110155105591,0.2549962401390075,0.2610822021961212
raster,ndvi,ECO_L2T_STARS.002_NDVI_20240203T113051_aid0001_32N.tif,data/NDVI/ECO_L2T_STARS.002_NDVI_20240203T113051_aid0001_32N.tif,ECO_L2T_STARS.002_NDVI_20240203T113051_aid0001_32N.tif,2024-02-03 00:00:00,2024,2,midday_afternoon,99.66331904117868,34634.0,True,True,False,1.0,True,32632.0,EPSG:32632,34751.0,34751.0,-0.0544388480484485,-0.0544579662382602,-0.9992908835411072,0.9982575178146362,0.3113884925842285
raster,ndvi,ECO_L2T_STARS.002_NDVI_20240203T113143_aid0001_32N.tif,data/NDVI/ECO_L2T_STARS.002_NDVI_20240203T113143_aid0001_32N.tif,ECO_L2T_STARS.002_NDVI_20240203T113143_aid0001_32N.tif,2024-02-03 00:00:00,2024,2,midday_afternoon,100.0,94.0,True,True,True,0.002704958130701275,False,32632.0,EPSG:32632,94.0,34751.0,-0.2497235536575317,-0.2866763174533844,-0.6569110155105591,0.2529189586639404,0.2454605400562286
raster,ndvi,ECO_L2T_STARS.002_NDVI_20240206T104424_aid0001_32N.tif,data/NDVI/ECO_L2T_STARS.002_NDVI_20240206T104424_aid0001_32N.tif,ECO_L2T_STARS.002_NDVI_20240206T104424_aid0001_32N.tif,2024-02-06 00:00:00,2024,2,midday_afternoon,99.830220713073,34692.0,True,True,False,1.0,True,32632.0,EPSG:32632,34751.0,34751.0,-0.0254314448684453,-0.0624927282333374,-0.9981063008308412,0.9998642802238464,0.3105726540088653
raster,ndvi,ECO_L2T_STARS.002_NDVI_20240208T135928_aid0001_32N.tif,data/NDVI/ECO_L2T_STARS.002_NDVI_20240208T135928_aid0001_32N.tif,ECO_L2T_STARS.002_NDVI_20240208T135928_aid0001_32N.tif,2024-02-08 00:00:00,2024,2,midday_afternoon,99.81871025294237,34688.0,True,True,False,1.0,True,32632.0,EPSG:32632,34751.0,34751.0,-0.0073629254475235,-0.0589646883308887,-0.9993137717247008,0.9994244575500488,0.3005141913890838
raster,ndvi,ECO_L2T_STARS.002_NDVI_20240208T140020_aid0001_32N.tif,data/NDVI/ECO_L2T_STARS.002_NDVI_20240208T140020_aid0001_32N.tif,ECO_L2T_STARS.002_NDVI_20240208T140020_aid0001_32N.tif,2024-02-08 00:00:00,2024,2,evening,100.0,94.0,True,True,True,0.002704958130701275,False,32632.0,EPSG:32632,94.0,34751.0,-0.1853730678558349,-0.1668119877576828,-0.4254798591136932,0.4386909902095794,0.160030111670494
raster,ndvi,ECO_L2T_STARS.002_NDVI_20240209T131134_aid0001_32N.tif,data/NDVI/ECO_L2T_STARS.002_NDVI_20240209T131134_aid0001_32N.tif,ECO_L2T_STARS.002_NDVI_20240209T131134_aid0001_32N.tif,2024-02-09 00:00:00,2024,2,midday_afternoon,100.0,94.0,True,True,True,0.002704958130701275,False,32632.0,EPSG:32632,94.0,34751.0,-0.1836053431034088,-0.1645842790603637,-0.4245257675647735,0.4380851984024048,0.160259410738945
raster,ndvi,ECO_L2T_STARS.002_NDVI_20240210T090900_aid0001_32N.tif,data/NDVI/ECO_L2T_STARS.002_NDVI_20240210T090900_aid0001_32N.tif,ECO_L2T_STARS.002_NDVI_20240210T090900_aid0001_32N.tif,2024-02-10 00:00:00,2024,2,midday_afternoon,100.0,94.0,True,True,True,0.002704958130701275,False,32632.0,EPSG:32632,94.0,34751.0,-0.1811301261186599,-0.161723256111145,-0.422898381948471,0.4375879764556885,0.1605319529771804
raster,ndvi,ECO_L2T_STARS.002_NDVI_20240219T050752_aid0001_32N.tif,data/NDVI/ECO_L2T_STARS.002_NDVI_20240219T050752_aid0001_32N.tif,ECO_L2T_STARS.002_NDVI_20240219T050752_aid0001_32N.tif,2024-02-19 00:00:00,2024,2,morning,100.0,94.0,True,True,True,0.002704958130701275,False,32632.0,EPSG:32632,94.0,34751.0,0.0026063227560371,0.0072018452920019,-0.1145852357149124,0.1104947924613952,0.0440534390509128
raster,ndvi,ECO_L2T_STARS.002_NDVI_20240226T073428_aid0001_32N.tif,data/NDVI/ECO_L2T_STARS.002_NDVI_20240226T073428_aid0001_32N.tif,ECO_L2T_STARS.002_NDVI_20240226T073428_aid0001_32N.tif,2024-02-26 00:00:00,2024,2,morning,100.0,34751.0,True,True,False,1.0,True,32632.0,EPSG:32632,34751.0,34751.0,0.1548022627830505,0.1306078732013702,-0.5540809631347656,0.9673658013343812,0.1423809081315994
raster,ndvi,ECO_L2T_STARS.002_NDVI_20240227T015518_aid0001_32N.tif,data/NDVI/ECO_L2T_STARS.002_NDVI_20240227T015518_aid0001_32N.tif,ECO_L2T_STARS.002_NDVI_20240227T015518_aid0001_32N.tif,2024-02-27 00:00:00,2024,2,night,100.0,34751.0,True,True,False,1.0,True,32632.0,EPSG:32632,34751.0,34751.0,0.1919383108615875,0.3000000119209289,-0.5535388588905334,0.9672582745552064,0.1394408494234085
raster,ndvi,ECO_L2T_STARS.002_NDVI_20240301T010833_aid0001_32N.tif,data/NDVI/ECO_L2T_STARS.002_NDVI_20240301T010833_aid0001_32N.tif,ECO_L2T_STARS.002_NDVI_20240301T010833_aid0001_32N.tif,2024-03-01 00:00:00,2024,3,night,99.6978504215706,34646.0,True,True,False,1.0,True,32632.0,EPSG:32632,34751.0,34751.0,0.0216682627797126,-0.0649178773164749,-0.9974705576896667,0.9997885227203368,0.2271533161401748
raster,ndvi,ECO_L2T_STARS.002_NDVI_20240313T193401_aid0001_32N.tif,data/NDVI/ECO_L2T_STARS.002_NDVI_20240313T193401_aid0001_32N.tif,ECO_L2T_STARS.002_NDVI_20240313T193401_aid0001_32N.tif,2024-03-13 00:00:00,2024,3,night,100.0,94.0,True,True,True,0.002704958130701275,False,32632.0,EPSG:32632,94.0,34751.0,0.2527864873409271,0.3000000119209289,-0.0519404597580432,0.3000000119209289,0.1142436116933822
raster,ndvi,ECO_L2T_STARS.002_NDVI_20240315T193516_aid0001_32N.tif,data/NDVI/ECO_L2T_STARS.002_NDVI_20240315T193516_aid0001_32N.tif,ECO_L2T_STARS.002_NDVI_20240315T193516_aid0001_32N.tif,2024-03-15 00:00:00,2024,3,night,99.99136715490202,34748.0,True,True,False,1.0,True,32632.0,EPSG:32632,34751.0,34751.0,0.1909291297197342,0.2446353882551193,-0.9979470372200012,0.998304009437561,0.1490475088357925
raster,ndvi,ECO_L2T_STARS.002_NDVI_20240316T184726_aid0001_32N.tif,data/NDVI/ECO_L2T_STARS.002_NDVI_20240316T184726_aid0001_32N.tif,ECO_L2T_STARS.002_NDVI_20240316T184726_aid0001_32N.tif,2024-03-16 00:00:00,2024,3,evening,99.98848953986936,34747.0,True,True,False,1.0,True,32632.0,EPSG:32632,34751.0,34751.0,0.2016549706459045,0.2648240029811859,-0.9965746998786926,0.9981979131698608,0.1477218270301818
raster,ndvi,ECO_L2T_STARS.002_NDVI_20240323T162735_aid0001_32N.tif,data/NDVI/ECO_L2T_STARS.002_NDVI_20240323T162735_aid0001_32N.tif,ECO_L2T_STARS.002_NDVI_20240323T162735_aid0001_32N.tif,2024-03-23 00:00:00,2024,3,evening,100.0,94.0,True,True,True,0.002704958130701275,False,32632.0,EPSG:32632,94.0,34751.0,-0.0069751110859215,-0.0129652768373489,-0.0958368554711341,0.1204530894756317,0.0419058054685592
raster,ndvi,ECO_L2T_STARS.002_NDVI_20240324T203129_aid0001_32N.tif,data/NDVI/ECO_L2T_STARS.002_NDVI_20240324T203129_aid0001_32N.tif,ECO_L2T_STARS.002_NDVI_20240324T203129_aid0001_32N.tif,2024-03-24 00:00:00,2024,3,night,99.99136715490202,34748.0,True,True,False,1.0,True,32632.0,EPSG:32632,34751.0,34751.0,0.1461296528577804,0.1269033551216125,-0.9965746998786926,0.9904181957244872,0.1732880473136901
raster,ndvi,ECO_L2T_STARS.002_NDVI-UQ_20240401T122946_aid0001_32N.tif,data/NDVI/ECO_L2T_STARS.002_NDVI-UQ_20240401T122946_aid0001_32N.tif,ECO_L2T_STARS.002_NDVI-UQ_20240401T122946_aid0001_32N.tif,2024-04-01 00:00:00,2024,4,midday_afternoon,100.0,94.0,True,True,True,0.002704958130701275,False,32632.0,EPSG:32632,94.0,34751.0,0.0271502267569303,0.0271208509802818,0.0213716626167297,0.0299999993294477,0.0020895535126328
raster,ndvi,ECO_L2T_STARS.002_NDVI_20240401T122946_aid0001_32N.tif,data/NDVI/ECO_L2T_STARS.002_NDVI_20240401T122946_aid0001_32N.tif,ECO_L2T_STARS.002_NDVI_20240401T122946_aid0001_32N.tif,2024-04-01 00:00:00,2024,4,midday_afternoon,100.0,94.0,True,True,True,0.002704958130701275,False,32632.0,EPSG:32632,94.0,34751.0,0.0688816234469413,0.0223409887403249,-0.0506514124572277,0.3000000119209289,0.1114198267459869
raster,ndvi,ECO_L2T_STARS.002_NDVI-UQ_20240404T114108_aid0001_32N.tif,data/NDVI/ECO_L2T_STARS.002_NDVI-UQ_20240404T114108_aid0001_32N.tif,ECO_L2T_STARS.002_NDVI-UQ_20240404T114108_aid0001_32N.tif,2024-04-04 00:00:00,2024,4,midday_afternoon,100.0,34751.0,True,True,False,1.0,True,32632.0,EPSG:32632,34751.0,34751.0,0.0358809418976306,0.0442538633942604,0.0070378896780312,0.0603966154158115,0.0152279492467641
raster,ndvi,ECO_L2T_STARS.002_NDVI_20240404T114108_aid0001_32N.tif,data/NDVI/ECO_L2T_STARS.002_NDVI_20240404T114108_aid0001_32N.tif,ECO_L2T_STARS.002_NDVI_20240404T114108_aid0001_32N.tif,2024-04-04 00:00:00,2024,4,midday_afternoon,99.98848953986936,34747.0,True,True,False,1.0,True,32632.0,EPSG:32632,34751.0,34751.0,0.1454111337661743,0.1069579496979713,-0.8266182541847229,0.99989914894104,0.1943369358778
raster,ndvi,ECO_L2T_STARS.002_NDVI-UQ_20240407T105324_aid0001_32N.tif,data/NDVI/ECO_L2T_STARS.002_NDVI-UQ_20240407T105324_aid0001_32N.tif,ECO_L2T_STARS.002_NDVI-UQ_20240407T105324_aid0001_32N.tif,2024-04-07 00:00:00,2024,4,midday_afternoon,100.0,34751.0,True,True,False,1.0,True,32632.0,EPSG:32632,34751.0,34751.0,0.014157636091113,0.0141774294897913,0.0070368759334087,0.0392394922673702,0.0004073149757459
raster,ndvi,ECO_L2T_STARS.002_NDVI_20240407T105324_aid0001_32N.tif,data/NDVI/ECO_L2T_STARS.002_NDVI_20240407T105324_aid0001_32N.tif,ECO_L2T_STARS.002_NDVI_20240407T105324_aid0001_32N.tif,2024-04-07 00:00:00,2024,4,midday_afternoon,100.0,34751.0,True,True,False,1.0,True,32632.0,EPSG:32632,34751.0,34751.0,0.0031103980727493,-0.0685470923781395,-0.3479913175106048,0.9951660633087158,0.16599041223526
raster,ndvi,ECO_L2T_STARS.002_NDVI-UQ_20240416T114146_aid0001_32N.tif,data/NDVI/ECO_L2T_STARS.002_NDVI-UQ_20240416T114146_aid0001_32N.tif,ECO_L2T_STARS.002_NDVI-UQ_20240416T114146_aid0001_32N.tif,2024-04-16 00:00:00,2024,4,midday_afternoon,100.0,94.0,True,True,True,0.002704958130701275,False,32632.0,EPSG:32632,94.0,34751.0,0.0160254742950201,0.015706330537796,0.012609701603651,0.0200248844921588,0.001993105513975
raster,ndvi,ECO_L2T_STARS.002_NDVI_20240416T114146_aid0001_32N.tif,data/NDVI/ECO_L2T_STARS.002_NDVI_20240416T114146_aid0001_32N.tif,ECO_L2T_STARS.002_NDVI_20240416T114146_aid0001_32N.tif,2024-04-16 00:00:00,2024,4,midday_afternoon,100.0,94.0,True,True,True,0.002704958130701275,False,32632.0,EPSG:32632,94.0,34751.0,-0.0694658234715461,-0.0688230395317077,-0.1082677319645881,0.0815103203058242,0.0212714374065399
raster,ndvi,ECO_L2T_STARS.002_NDVI-UQ_20240418T100342_aid0001_32N.tif,data/NDVI/ECO_L2T_STARS.002_NDVI-UQ_20240418T100342_aid0001_32N.tif,ECO_L2T_STARS.002_NDVI-UQ_20240418T100342_aid0001_32N.tif,2024-04-18 00:00:00,2024,4,midday_afternoon,100.0,34751.0,True,True,False,1.0,True,32632.0,EPSG:32632,34751.0,34751.0,0.0234378930181264,0.0245151240378618,0.0051074586808681,0.0299999993294477,0.0057856007479131
raster,ndvi,ECO_L2T_STARS.002_NDVI_20240418T100342_aid0001_32N.tif,data/NDVI/ECO_L2T_STARS.002_NDVI_20240418T100342_aid0001_32N.tif,ECO_L2T_STARS.002_NDVI_20240418T100342_aid0001_32N.tif,2024-04-18 00:00:00,2024,4,midday_afternoon,99.97697907973873,34743.0,True,True,False,1.0,True,32632.0,EPSG:32632,34751.0,34751.0,0.1269634664058685,0.0694895684719085,-0.3562269508838653,0.9889782071113586,0.1979006975889206
raster,ndvi,ECO_L2T_STARS.002_NDVI-UQ_20240420T051148_aid0001_32N.tif,data/NDVI/ECO_L2T_STARS.002_NDVI-UQ_20240420T051148_aid0001_32N.tif,ECO_L2T_STARS.002_NDVI-UQ_20240420T051148_aid0001_32N.tif,2024-04-20 00:00:00,2024,4,morning,100.0,34751.0,True,True,False,1.0,True,32632.0,EPSG:32632,34751.0,34751.0,0.0237193908542394,0.0271327979862689,0.000985418446362,0.0477660223841667,0.0097386734560132
raster,ndvi,ECO_L2T_STARS.002_NDVI_20240420T051148_aid0001_32N.tif,data/NDVI/ECO_L2T_STARS.002_NDVI_20240420T051148_aid0001_32N.tif,ECO_L2T_STARS.002_NDVI_20240420T051148_aid0001_32N.tif,2024-04-20 00:00:00,2024,4,morning,99.97697907973873,34743.0,True,True,False,1.0,True,32632.0,EPSG:32632,34751.0,34751.0,0.0951255410909652,0.0359709300100803,-0.4095710813999176,0.9889782071113586,0.1843227297067642
raster,ndvi,ECO_L2T_STARS.002_NDVI-UQ_20240421T091358_aid0001_32N.tif,data/NDVI/ECO_L2T_STARS.002_NDVI-UQ_20240421T091358_aid0001_32N.tif,ECO_L2T_STARS.002_NDVI-UQ_20240421T091358_aid0001_32N.tif,2024-04-21 00:00:00,2024,4,midday_afternoon,100.0,34751.0,True,True,False,1.0,True,32632.0,EPSG:32632,34751.0,34751.0,0.0260327067226171,0.0287943743169307,0.0009984510252252,0.0581456236541271,0.008218859322369
raster,ndvi,ECO_L2T_STARS.002_NDVI_20240421T091358_aid0001_32N.tif,data/NDVI/ECO_L2T_STARS.002_NDVI_20240421T091358_aid0001_32N.tif,ECO_L2T_STARS.002_NDVI_20240421T091358_aid0001_32N.tif,2024-04-21 00:00:00,2024,4,midday_afternoon,99.97697907973873,34743.0,True,True,False,1.0,True,32632.0,EPSG:32632,34751.0,34751.0,0.0952685624361038,0.0357475727796554,-0.418594092130661,0.9889782071113586,0.1844149082899093
raster,ndvi,ECO_L2T_STARS.002_NDVI-UQ_20240422T082517_aid0001_32N.tif,data/NDVI/ECO_L2T_STARS.002_NDVI-UQ_20240422T082517_aid0001_32N.tif,ECO_L2T_STARS.002_NDVI-UQ_20240422T082517_aid0001_32N.tif,2024-04-22 00:00:00,2024,4,morning,100.0,94.0,True,True,True,0.002704958130701275,False,32632.0,EPSG:32632,94.0,34751.0,0.0221513174474239,0.0214827992022037,0.0141773931682109,0.0316295512020587,0.0040805460885167
raster,ndvi,ECO_L2T_STARS.002_NDVI_20240422T082517_aid0001_32N.tif,data/NDVI/ECO_L2T_STARS.002_NDVI_20240422T082517_aid0001_32N.tif,ECO_L2T_STARS.002_NDVI_20240422T082517_aid0001_32N.tif,2024-04-22 00:00:00,2024,4,morning,100.0,94.0,True,True,True,0.002704958130701275,False,32632.0,EPSG:32632,94.0,34751.0,-0.0657548755407333,-0.0659918934106826,-0.1090445667505264,0.0916685834527015,0.0229481142014265
raster,ndvi,ECO_L2T_STARS.002_NDVI-UQ_20240522T163250_aid0001_32N.tif,data/NDVI/ECO_L2T_STARS.002_NDVI-UQ_20240522T163250_aid0001_32N.tif,ECO_L2T_STARS.002_NDVI-UQ_20240522T163250_aid0001_32N.tif,2024-05-22 00:00:00,2024,5,evening,100.0,34751.0,True,True,False,1.0,True,32632.0,EPSG:32632,34751.0,34751.0,0.0260689798742532,0.0280326511710882,0.0008785990648902,0.064659982919693,0.012976236641407
raster,ndvi,ECO_L2T_STARS.002_NDVI_20240522T163250_aid0001_32N.tif,data/NDVI/ECO_L2T_STARS.002_NDVI_20240522T163250_aid0001_32N.tif,ECO_L2T_STARS.002_NDVI_20240522T163250_aid0001_32N.tif,2024-05-22 00:00:00,2024,5,evening,99.95971338954274,34737.0,True,True,False,1.0,True,32632.0,EPSG:32632,34751.0,34751.0,0.1780797839164734,0.0515078008174896,-0.9955820441246032,0.9994290471076964,0.2810376584529876
raster,ndvi,ECO_L2T_STARS.002_NDVI-UQ_20240524T194322_aid0001_32N.tif,data/NDVI/ECO_L2T_STARS.002_NDVI-UQ_20240524T194322_aid0001_32N.tif,ECO_L2T_STARS.002_NDVI-UQ_20240524T194322_aid0001_32N.tif,2024-05-24 00:00:00,2024,5,night,100.0,34751.0,True,True,False,1.0,True,32632.0,EPSG:32632,34751.0,34751.0,0.0305267889052629,0.0313979238271713,0.0141694014891982,0.0661884695291519,0.0107744894921779
raster,ndvi,ECO_L2T_STARS.002_NDVI_20240524T194322_aid0001_32N.tif,data/NDVI/ECO_L2T_STARS.002_NDVI_20240524T194322_aid0001_32N.tif,ECO_L2T_STARS.002_NDVI_20240524T194322_aid0001_32N.tif,2024-05-24 00:00:00,2024,5,night,99.95971338954274,34737.0,True,True,False,1.0,True,32632.0,EPSG:32632,34751.0,34751.0,0.1780797839164734,0.0515078008174896,-0.9955820441246032,0.9994290471076964,0.2810376584529876
raster,ndvi,ECO_L2T_STARS.002_NDVI-UQ_20240607T095329_aid0001_32N.tif,data/NDVI/ECO_L2T_STARS.002_NDVI-UQ_20240607T095329_aid0001_32N.tif,ECO_L2T_STARS.002_NDVI-UQ_20240607T095329_aid0001_32N.tif,2024-06-07 00:00:00,2024,6,midday_afternoon,100.0,34751.0,True,True,False,1.0,True,32632.0,EPSG:32632,34751.0,34751.0,0.0422729328274726,0.0422590784728527,0.0316349789500236,0.0719785615801811,0.0078085646964609
raster,ndvi,ECO_L2T_STARS.002_NDVI_20240607T095329_aid0001_32N.tif,data/NDVI/ECO_L2T_STARS.002_NDVI_20240607T095329_aid0001_32N.tif,ECO_L2T_STARS.002_NDVI_20240607T095329_aid0001_32N.tif,2024-06-07 00:00:00,2024,6,midday_afternoon,99.95971338954274,34737.0,True,True,False,1.0,True,32632.0,EPSG:32632,34751.0,34751.0,0.1780797839164734,0.0515078008174896,-0.9955820441246032,0.9994290471076964,0.2810376584529876
raster,ndvi,ECO_L2T_STARS.002_NDVI-UQ_20240610T090327_aid0001_32N.tif,data/NDVI/ECO_L2T_STARS.002_NDVI-UQ_20240610T090327_aid0001_32N.tif,ECO_L2T_STARS.002_NDVI-UQ_20240610T090327_aid0001_32N.tif,2024-06-10 00:00:00,2024,6,midday_afternoon,100.0,34751.0,True,True,False,1.0,True,32632.0,EPSG:32632,34751.0,34751.0,0.0158380661159753,0.010049482807517,0.0100388126447796,0.0299999993294477,0.0074999863281846
raster,ndvi,ECO_L2T_STARS.002_NDVI_20240610T090327_aid0001_32N.tif,data/NDVI/ECO_L2T_STARS.002_NDVI_20240610T090327_aid0001_32N.tif,ECO_L2T_STARS.002_NDVI_20240610T090327_aid0001_32N.tif,2024-06-10 00:00:00,2024,6,midday_afternoon,99.99424476993468,34749.0,True,True,False,1.0,True,32632.0,EPSG:32632,34751.0,34751.0,0.3079052865505218,0.3000000119209289,-0.2556796073913574,0.97987562417984,0.2963732481002807
raster,ndvi,ECO_L2T_STARS.002_NDVI-UQ_20240611T081450_aid0001_32N.tif,data/NDVI/ECO_L2T_STARS.002_NDVI-UQ_20240611T081450_aid0001_32N.tif,ECO_L2T_STARS.002_NDVI-UQ_20240611T081450_aid0001_32N.tif,2024-06-11 00:00:00,2024,6,morning,100.0,34751.0,True,True,False,1.0,True,32632.0,EPSG:32632,34751.0,34751.0,0.0188974943011999,0.0141771640628576,0.0056497207842767,0.0299999993294477,0.0061123585328459
raster,ndvi,ECO_L2T_STARS.002_NDVI_20240611T081450_aid0001_32N.tif,data/NDVI/ECO_L2T_STARS.002_NDVI_20240611T081450_aid0001_32N.tif,ECO_L2T_STARS.002_NDVI_20240611T081450_aid0001_32N.tif,2024-06-11 00:00:00,2024,6,morning,99.99424476993468,34749.0,True,True,False,1.0,True,32632.0,EPSG:32632,34751.0,34751.0,0.3085754811763763,0.3000000119209289,-0.2557750344276428,0.986342191696167,0.2957002520561218
raster,ndvi,ECO_L2T_STARS.002_NDVI-UQ_20240612T121629_aid0001_32N.tif,data/NDVI/ECO_L2T_STARS.002_NDVI-UQ_20240612T121629_aid0001_32N.tif,ECO_L2T_STARS.002_NDVI-UQ_20240612T121629_aid0001_32N.tif,2024-06-12 00:00:00,2024,6,midday_afternoon,100.0,34751.0,True,True,False,1.0,True,32632.0,EPSG:32632,34751.0,34751.0,0.0214261766523122,0.0173491165041923,0.0008983457810245,0.0299999993294477,0.0055756592191755
raster,ndvi,ECO_L2T_STARS.002_NDVI_20240612T121629_aid0001_32N.tif,data/NDVI/ECO_L2T_STARS.002_NDVI_20240612T121629_aid0001_32N.tif,ECO_L2T_STARS.002_NDVI_20240612T121629_aid0001_32N.tif,2024-06-12 00:00:00,2024,6,midday_afternoon,99.98273430980404,34745.0,True,True,False,1.0,True,32632.0,EPSG:32632,34751.0,34751.0,0.3333407044410705,0.3000000119209289,-0.2323059290647506,0.9979640245437622,0.2735027372837066
raster,ndvi,ECO_L2T_STARS.002_NDVI-UQ_20240616T103858_aid0001_32N.tif,data/NDVI/ECO_L2T_STARS.002_NDVI-UQ_20240616T103858_aid0001_32N.tif,ECO_L2T_STARS.002_NDVI-UQ_20240616T103858_aid0001_32N.tif,2024-06-16 00:00:00,2024,6,midday_afternoon,100.0,34751.0,True,True,False,1.0,True,32632.0,EPSG:32632,34751.0,34751.0,0.0353461951017379,0.0264763981103897,0.0009368165628984,0.0737521722912788,0.0155243780463933
raster,ndvi,ECO_L2T_STARS.002_NDVI_20240616T103858_aid0001_32N.tif,data/NDVI/ECO_L2T_STARS.002_NDVI_20240616T103858_aid0001_32N.tif,ECO_L2T_STARS.002_NDVI_20240616T103858_aid0001_32N.tif,2024-06-16 00:00:00,2024,6,midday_afternoon,99.8676297084976,34705.0,True,True,False,1.0,True,32632.0,EPSG:32632,34751.0,34751.0,0.2797538638114929,0.2219793945550918,-0.4202276766300201,0.9994290471076964,0.3127106726169586
raster,ndvi,ECO_L2T_STARS.002_NDVI-UQ_20240617T063631_aid0001_32N.tif,data/NDVI/ECO_L2T_STARS.002_NDVI-UQ_20240617T063631_aid0001_32N.tif,ECO_L2T_STARS.002_NDVI-UQ_20240617T063631_aid0001_32N.tif,2024-06-17 00:00:00,2024,6,morning,100.0,34751.0,True,True,False,1.0,True,32632.0,EPSG:32632,34751.0,34751.0,0.0287086069583892,0.0299999993294477,0.0100494809448719,0.0299999993294477,0.0043186079710721
raster,ndvi,ECO_L2T_STARS.002_NDVI_20240617T063631_aid0001_32N.tif,data/NDVI/ECO_L2T_STARS.002_NDVI_20240617T063631_aid0001_32N.tif,ECO_L2T_STARS.002_NDVI_20240617T063631_aid0001_32N.tif,2024-06-17 00:00:00,2024,6,morning,100.0,34751.0,True,True,False,1.0,True,32632.0,EPSG:32632,34751.0,34751.0,0.3194336891174316,0.3000000119209289,-0.0681623518466949,0.992505431175232,0.0935669913887977
raster,ndvi,ECO_L2T_STARS.002_NDVI-UQ_20240617T063723_aid0001_32N.tif,data/NDVI/ECO_L2T_STARS.002_NDVI-UQ_20240617T063723_aid0001_32N.tif,ECO_L2T_STARS.002_NDVI-UQ_20240617T063723_aid0001_32N.tif,2024-06-17 00:00:00,2024,6,morning,100.0,94.0,True,True,True,0.002704958130701275,False,32632.0,EPSG:32632,94.0,34751.0,0.0299999974668025,0.0299999993294477,0.0299999993294477,0.0299999993294477,1.862645149230957e-09
raster,ndvi,ECO_L2T_STARS.002_NDVI_20240617T063723_aid0001_32N.tif,data/NDVI/ECO_L2T_STARS.002_NDVI_20240617T063723_aid0001_32N.tif,ECO_L2T_STARS.002_NDVI_20240617T063723_aid0001_32N.tif,2024-06-17 00:00:00,2024,6,morning,100.0,94.0,True,True,True,0.002704958130701275,False,32632.0,EPSG:32632,94.0,34751.0,0.2999999225139618,0.3000000119209289,0.3000000119209289,0.3000000119209289,8.940696716308595e-08
raster,ndvi,ECO_L2T_STARS.002_NDVI-UQ_20240618T054827_aid0001_32N.tif,data/NDVI/ECO_L2T_STARS.002_NDVI-UQ_20240618T054827_aid0001_32N.tif,ECO_L2T_STARS.002_NDVI-UQ_20240618T054827_aid0001_32N.tif,2024-06-18 00:00:00,2024,6,morning,100.0,34751.0,True,True,False,1.0,True,32632.0,EPSG:32632,34751.0,34751.0,0.0289730317890644,0.0299999993294477,0.014177163131535,0.0299999993294477,0.003436220344156
raster,ndvi,ECO_L2T_STARS.002_NDVI_20240618T054827_aid0001_32N.tif,data/NDVI/ECO_L2T_STARS.002_NDVI_20240618T054827_aid0001_32N.tif,ECO_L2T_STARS.002_NDVI_20240618T054827_aid0001_32N.tif,2024-06-18 00:00:00,2024,6,morning,100.0,34751.0,True,True,False,1.0,True,32632.0,EPSG:32632,34751.0,34751.0,0.3193450570106506,0.3000000119209289,-0.0681465193629264,0.9924618005752563,0.0929285362362861
raster,ndvi,ECO_L2T_STARS.002_NDVI-UQ_20240619T050048_aid0001_32N.tif,data/NDVI/ECO_L2T_STARS.002_NDVI-UQ_20240619T050048_aid0001_32N.tif,ECO_L2T_STARS.002_NDVI-UQ_20240619T050048_aid0001_32N.tif,2024-06-19 00:00:00,2024,6,morning,100.0,94.0,True,True,True,0.002704958130701275,False,32632.0,EPSG:32632,94.0,34751.0,0.0256803091615438,0.0299999993294477,0.0009960946626961,0.0299999993294477,0.0103260315954685
raster,ndvi,ECO_L2T_STARS.002_NDVI_20240619T050048_aid0001_32N.tif,data/NDVI/ECO_L2T_STARS.002_NDVI_20240619T050048_aid0001_32N.tif,ECO_L2T_STARS.002_NDVI_20240619T050048_aid0001_32N.tif,2024-06-19 00:00:00,2024,6,morning,100.0,94.0,True,True,True,0.002704958130701275,False,32632.0,EPSG:32632,94.0,34751.0,0.3233425319194793,0.3000000119209289,0.2004975527524948,0.6819825172424316,0.0715546011924743
raster,ndvi,ECO_L2T_STARS.002_NDVI-UQ_20240628T023833_aid0001_32N.tif,data/NDVI/ECO_L2T_STARS.002_NDVI-UQ_20240628T023833_aid0001_32N.tif,ECO_L2T_STARS.002_NDVI-UQ_20240628T023833_aid0001_32N.tif,2024-06-28 00:00:00,2024,6,night,100.0,34751.0,True,True,False,1.0,True,32632.0,EPSG:32632,34751.0,34751.0,0.0263928715139627,0.0299999993294477,0.0009120824979618,0.0299999993294477,0.0084955496713519
raster,ndvi,ECO_L2T_STARS.002_NDVI_20240628T023833_aid0001_32N.tif,data/NDVI/ECO_L2T_STARS.002_NDVI_20240628T023833_aid0001_32N.tif,ECO_L2T_STARS.002_NDVI_20240628T023833_aid0001_32N.tif,2024-06-28 00:00:00,2024,6,night,99.97697907973873,34743.0,True,True,False,1.0,True,32632.0,EPSG:32632,34751.0,34751.0,0.3556618988513946,0.3000000119209289,-0.2303847819566726,0.9999730587005616,0.145606979727745
raster,ndvi,ECO_L2T_STARS.002_NDVI-UQ_20240628T055252_aid0001_32N.tif,data/NDVI/ECO_L2T_STARS.002_NDVI-UQ_20240628T055252_aid0001_32N.tif,ECO_L2T_STARS.002_NDVI-UQ_20240628T055252_aid0001_32N.tif,2024-06-28 00:00:00,2024,6,morning,100.0,94.0,True,True,True,0.002704958130701275,False,32632.0,EPSG:32632,94.0,34751.0,0.0299201104789972,0.0299999993294477,0.0287779346108436,0.0299999993294477,0.0002702640776988
raster,ndvi,ECO_L2T_STARS.002_NDVI_20240628T055252_aid0001_32N.tif,data/NDVI/ECO_L2T_STARS.002_NDVI_20240628T055252_aid0001_32N.tif,ECO_L2T_STARS.002_NDVI_20240628T055252_aid0001_32N.tif,2024-06-28 00:00:00,2024,6,morning,100.0,94.0,True,True,True,0.002704958130701275,False,32632.0,EPSG:32632,94.0,34751.0,0.3072754740715027,0.3000000119209289,0.3000000119209289,0.4312945306301117,0.0253025647252798
raster,ndvi,ECO_L2T_STARS.002_NDVI-UQ_20240629T015041_aid0001_32N.tif,data/NDVI/ECO_L2T_STARS.002_NDVI-UQ_20240629T015041_aid0001_32N.tif,ECO_L2T_STARS.002_NDVI-UQ_20240629T015041_aid0001_32N.tif,2024-06-29 00:00:00,2024,6,night,100.0,34751.0,True,True,False,1.0,True,32632.0,EPSG:32632,34751.0,34751.0,0.028753375634551,0.0316227748990058,0.0100415088236331,0.0316227748990058,0.0064808255992829
raster,ndvi,ECO_L2T_STARS.002_NDVI_20240629T015041_aid0001_32N.tif,data/NDVI/ECO_L2T_STARS.002_NDVI_20240629T015041_aid0001_32N.tif,ECO_L2T_STARS.002_NDVI_20240629T015041_aid0001_32N.tif,2024-06-29 00:00:00,2024,6,night,99.97697907973873,34743.0,True,True,False,1.0,True,32632.0,EPSG:32632,34751.0,34751.0,0.3556628227233886,0.3000000119209289,-0.2303847819566726,0.9999730587005616,0.1456068754196167
raster,ndvi,ECO_L2T_STARS.002_NDVI_20250101T233809_aid0001_32N.tif,data/NDVI/ECO_L2T_STARS.002_NDVI_20250101T233809_aid0001_32N.tif,ECO_L2T_STARS.002_NDVI_20250101T233809_aid0001_32N.tif,2025-01-01 00:00:00,2025,1,night,97.15403873269834,33762.0,True,True,False,1.0,True,32632.0,EPSG:32632,34751.0,34751.0,0.011970991268754,-0.0251058600842952,-0.9991204738616944,0.9998489618301392,0.4237959682941437
raster,ndvi,ECO_L2T_STARS.002_NDVI_20250106T025017_aid0001_32N.tif,data/NDVI/ECO_L2T_STARS.002_NDVI_20250106T025017_aid0001_32N.tif,ECO_L2T_STARS.002_NDVI_20250106T025017_aid0001_32N.tif,2025-01-06 00:00:00,2025,1,night,99.49353975425169,34575.0,True,True,False,1.0,True,32632.0,EPSG:32632,34751.0,34751.0,0.0481561124324798,0.0005217980360612,-0.9984569549560548,0.9990865588188172,0.3489881455898285
raster,ndvi,ECO_L2T_STARS.002_NDVI_20250108T210817_aid0001_32N.tif,data/NDVI/ECO_L2T_STARS.002_NDVI_20250108T210817_aid0001_32N.tif,ECO_L2T_STARS.002_NDVI_20250108T210817_aid0001_32N.tif,2025-01-08 00:00:00,2025,1,night,100.0,34751.0,True,True,False,1.0,True,32632.0,EPSG:32632,34751.0,34751.0,0.0952504053711891,0.077724277973175,-0.872565507888794,0.8627967834472656,0.145012229681015
raster,ndvi,ECO_L2T_STARS.002_NDVI_20250109T201918_aid0001_32N.tif,data/NDVI/ECO_L2T_STARS.002_NDVI_20250109T201918_aid0001_32N.tif,ECO_L2T_STARS.002_NDVI_20250109T201918_aid0001_32N.tif,2025-01-09 00:00:00,2025,1,night,100.0,34751.0,True,True,False,1.0,True,32632.0,EPSG:32632,34751.0,34751.0,0.0831135958433151,0.0576957277953624,-0.8725916147232056,0.8627957105636597,0.1320826709270477
raster,ndvi,ECO_L2T_STARS.002_NDVI_20250111T002100_aid0001_32N.tif,data/NDVI/ECO_L2T_STARS.002_NDVI_20250111T002100_aid0001_32N.tif,ECO_L2T_STARS.002_NDVI_20250111T002100_aid0001_32N.tif,2025-01-11 00:00:00,2025,1,night,100.0,34751.0,True,True,False,1.0,True,32632.0,EPSG:32632,34751.0,34751.0,0.0863345935940742,0.0608487948775291,-0.8725664019584656,0.8627793192863464,0.1393078863620758
raster,ndvi,ECO_L2T_STARS.002_NDVI_20250113T002000_aid0001_32N.tif,data/NDVI/ECO_L2T_STARS.002_NDVI_20250113T002000_aid0001_32N.tif,ECO_L2T_STARS.002_NDVI_20250113T002000_aid0001_32N.tif,2025-01-13 00:00:00,2025,1,night,99.99712238496734,34750.0,True,True,False,1.0,True,32632.0,EPSG:32632,34751.0,34751.0,0.0904915034770965,0.0608414821326732,-0.773439347743988,0.9854726791381836,0.1632522195577621
raster,ndvi,ECO_L2T_STARS.002_NDVI_20250115T184040_aid0001_32N.tif,data/NDVI/ECO_L2T_STARS.002_NDVI_20250115T184040_aid0001_32N.tif,ECO_L2T_STARS.002_NDVI_20250115T184040_aid0001_32N.tif,2025-01-15 00:00:00,2025,1,evening,99.54533682483957,34593.0,True,True,False,1.0,True,32632.0,EPSG:32632,34751.0,34751.0,0.0467249974608421,-0.0129833426326513,-0.9982298016548156,0.9982290267944336,0.3460972309112549
raster,ndvi,ECO_L2T_STARS.002_NDVI_20250117T170352_aid0001_32N.tif,data/NDVI/ECO_L2T_STARS.002_NDVI_20250117T170352_aid0001_32N.tif,ECO_L2T_STARS.002_NDVI_20250117T170352_aid0001_32N.tif,2025-01-17 00:00:00,2025,1,evening,98.92664959281748,34378.0,True,True,False,1.0,True,32632.0,EPSG:32632,34751.0,34751.0,0.0452999733388423,-0.0109557695686817,-0.9989833831787108,0.9986321926116944,0.3527159094810486
raster,ndvi,ECO_L2T_STARS.002_NDVI_20250123T152424_aid0001_32N.tif,data/NDVI/ECO_L2T_STARS.002_NDVI_20250123T152424_aid0001_32N.tif,ECO_L2T_STARS.002_NDVI_20250123T152424_aid0001_32N.tif,2025-01-23 00:00:00,2025,1,evening,99.81871025294237,34688.0,True,True,False,1.0,True,32632.0,EPSG:32632,34751.0,34751.0,0.0889884158968925,0.0505649112164974,-0.9939835667610168,0.995813488960266,0.2043273448944091
raster,ndvi,ECO_L2T_STARS.002_NDVI_20250123T152516_aid0001_32N.tif,data/NDVI/ECO_L2T_STARS.002_NDVI_20250123T152516_aid0001_32N.tif,ECO_L2T_STARS.002_NDVI_20250123T152516_aid0001_32N.tif,2025-01-23 00:00:00,2025,1,evening,100.0,94.0,True,True,True,0.002704958130701275,False,32632.0,EPSG:32632,94.0,34751.0,0.1360460072755813,0.2329329848289489,-0.2504956126213074,0.6991661190986633,0.1874753385782241
raster,ndvi,ECO_L2T_STARS.002_NDVI_20250124T143532_aid0001_32N.tif,data/NDVI/ECO_L2T_STARS.002_NDVI_20250124T143532_aid0001_32N.tif,ECO_L2T_STARS.002_NDVI_20250124T143532_aid0001_32N.tif,2025-01-24 00:00:00,2025,1,evening,99.83597594313832,34694.0,True,True,False,1.0,True,32632.0,EPSG:32632,34751.0,34751.0,0.084175057709217,0.0439309030771255,-0.9948939085006714,0.9957499504089355,0.2009609043598175
raster,ndvi,ECO_L2T_STARS.002_NDVI_20250124T143624_aid0001_32N.tif,data/NDVI/ECO_L2T_STARS.002_NDVI_20250124T143624_aid0001_32N.tif,ECO_L2T_STARS.002_NDVI_20250124T143624_aid0001_32N.tif,2025-01-24 00:00:00,2025,1,evening,100.0,94.0,True,True,True,0.002704958130701275,False,32632.0,EPSG:32632,94.0,34751.0,-0.0064963814802467,-0.0082322256639599,-0.2228508293628692,0.6895021200180054,0.0955512300133705
raster,ndvi,ECO_L2T_STARS.002_NDVI_20250125T134733_aid0001_32N.tif,data/NDVI/ECO_L2T_STARS.002_NDVI_20250125T134733_aid0001_32N.tif,ECO_L2T_STARS.002_NDVI_20250125T134733_aid0001_32N.tif,2025-01-25 00:00:00,2025,1,midday_afternoon,99.87050732353026,34706.0,True,True,False,1.0,True,32632.0,EPSG:32632,34751.0,34751.0,0.0878846421837806,0.0014942542184144,-0.988670527935028,0.9999295473098756,0.3401039242744446
raster,ndvi,ECO_L2T_STARS.002_NDVI_20250129T165906_aid0001_32N.tif,data/NDVI/ECO_L2T_STARS.002_NDVI_20250129T165906_aid0001_32N.tif,ECO_L2T_STARS.002_NDVI_20250129T165906_aid0001_32N.tif,2025-01-29 00:00:00,2025,1,evening,100.0,94.0,True,True,True,0.002704958130701275,False,32632.0,EPSG:32632,94.0,34751.0,-0.0954984724521637,-0.0714852213859558,-0.284437894821167,0.5137477517127991,0.1314680427312851
raster,ndvi,ECO_L2T_STARS.002_NDVI_20250131T120608_aid0001_32N.tif,data/NDVI/ECO_L2T_STARS.002_NDVI_20250131T120608_aid0001_32N.tif,ECO_L2T_STARS.002_NDVI_20250131T120608_aid0001_32N.tif,2025-01-31 00:00:00,2025,1,midday_afternoon,99.72374895686455,34655.0,True,True,False,1.0,True,32632.0,EPSG:32632,34751.0,34751.0,0.0511223785579204,-0.002511563245207,-0.9972206354141236,0.9991909861564636,0.3024310767650604
raster,ndvi,ECO_L2T_STARS.002_NDVI_20250201T111706_aid0001_32N.tif,data/NDVI/ECO_L2T_STARS.002_NDVI_20250201T111706_aid0001_32N.tif,ECO_L2T_STARS.002_NDVI_20250201T111706_aid0001_32N.tif,2025-02-01 00:00:00,2025,2,midday_afternoon,99.85036401830163,34699.0,True,True,False,1.0,True,32632.0,EPSG:32632,34751.0,34751.0,0.0524157918989658,-0.0017895259661599,-0.9895700812339784,0.9991472959518432,0.2921297252178192
raster,ndvi,ECO_L2T_STARS.002_NDVI_20250201T111758_aid0001_32N.tif,data/NDVI/ECO_L2T_STARS.002_NDVI_20250201T111758_aid0001_32N.tif,ECO_L2T_STARS.002_NDVI_20250201T111758_aid0001_32N.tif,2025-02-01 00:00:00,2025,2,midday_afternoon,100.0,94.0,True,True,True,0.002704958130701275,False,32632.0,EPSG:32632,94.0,34751.0,-0.0943391099572181,-0.0876166820526123,-0.2782668173313141,0.4924183785915375,0.127481609582901
raster,ndvi,ECO_L2T_STARS.002_NDVI_20250204T103027_aid0001_32N.tif,data/NDVI/ECO_L2T_STARS.002_NDVI_20250204T103027_aid0001_32N.tif,ECO_L2T_STARS.002_NDVI_20250204T103027_aid0001_32N.tif,2025-02-04 00:00:00,2025,2,midday_afternoon,99.90791631895485,34719.0,True,True,False,1.0,True,32632.0,EPSG:32632,34751.0,34751.0,0.0252547822892665,-0.0087629258632659,-0.9977874159812928,0.9944661855697632,0.2131748646497726
raster,ndvi,ECO_L2T_STARS.002_NDVI_20250205T094147_aid0001_32N.tif,data/NDVI/ECO_L2T_STARS.002_NDVI_20250205T094147_aid0001_32N.tif,ECO_L2T_STARS.002_NDVI_20250205T094147_aid0001_32N.tif,2025-02-05 00:00:00,2025,2,midday_afternoon,99.9482029294121,34733.0,True,True,False,1.0,True,32632.0,EPSG:32632,34751.0,34751.0,0.026374751701951,-0.0063126669265329,-0.9977177381515504,0.9902132153511048,0.2064475119113922
raster,ndvi,ECO_L2T_STARS.002_NDVI_20250206T134425_aid0001_32N.tif,data/NDVI/ECO_L2T_STARS.002_NDVI_20250206T134425_aid0001_32N.tif,ECO_L2T_STARS.002_NDVI_20250206T134425_aid0001_32N.tif,2025-02-06 00:00:00,2025,2,midday_afternoon,100.0,94.0,True,True,True,0.002704958130701275,False,32632.0,EPSG:32632,94.0,34751.0,0.0143915135413408,-0.0198546089231967,-0.2493657916784286,0.3406714200973511,0.1308657675981521
raster,ndvi,ECO_L2T_STARS.002_NDVI_20250206T134517_aid0001_32N.tif,data/NDVI/ECO_L2T_STARS.002_NDVI_20250206T134517_aid0001_32N.tif,ECO_L2T_STARS.002_NDVI_20250206T134517_aid0001_32N.tif,2025-02-06 00:00:00,2025,2,midday_afternoon,99.92805962418348,34726.0,True,True,False,1.0,True,32632.0,EPSG:32632,34751.0,34751.0,0.0236412398517131,-0.0103220995515584,-0.9976351261138916,0.998317301273346,0.2036948055028915
raster,ndvi,ECO_L2T_STARS.002_NDVI_20250208T085347_aid0001_32N.tif,data/NDVI/ECO_L2T_STARS.002_NDVI_20250208T085347_aid0001_32N.tif,ECO_L2T_STARS.002_NDVI_20250208T085347_aid0001_32N.tif,2025-02-08 00:00:00,2025,2,morning,100.0,94.0,True,True,True,0.002704958130701275,False,32632.0,EPSG:32632,94.0,34751.0,0.0132475355640053,-0.0193362366408109,-0.2447540014982223,0.344352513551712,0.1310915201902389
raster,ndvi,ECO_L2T_STARS.002_NDVI_20250208T134520_aid0001_32N.tif,data/NDVI/ECO_L2T_STARS.002_NDVI_20250208T134520_aid0001_32N.tif,ECO_L2T_STARS.002_NDVI_20250208T134520_aid0001_32N.tif,2025-02-08 00:00:00,2025,2,midday_afternoon,99.90216108888951,34717.0,True,True,False,1.0,True,32632.0,EPSG:32632,34751.0,34751.0,0.0212216563522815,-0.0104111908003687,-0.9974048733711244,0.98436439037323,0.2041899859905243
raster,ndvi,ECO_L2T_STARS.002_NDVI_20250209T080516_aid0001_32N.tif,data/NDVI/ECO_L2T_STARS.002_NDVI_20250209T080516_aid0001_32N.tif,ECO_L2T_STARS.002_NDVI_20250209T080516_aid0001_32N.tif,2025-02-09 00:00:00,2025,2,morning,99.9338148542488,34728.0,True,True,False,1.0,True,32632.0,EPSG:32632,34751.0,34751.0,0.0247151609510183,-0.0064051011577248,-0.9979554414749146,0.9882038235664368,0.2045789361000061
raster,ndvi,ECO_L2T_STARS.002_NDVI_20250209T080608_aid0001_32N.tif,data/NDVI/ECO_L2T_STARS.002_NDVI_20250209T080608_aid0001_32N.tif,ECO_L2T_STARS.002_NDVI_20250209T080608_aid0001_32N.tif,2025-02-09 00:00:00,2025,2,morning,100.0,94.0,True,True,True,0.002704958130701275,False,32632.0,EPSG:32632,94.0,34751.0,0.012199155986309,-0.0198018234223127,-0.2467281222343444,0.3528418242931366,0.1319883912801742
raster,ndvi,ECO_L2T_STARS.002_NDVI_20250211T080508_aid0001_32N.tif,data/NDVI/ECO_L2T_STARS.002_NDVI_20250211T080508_aid0001_32N.tif,ECO_L2T_STARS.002_NDVI_20250211T080508_aid0001_32N.tif,2025-02-11 00:00:00,2025,2,morning,99.82158786797504,34689.0,True,True,False,1.0,True,32632.0,EPSG:32632,34751.0,34751.0,0.0274407677352428,-0.0053613348864018,-0.999944269657135,0.987223505973816,0.20258229970932
raster,ndvi,ECO_L2T_STARS.002_NDVI_20250211T080600_aid0001_32N.tif,data/NDVI/ECO_L2T_STARS.002_NDVI_20250211T080600_aid0001_32N.tif,ECO_L2T_STARS.002_NDVI_20250211T080600_aid0001_32N.tif,2025-02-11 00:00:00,2025,2,morning,100.0,94.0,True,True,True,0.002704958130701275,False,32632.0,EPSG:32632,94.0,34751.0,0.0155511843040585,-0.0192837044596672,-0.2338369786739349,0.3511513173580169,0.1291939169168472
raster,ndvi,ECO_L2T_STARS.002_NDVI_20250212T120836_aid0001_32N.tif,data/NDVI/ECO_L2T_STARS.002_NDVI_20250212T120836_aid0001_32N.tif,ECO_L2T_STARS.002_NDVI_20250212T120836_aid0001_32N.tif,2025-02-12 00:00:00,2025,2,midday_afternoon,99.99712238496734,34750.0,True,True,False,1.0,True,32632.0,EPSG:32632,34751.0,34751.0,0.0873415321111679,0.075552262365818,-0.9191106557846068,0.953436315059662,0.1546378135681152
raster,ndvi,ECO_L2T_STARS.002_NDVI_20250213T062816_aid0001_32N.tif,data/NDVI/ECO_L2T_STARS.002_NDVI_20250213T062816_aid0001_32N.tif,ECO_L2T_STARS.002_NDVI_20250213T062816_aid0001_32N.tif,2025-02-13 00:00:00,2025,2,morning,99.8158326379097,34687.0,True,True,False,1.0,True,32632.0,EPSG:32632,34751.0,34751.0,0.0274970643222332,-0.0051964232698082,-0.9974048733711244,0.9857956767082214,0.2033177316188812
raster,ndvi,ECO_L2T_STARS.002_NDVI_20250214T103102_aid0001_32N.tif,data/NDVI/ECO_L2T_STARS.002_NDVI_20250214T103102_aid0001_32N.tif,ECO_L2T_STARS.002_NDVI_20250214T103102_aid0001_32N.tif,2025-02-14 00:00:00,2025,2,midday_afternoon,100.0,34751.0,True,True,False,1.0,True,32632.0,EPSG:32632,34751.0,34751.0,0.1276573687791824,0.1258341372013092,-0.856935977935791,0.8940818905830383,0.147594004869461
raster,ndvi,ECO_L2T_STARS.002_NDVI_20250217T045202_aid0001_32N.tif,data/NDVI/ECO_L2T_STARS.002_NDVI_20250217T045202_aid0001_32N.tif,ECO_L2T_STARS.002_NDVI_20250217T045202_aid0001_32N.tif,2025-02-17 00:00:00,2025,2,morning,100.0,94.0,True,True,True,0.002704958130701275,False,32632.0,EPSG:32632,94.0,34751.0,-0.1112350076436996,-0.0677679181098938,-0.3743317127227783,0.4533062875270843,0.123684711754322
raster,ndvi,ECO_L2T_STARS.002_NDVI_20250217T094209_aid0001_32N.tif,data/NDVI/ECO_L2T_STARS.002_NDVI_20250217T094209_aid0001_32N.tif,ECO_L2T_STARS.002_NDVI_20250217T094209_aid0001_32N.tif,2025-02-17 00:00:00,2025,2,midday_afternoon,99.9107939339875,34720.0,True,True,False,1.0,True,32632.0,EPSG:32632,34751.0,34751.0,0.097390241920948,-0.0011114659719169,-0.9935284852981568,0.9998912215232848,0.2457799315452575
raster,ndvi,ECO_L2T_STARS.002_NDVI_20250218T085337_aid0001_32N.tif,data/NDVI/ECO_L2T_STARS.002_NDVI_20250218T085337_aid0001_32N.tif,ECO_L2T_STARS.002_NDVI_20250218T085337_aid0001_32N.tif,2025-02-18 00:00:00,2025,2,morning,99.92230439411816,34724.0,True,True,False,1.0,True,32632.0,EPSG:32632,34751.0,34751.0,0.0877323672175407,-0.0045818705111742,-0.9934254884719848,0.9980319738388062,0.2449579238891601
raster,ndvi,ECO_L2T_STARS.002_NDVI_20250220T040249_aid0001_32N.tif,data/NDVI/ECO_L2T_STARS.002_NDVI_20250220T040249_aid0001_32N.tif,ECO_L2T_STARS.002_NDVI_20250220T040249_aid0001_32N.tif,2025-02-20 00:00:00,2025,2,morning,99.67482950130932,34638.0,True,True,False,1.0,True,32632.0,EPSG:32632,34751.0,34751.0,0.0391890369355678,-0.0222402196377515,-0.8122018575668335,0.9949226379394532,0.1803648620843887
raster,ndvi,ECO_L2T_STARS.002_NDVI_20250222T071815_aid0001_32N.tif,data/NDVI/ECO_L2T_STARS.002_NDVI_20250222T071815_aid0001_32N.tif,ECO_L2T_STARS.002_NDVI_20250222T071815_aid0001_32N.tif,2025-02-22 00:00:00,2025,2,morning,99.7122384967339,34651.0,True,True,False,1.0,True,32632.0,EPSG:32632,34751.0,34751.0,0.0430764965713024,-0.0255942735821008,-0.6217828989028931,0.998131513595581,0.1822591572999954
raster,ndvi,ECO_L2T_STARS.002_NDVI_20250309T014439_aid0001_32N.tif,data/NDVI/ECO_L2T_STARS.002_NDVI_20250309T014439_aid0001_32N.tif,ECO_L2T_STARS.002_NDVI_20250309T014439_aid0001_32N.tif,2025-03-09 00:00:00,2025,3,night,99.2345544013122,34485.0,True,True,False,1.0,True,32632.0,EPSG:32632,34751.0,34751.0,0.2163994908332824,0.1613243967294693,-0.9612670540809632,0.9985183477401732,0.2574041485786438
raster,ndvi,ECO_L2T_STARS.002_NDVI_20250313T000939_aid0001_32N.tif,data/NDVI/ECO_L2T_STARS.002_NDVI_20250313T000939_aid0001_32N.tif,ECO_L2T_STARS.002_NDVI_20250313T000939_aid0001_32N.tif,2025-03-13 00:00:00,2025,3,night,100.0,94.0,True,True,True,0.002704958130701275,False,32632.0,EPSG:32632,94.0,34751.0,-0.0316566415131092,-0.0289941187947988,-0.1769468635320663,0.349686861038208,0.0664309859275817
raster,ndvi,ECO_L2T_STARS.002_NDVI_20250327T134044_aid0001_32N.tif,data/NDVI/ECO_L2T_STARS.002_NDVI_20250327T134044_aid0001_32N.tif,ECO_L2T_STARS.002_NDVI_20250327T134044_aid0001_32N.tif,2025-03-27 00:00:00,2025,3,midday_afternoon,99.85036401830163,34699.0,True,True,False,1.0,True,32632.0,EPSG:32632,34751.0,34751.0,0.1119619235396385,-0.0315047279000282,-0.9980595111846924,0.999114453792572,0.26129812002182
raster,ndvi,ECO_L2T_STARS.002_NDVI_20250329T133932_aid0001_32N.tif,data/NDVI/ECO_L2T_STARS.002_NDVI_20250329T133932_aid0001_32N.tif,ECO_L2T_STARS.002_NDVI_20250329T133932_aid0001_32N.tif,2025-03-29 00:00:00,2025,3,midday_afternoon,99.88777301372622,34712.0,True,True,False,1.0,True,32632.0,EPSG:32632,34751.0,34751.0,0.1018295884132385,-0.0269883275032043,-0.9828777313232422,0.999114453792572,0.2471402585506439
raster,ndvi,ECO_L2T_STARS.002_NDVI_20250330T125134_aid0001_32N.tif,data/NDVI/ECO_L2T_STARS.002_NDVI_20250330T125134_aid0001_32N.tif,ECO_L2T_STARS.002_NDVI_20250330T125134_aid0001_32N.tif,2025-03-30 00:00:00,2025,3,midday_afternoon,99.99712238496734,34750.0,True,True,False,1.0,True,32632.0,EPSG:32632,34751.0,34751.0,0.0999640151858329,0.0021781718824058,-0.5950487852096558,0.9977101683616638,0.2118048071861267
raster,ndvi,ECO_L2T_STARS.002_NDVI-UQ_20250402T120128_aid0001_32N.tif,data/NDVI/ECO_L2T_STARS.002_NDVI-UQ_20250402T120128_aid0001_32N.tif,ECO_L2T_STARS.002_NDVI-UQ_20250402T120128_aid0001_32N.tif,2025-04-02 00:00:00,2025,4,midday_afternoon,100.0,34751.0,True,True,False,1.0,True,32632.0,EPSG:32632,34751.0,34751.0,0.0224493984133005,0.0223828386515378,0.0009120312170125,0.2776038944721222,0.011570337228477
raster,ndvi,ECO_L2T_STARS.002_NDVI_20250402T120128_aid0001_32N.tif,data/NDVI/ECO_L2T_STARS.002_NDVI_20250402T120128_aid0001_32N.tif,ECO_L2T_STARS.002_NDVI_20250402T120128_aid0001_32N.tif,2025-04-02 00:00:00,2025,4,midday_afternoon,99.93669246928148,34729.0,True,True,False,1.0,True,32632.0,EPSG:32632,34751.0,34751.0,0.0940487161278724,-0.0009970654500648,-0.5620557069778442,0.993738293647766,0.2075404226779937
raster,ndvi,ECO_L2T_STARS.002_NDVI-UQ_20250404T151752_aid0001_32N.tif,data/NDVI/ECO_L2T_STARS.002_NDVI-UQ_20250404T151752_aid0001_32N.tif,ECO_L2T_STARS.002_NDVI-UQ_20250404T151752_aid0001_32N.tif,2025-04-04 00:00:00,2025,4,evening,100.0,34751.0,True,True,False,1.0,True,32632.0,EPSG:32632,34751.0,34751.0,0.0062184217385947,0.0009960859315469,0.0008682553889229,0.4335851967334747,0.0224840119481086
raster,ndvi,ECO_L2T_STARS.002_NDVI_20250404T151752_aid0001_32N.tif,data/NDVI/ECO_L2T_STARS.002_NDVI_20250404T151752_aid0001_32N.tif,ECO_L2T_STARS.002_NDVI_20250404T151752_aid0001_32N.tif,2025-04-04 00:00:00,2025,4,evening,100.0,34751.0,True,True,False,1.0,True,32632.0,EPSG:32632,34751.0,34751.0,0.0984985530376434,-0.0295817870646715,-0.9917520880699158,0.9980063438415528,0.2474133968353271
raster,ndvi,ECO_L2T_STARS.002_NDVI-UQ_20250407T093954_aid0001_32N.tif,data/NDVI/ECO_L2T_STARS.002_NDVI-UQ_20250407T093954_aid0001_32N.tif,ECO_L2T_STARS.002_NDVI-UQ_20250407T093954_aid0001_32N.tif,2025-04-07 00:00:00,2025,4,midday_afternoon,100.0,34751.0,True,True,False,1.0,True,32632.0,EPSG:32632,34751.0,34751.0,0.0128126628696918,0.0107300616800785,0.0008572983206249,0.3602737784385681,0.0183437801897525
raster,ndvi,ECO_L2T_STARS.002_NDVI_20250407T093954_aid0001_32N.tif,data/NDVI/ECO_L2T_STARS.002_NDVI_20250407T093954_aid0001_32N.tif,ECO_L2T_STARS.002_NDVI_20250407T093954_aid0001_32N.tif,2025-04-07 00:00:00,2025,4,midday_afternoon,99.99424476993468,34749.0,True,True,False,1.0,True,32632.0,EPSG:32632,34751.0,34751.0,0.1188501045107841,-0.0338555760681629,-0.5177070498466492,0.9994939565658568,0.2713898420333862
raster,ndvi,ECO_L2T_STARS.002_NDVI-UQ_20250409T125547_aid0001_32N.tif,data/NDVI/ECO_L2T_STARS.002_NDVI-UQ_20250409T125547_aid0001_32N.tif,ECO_L2T_STARS.002_NDVI-UQ_20250409T125547_aid0001_32N.tif,2025-04-09 00:00:00,2025,4,midday_afternoon,100.0,34751.0,True,True,False,1.0,True,32632.0,EPSG:32632,34751.0,34751.0,0.023995004594326,0.0141686489805579,0.0012235095491632,0.4911607503890991,0.0341049395501613
raster,ndvi,ECO_L2T_STARS.002_NDVI_20250409T125547_aid0001_32N.tif,data/NDVI/ECO_L2T_STARS.002_NDVI_20250409T125547_aid0001_32N.tif,ECO_L2T_STARS.002_NDVI_20250409T125547_aid0001_32N.tif,2025-04-09 00:00:00,2025,4,midday_afternoon,99.99136715490202,34748.0,True,True,False,1.0,True,32632.0,EPSG:32632,34751.0,34751.0,0.1107332706451416,-0.0364047512412071,-0.525255024433136,0.9983001947402954,0.2669851183891296
raster,ndvi,ECO_L2T_STARS.002_NDVI-UQ_20250410T085402_aid0001_32N.tif,data/NDVI/ECO_L2T_STARS.002_NDVI-UQ_20250410T085402_aid0001_32N.tif,ECO_L2T_STARS.002_NDVI-UQ_20250410T085402_aid0001_32N.tif,2025-04-10 00:00:00,2025,4,morning,100.0,34751.0,True,True,False,1.0,True,32632.0,EPSG:32632,34751.0,34751.0,0.0020891753956675,0.0009172862628474,0.0007245675660669,0.2094710916280746,0.0059894281439483
raster,ndvi,ECO_L2T_STARS.002_NDVI_20250410T085402_aid0001_32N.tif,data/NDVI/ECO_L2T_STARS.002_NDVI_20250410T085402_aid0001_32N.tif,ECO_L2T_STARS.002_NDVI_20250410T085402_aid0001_32N.tif,2025-04-10 00:00:00,2025,4,morning,99.97697907973873,34743.0,True,True,False,1.0,True,32632.0,EPSG:32632,34751.0,34751.0,0.1433085054159164,-0.0165639836341142,-0.9099079966545104,0.9947161078453064,0.2915450930595398
raster,ndvi,ECO_L2T_STARS.002_NDVI-UQ_20250411T080621_aid0001_32N.tif,data/NDVI/ECO_L2T_STARS.002_NDVI-UQ_20250411T080621_aid0001_32N.tif,ECO_L2T_STARS.002_NDVI-UQ_20250411T080621_aid0001_32N.tif,2025-04-11 00:00:00,2025,4,morning,100.0,34751.0,True,True,False,1.0,True,32632.0,EPSG:32632,34751.0,34751.0,0.0122835151851177,0.0079525299370288,0.0015286250272765,0.2053877562284469,0.0158104859292507
raster,ndvi,ECO_L2T_STARS.002_NDVI_20250411T080621_aid0001_32N.tif,data/NDVI/ECO_L2T_STARS.002_NDVI_20250411T080621_aid0001_32N.tif,ECO_L2T_STARS.002_NDVI_20250411T080621_aid0001_32N.tif,2025-04-11 00:00:00,2025,4,morning,99.81871025294237,34688.0,True,True,False,1.0,True,32632.0,EPSG:32632,34751.0,34751.0,0.1465875059366226,-0.0165799781680107,-0.9071909785270692,0.9962691068649292,0.2982511520385742
raster,ndvi,ECO_L2T_STARS.002_NDVI-UQ_20250412T120912_aid0001_32N.tif,data/NDVI/ECO_L2T_STARS.002_NDVI-UQ_20250412T120912_aid0001_32N.tif,ECO_L2T_STARS.002_NDVI-UQ_20250412T120912_aid0001_32N.tif,2025-04-12 00:00:00,2025,4,midday_afternoon,100.0,34751.0,True,True,False,1.0,True,32632.0,EPSG:32632,34751.0,34751.0,0.008651191368699,0.0037681141402572,0.0006395715172402,0.2885824739933014,0.0161464363336563
raster,ndvi,ECO_L2T_STARS.002_NDVI_20250412T120912_aid0001_32N.tif,data/NDVI/ECO_L2T_STARS.002_NDVI_20250412T120912_aid0001_32N.tif,ECO_L2T_STARS.002_NDVI_20250412T120912_aid0001_32N.tif,2025-04-12 00:00:00,2025,4,midday_afternoon,99.47627406405572,34569.0,True,True,False,1.0,True,32632.0,EPSG:32632,34751.0,34751.0,0.1479081809520721,-0.0093554630875587,-0.9053374528884888,0.9997457265853882,0.2990550994873047
raster,ndvi,ECO_L2T_STARS.002_NDVI-UQ_20250412T121003_aid0001_32N.tif,data/NDVI/ECO_L2T_STARS.002_NDVI-UQ_20250412T121003_aid0001_32N.tif,ECO_L2T_STARS.002_NDVI-UQ_20250412T121003_aid0001_32N.tif,2025-04-12 00:00:00,2025,4,midday_afternoon,100.0,94.0,True,True,True,0.002704958130701275,False,32632.0,EPSG:32632,94.0,34751.0,0.0008720844634808,0.0008666302310302,0.000862784916535,0.000895875156857,1.2385019545035902e-05
raster,ndvi,ECO_L2T_STARS.002_NDVI_20250412T121003_aid0001_32N.tif,data/NDVI/ECO_L2T_STARS.002_NDVI_20250412T121003_aid0001_32N.tif,ECO_L2T_STARS.002_NDVI_20250412T121003_aid0001_32N.tif,2025-04-12 00:00:00,2025,4,midday_afternoon,100.0,94.0,True,True,True,0.002704958130701275,False,32632.0,EPSG:32632,94.0,34751.0,-0.0814156308770179,-0.1025751605629921,-0.1187845543026924,0.3083657324314117,0.0704751163721084
raster,ndvi,ECO_L2T_STARS.002_NDVI-UQ_20250415T063039_aid0001_32N.tif,data/NDVI/ECO_L2T_STARS.002_NDVI-UQ_20250415T063039_aid0001_32N.tif,ECO_L2T_STARS.002_NDVI-UQ_20250415T063039_aid0001_32N.tif,2025-04-15 00:00:00,2025,4,morning,100.0,34751.0,True,True,False,1.0,True,32632.0,EPSG:32632,34751.0,34751.0,0.0238947346806526,0.0170981101691722,0.0008829450816847,0.3573630750179291,0.0282800793647766
raster,ndvi,ECO_L2T_STARS.002_NDVI_20250415T063039_aid0001_32N.tif,data/NDVI/ECO_L2T_STARS.002_NDVI_20250415T063039_aid0001_32N.tif,ECO_L2T_STARS.002_NDVI_20250415T063039_aid0001_32N.tif,2025-04-15 00:00:00,2025,4,morning,99.08779603464647,34434.0,True,True,False,1.0,True,32632.0,EPSG:32632,34751.0,34751.0,0.1476044058799743,-0.0113423336297273,-0.8940184712409973,0.9999121427536012,0.300757884979248
raster,ndvi,ECO_L2T_STARS.002_NDVI-UQ_20250415T063131_aid0001_32N.tif,data/NDVI/ECO_L2T_STARS.002_NDVI-UQ_20250415T063131_aid0001_32N.tif,ECO_L2T_STARS.002_NDVI-UQ_20250415T063131_aid0001_32N.tif,2025-04-15 00:00:00,2025,4,morning,100.0,94.0,True,True,True,0.002704958130701275,False,32632.0,EPSG:32632,94.0,34751.0,0.0079024899750947,0.0054191248491406,0.0048232194967567,0.0173436608165502,0.0042745862156152
raster,ndvi,ECO_L2T_STARS.002_NDVI_20250415T063131_aid0001_32N.tif,data/NDVI/ECO_L2T_STARS.002_NDVI_20250415T063131_aid0001_32N.tif,ECO_L2T_STARS.002_NDVI_20250415T063131_aid0001_32N.tif,2025-04-15 00:00:00,2025,4,morning,100.0,94.0,True,True,True,0.002704958130701275,False,32632.0,EPSG:32632,94.0,34751.0,-0.0811044201254844,-0.1022019311785698,-0.118418738245964,0.3083657324314117,0.0704060345888137
raster,ndvi,ECO_L2T_STARS.002_NDVI-UQ_20250417T063142_aid0001_32N.tif,data/NDVI/ECO_L2T_STARS.002_NDVI-UQ_20250417T063142_aid0001_32N.tif,ECO_L2T_STARS.002_NDVI-UQ_20250417T063142_aid0001_32N.tif,2025-04-17 00:00:00,2025,4,morning,100.0,34751.0,True,True,False,1.0,True,32632.0,EPSG:32632,34751.0,34751.0,0.022844836115837,0.0191129948943853,0.0007063533994369,0.3018554151058197,0.027101470157504
raster,ndvi,ECO_L2T_STARS.002_NDVI_20250417T063142_aid0001_32N.tif,data/NDVI/ECO_L2T_STARS.002_NDVI_20250417T063142_aid0001_32N.tif,ECO_L2T_STARS.002_NDVI_20250417T063142_aid0001_32N.tif,2025-04-17 00:00:00,2025,4,morning,99.23167678627954,34484.0,True,True,False,1.0,True,32632.0,EPSG:32632,34751.0,34751.0,0.1551570743322372,0.0134790558367967,-0.9067435264587402,0.9997024536132812,0.2944426238536834
raster,ndvi,ECO_L2T_STARS.002_NDVI-UQ_20250418T054400_aid0001_32N.tif,data/NDVI/ECO_L2T_STARS.002_NDVI-UQ_20250418T054400_aid0001_32N.tif,ECO_L2T_STARS.002_NDVI-UQ_20250418T054400_aid0001_32N.tif,2025-04-18 00:00:00,2025,4,morning,100.0,34751.0,True,True,False,1.0,True,32632.0,EPSG:32632,34751.0,34751.0,0.0219393949955701,0.0185340866446495,0.0009959033923223,0.6608964800834656,0.023591561242938
raster,ndvi,ECO_L2T_STARS.002_NDVI_20250418T054400_aid0001_32N.tif,data/NDVI/ECO_L2T_STARS.002_NDVI_20250418T054400_aid0001_32N.tif,ECO_L2T_STARS.002_NDVI_20250418T054400_aid0001_32N.tif,2025-04-18 00:00:00,2025,4,morning,99.99136715490202,34748.0,True,True,False,1.0,True,32632.0,EPSG:32632,34751.0,34751.0,0.1692562252283096,0.150719404220581,-0.9471321105957032,0.9788304567337036,0.2296779453754425
raster,ndvi,ECO_L2T_STARS.002_NDVI-UQ_20250423T081045_aid0001_32N.tif,data/NDVI/ECO_L2T_STARS.002_NDVI-UQ_20250423T081045_aid0001_32N.tif,ECO_L2T_STARS.002_NDVI-UQ_20250423T081045_aid0001_32N.tif,2025-04-23 00:00:00,2025,4,morning,100.0,34751.0,True,True,False,1.0,True,32632.0,EPSG:32632,34751.0,34751.0,0.0214703753590583,0.0210024025291204,0.0018335627391934,0.4327131509780884,0.0184604097157716
raster,ndvi,ECO_L2T_STARS.002_NDVI_20250423T081045_aid0001_32N.tif,data/NDVI/ECO_L2T_STARS.002_NDVI_20250423T081045_aid0001_32N.tif,ECO_L2T_STARS.002_NDVI_20250423T081045_aid0001_32N.tif,2025-04-23 00:00:00,2025,4,morning,99.95395815947742,34735.0,True,True,False,1.0,True,32632.0,EPSG:32632,34751.0,34751.0,0.2041330337524414,0.1200447455048561,-0.2518085837364197,0.9974778294563292,0.2580852508544922
raster,ndvi,ECO_L2T_STARS.002_NDVI-UQ_20250516T175254_aid0001_32N.tif,data/NDVI/ECO_L2T_STARS.002_NDVI-UQ_20250516T175254_aid0001_32N.tif,ECO_L2T_STARS.002_NDVI-UQ_20250516T175254_aid0001_32N.tif,2025-05-16 00:00:00,2025,5,evening,100.0,34751.0,True,True,False,1.0,True,32632.0,EPSG:32632,34751.0,34751.0,0.0279503334313631,0.0299999993294477,0.0070365061983466,0.0299999993294477,0.0038288494106382
raster,ndvi,ECO_L2T_STARS.002_NDVI_20250516T175254_aid0001_32N.tif,data/NDVI/ECO_L2T_STARS.002_NDVI_20250516T175254_aid0001_32N.tif,ECO_L2T_STARS.002_NDVI_20250516T175254_aid0001_32N.tif,2025-05-16 00:00:00,2025,5,evening,99.99712238496734,34750.0,True,True,False,1.0,True,32632.0,EPSG:32632,34751.0,34751.0,0.2769420742988586,0.3000000119209289,-0.7247893810272217,0.9985111355781556,0.1760628074407577
raster,ndvi,ECO_L2T_STARS.002_NDVI-UQ_20250524T144152_aid0001_32N.tif,data/NDVI/ECO_L2T_STARS.002_NDVI-UQ_20250524T144152_aid0001_32N.tif,ECO_L2T_STARS.002_NDVI-UQ_20250524T144152_aid0001_32N.tif,2025-05-24 00:00:00,2025,5,evening,100.0,34751.0,True,True,False,1.0,True,32632.0,EPSG:32632,34751.0,34751.0,0.0273785814642906,0.0299999993294477,0.0009368023020215,0.0299999993294477,0.0071582249365746
raster,ndvi,ECO_L2T_STARS.002_NDVI_20250524T144152_aid0001_32N.tif,data/NDVI/ECO_L2T_STARS.002_NDVI_20250524T144152_aid0001_32N.tif,ECO_L2T_STARS.002_NDVI_20250524T144152_aid0001_32N.tif,2025-05-24 00:00:00,2025,5,evening,99.99712238496734,34750.0,True,True,False,1.0,True,32632.0,EPSG:32632,34751.0,34751.0,0.298896461725235,0.3000000119209289,-0.1429559886455536,0.9861460328102112,0.1189977899193763
raster,ndvi,ECO_L2T_STARS.002_NDVI-UQ_20250526T144312_aid0001_32N.tif,data/NDVI/ECO_L2T_STARS.002_NDVI-UQ_20250526T144312_aid0001_32N.tif,ECO_L2T_STARS.002_NDVI-UQ_20250526T144312_aid0001_32N.tif,2025-05-26 00:00:00,2025,5,evening,100.0,94.0,True,True,True,0.002704958130701275,False,32632.0,EPSG:32632,94.0,34751.0,0.019363721832633,0.0141773940995335,0.0141773130744695,0.0489999167621135,0.0123977102339267
raster,ndvi,ECO_L2T_STARS.002_NDVI_20250526T144312_aid0001_32N.tif,data/NDVI/ECO_L2T_STARS.002_NDVI_20250526T144312_aid0001_32N.tif,ECO_L2T_STARS.002_NDVI_20250526T144312_aid0001_32N.tif,2025-05-26 00:00:00,2025,5,evening,100.0,94.0,True,True,True,0.002704958130701275,False,32632.0,EPSG:32632,94.0,34751.0,-0.0099133448675274,-0.0215637236833572,-0.0851953327655792,0.5087375640869141,0.0734626501798629
raster,ndvi,ECO_L2T_STARS.002_NDVI-UQ_20250530T130618_aid0001_32N.tif,data/NDVI/ECO_L2T_STARS.002_NDVI-UQ_20250530T130618_aid0001_32N.tif,ECO_L2T_STARS.002_NDVI-UQ_20250530T130618_aid0001_32N.tif,2025-05-30 00:00:00,2025,5,midday_afternoon,100.0,34751.0,True,True,False,1.0,True,32632.0,EPSG:32632,34751.0,34751.0,0.0069289589300751,0.0009960945462808,0.0009302888647653,0.0299999993294477,0.0097657404839992
raster,ndvi,ECO_L2T_STARS.002_NDVI_20250530T130618_aid0001_32N.tif,data/NDVI/ECO_L2T_STARS.002_NDVI_20250530T130618_aid0001_32N.tif,ECO_L2T_STARS.002_NDVI_20250530T130618_aid0001_32N.tif,2025-05-30 00:00:00,2025,5,midday_afternoon,100.0,34751.0,True,True,False,1.0,True,32632.0,EPSG:32632,34751.0,34751.0,0.3207407593727112,0.3081502020359039,-0.3548077344894409,0.995668888092041,0.2938642799854278
raster,ndvi,ECO_L2T_STARS.002_NDVI-UQ_20250531T121805_aid0001_32N.tif,data/NDVI/ECO_L2T_STARS.002_NDVI-UQ_20250531T121805_aid0001_32N.tif,ECO_L2T_STARS.002_NDVI-UQ_20250531T121805_aid0001_32N.tif,2025-05-31 00:00:00,2025,5,midday_afternoon,100.0,34751.0,True,True,False,1.0,True,32632.0,EPSG:32632,34751.0,34751.0,0.0071358499117195,0.0009990244871005,0.0008369788411073,0.0316227748990058,0.0091954786330461
raster,ndvi,ECO_L2T_STARS.002_NDVI_20250531T121805_aid0001_32N.tif,data/NDVI/ECO_L2T_STARS.002_NDVI_20250531T121805_aid0001_32N.tif,ECO_L2T_STARS.002_NDVI_20250531T121805_aid0001_32N.tif,2025-05-31 00:00:00,2025,5,midday_afternoon,100.0,34751.0,True,True,False,1.0,True,32632.0,EPSG:32632,34751.0,34751.0,0.3075516819953918,0.2985617220401764,-0.7659497857093811,0.9468902349472046,0.2984715104103088
raster,ndvi,ECO_L2T_STARS.002_NDVI-UQ_20250602T153239_aid0001_32N.tif,data/NDVI/ECO_L2T_STARS.002_NDVI-UQ_20250602T153239_aid0001_32N.tif,ECO_L2T_STARS.002_NDVI-UQ_20250602T153239_aid0001_32N.tif,2025-06-02 00:00:00,2025,6,evening,100.0,34751.0,True,True,False,1.0,True,32632.0,EPSG:32632,34751.0,34751.0,0.0173345673829317,0.0141773773357272,0.0070493905805051,0.0346410162746906,0.0057529434561729
raster,ndvi,ECO_L2T_STARS.002_NDVI_20250602T153239_aid0001_32N.tif,data/NDVI/ECO_L2T_STARS.002_NDVI_20250602T153239_aid0001_32N.tif,ECO_L2T_STARS.002_NDVI_20250602T153239_aid0001_32N.tif,2025-06-02 00:00:00,2025,6,evening,100.0,34751.0,True,True,False,1.0,True,32632.0,EPSG:32632,34751.0,34751.0,0.3073529899120331,0.2976107895374298,-0.7659497857093811,0.9468902349472046,0.2984219193458557
raster,ndvi,ECO_L2T_STARS.002_NDVI-UQ_20250603T112957_aid0001_32N.tif,data/NDVI/ECO_L2T_STARS.002_NDVI-UQ_20250603T112957_aid0001_32N.tif,ECO_L2T_STARS.002_NDVI-UQ_20250603T112957_aid0001_32N.tif,2025-06-03 00:00:00,2025,6,midday_afternoon,100.0,34751.0,True,True,False,1.0,True,32632.0,EPSG:32632,34751.0,34751.0,0.019992496818304,0.017349287867546,0.0009976762812584,0.0360555127263069,0.0054690497927367
raster,ndvi,ECO_L2T_STARS.002_NDVI_20250603T112957_aid0001_32N.tif,data/NDVI/ECO_L2T_STARS.002_NDVI_20250603T112957_aid0001_32N.tif,ECO_L2T_STARS.002_NDVI_20250603T112957_aid0001_32N.tif,2025-06-03 00:00:00,2025,6,midday_afternoon,100.0,34751.0,True,True,False,1.0,True,32632.0,EPSG:32632,34751.0,34751.0,0.3086075782775879,0.2988313734531402,-0.7659497857093811,0.9508458971977234,0.2995303571224212
raster,ndvi,ECO_L2T_STARS.002_NDVI-UQ_20250604T104125_aid0001_32N.tif,data/NDVI/ECO_L2T_STARS.002_NDVI-UQ_20250604T104125_aid0001_32N.tif,ECO_L2T_STARS.002_NDVI-UQ_20250604T104125_aid0001_32N.tif,2025-06-04 00:00:00,2025,6,midday_afternoon,100.0,34751.0,True,True,False,1.0,True,32632.0,EPSG:32632,34751.0,34751.0,0.0213766787201166,0.0200247764587402,0.0100390687584877,0.0299999993294477,0.0032921724487096
raster,ndvi,ECO_L2T_STARS.002_NDVI_20250604T104125_aid0001_32N.tif,data/NDVI/ECO_L2T_STARS.002_NDVI_20250604T104125_aid0001_32N.tif,ECO_L2T_STARS.002_NDVI_20250604T104125_aid0001_32N.tif,2025-06-04 00:00:00,2025,6,midday_afternoon,99.9424476993468,34731.0,True,True,False,1.0,True,32632.0,EPSG:32632,34751.0,34751.0,0.3128557205200195,0.3000000119209289,-0.7660878896713257,0.9997191429138184,0.2977055609226227
raster,ndvi,ECO_L2T_STARS.002_NDVI-UQ_20250606T104116_aid0001_32N.tif,data/NDVI/ECO_L2T_STARS.002_NDVI-UQ_20250606T104116_aid0001_32N.tif,ECO_L2T_STARS.002_NDVI-UQ_20250606T104116_aid0001_32N.tif,2025-06-06 00:00:00,2025,6,midday_afternoon,100.0,34751.0,True,True,False,1.0,True,32632.0,EPSG:32632,34751.0,34751.0,0.0253548137843608,0.0245151240378618,0.0125505765900015,0.0299999993294477,0.0022929504048079
raster,ndvi,ECO_L2T_STARS.002_NDVI_20250606T104116_aid0001_32N.tif,data/NDVI/ECO_L2T_STARS.002_NDVI_20250606T104116_aid0001_32N.tif,ECO_L2T_STARS.002_NDVI_20250606T104116_aid0001_32N.tif,2025-06-06 00:00:00,2025,6,midday_afternoon,99.92230439411816,34724.0,True,True,False,1.0,True,32632.0,EPSG:32632,34751.0,34751.0,0.313841849565506,0.3000000119209289,-0.7661277055740356,0.9982988834381104,0.2960562407970428
raster,ndvi,ECO_L2T_STARS.002_NDVI-UQ_20250606T135544_aid0001_32N.tif,data/NDVI/ECO_L2T_STARS.002_NDVI-UQ_20250606T135544_aid0001_32N.tif,ECO_L2T_STARS.002_NDVI-UQ_20250606T135544_aid0001_32N.tif,2025-06-06 00:00:00,2025,6,midday_afternoon,100.0,94.0,True,True,True,0.002704958130701275,False,32632.0,EPSG:32632,94.0,34751.0,0.0255001094192266,0.0247175246477127,0.0245095342397689,0.0295559521764516,0.0015512426616623
raster,ndvi,ECO_L2T_STARS.002_NDVI_20250606T135544_aid0001_32N.tif,data/NDVI/ECO_L2T_STARS.002_NDVI_20250606T135544_aid0001_32N.tif,ECO_L2T_STARS.002_NDVI_20250606T135544_aid0001_32N.tif,2025-06-06 00:00:00,2025,6,midday_afternoon,100.0,94.0,True,True,True,0.002704958130701275,False,32632.0,EPSG:32632,94.0,34751.0,-0.0072606429457664,-0.1019447520375251,-0.1255256533622741,0.7221121191978455,0.2225444763898849
raster,ndvi,ECO_L2T_STARS.002_NDVI-UQ_20250608T090514_aid0001_32N.tif,data/NDVI/ECO_L2T_STARS.002_NDVI-UQ_20250608T090514_aid0001_32N.tif,ECO_L2T_STARS.002_NDVI-UQ_20250608T090514_aid0001_32N.tif,2025-06-08 00:00:00,2025,6,midday_afternoon,100.0,34751.0,True,True,False,1.0,True,32632.0,EPSG:32632,34751.0,34751.0,0.0302140805870294,0.0299999993294477,0.0130082052201032,0.3081561923027038,0.0104434080421924
raster,ndvi,ECO_L2T_STARS.002_NDVI_20250608T090514_aid0001_32N.tif,data/NDVI/ECO_L2T_STARS.002_NDVI_20250608T090514_aid0001_32N.tif,ECO_L2T_STARS.002_NDVI_20250608T090514_aid0001_32N.tif,2025-06-08 00:00:00,2025,6,midday_afternoon,100.0,34751.0,True,True,False,1.0,True,32632.0,EPSG:32632,34751.0,34751.0,0.3202432096004486,0.3000000119209289,0.0766104832291603,0.9502461552619934,0.0806589648127555
raster,ndvi,ECO_L2T_STARS.002_NDVI-UQ_20250610T090403_aid0001_32N.tif,data/NDVI/ECO_L2T_STARS.002_NDVI-UQ_20250610T090403_aid0001_32N.tif,ECO_L2T_STARS.002_NDVI-UQ_20250610T090403_aid0001_32N.tif,2025-06-10 00:00:00,2025,6,midday_afternoon,100.0,34751.0,True,True,False,1.0,True,32632.0,EPSG:32632,34751.0,34751.0,0.0333924144506454,0.0316384769976139,0.016141464933753,0.2599909603595733,0.0109050897881388
raster,ndvi,ECO_L2T_STARS.002_NDVI_20250610T090403_aid0001_32N.tif,data/NDVI/ECO_L2T_STARS.002_NDVI_20250610T090403_aid0001_32N.tif,ECO_L2T_STARS.002_NDVI_20250610T090403_aid0001_32N.tif,2025-06-10 00:00:00,2025,6,midday_afternoon,99.98848953986936,34747.0,True,True,False,1.0,True,32632.0,EPSG:32632,34751.0,34751.0,0.3065129518508911,0.2976712584495544,-0.8683179020881653,0.9921532869338988,0.2976704835891723
raster,ndvi,ECO_L2T_STARS.002_NDVI-UQ_20250611T081542_aid0001_32N.tif,data/NDVI/ECO_L2T_STARS.002_NDVI-UQ_20250611T081542_aid0001_32N.tif,ECO_L2T_STARS.002_NDVI-UQ_20250611T081542_aid0001_32N.tif,2025-06-11 00:00:00,2025,6,morning,100.0,34751.0,True,True,False,1.0,True,32632.0,EPSG:32632,34751.0,34751.0,0.0227168202400207,0.0299999993294477,0.0009960777824744,0.0299999993294477,0.0107297208160161
raster,ndvi,ECO_L2T_STARS.002_NDVI_20250611T081542_aid0001_32N.tif,data/NDVI/ECO_L2T_STARS.002_NDVI_20250611T081542_aid0001_32N.tif,ECO_L2T_STARS.002_NDVI_20250611T081542_aid0001_32N.tif,2025-06-11 00:00:00,2025,6,morning,100.0,34751.0,True,True,False,1.0,True,32632.0,EPSG:32632,34751.0,34751.0,0.3774990141391754,0.3000000119209289,-0.0932411029934883,0.9387508034706116,0.1519077718257904
raster,ndvi,ECO_L2T_STARS.002_NDVI-UQ_20250613T112956_aid0001_32N.tif,data/NDVI/ECO_L2T_STARS.002_NDVI-UQ_20250613T112956_aid0001_32N.tif,ECO_L2T_STARS.002_NDVI-UQ_20250613T112956_aid0001_32N.tif,2025-06-13 00:00:00,2025,6,midday_afternoon,100.0,34751.0,True,True,False,1.0,True,32632.0,EPSG:32632,34751.0,34751.0,0.0233327783644199,0.0314976014196872,0.0008784726378507,0.0861976072192192,0.012775894254446
raster,ndvi,ECO_L2T_STARS.002_NDVI_20250613T112956_aid0001_32N.tif,data/NDVI/ECO_L2T_STARS.002_NDVI_20250613T112956_aid0001_32N.tif,ECO_L2T_STARS.002_NDVI_20250613T112956_aid0001_32N.tif,2025-06-13 00:00:00,2025,6,midday_afternoon,99.98848953986936,34747.0,True,True,False,1.0,True,32632.0,EPSG:32632,34751.0,34751.0,0.3900622129440307,0.3000000119209289,-0.0916402637958526,0.9918391704559326,0.1622916758060455
raster,ndvi,ECO_L2T_STARS.002_NDVI-UQ_20250618T054920_aid0001_32N.tif,data/NDVI/ECO_L2T_STARS.002_NDVI-UQ_20250618T054920_aid0001_32N.tif,ECO_L2T_STARS.002_NDVI-UQ_20250618T054920_aid0001_32N.tif,2025-06-18 00:00:00,2025,6,morning,100.0,34751.0,True,True,False,1.0,True,32632.0,EPSG:32632,34751.0,34751.0,0.0444797426462173,0.0379107780754566,0.0042469291947782,0.5710173845291138,0.0463651642203331
raster,ndvi,ECO_L2T_STARS.002_NDVI_20250618T054920_aid0001_32N.tif,data/NDVI/ECO_L2T_STARS.002_NDVI_20250618T054920_aid0001_32N.tif,ECO_L2T_STARS.002_NDVI_20250618T054920_aid0001_32N.tif,2025-06-18 00:00:00,2025,6,morning,99.70360565163593,34648.0,True,True,False,1.0,True,32632.0,EPSG:32632,34751.0,34751.0,0.4277637004852295,0.3403935432434082,-0.9277066588401794,0.9994558095932008,0.2052101045846939
raster,ndvi,ECO_L2T_STARS.002_NDVI-UQ_20250620T041215_aid0001_32N.tif,data/NDVI/ECO_L2T_STARS.002_NDVI-UQ_20250620T041215_aid0001_32N.tif,ECO_L2T_STARS.002_NDVI-UQ_20250620T041215_aid0001_32N.tif,2025-06-20 00:00:00,2025,6,morning,100.0,34751.0,True,True,False,1.0,True,32632.0,EPSG:32632,34751.0,34751.0,0.0250872839242219,0.0139851355925202,0.0018847320461645,0.4409586489200592,0.0274720508605241
raster,ndvi,ECO_L2T_STARS.002_NDVI_20250620T041215_aid0001_32N.tif,data/NDVI/ECO_L2T_STARS.002_NDVI_20250620T041215_aid0001_32N.tif,ECO_L2T_STARS.002_NDVI_20250620T041215_aid0001_32N.tif,2025-06-20 00:00:00,2025,6,morning,99.95683577451008,34736.0,True,True,False,1.0,True,32632.0,EPSG:32632,34751.0,34751.0,0.4355024695396423,0.3981322646141052,-0.9348183274269104,0.993843138217926,0.2342160642147064
raster,ndvi,ECO_L2T_STARS.002_NDVI-UQ_20250621T081446_aid0001_32N.tif,data/NDVI/ECO_L2T_STARS.002_NDVI-UQ_20250621T081446_aid0001_32N.tif,ECO_L2T_STARS.002_NDVI-UQ_20250621T081446_aid0001_32N.tif,2025-06-21 00:00:00,2025,6,morning,100.0,34751.0,True,True,False,1.0,True,32632.0,EPSG:32632,34751.0,34751.0,0.0299400873482227,0.0197479482740163,0.0009571958216838,0.4773707985877991,0.0334489569067955
raster,ndvi,ECO_L2T_STARS.002_NDVI_20250621T081446_aid0001_32N.tif,data/NDVI/ECO_L2T_STARS.002_NDVI_20250621T081446_aid0001_32N.tif,ECO_L2T_STARS.002_NDVI_20250621T081446_aid0001_32N.tif,2025-06-21 00:00:00,2025,6,morning,99.95108054444476,34734.0,True,True,False,1.0,True,32632.0,EPSG:32632,34751.0,34751.0,0.4352896511554718,0.4031975865364074,-0.9348183274269104,0.9930881857872008,0.236988365650177
raster,ndvi,ECO_L2T_STARS.002_NDVI-UQ_20250621T081538_aid0001_32N.tif,data/NDVI/ECO_L2T_STARS.002_NDVI-UQ_20250621T081538_aid0001_32N.tif,ECO_L2T_STARS.002_NDVI-UQ_20250621T081538_aid0001_32N.tif,2025-06-21 00:00:00,2025,6,morning,100.0,94.0,True,True,True,0.002704958130701275,False,32632.0,EPSG:32632,94.0,34751.0,0.0371921174228191,0.0453198179602623,0.0009916953276842,0.0464123152196407,0.0156922880560159
raster,ndvi,ECO_L2T_STARS.002_NDVI_20250621T081538_aid0001_32N.tif,data/NDVI/ECO_L2T_STARS.002_NDVI_20250621T081538_aid0001_32N.tif,ECO_L2T_STARS.002_NDVI_20250621T081538_aid0001_32N.tif,2025-06-21 00:00:00,2025,6,morning,100.0,94.0,True,True,True,0.002704958130701275,False,32632.0,EPSG:32632,94.0,34751.0,0.0407102964818477,-0.0368149206042289,-0.1176861226558685,0.7170140743255615,0.2156652808189392
raster,ndvi,ECO_L2T_STARS.002_NDVI-UQ_20250622T041234_aid0001_32N.tif,data/NDVI/ECO_L2T_STARS.002_NDVI-UQ_20250622T041234_aid0001_32N.tif,ECO_L2T_STARS.002_NDVI-UQ_20250622T041234_aid0001_32N.tif,2025-06-22 00:00:00,2025,6,morning,100.0,34751.0,True,True,False,1.0,True,32632.0,EPSG:32632,34751.0,34751.0,0.0382029227912426,0.0286032203584909,0.0042317933402955,0.6758866906166077,0.041336003690958
raster,ndvi,ECO_L2T_STARS.002_NDVI_20250622T041234_aid0001_32N.tif,data/NDVI/ECO_L2T_STARS.002_NDVI_20250622T041234_aid0001_32N.tif,ECO_L2T_STARS.002_NDVI_20250622T041234_aid0001_32N.tif,2025-06-22 00:00:00,2025,6,morning,99.51656067451296,34583.0,True,True,False,1.0,True,32632.0,EPSG:32632,34751.0,34751.0,0.4484831690788269,0.4173953235149383,-0.9348183274269104,0.9992035627365112,0.2456088066101074
raster,ndvi,ECO_L2T_STARS.002_NDVI-UQ_20250623T081424_aid0001_32N.tif,data/NDVI/ECO_L2T_STARS.002_NDVI-UQ_20250623T081424_aid0001_32N.tif,ECO_L2T_STARS.002_NDVI-UQ_20250623T081424_aid0001_32N.tif,2025-06-23 00:00:00,2025,6,morning,100.0,34751.0,True,True,False,1.0,True,32632.0,EPSG:32632,34751.0,34751.0,0.0429764948785305,0.0316354744136333,0.0009978667367249,0.7609261274337769,0.0474410615861415
raster,ndvi,ECO_L2T_STARS.002_NDVI_20250623T081424_aid0001_32N.tif,data/NDVI/ECO_L2T_STARS.002_NDVI_20250623T081424_aid0001_32N.tif,ECO_L2T_STARS.002_NDVI_20250623T081424_aid0001_32N.tif,2025-06-23 00:00:00,2025,6,morning,99.27196339673678,34498.0,True,True,False,1.0,True,32632.0,EPSG:32632,34751.0,34751.0,0.447185069322586,0.4159558415412903,-0.9348183274269104,0.9998024702072144,0.2471257001161575
raster,ndvi,ECO_L2T_STARS.002_NDVI-UQ_20250624T072630_aid0001_32N.tif,data/NDVI/ECO_L2T_STARS.002_NDVI-UQ_20250624T072630_aid0001_32N.tif,ECO_L2T_STARS.002_NDVI-UQ_20250624T072630_aid0001_32N.tif,2025-06-24 00:00:00,2025,6,morning,100.0,34751.0,True,True,False,1.0,True,32632.0,EPSG:32632,34751.0,34751.0,0.0216602906584739,0.00099994672928,0.0008910149917937,0.5717516541481018,0.0363507494330406
raster,ndvi,ECO_L2T_STARS.002_NDVI_20250624T072630_aid0001_32N.tif,data/NDVI/ECO_L2T_STARS.002_NDVI_20250624T072630_aid0001_32N.tif,ECO_L2T_STARS.002_NDVI_20250624T072630_aid0001_32N.tif,2025-06-24 00:00:00,2025,6,morning,99.58562343529682,34607.0,True,True,False,1.0,True,32632.0,EPSG:32632,34751.0,34751.0,0.4283970594406128,0.3913340866565704,-0.8284974098205566,0.9990642070770264,0.2468291372060775
raster,ndvi,ECO_L2T_STARS.002_NDVI-UQ_20250629T045926_aid0001_32N.tif,data/NDVI/ECO_L2T_STARS.002_NDVI-UQ_20250629T045926_aid0001_32N.tif,ECO_L2T_STARS.002_NDVI-UQ_20250629T045926_aid0001_32N.tif,2025-06-29 00:00:00,2025,6,morning,99.99136715490202,34748.0,True,True,False,1.0,True,32632.0,EPSG:32632,34751.0,34751.0,0.0741896107792854,0.0518218353390693,0.0065265772864222,0.964967966079712,0.0711023285984993
raster,ndvi,ECO_L2T_STARS.002_NDVI_20250629T045926_aid0001_32N.tif,data/NDVI/ECO_L2T_STARS.002_NDVI_20250629T045926_aid0001_32N.tif,ECO_L2T_STARS.002_NDVI_20250629T045926_aid0001_32N.tif,2025-06-29 00:00:00,2025,6,morning,99.43598745359846,34555.0,True,True,False,1.0,True,32632.0,EPSG:32632,34751.0,34751.0,0.4273968935012817,0.3890582323074341,-0.9982651472091676,0.9989553093910216,0.2564598023891449
statistics_csv,pet,ECO_L4T_ESI_002_PET_doy2019031153850_aid0001,,,2019-01-31 15:38:50,2019,1,evening,99.8149,35599.0,True,True,False,,True,,,,,0.0013693,0.0,0.0,7.5908046,0.0670521
statistics_csv,pet,ECO_L4T_ESI_002_PET_doy2019041115446_aid0001,,,2019-02-10 11:54:46,2019,2,midday_afternoon,87.0854,31059.0,True,True,False,,True,,,,,29.3411732,28.7884884,0.0,100.4569321,10.8852615
statistics_csv,pet,ECO_L4T_ESI_002_PET_doy2019042110310_aid0001,,,2019-02-11 11:03:10,2019,2,midday_afternoon,97.6195,34816.0,True,True,False,,True,,,,,19.2612305,18.5337038,0.0,388.5152893,16.032259
statistics_csv,pet,ECO_L4T_ESI_002_PET_doy2019042155330_aid0001,,,2019-02-11 15:53:30,2019,2,evening,99.5233,35495.0,True,True,False,,True,,,,,0.0020589,0.0,0.0,31.9876595,0.1930218
statistics_csv,pet,ECO_L4T_ESI_002_PET_doy2019044105702_aid0001,,,2019-02-13 10:57:02,2019,2,midday_afternoon,100.0,35665.0,True,True,False,,True,,,,,24.9396057,24.6316624,0.0,106.7791748,18.1198654
statistics_csv,pet,ECO_L4T_ESI_002_PET_doy2019045145546_aid0001,,,2019-02-14 14:55:46,2019,2,evening,99.9944,35663.0,True,True,False,,True,,,,,3.3969283,0.0,0.0,309.6287842,7.0677066
statistics_csv,pet,ECO_L4T_ESI_002_PET_doy2019046140410_aid0001,,,2019-02-15 14:04:10,2019,2,evening,0.3337,119.0,True,False,False,,False,,,,,10.5732985,7.8469477,0.0,33.5997963,10.5597658
statistics_csv,pet,ECO_L4T_ESI_002_PET_doy2019048090743_aid0001,,,2019-02-17 09:07:43,2019,2,midday_afternoon,0.3337,119.0,True,False,False,,False,,,,,10.1603241,11.4598742,0.0,30.0748539,8.9425373
statistics_csv,pet,ECO_L4T_ESI_002_PET_doy2019050121450_aid0001,,,2019-02-19 12:14:50,2019,2,midday_afternoon,27.9742,9977.0,True,False,False,,False,,,,,25.2174149,27.5640106,0.0,105.7067566,18.2411957
statistics_csv,pet,ECO_L4T_ESI_002_PET_doy2019051080958_aid0001,,,2019-02-20 08:09:58,2019,2,morning,100.0,35665.0,True,True,False,,True,,,,,5.7902527,3.6989179,0.0,220.0880127,6.7846279
statistics_csv,pet,ECO_L4T_ESI_002_PET_doy2019052071822_aid0001,,,2019-02-21 07:18:22,2019,2,morning,100.0,35665.0,True,True,False,,True,,,,,0.0026977,0.0,0.0,21.3442173,0.1821795
statistics_csv,pet,ECO_L4T_ESI_002_PET_doy2019052120841_aid0001,,,2019-02-21 12:08:41,2019,2,midday_afternoon,0.3337,119.0,True,False,False,,False,,,,,19.9956722,19.3820896,0.0,57.0035477,15.5322781
statistics_csv,pet,ECO_L4T_ESI_002_PET_doy2019053111706_aid0001,,,2019-02-22 11:17:06,2019,2,midday_afternoon,100.0,35665.0,True,True,False,,True,,,,,32.7036018,32.8415833,0.0,256.8573608,26.8190117
statistics_csv,pet,ECO_L4T_ESI_002_PET_doy2019056101921_aid0001,,,2019-02-25 10:19:21,2019,2,midday_afternoon,100.0,35665.0,True,True,False,,True,,,,,28.1366291,26.0979805,0.0,271.8363953,27.2187996
statistics_csv,pet,ECO_L4T_ESI_002_PET_doy2019059092317_aid0001,,,2019-02-28 09:23:17,2019,2,midday_afternoon,100.0,35665.0,True,True,False,,True,,,,,28.7584991,28.9634304,0.0,100.2707367,22.6404343
statistics_csv,pet,ECO_L4T_ESI_002_PET_doy2019155145035_aid0001,,,2019-06-04 14:50:35,2019,6,evening,20.258000000000003,7225.0,True,False,False,,False,,,,,55.1169319,51.9820404,0.0,190.0237579,20.857563
statistics_csv,pet,ECO_L4T_ESI_002_PET_doy2019159130928_aid0001,,,2019-06-08 13:09:28,2019,6,midday_afternoon,99.87660000000001,35621.0,True,True,False,,True,,,,,288.7536011,276.4573975,0.0,601.8062134,122.4904404
statistics_csv,pet,ECO_L4T_ESI_002_PET_doy2019160122043_aid0001,,,2019-06-09 12:20:43,2019,6,midday_afternoon,17.3279,6180.0,True,False,False,,False,,,,,156.4580841,149.4609833,96.3459549,279.2229919,31.9282742
statistics_csv,pet,ECO_L4T_ESI_002_PET_doy2019161162134_aid0001,,,2019-06-10 16:21:34,2019,6,evening,54.0025,19260.0,True,False,False,,False,,,,,41.889225,34.1584911,2.8613317,207.6078644,24.9543018
statistics_csv,pet,ECO_L4T_ESI_002_PET_doy2019163112813_aid0001,,,2019-06-12 11:28:13,2019,6,midday_afternoon,0.7262000000000001,259.0,True,False,False,,False,,,,,155.4007721,157.5773926,35.6454659,286.3683777,38.273407
statistics_csv,pet,ECO_L4T_ESI_002_PET_doy2019164103920_aid0001,,,2019-06-13 10:39:20,2019,6,midday_afternoon,100.0,35665.0,True,True,False,,True,,,,,327.5698242,295.7218933,164.0964203,561.4450684,73.5981522
statistics_csv,pet,ECO_L4T_ESI_002_PET_doy2019165144037_aid0001,,,2019-06-14 14:40:37,2019,6,evening,0.1879,67.0,True,False,False,,False,,,,,188.0606537,181.1533356,140.3994598,384.2818604,40.984951
statistics_csv,pet,ECO_L4T_ESI_002_PET_doy2019166103650_aid0001,,,2019-06-15 10:36:50,2019,6,midday_afternoon,56.7727,20248.0,True,False,False,,False,,,,,343.3266602,340.2698822,32.1766014,625.1013184,107.4719009
statistics_csv,pet,ECO_L4T_ESI_002_PET_doy2019168134844_aid0001,,,2019-06-17 13:48:44,2019,6,midday_afternoon,73.75019999999999,26303.0,True,True,False,,True,,,,,199.4712982,185.8354492,61.132618,426.5512085,60.0909653
statistics_csv,pet,ECO_L4T_ESI_002_PET_doy2019170085524_aid0001,,,2019-06-19 08:55:24,2019,6,morning,99.9551,35649.0,True,True,False,,True,,,,,316.8708801,287.7156067,94.4713898,652.5465698,87.3141251
statistics_csv,pet,ECO_L4T_ESI_002_PET_doy2019174071413_aid0001,,,2019-06-23 07:14:13,2019,6,morning,96.1839,34304.0,True,True,False,,True,,,,,204.8135529,193.7978134,72.5259705,311.3274536,42.6374283
statistics_csv,pet,ECO_L4T_ESI_002_PET_doy2019175062441_aid0001,,,2019-06-24 06:24:41,2019,6,morning,0.3337,119.0,True,False,False,,False,,,,,123.777359,116.7543182,93.1192093,214.1321564,27.3783436
statistics_csv,pet,ECO_L4T_ESI_002_PET_doy2019179093339_aid0001,,,2019-06-28 09:33:39,2019,6,midday_afternoon,100.0,35665.0,True,True,False,,True,,,,,386.1217651,384.026062,173.7792358,671.4918213,76.934845
statistics_csv,pet,ECO_L4T_ESI_002_PET_doy2019181044036_aid0001,,,2019-06-30 04:40:36,2019,6,morning,100.0,35665.0,True,True,False,,True,,,,,18.8658047,18.4749031,5.2144947,42.1148758,4.8143945
statistics_csv,pet,ECO_L4T_ESI_002_PET_doy2020031150849_aid0001,,,2020-01-31 15:08:49,2020,1,evening,100.0,35665.0,True,True,False,,True,,,,,0.1003542,0.0,0.0,13.933383,0.6729584
statistics_csv,pet,ECO_L4T_ESI_002_PET_doy2020035133500_aid0001,,,2020-02-04 13:35:00,2020,2,midday_afternoon,49.4126,17623.0,True,False,False,,False,,,,,13.9524002,14.2937012,2.4628675,41.784832,4.3410277
statistics_csv,pet,ECO_L4T_ESI_002_PET_doy2020036124732_aid0001,,,2020-02-05 12:47:32,2020,2,midday_afternoon,96.7167,34494.0,True,True,False,,True,,,,,10.0471354,9.952076,0.0,33.1664429,7.0628395
statistics_csv,pet,ECO_L4T_ESI_002_PET_doy2020039120145_aid0001,,,2020-02-08 12:01:45,2020,2,midday_afternoon,100.0,35665.0,True,True,False,,True,,,,,27.7969971,26.6297741,0.0,140.9061737,21.5529423
statistics_csv,pet,ECO_L4T_ESI_002_PET_doy2020087163143_aid0001,,,2020-03-27 16:31:43,2020,3,evening,85.16749999999999,30375.0,True,True,False,,True,,,,,6.2170591,5.0612278,0.0,36.9371643,6.1391692
statistics_csv,pet,ECO_L4T_ESI_002_PET_doy2020090154618_aid0001,,,2020-03-30 15:46:18,2020,3,evening,0.3337,119.0,True,False,False,,False,,,,,5.1418223,4.6273651,3.2490618,9.3614712,1.400157
statistics_csv,pet,ECO_L4T_ESI_002_PET_doy2020091145901_aid0001,,,2020-03-31 14:59:01,2020,3,evening,0.3337,119.0,True,False,False,,False,,,,,19.2658768,17.8303318,10.4499331,40.4847183,5.9506745
statistics_csv,pet,ECO_L4T_ESI_002_PET_doy2020094141346_aid0001,,,2020-04-03 14:13:46,2020,4,evening,100.0,35665.0,True,True,False,,True,,,,,45.1923027,40.9439812,0.0,171.6767883,23.8549461
statistics_csv,pet,ECO_L4T_ESI_002_PET_doy2020095132602_aid0001,,,2020-04-04 13:26:02,2020,4,midday_afternoon,78.28960000000001,27922.0,True,True,False,,True,,,,,63.1592865,55.7995586,0.0,212.8146515,30.6717415
statistics_csv,pet,ECO_L4T_ESI_002_PET_doy2020095132654_aid0001,,,2020-04-04 13:26:54,2020,4,midday_afternoon,31.490299999999998,11231.0,True,False,False,,False,,,,,61.2404518,59.2322807,0.0,150.1516724,30.4068432
statistics_csv,pet,ECO_L4T_ESI_002_PET_doy2020098124205_aid0001,,,2020-04-07 12:42:05,2020,4,midday_afternoon,0.3337,119.0,True,False,False,,False,,,,,34.6938629,34.7606888,0.0,149.6470795,25.7606487
statistics_csv,pet,ECO_L4T_ESI_002_PET_doy2020099115421_aid0001,,,2020-04-08 11:54:21,2020,4,midday_afternoon,100.0,35665.0,True,True,False,,True,,,,,80.4119339,78.2280426,0.0,279.4436646,49.2656441
statistics_csv,pet,ECO_L4T_ESI_002_PET_doy2020104142716_aid0001,,,2020-04-13 14:27:16,2020,4,evening,82.31880000000001,29359.0,True,True,False,,True,,,,,121.1102676,110.2256699,0.0,457.2468567,77.4314041
statistics_csv,pet,ECO_L4T_ESI_002_PET_doy2020106093837_aid0001,,,2020-04-15 09:38:37,2020,4,midday_afternoon,100.0,35665.0,True,True,False,,True,,,,,149.9782257,136.4085846,0.0,372.8430786,63.2289963
statistics_csv,pet,ECO_L4T_ESI_002_PET_doy2020108125534_aid0001,,,2020-04-17 12:55:34,2020,4,midday_afternoon,100.0,35665.0,True,True,False,,True,,,,,179.6743011,169.9493713,16.0936489,422.1615601,60.1748886
statistics_csv,pet,ECO_L4T_ESI_002_PET_doy2020111071859_aid0001,,,2020-04-20 07:18:59,2020,4,morning,100.0,35665.0,True,True,False,,True,,,,,15.4948196,13.5516357,0.0,74.417572,9.2633591
statistics_csv,pet,ECO_L4T_ESI_002_PET_doy2020112112222_aid0001,,,2020-04-21 11:22:22,2020,4,midday_afternoon,1.0290000000000001,367.0,True,False,False,,False,,,,,246.3570099,242.6258392,220.3895416,318.173584,19.3181801
statistics_csv,pet,ECO_L4T_ESI_002_PET_doy2020114063205_aid0001,,,2020-04-23 06:32:05,2020,4,morning,100.0,35665.0,True,True,False,,True,,,,,38.4796753,38.6354103,0.0,99.4856491,20.0351849
statistics_csv,pet,ECO_L4T_ESI_002_PET_doy2020115054455_aid0001,,,2020-04-24 05:44:55,2020,4,morning,100.0,35665.0,True,True,False,,True,,,,,3.9301507,0.0,0.0,67.7140961,7.5492926
statistics_csv,pet,ECO_L4T_ESI_002_PET_doy2020118045824_aid0001,,,2020-04-27 04:58:24,2020,4,morning,100.0,35665.0,True,True,False,,True,,,,,2.6239469,0.0,0.0,30.4838715,4.5058804
statistics_csv,pet,ECO_L4T_ESI_002_PET_doy2020120081408_aid0001,,,2020-04-29 08:14:08,2020,4,morning,84.4189,30108.0,True,True,False,,True,,,,,35.8445053,34.1336937,0.0,106.3150864,13.8702183
statistics_csv,pet,ECO_L4T_ESI_002_PET_doy2020124063952_aid0001,,,2020-05-03 06:39:52,2020,5,morning,100.0,35665.0,True,True,False,,True,,,,,55.2663116,53.6404877,19.6192341,123.3013,13.9046431
statistics_csv,pet,ECO_L4T_ESI_002_PET_doy2020157131348_aid0001,,,2020-06-05 13:13:48,2020,6,midday_afternoon,56.167100000000005,20032.0,True,False,False,,False,,,,,243.6149902,222.668335,89.6957092,585.6205444,80.0326004
statistics_csv,pet,ECO_L4T_ESI_002_PET_doy2020158122604_aid0001,,,2020-06-06 12:26:04,2020,6,midday_afternoon,1.0823,386.0,True,False,False,,False,,,,,113.2100677,107.6902428,89.0128555,228.710434,20.9142704
statistics_csv,pet,ECO_L4T_ESI_002_PET_doy2020158171752_aid0001,,,2020-06-06 17:17:52,2020,6,evening,11.3332,4042.0,True,False,False,,False,,,,,47.6959343,48.1123352,11.0069456,134.1212616,16.5539017
statistics_csv,pet,ECO_L4T_ESI_002_PET_doy2020160122708_aid0001,,,2020-06-08 12:27:08,2020,6,midday_afternoon,3.1936,1139.0,True,False,False,,False,,,,,70.9099121,73.2670746,21.4758015,118.9385834,17.8282032
statistics_csv,pet,ECO_L4T_ESI_002_PET_doy2020162105207_aid0001,,,2020-06-10 10:52:07,2020,6,midday_afternoon,33.5847,11978.0,True,False,False,,False,,,,,54.1901627,51.6833382,5.3041673,181.9566193,20.9405651
statistics_csv,pet,ECO_L4T_ESI_002_PET_doy2020163145525_aid0001,,,2020-06-11 14:55:25,2020,6,evening,4.5591,1626.0,True,False,False,,False,,,,,79.0069656,80.4177284,8.4649048,201.5112915,25.2883224
statistics_csv,pet,ECO_L4T_ESI_002_PET_doy2020164105304_aid0001,,,2020-06-12 10:53:04,2020,6,midday_afternoon,51.013600000000004,18194.0,True,False,False,,False,,,,,317.2019958,312.7605438,167.0324554,536.8679199,31.7589436
statistics_csv,pet,ECO_L4T_ESI_002_PET_doy2020165100451_aid0001,,,2020-06-13 10:04:51,2020,6,midday_afternoon,97.8887,34912.0,True,True,False,,True,,,,,305.3310852,305.7425842,82.2866592,577.4093018,49.4788551
statistics_csv,pet,ECO_L4T_ESI_002_PET_doy2020166091731_aid0001,,,2020-06-14 09:17:31,2020,6,midday_afternoon,5.7199,2040.0,True,False,False,,False,,,,,105.3559113,106.1563377,92.6871414,117.9347153,4.5027499
statistics_csv,pet,ECO_L4T_ESI_002_PET_doy2020168091831_aid0001,,,2020-06-16 09:18:31,2020,6,midday_afternoon,72.9651,26023.0,True,True,False,,True,,,,,96.3115005,96.8037796,72.0556107,108.2248688,5.4118214
statistics_csv,pet,ECO_L4T_ESI_002_PET_doy2020169083012_aid0001,,,2020-06-17 08:30:12,2020,6,morning,35.2418,12569.0,True,False,False,,False,,,,,50.626667,50.255764,17.912241,73.0239944,7.8080792
statistics_csv,pet,ECO_L4T_ESI_002_PET_doy2020177052032_aid0001,,,2020-06-25 05:20:32,2020,6,morning,100.0,35665.0,True,True,False,,True,,,,,18.4329586,18.8295288,0.0,131.7481232,6.4857674
statistics_csv,pet,ECO_L4T_ESI_002_PET_doy2020179083636_aid0001,,,2020-06-27 08:36:36,2020,6,morning,0.3337,119.0,True,False,False,,False,,,,,241.6204987,239.0050354,227.2411652,290.7631836,12.5967817
statistics_csv,pet,ECO_L4T_ESI_002_PET_doy2020180043425_aid0001,,,2020-06-28 04:34:25,2020,6,morning,100.0,35665.0,True,True,False,,True,,,,,3.4723463,1.3870089,0.0,65.0937729,5.0870986
statistics_csv,pet,ECO_L4T_ESI_002_PET_doy2020182074936_aid0001,,,2020-06-30 07:49:36,2020,6,morning,100.0,35665.0,True,True,False,,True,,,,,203.9602509,202.3085938,74.3464661,448.7940369,34.1578941
statistics_csv,pet,ECO_L4T_ESI_002_PET_doy2021027152613_aid0001,,,2021-01-27 15:26:13,2021,1,evening,21.186,7556.0,True,False,False,,False,,,,,5.9617386,5.8016019,1.0074481,10.9122753,1.6929498
statistics_csv,pet,ECO_L4T_ESI_002_PET_doy2021029152744_aid0001,,,2021-01-29 15:27:44,2021,1,evening,3.7740000000000005,1346.0,True,False,False,,False,,,,,0.749176,0.0,0.0,13.0086708,2.0226655
statistics_csv,pet,ECO_L4T_ESI_002_PET_doy2021031135337_aid0001,,,2021-01-31 13:53:37,2021,1,midday_afternoon,0.3337,119.0,True,False,False,,False,,,,,8.4533548,10.3958168,0.0,11.3317194,4.173542
statistics_csv,pet,ECO_L4T_ESI_002_PET_doy2021034130805_aid0001,,,2021-02-03 13:08:05,2021,2,midday_afternoon,100.0,35665.0,True,True,False,,True,,,,,9.5496387,5.9773746,0.0,56.5700531,10.6636076
statistics_csv,pet,ECO_L4T_ESI_002_PET_doy2021035122058_aid0001,,,2021-02-04 12:20:58,2021,2,midday_afternoon,99.98599999999999,35660.0,True,True,False,,True,,,,,36.1986008,35.4952583,0.3680499,79.97686,5.8904991
statistics_csv,pet,ECO_L4T_ESI_002_PET_doy2021038113525_aid0001,,,2021-02-07 11:35:25,2021,2,midday_afternoon,0.3337,119.0,True,False,False,,False,,,,,16.0358181,11.6991949,4.1094704,42.087738,11.8735895
statistics_csv,pet,ECO_L4T_ESI_002_PET_doy2021040145149_aid0001,,,2021-02-09 14:51:49,2021,2,evening,100.0,35665.0,True,True,False,,True,,,,,2.6509631,0.0,0.0,36.9092674,4.8238945
statistics_csv,pet,ECO_L4T_ESI_002_PET_doy2021042100242_aid0001,,,2021-02-11 10:02:42,2021,2,midday_afternoon,100.0,35665.0,True,True,False,,True,,,,,9.1519384,7.232039,0.0,42.2757607,9.3214216
statistics_csv,pet,ECO_L4T_ESI_002_PET_doy2021043091524_aid0001,,,2021-02-12 09:15:24,2021,2,midday_afternoon,100.0,35665.0,True,True,False,,True,,,,,6.316021,1.0139511,0.0,50.6267815,9.1254072
statistics_csv,pet,ECO_L4T_ESI_002_PET_doy2021044131908_aid0001,,,2021-02-13 13:19:08,2021,2,midday_afternoon,100.0,35665.0,True,True,False,,True,,,,,9.5611019,5.9927053,0.0,52.4533653,11.0653524
statistics_csv,pet,ECO_L4T_ESI_002_PET_doy2021047074216_aid0001,,,2021-02-16 07:42:16,2021,2,morning,100.0,35665.0,True,True,False,,True,,,,,0.0709725,0.0,0.0,10.9179173,0.5098987
statistics_csv,pet,ECO_L4T_ESI_002_PET_doy2021047123350_aid0001,,,2021-02-16 12:33:50,2021,2,midday_afternoon,100.0,35665.0,True,True,False,,True,,,,,28.4190845,28.5428295,0.0,90.2252579,20.7017765
statistics_csv,pet,ECO_L4T_ESI_002_PET_doy2021048114619_aid0001,,,2021-02-17 11:46:19,2021,2,midday_afternoon,100.0,35665.0,True,True,False,,True,,,,,21.2833633,20.6591854,0.0,81.098381,18.0100307
statistics_csv,pet,ECO_L4T_ESI_002_PET_doy2021050065640_aid0001,,,2021-02-19 06:56:40,2021,2,morning,98.5756,35157.0,True,True,False,,True,,,,,0.1925259,0.0,0.0,39.8710175,1.0931093
statistics_csv,pet,ECO_L4T_ESI_002_PET_doy2021051110048_aid0001,,,2021-02-20 11:00:48,2021,2,midday_afternoon,100.0,35665.0,True,True,False,,True,,,,,29.273695,25.7978153,0.0,214.2365875,26.7556992
statistics_csv,pet,ECO_L4T_ESI_002_PET_doy2021052101322_aid0001,,,2021-02-21 10:13:22,2021,2,midday_afternoon,100.0,35665.0,True,True,False,,True,,,,,23.165659,19.7827969,0.0,76.0830383,22.038826
statistics_csv,pet,ECO_L4T_ESI_002_PET_doy2021055092756_aid0001,,,2021-02-24 09:27:56,2021,2,midday_afternoon,100.0,35665.0,True,True,False,,True,,,,,19.4818058,19.1868248,0.0,81.0945358,16.4528084
statistics_csv,pet,ECO_L4T_ESI_002_PET_doy2021056084024_aid0001,,,2021-02-25 08:40:24,2021,2,morning,100.0,35665.0,True,True,False,,True,,,,,14.4962063,14.5202427,0.0,100.255249,11.7103662
statistics_csv,pet,ECO_L4T_ESI_002_PET_doy2021060070736_aid0001,,,2021-03-01 07:07:36,2021,3,morning,100.0,35665.0,True,True,False,,True,,,,,1.1387734,0.0,0.0,21.732666,2.0044599
statistics_csv,pet,ECO_L4T_ESI_002_PET_doy2021063062204_aid0001,,,2021-03-04 06:22:04,2021,3,morning,99.53739999999999,35500.0,True,True,False,,True,,,,,9.2406149,9.40166,0.0,31.0767136,4.0464053
statistics_csv,pet,ECO_L4T_ESI_002_PET_doy2021085170040_aid0001,,,2021-03-26 17:00:40,2021,3,evening,87.8677,31338.0,True,True,False,,True,,,,,0.9209698,0.0,0.0,26.831089,2.3598816
statistics_csv,pet,ECO_L4T_ESI_002_PET_doy2021086161332_aid0001,,,2021-03-27 16:13:32,2021,3,evening,99.7869,35589.0,True,True,False,,True,,,,,0.0767399,0.0,0.0,30.3894272,0.9698195
statistics_csv,pet,ECO_L4T_ESI_002_PET_doy2021089152739_aid0001,,,2021-03-30 15:27:39,2021,3,evening,100.0,35665.0,True,True,False,,True,,,,,12.5634937,10.1737957,0.0,54.5637321,12.145051
statistics_csv,pet,ECO_L4T_ESI_002_PET_doy2021093135515_aid0001,,,2021-04-03 13:55:15,2021,4,midday_afternoon,99.98599999999999,35660.0,True,True,False,,True,,,,,50.6880875,47.4016953,0.0,429.930603,41.7925491
statistics_csv,pet,ECO_L4T_ESI_002_PET_doy2021094130806_aid0001,,,2021-04-04 13:08:06,2021,4,midday_afternoon,100.0,35665.0,True,True,False,,True,,,,,67.5768509,63.7878647,0.0,409.4135437,50.2789803
statistics_csv,pet,ECO_L4T_ESI_002_PET_doy2021097122251_aid0001,,,2021-04-07 12:22:51,2021,4,midday_afternoon,80.4795,28703.0,True,True,False,,True,,,,,42.4902534,38.6384506,0.0,194.5433807,28.1923027
statistics_csv,pet,ECO_L4T_ESI_002_PET_doy2021098113540_aid0001,,,2021-04-08 11:35:40,2021,4,midday_afternoon,100.0,35665.0,True,True,False,,True,,,,,61.537426,59.4997101,0.0,191.1652069,40.584343
statistics_csv,pet,ECO_L4T_ESI_002_PET_doy2021103140702_aid0001,,,2021-04-13 14:07:02,2021,4,evening,86.47409999999999,30841.0,True,True,False,,True,,,,,29.1923409,28.6052227,6.4821815,73.0536652,7.8717685
statistics_csv,pet,ECO_L4T_ESI_002_PET_doy2021105091739_aid0001,,,2021-04-15 09:17:39,2021,4,midday_afternoon,97.21300000000001,34671.0,True,True,False,,True,,,,,20.5627251,19.388031,0.0,103.3511047,8.0333471
statistics_csv,pet,ECO_L4T_ESI_002_PET_doy2021109074455_aid0001,,,2021-04-19 07:44:55,2021,4,morning,95.682,34125.0,True,True,False,,True,,,,,33.271801,31.3247166,0.0,118.2585068,11.5727406
statistics_csv,pet,ECO_L4T_ESI_002_PET_doy2021110065805_aid0001,,,2021-04-20 06:58:05,2021,4,morning,100.0,35665.0,True,True,False,,True,,,,,6.7515683,4.4926844,0.0,86.1578827,7.1540518
statistics_csv,pet,ECO_L4T_ESI_002_PET_doy2021112101429_aid0001,,,2021-04-22 10:14:29,2021,4,midday_afternoon,0.6281,224.0,True,False,False,,False,,,,,114.5562515,101.7031174,53.6823959,336.8937988,47.6021118
statistics_csv,pet,ECO_L4T_ESI_002_PET_doy2021113061248_aid0001,,,2021-04-23 06:12:48,2021,4,morning,100.0,35665.0,True,True,False,,True,,,,,7.0399337,6.3910527,0.0,34.6197128,3.9328322
statistics_csv,pet,ECO_L4T_ESI_002_PET_doy2021114052525_aid0001,,,2021-04-24 05:25:25,2021,4,morning,100.0,35665.0,True,True,False,,True,,,,,1.0258578,0.0,0.0,17.6632004,2.0960662
statistics_csv,pet,ECO_L4T_ESI_002_PET_doy2021115092913_aid0001,,,2021-04-25 09:29:13,2021,4,midday_afternoon,0.3337,119.0,True,False,False,,False,,,,,58.5021057,52.7590027,45.4572754,94.2782516,13.2378626
statistics_csv,pet,ECO_L4T_ESI_002_PET_doy2021116084149_aid0001,,,2021-04-26 08:41:49,2021,4,morning,4.2507,1516.0,True,False,False,,False,,,,,34.87397,30.4741106,10.9976997,84.7810974,13.9513044
statistics_csv,pet,ECO_L4T_ESI_002_PET_doy2021118084347_aid0001,,,2021-04-28 08:43:47,2021,4,morning,99.9916,35662.0,True,True,False,,True,,,,,116.2494965,113.7202301,0.0,345.5186768,50.3445015
statistics_csv,pet,ECO_L4T_ESI_002_PET_doy2021119075625_aid0001,,,2021-04-29 07:56:25,2021,4,morning,100.0,35665.0,True,True,False,,True,,,,,44.7715416,42.5518303,0.0,132.1562347,19.1658421
statistics_csv,pet,ECO_L4T_ESI_002_PET_doy2021120070859_aid0001,,,2021-04-30 07:08:59,2021,4,morning,19.585,6985.0,True,False,False,,False,,,,,65.5848312,61.6184769,11.6159678,229.1297607,32.6879768
statistics_csv,pet,ECO_L4T_ESI_002_PET_doy2021122071054_aid0001,,,2021-05-02 07:10:54,2021,5,morning,93.79220000000001,33451.0,True,True,False,,True,,,,,3.7015855,2.4956477,0.0,36.609726,4.1421766
statistics_csv,pet,ECO_L4T_ESI_002_PET_doy2021123062331_aid0001,,,2021-05-03 06:23:31,2021,5,morning,99.8206,35601.0,True,True,False,,True,,,,,15.1695843,14.4505415,0.0,40.673233,4.9255915
statistics_csv,pet,ECO_L4T_ESI_002_PET_doy2021124053602_aid0001,,,2021-05-04 05:36:02,2021,5,morning,36.573699999999995,13044.0,True,False,False,,False,,,,,6.3671837,1.0420218,0.0,149.5044403,11.2679873
statistics_csv,pet,ECO_L4T_ESI_002_PET_doy2021126053802_aid0001,,,2021-05-06 05:38:02,2021,5,morning,26.2554,9364.0,True,False,False,,False,,,,,27.8920364,28.7456894,8.4808798,52.0760078,4.537693
statistics_csv,pet,ECO_L4T_ESI_002_PET_doy2021127045046_aid0001,,,2021-05-07 04:50:46,2021,5,morning,84.75819999999999,30229.0,True,True,False,,True,,,,,3.2632437,2.7111483,0.0,18.6983185,3.245753
statistics_csv,pet,ECO_L4T_ESI_002_PET_doy2021144174926_aid0001,,,2021-05-24 17:49:26,2021,5,evening,59.618700000000004,21263.0,True,False,False,,False,,,,,2.0836802,1.649812,0.0,15.83638,2.1757379
statistics_csv,pet,ECO_L4T_ESI_002_PET_doy2021145170232_aid0001,,,2021-05-25 17:02:32,2021,5,evening,99.9664,35653.0,True,True,False,,True,,,,,26.4750977,27.8799534,0.0,87.7338638,13.3886509
statistics_csv,pet,ECO_L4T_ESI_002_PET_doy2021148161640_aid0001,,,2021-05-28 16:16:40,2021,5,evening,100.0,35665.0,True,True,False,,True,,,,,94.5622025,84.9946518,0.0,260.302124,54.1074409
statistics_csv,pet,ECO_L4T_ESI_002_PET_doy2021149152944_aid0001,,,2021-05-29 15:29:44,2021,5,evening,69.8612,24916.0,True,False,False,,False,,,,,107.8437653,96.0462379,0.0,339.405365,64.4092178
statistics_csv,pet,ECO_L4T_ESI_002_PET_doy2021152144356_aid0001,,,2021-06-01 14:43:56,2021,6,evening,92.5501,33008.0,True,True,False,,True,,,,,191.1689148,172.190918,24.1072922,411.0391846,66.7318344
statistics_csv,pet,ECO_L4T_ESI_002_PET_doy2021158162802_aid0001,,,2021-06-07 16:28:02,2021,6,evening,3.3562000000000003,1197.0,True,False,False,,False,,,,,4.9922533,2.5773234,0.0,61.594841,6.402257
statistics_csv,pet,ECO_L4T_ESI_002_PET_doy2021162145512_aid0001,,,2021-06-11 14:55:12,2021,6,evening,60.55239999999999,21596.0,True,False,False,,False,,,,,84.519043,85.6320419,0.0,212.9894409,31.3180447
statistics_csv,pet,ECO_L4T_ESI_002_PET_doy2021163140746_aid0001,,,2021-06-12 14:07:46,2021,6,evening,58.682199999999995,20929.0,True,False,False,,False,,,,,249.1983337,240.0252228,125.0032272,428.3104248,47.7558289
statistics_csv,pet,ECO_L4T_ESI_002_PET_doy2021164100603_aid0001,,,2021-06-13 10:06:03,2021,6,midday_afternoon,0.3337,119.0,True,False,False,,False,,,,,287.0348511,271.8485413,158.6322479,485.3444214,85.1127319
statistics_csv,pet,ECO_L4T_ESI_002_PET_doy2021165091828_aid0001,,,2021-06-14 09:18:28,2021,6,midday_afternoon,100.0,35665.0,True,True,False,,True,,,,,300.8258972,281.3936462,10.7027025,546.0794067,68.3872299
statistics_csv,pet,ECO_L4T_ESI_002_PET_doy2021168083310_aid0001,,,2021-06-17 08:33:10,2021,6,morning,100.0,35665.0,True,True,False,,True,,,,,295.6861572,290.7209167,152.231781,468.7122192,60.9230919
statistics_csv,pet,ECO_L4T_ESI_002_PET_doy2021172065931_aid0001,,,2021-06-21 06:59:31,2021,6,morning,99.7196,35565.0,True,True,False,,True,,,,,154.1729279,140.2261047,59.8139076,377.9658508,48.2446098
statistics_csv,pet,ECO_L4T_ESI_002_PET_doy2021173061157_aid0001,,,2021-06-22 06:11:57,2021,6,morning,30.879,11013.0,True,False,False,,False,,,,,91.8678284,81.8006744,45.38657,224.9006348,27.3733978
statistics_csv,pet,ECO_L4T_ESI_002_PET_doy2021173061248_aid0001,,,2021-06-22 06:12:48,2021,6,morning,78.3149,27931.0,True,True,False,,True,,,,,118.3173752,115.9121628,35.0448112,234.1134491,30.4772263
statistics_csv,pet,ECO_L4T_ESI_002_PET_doy2021175092854_aid0001,,,2021-06-24 09:28:54,2021,6,midday_afternoon,88.7088,31638.0,True,True,False,,True,,,,,268.6837769,257.0095062,129.6992188,549.8967896,58.253273
statistics_csv,pet,ECO_L4T_ESI_002_PET_doy2021176052649_aid0001,,,2021-06-25 05:26:49,2021,6,morning,100.0,35665.0,True,True,False,,True,,,,,10.9030485,9.9679031,0.0,44.98592,7.3687334
statistics_csv,pet,ECO_L4T_ESI_002_PET_doy2021177044020_aid0001,,,2021-06-26 04:40:20,2021,6,morning,100.0,35665.0,True,True,False,,True,,,,,5.6959743,5.3476205,0.0,21.6793289,3.7119043
statistics_csv,pet,ECO_L4T_ESI_002_PET_doy2021179075704_aid0001,,,2021-06-28 07:57:04,2021,6,morning,96.3017,34346.0,True,True,False,,True,,,,,261.9796143,238.4057312,107.8850479,450.620636,55.1555786
statistics_csv,pet,ECO_L4T_ESI_002_PET_doy2022030140617_aid0001,,,2022-01-30 14:06:17,2022,1,evening,100.0,35665.0,True,True,False,,True,,,,,2.5275972,0.0,0.0,103.4876404,4.2328343
statistics_csv,pet,ECO_L4T_ESI_002_PET_doy2022030140709_aid0001,,,2022-01-30 14:07:09,2022,1,evening,0.8916000000000001,318.0,True,False,False,,False,,,,,1.4260666,0.1499267,0.0,5.8496709,1.775367
statistics_csv,pet,ECO_L4T_ESI_002_PET_doy2022033131925_aid0001,,,2022-02-02 13:19:25,2022,2,midday_afternoon,84.4049,30103.0,True,True,False,,True,,,,,14.4012623,14.3310814,0.0,120.2981262,9.7741671
statistics_csv,pet,ECO_L4T_ESI_002_PET_doy2022034123044_aid0001,,,2022-02-03 12:30:44,2022,2,midday_afternoon,88.49289999999999,31561.0,True,True,False,,True,,,,,39.6440315,42.0641747,0.0,148.868515,21.1309681
statistics_csv,pet,ECO_L4T_ESI_002_PET_doy2022038105502_aid0001,,,2022-02-07 10:55:02,2022,2,midday_afternoon,0.3337,119.0,True,False,False,,False,,,,,3.4954462,3.7256718,0.0,10.2548828,2.5015905
statistics_csv,pet,ECO_L4T_ESI_002_PET_doy2022038154611_aid0001,,,2022-02-07 15:46:11,2022,2,evening,98.9177,35279.0,True,True,False,,True,,,,,0.0079778,0.0,0.0,24.7070961,0.345487
statistics_csv,pet,ECO_L4T_ESI_002_PET_doy2022039145807_aid0001,,,2022-02-08 14:58:07,2022,2,evening,98.6121,35170.0,True,True,False,,True,,,,,1.7667171,0.0,0.0,88.8515167,6.0646191
statistics_csv,pet,ECO_L4T_ESI_002_PET_doy2022041100733_aid0001,,,2022-02-10 10:07:33,2022,2,midday_afternoon,100.0,35665.0,True,True,False,,True,,,,,21.4123135,20.720541,0.0,106.7528534,17.9246387
statistics_csv,pet,ECO_L4T_ESI_002_PET_doy2022042091942_aid0001,,,2022-02-11 09:19:42,2022,2,midday_afternoon,0.3337,119.0,True,False,False,,False,,,,,1.4686707,1.4066459,0.0,6.4921803,1.3203181
statistics_csv,pet,ECO_L4T_ESI_002_PET_doy2022042141020_aid0001,,,2022-02-11 14:10:20,2022,2,evening,100.0,35665.0,True,True,False,,True,,,,,4.2725596,2.0857937,0.0,236.1989594,5.257082
statistics_csv,pet,ECO_L4T_ESI_002_PET_doy2022043132215_aid0001,,,2022-02-12 13:22:15,2022,2,midday_afternoon,100.0,35665.0,True,True,False,,True,,,,,14.1277514,13.3608503,0.0,55.6359558,12.233736
statistics_csv,pet,ECO_L4T_ESI_002_PET_doy2022046074357_aid0001,,,2022-02-15 07:43:57,2022,2,morning,84.475,30128.0,True,True,False,,True,,,,,19.7954712,19.5659132,5.6506972,51.2336922,6.0103774
statistics_csv,pet,ECO_L4T_ESI_002_PET_doy2022047114626_aid0001,,,2022-02-16 11:46:26,2022,2,midday_afternoon,98.55319999999999,35149.0,True,True,False,,True,,,,,3.2803273,0.0,0.0,40.4873657,5.557054
statistics_csv,pet,ECO_L4T_ESI_002_PET_doy2022049065543_aid0001,,,2022-02-18 06:55:43,2022,2,morning,100.0,35665.0,True,True,False,,True,,,,,0.6923321,0.0,0.0,136.9809113,3.3484869
statistics_csv,pet,ECO_L4T_ESI_002_PET_doy2022050105827_aid0001,,,2022-02-19 10:58:27,2022,2,midday_afternoon,95.6007,34096.0,True,True,False,,True,,,,,23.9306526,21.8405085,0.0,125.5156097,18.358902
statistics_csv,pet,ECO_L4T_ESI_002_PET_doy2022051101015_aid0001,,,2022-02-20 10:10:15,2022,2,midday_afternoon,100.0,35665.0,True,True,False,,True,,,,,10.4664602,7.0063815,0.0,47.9264069,11.2441578
statistics_csv,pet,ECO_L4T_ESI_002_PET_doy2022058074600_aid0001,,,2022-02-27 07:46:00,2022,2,morning,100.0,35665.0,True,True,False,,True,,,,,3.4067683,1.1527386,0.0,83.1628799,4.4932446
statistics_csv,pet,ECO_L4T_ESI_002_PET_doy2022084163843_aid0001,,,2022-03-25 16:38:43,2022,3,evening,99.3691,35440.0,True,True,False,,True,,,,,1.9057456,0.0,0.0,827.9102783,7.4757738
statistics_csv,pet,ECO_L4T_ESI_002_PET_doy2022088150307_aid0001,,,2022-03-29 15:03:07,2022,3,evening,82.8824,29560.0,True,True,False,,True,,,,,49.5954819,50.542284,0.0,449.8942871,33.8802872
statistics_csv,pet,ECO_L4T_ESI_002_PET_doy2022092132741_aid0001,,,2022-04-02 13:27:41,2022,4,midday_afternoon,84.30109999999999,30066.0,True,True,False,,True,,,,,18.8367844,16.3649244,0.0,630.0958252,19.2772121
statistics_csv,pet,ECO_L4T_ESI_002_PET_doy2022095123921_aid0001,,,2022-04-05 12:39:21,2022,4,midday_afternoon,86.0395,30686.0,True,True,False,,True,,,,,43.9981842,44.2743053,0.0,394.9267273,31.1105862
statistics_csv,pet,ECO_L4T_ESI_002_PET_doy2022096115137_aid0001,,,2022-04-06 11:51:37,2022,4,midday_afternoon,97.3728,34728.0,True,True,False,,True,,,,,81.0884552,78.6638184,0.0,833.9823608,54.8015938
statistics_csv,pet,ECO_L4T_ESI_002_PET_doy2022096164256_aid0001,,,2022-04-06 16:42:56,2022,4,evening,0.3337,119.0,True,False,False,,False,,,,,7.6607814,8.4038801,0.5630386,18.2301044,3.3258865
statistics_csv,pet,ECO_L4T_ESI_002_PET_doy2022100150558_aid0001,,,2022-04-10 15:05:58,2022,4,evening,100.0,35665.0,True,True,False,,True,,,,,36.5735092,36.1974678,0.0,152.6325073,9.6279631
statistics_csv,pet,ECO_L4T_ESI_002_PET_doy2022101141714_aid0001,,,2022-04-11 14:17:14,2022,4,evening,99.9495,35647.0,True,True,False,,True,,,,,85.714241,79.2842178,0.0,390.6949768,45.6862946
statistics_csv,pet,ECO_L4T_ESI_002_PET_doy2022102101425_aid0001,,,2022-04-12 10:14:25,2022,4,midday_afternoon,25.419900000000002,9066.0,True,False,False,,False,,,,,88.9667435,81.0411224,0.0,309.4915161,67.7014465
statistics_csv,pet,ECO_L4T_ESI_002_PET_doy2022102101517_aid0001,,,2022-04-12 10:15:17,2022,4,midday_afternoon,86.2582,30764.0,True,True,False,,True,,,,,139.6187134,150.4561386,0.0,810.9473877,81.3287048
statistics_csv,pet,ECO_L4T_ESI_002_PET_doy2022103092607_aid0001,,,2022-04-13 09:26:07,2022,4,midday_afternoon,100.0,35665.0,True,True,False,,True,,,,,89.4921875,91.0184021,0.0,616.8810425,51.9304504
statistics_csv,pet,ECO_L4T_ESI_002_PET_doy2022104132903_aid0001,,,2022-04-14 13:29:03,2022,4,midday_afternoon,100.0,35665.0,True,True,False,,True,,,,,148.2194519,147.3547058,0.0,428.2050171,93.9281464
statistics_csv,pet,ECO_L4T_ESI_002_PET_doy2022107124039_aid0001,,,2022-04-17 12:40:39,2022,4,midday_afternoon,99.95230000000001,35648.0,True,True,False,,True,,,,,159.3963928,173.6585083,0.0,337.2323608,75.6260223
statistics_csv,pet,ECO_L4T_ESI_002_PET_doy2022108115201_aid0001,,,2022-04-18 11:52:01,2022,4,midday_afternoon,100.0,35665.0,True,True,False,,True,,,,,187.1422577,198.3187561,0.0,372.4849243,80.6235046
statistics_csv,pet,ECO_L4T_ESI_002_PET_doy2022109110355_aid0001,,,2022-04-19 11:03:55,2022,4,midday_afternoon,4.8759,1739.0,True,False,False,,False,,,,,241.7379303,259.9119263,11.5204792,331.7138062,53.7683334
statistics_csv,pet,ECO_L4T_ESI_002_PET_doy2022110070055_aid0001,,,2022-04-20 07:00:55,2022,4,morning,100.0,35665.0,True,True,False,,True,,,,,63.7981834,62.3412209,0.0,168.9294586,33.3060226
statistics_csv,pet,ECO_L4T_ESI_002_PET_doy2022111061146_aid0001,,,2022-04-21 06:11:46,2022,4,morning,100.0,35665.0,True,True,False,,True,,,,,30.8150425,30.5461617,0.0,80.858757,18.289341
statistics_csv,pet,ECO_L4T_ESI_002_PET_doy2022112101457_aid0001,,,2022-04-22 10:14:57,2022,4,midday_afternoon,2.6581,948.0,True,False,False,,False,,,,,201.1168518,192.258316,73.6893921,340.5871887,48.6465912
statistics_csv,pet,ECO_L4T_ESI_002_PET_doy2022114052320_aid0001,,,2022-04-24 05:23:20,2022,4,morning,100.0,35665.0,True,True,False,,True,,,,,6.4811282,3.9418256,0.0,36.346344,7.4421692
statistics_csv,pet,ECO_L4T_ESI_002_PET_doy2022115092624_aid0001,,,2022-04-25 09:26:24,2022,4,midday_afternoon,100.0,35665.0,True,True,False,,True,,,,,19.0198154,15.3381414,0.0,79.4848633,16.9773579
statistics_csv,pet,ECO_L4T_ESI_002_PET_doy2022116083838_aid0001,,,2022-04-26 08:38:38,2022,4,morning,90.8173,32390.0,True,True,False,,True,,,,,106.768158,102.9687462,0.0,302.2183533,42.8910065
statistics_csv,pet,ECO_L4T_ESI_002_PET_doy2022119075044_aid0001,,,2022-04-29 07:50:44,2022,4,morning,100.0,35665.0,True,True,False,,True,,,,,139.5002747,131.2133484,0.0,512.6912842,69.9873581
statistics_csv,pet,ECO_L4T_ESI_002_PET_doy2022120070234_aid0001,,,2022-04-30 07:02:34,2022,4,morning,95.41290000000001,34029.0,True,True,False,,True,,,,,14.1871262,13.2076931,0.0,69.6996002,10.7900181
statistics_csv,pet,ECO_L4T_ESI_002_PET_doy2022123061442_aid0001,,,2022-05-03 06:14:42,2022,5,morning,100.0,35665.0,True,True,False,,True,,,,,7.1840672,4.8889303,0.0,116.7180099,8.2350273
statistics_csv,pet,ECO_L4T_ESI_002_PET_doy2022145163559_aid0001,,,2022-05-25 16:35:59,2022,5,evening,85.3974,30457.0,True,True,False,,True,,,,,33.8102646,31.2477608,0.0,154.462738,23.4843655
statistics_csv,pet,ECO_L4T_ESI_002_PET_doy2022148154844_aid0001,,,2022-05-28 15:48:44,2022,5,evening,43.196400000000004,15406.0,True,False,False,,False,,,,,133.9285431,131.0953827,0.0,312.6659546,73.0566559
statistics_csv,pet,ECO_L4T_ESI_002_PET_doy2022149150000_aid0001,,,2022-05-29 15:00:00,2022,5,evening,28.6051,10202.0,True,False,False,,False,,,,,67.1456604,63.4020233,0.0,227.1403198,32.0178146
statistics_csv,pet,ECO_L4T_ESI_002_PET_doy2022149150052_aid0001,,,2022-05-29 15:00:52,2022,5,evening,63.8189,22761.0,True,False,False,,False,,,,,81.950592,80.3497925,0.0,404.6127319,33.7708511
statistics_csv,pet,ECO_L4T_ESI_002_PET_doy2022152141211_aid0001,,,2022-06-01 14:12:11,2022,6,evening,0.21589999999999998,77.0,True,False,False,,False,,,,,117.9777451,115.7683563,102.8334656,147.6322632,10.1276274
statistics_csv,pet,ECO_L4T_ESI_002_PET_doy2022152141303_aid0001,,,2022-06-01 14:13:03,2022,6,evening,2.1814,778.0,True,False,False,,False,,,,,135.6631622,133.6254196,106.3562927,181.1590118,15.1171446
statistics_csv,pet,ECO_L4T_ESI_002_PET_doy2022156123628_aid0001,,,2022-06-05 12:36:28,2022,6,midday_afternoon,59.8206,21335.0,True,False,False,,False,,,,,278.8024902,269.7171631,166.6033173,539.9265747,43.7859802
statistics_csv,pet,ECO_L4T_ESI_002_PET_doy2022157114746_aid0001,,,2022-06-06 11:47:46,2022,6,midday_afternoon,52.8978,18866.0,True,False,False,,False,,,,,336.6748962,320.9333801,26.2294712,755.949646,74.6514587
statistics_csv,pet,ECO_L4T_ESI_002_PET_doy2022157114838_aid0001,,,2022-06-06 11:48:38,2022,6,midday_afternoon,49.4631,17641.0,True,False,False,,False,,,,,357.5185547,345.1338196,118.2162628,657.8660278,62.6555061
statistics_csv,pet,ECO_L4T_ESI_002_PET_doy2022158155034_aid0001,,,2022-06-07 15:50:34,2022,6,evening,0.9365,334.0,True,False,False,,False,,,,,64.2245483,59.5496159,28.5428047,129.1202698,23.2789516
statistics_csv,pet,ECO_L4T_ESI_002_PET_doy2022158155126_aid0001,,,2022-06-07 15:51:26,2022,6,evening,25.876900000000003,9229.0,True,False,False,,False,,,,,62.7310791,62.893486,33.9460831,139.0233917,11.0052195
statistics_csv,pet,ECO_L4T_ESI_002_PET_doy2022161101130_aid0001,,,2022-06-10 10:11:30,2022,6,midday_afternoon,94.8633,33833.0,True,True,False,,True,,,,,271.4496765,238.8863831,134.9367218,522.2749634,72.6170273
statistics_csv,pet,ECO_L4T_ESI_002_PET_doy2022161150254_aid0001,,,2022-06-10 15:02:54,2022,6,evening,90.8033,32385.0,True,True,False,,True,,,,,162.0677795,146.4304962,70.1482773,376.3058777,47.2638092
statistics_csv,pet,ECO_L4T_ESI_002_PET_doy2022162141420_aid0001,,,2022-06-11 14:14:20,2022,6,evening,98.99900000000001,35308.0,True,True,False,,True,,,,,255.4565277,217.3560257,97.8708191,491.6593018,75.8400803
statistics_csv,pet,ECO_L4T_ESI_002_PET_doy2022163101126_aid0001,,,2022-06-12 10:11:26,2022,6,midday_afternoon,0.0561,20.0,True,False,False,,False,,,,,280.711731,279.8371277,277.0085144,290.7487183,3.3656204
statistics_csv,pet,ECO_L4T_ESI_002_PET_doy2022164092328_aid0001,,,2022-06-13 09:23:28,2022,6,midday_afternoon,40.2327,14349.0,True,False,False,,False,,,,,301.362854,292.6950684,207.9302979,526.7857666,25.9486427
statistics_csv,pet,ECO_L4T_ESI_002_PET_doy2022165083516_aid0001,,,2022-06-14 08:35:16,2022,6,morning,100.0,35665.0,True,True,False,,True,,,,,267.786377,234.4942017,126.7379074,462.9276123,72.8277588
statistics_csv,pet,ECO_L4T_ESI_002_PET_doy2022167083449_aid0001,,,2022-06-16 08:34:49,2022,6,morning,47.612500000000004,16981.0,True,False,False,,False,,,,,344.2721863,330.7114563,207.8220062,587.6114502,58.6045532
statistics_csv,pet,ECO_L4T_ESI_002_PET_doy2022169115009_aid0001,,,2022-06-18 11:50:09,2022,6,midday_afternoon,100.0,35665.0,True,True,False,,True,,,,,355.3293762,343.6908875,203.8338928,586.8051758,72.4392929
statistics_csv,pet,ECO_L4T_ESI_002_PET_doy2022171065825_aid0001,,,2022-06-20 06:58:25,2022,6,morning,100.0,35665.0,True,True,False,,True,,,,,179.5089874,166.3650513,66.417099,376.7478027,52.53545
statistics_csv,pet,ECO_L4T_ESI_002_PET_doy2022174092526_aid0001,,,2022-06-23 09:25:26,2022,6,midday_afternoon,99.9804,35658.0,True,True,False,,True,,,,,357.592865,341.3726959,226.0195923,657.3706665,61.2808685
statistics_csv,pet,ECO_L4T_ESI_002_PET_doy2022175052306_aid0001,,,2022-06-24 05:23:06,2022,6,morning,100.0,35665.0,True,True,False,,True,,,,,34.4876938,30.5515785,0.0,197.2600098,18.3625145
statistics_csv,pet,ECO_L4T_ESI_002_PET_doy2022176092536_aid0001,,,2022-06-25 09:25:36,2022,6,midday_afternoon,70.994,25320.0,True,True,False,,True,,,,,363.8848267,364.6243591,113.3914413,533.9706421,53.8452263
statistics_csv,pet,ECO_L4T_ESI_002_PET_doy2022178074901_aid0001,,,2022-06-27 07:49:01,2022,6,morning,6.1293,2186.0,True,False,False,,False,,,,,236.8466187,235.3995667,145.9467468,360.4593811,40.1482315
statistics_csv,pet,ECO_L4T_ESI_002_PET_doy2022178074953_aid0001,,,2022-06-27 07:49:53,2022,6,morning,90.01259999999999,32103.0,True,True,False,,True,,,,,262.1635437,262.4041138,183.4160614,347.1755676,24.949295
statistics_csv,pet,ECO_L4T_ESI_002_PET_doy2022180074959_aid0001,,,2022-06-29 07:49:59,2022,6,morning,88.2826,31486.0,True,True,False,,True,,,,,153.2509308,152.0147018,25.9498577,305.2503967,47.0063705
statistics_csv,pet,ECO_L4T_ESI_002_PET_doy2023027150954_aid0001,,,2023-01-27 15:09:54,2023,1,evening,100.0,35665.0,True,True,False,,True,,,,,0.0330634,0.0,0.0,9.1403856,0.3865573
statistics_csv,pet,ECO_L4T_ESI_002_PET_doy2023028142100_aid0001,,,2023-01-28 14:21:00,2023,1,evening,100.0,35665.0,True,True,False,,True,,,,,0.8903881,0.0,0.0,21.7058411,1.8764133
statistics_csv,pet,ECO_L4T_ESI_002_PET_doy2023031133150_aid0001,,,2023-01-31 13:31:50,2023,1,midday_afternoon,97.2354,34679.0,True,True,False,,True,,,,,12.6300955,12.402667,0.0,41.594265,9.9397993
statistics_csv,pet,ECO_L4T_ESI_002_PET_doy2023035115436_aid0001,,,2023-02-04 11:54:36,2023,2,midday_afternoon,100.0,35665.0,True,True,False,,True,,,,,10.9249334,8.3883524,0.0,175.8511047,12.1845894
statistics_csv,pet,ECO_L4T_ESI_002_PET_doy2023036110625_aid0001,,,2023-02-05 11:06:25,2023,2,midday_afternoon,100.0,35665.0,True,True,False,,True,,,,,20.0806255,18.9447842,0.0,56.9686127,15.9688826
statistics_csv,pet,ECO_L4T_ESI_002_PET_doy2023036155749_aid0001,,,2023-02-05 15:57:49,2023,2,evening,85.5068,30496.0,True,True,False,,True,,,,,0.4081906,0.0,0.0,110.7107849,2.5643618
statistics_csv,pet,ECO_L4T_ESI_002_PET_doy2023037150956_aid0001,,,2023-02-06 15:09:56,2023,2,evening,100.0,35665.0,True,True,False,,True,,,,,0.4949458,0.0,0.0,109.6826477,2.7012069
statistics_csv,pet,ECO_L4T_ESI_002_PET_doy2023038110713_aid0001,,,2023-02-07 11:07:13,2023,2,midday_afternoon,18.7635,6692.0,True,False,False,,False,,,,,19.2152805,20.8437357,0.0,50.0651588,14.667223
statistics_csv,pet,ECO_L4T_ESI_002_PET_doy2023039101912_aid0001,,,2023-02-08 10:19:12,2023,2,midday_afternoon,94.58290000000001,33733.0,True,True,False,,True,,,,,15.8265276,13.7854948,0.0,113.1160278,13.9836473
statistics_csv,pet,ECO_L4T_ESI_002_PET_doy2023040093133_aid0001,,,2023-02-09 09:31:33,2023,2,midday_afternoon,0.3337,119.0,True,False,False,,False,,,,,5.5704899,5.2533355,0.0,21.4271603,3.5757792
statistics_csv,pet,ECO_L4T_ESI_002_PET_doy2023040142215_aid0001,,,2023-02-09 14:22:15,2023,2,evening,100.0,35665.0,True,True,False,,True,,,,,8.3202429,7.2591071,0.0,53.49683,8.0247507
statistics_csv,pet,ECO_L4T_ESI_002_PET_doy2023041133406_aid0001,,,2023-02-10 13:34:06,2023,2,midday_afternoon,100.0,35665.0,True,True,False,,True,,,,,19.2168198,20.3807755,0.0,171.5415344,15.4520798
statistics_csv,pet,ECO_L4T_ESI_002_PET_doy2023043084251_aid0001,,,2023-02-12 08:42:51,2023,2,morning,100.0,35665.0,True,True,False,,True,,,,,2.9316251,1.442553,0.0,27.4489975,3.4909077
statistics_csv,pet,ECO_L4T_ESI_002_PET_doy2023045115802_aid0001,,,2023-02-14 11:58:02,2023,2,midday_afternoon,100.0,35665.0,True,True,False,,True,,,,,36.6616859,36.2016106,0.0,125.0102768,23.5347519
statistics_csv,pet,ECO_L4T_ESI_002_PET_doy2023046075455_aid0001,,,2023-02-15 07:54:55,2023,2,morning,100.0,35665.0,True,True,False,,True,,,,,4.4340506,0.0,0.0,89.974472,8.3112621
statistics_csv,pet,ECO_L4T_ESI_002_PET_doy2023047070648_aid0001,,,2023-02-16 07:06:48,2023,2,morning,100.0,35665.0,True,True,False,,True,,,,,0.0105857,0.0,0.0,6.9088116,0.1673647
statistics_csv,pet,ECO_L4T_ESI_002_PET_doy2023048110856_aid0001,,,2023-02-17 11:08:56,2023,2,midday_afternoon,97.2186,34673.0,True,True,False,,True,,,,,55.4034996,58.9173889,0.0,193.0885315,33.0887108
statistics_csv,pet,ECO_L4T_ESI_002_PET_doy2023049102022_aid0001,,,2023-02-18 10:20:22,2023,2,midday_afternoon,100.0,35665.0,True,True,False,,True,,,,,40.8349113,37.8223457,0.0,160.4007111,27.9389992
statistics_csv,pet,ECO_L4T_ESI_002_PET_doy2023051102041_aid0001,,,2023-02-20 10:20:41,2023,2,midday_afternoon,99.9916,35662.0,True,True,False,,True,,,,,48.6789665,52.1973515,0.0,144.9981842,26.6714649
statistics_csv,pet,ECO_L4T_ESI_002_PET_doy2023053084457_aid0001,,,2023-02-22 08:44:57,2023,2,morning,10.9884,3919.0,True,False,False,,False,,,,,19.8117943,17.3687744,0.0,66.7445908,14.157443
statistics_csv,pet,ECO_L4T_ESI_002_PET_doy2023056075838_aid0001,,,2023-02-25 07:58:38,2023,2,morning,100.0,35665.0,True,True,False,,True,,,,,1.0398927,0.0,0.0,17.3246746,2.1198504
statistics_csv,pet,ECO_L4T_ESI_002_PET_doy2023057071051_aid0001,,,2023-02-26 07:10:51,2023,2,morning,18.528,6608.0,True,False,False,,False,,,,,1.1069357,0.0,0.0,49.4533806,3.4567015
statistics_csv,pet,ECO_L4T_ESI_002_PET_doy2023059071155_aid0001,,,2023-02-28 07:11:55,2023,2,morning,99.9944,35663.0,True,True,False,,True,,,,,0.4269416,0.0,0.0,18.8061829,1.4316038
statistics_csv,pet,ECO_L4T_ESI_002_PET_doy2023060062449_aid0001,,,2023-03-01 06:24:49,2023,3,morning,4.5423,1620.0,True,False,False,,False,,,,,0.0148317,0.0,0.0,13.563736,0.4253577
statistics_csv,pet,ECO_L4T_ESI_002_PET_doy2023082165457_aid0001,,,2023-03-23 16:54:57,2023,3,evening,83.51610000000001,29786.0,True,True,False,,True,,,,,21.6794586,18.4753475,0.0,326.6522522,19.9322033
statistics_csv,pet,ECO_L4T_ESI_002_PET_doy2023086152017_aid0001,,,2023-03-27 15:20:17,2023,3,evening,84.3881,30097.0,True,True,False,,True,,,,,12.3607044,12.2657413,0.0,65.8816376,10.2663889
statistics_csv,pet,ECO_L4T_ESI_002_PET_doy2023089143200_aid0001,,,2023-03-30 14:32:00,2023,3,evening,17.4317,6217.0,True,False,False,,False,,,,,20.7471924,21.702713,0.0,69.7128906,12.63414
statistics_csv,pet,ECO_L4T_ESI_002_PET_doy2023089143252_aid0001,,,2023-03-30 14:32:52,2023,3,evening,77.9307,27794.0,True,True,False,,True,,,,,14.8515892,12.5603051,0.0,76.2923203,14.1654816
statistics_csv,pet,ECO_L4T_ESI_002_PET_doy2023090134442_aid0001,,,2023-03-31 13:44:42,2023,3,midday_afternoon,86.7798,30950.0,True,True,False,,True,,,,,61.6736183,60.3441029,16.1123905,131.0965118,17.6649475
statistics_csv,pet,ECO_L4T_ESI_002_PET_doy2023093125822_aid0001,,,2023-04-03 12:58:22,2023,4,midday_afternoon,98.8196,35244.0,True,True,False,,True,,,,,101.6690216,94.876606,1.1422,226.2694855,41.5869675
statistics_csv,pet,ECO_L4T_ESI_002_PET_doy2023094121017_aid0001,,,2023-04-04 12:10:17,2023,4,midday_afternoon,100.0,35665.0,True,True,False,,True,,,,,104.5483932,99.2016144,0.0,228.5066681,36.7757378
statistics_csv,pet,ECO_L4T_ESI_002_PET_doy2023095161358_aid0001,,,2023-04-05 16:13:58,2023,4,evening,99.5009,35487.0,True,True,False,,True,,,,,8.0483713,7.1079817,0.0,40.7588806,6.8286667
statistics_csv,pet,ECO_L4T_ESI_002_PET_doy2023097112342_aid0001,,,2023-04-07 11:23:42,2023,4,midday_afternoon,95.7381,34145.0,True,True,False,,True,,,,,117.2221756,106.9528656,2.8324313,358.9974976,51.8991585
statistics_csv,pet,ECO_L4T_ESI_002_PET_doy2023098103534_aid0001,,,2023-04-08 10:35:34,2023,4,midday_afternoon,84.51140000000001,30141.0,True,True,False,,True,,,,,63.9986382,61.3691101,0.0,134.5729675,23.8939152
statistics_csv,pet,ECO_L4T_ESI_002_PET_doy2023098152616_aid0001,,,2023-04-08 15:26:16,2023,4,evening,84.8871,30275.0,True,True,False,,True,,,,,21.6155987,18.8162193,0.0,97.1021652,14.2664785
statistics_csv,pet,ECO_L4T_ESI_002_PET_doy2023099143814_aid0001,,,2023-04-09 14:38:14,2023,4,evening,99.96350000000001,35652.0,True,True,False,,True,,,,,70.1698151,66.0735359,0.0,219.1338043,32.2517052
statistics_csv,pet,ECO_L4T_ESI_002_PET_doy2023101094752_aid0001,,,2023-04-11 09:47:52,2023,4,midday_afternoon,22.9497,8185.0,True,False,False,,False,,,,,99.7429962,104.3271484,7.3048844,262.971405,27.702055
statistics_csv,pet,ECO_L4T_ESI_002_PET_doy2023102135038_aid0001,,,2023-04-12 13:50:38,2023,4,midday_afternoon,22.4253,7998.0,True,False,False,,False,,,,,99.8907547,98.0406075,24.3562145,239.0985107,28.3781643
statistics_csv,pet,ECO_L4T_ESI_002_PET_doy2023102135130_aid0001,,,2023-04-12 13:51:30,2023,4,midday_afternoon,52.4688,18713.0,True,False,False,,False,,,,,99.4083862,97.8343124,18.8054924,252.1743317,30.406395
statistics_csv,pet,ECO_L4T_ESI_002_PET_doy2023103130243_aid0001,,,2023-04-13 13:02:43,2023,4,midday_afternoon,0.9645000000000001,344.0,True,False,False,,False,,,,,25.8987217,27.564518,4.581985,43.8040771,9.144083
statistics_csv,pet,ECO_L4T_ESI_002_PET_doy2023104090004_aid0001,,,2023-04-14 09:00:04,2023,4,midday_afternoon,85.5825,30523.0,True,True,False,,True,,,,,26.8523655,27.4856129,0.0,61.2785149,9.6797934
statistics_csv,pet,ECO_L4T_ESI_002_PET_doy2023105081223_aid0001,,,2023-04-15 08:12:23,2023,4,morning,86.47409999999999,30841.0,True,True,False,,True,,,,,44.0702477,44.7301369,15.2219048,85.5603027,7.4390693
statistics_csv,pet,ECO_L4T_ESI_002_PET_doy2023106121458_aid0001,,,2023-04-16 12:14:58,2023,4,midday_afternoon,91.91080000000001,32780.0,True,True,False,,True,,,,,26.3329239,26.503931,0.0,53.1086197,6.6772537
statistics_csv,pet,ECO_L4T_ESI_002_PET_doy2023108072400_aid0001,,,2023-04-18 07:24:00,2023,4,morning,99.99719999999999,35664.0,True,True,False,,True,,,,,24.7265282,25.5247021,0.0,83.2631607,13.9282808
statistics_csv,pet,ECO_L4T_ESI_002_PET_doy2023109063527_aid0001,,,2023-04-19 06:35:27,2023,4,morning,96.36059999999999,34367.0,True,True,False,,True,,,,,31.4846115,31.2288094,0.0,79.5844345,12.5485125
statistics_csv,pet,ECO_L4T_ESI_002_PET_doy2023111095013_aid0001,,,2023-04-21 09:50:13,2023,4,midday_afternoon,89.15459999999999,31797.0,True,True,False,,True,,,,,92.4631271,88.6829071,25.6719036,315.5725403,33.9686394
statistics_csv,pet,ECO_L4T_ESI_002_PET_doy2023112054730_aid0001,,,2023-04-22 05:47:30,2023,4,morning,100.0,35665.0,True,True,False,,True,,,,,24.4633884,21.5848923,0.0,92.5877762,14.8651123
statistics_csv,pet,ECO_L4T_ESI_002_PET_doy2023113045856_aid0001,,,2023-04-23 04:58:56,2023,4,morning,100.0,35665.0,True,True,False,,True,,,,,0.7707371,0.0,0.0,29.122366,2.0227911
statistics_csv,pet,ECO_L4T_ESI_002_PET_doy2023113095019_aid0001,,,2023-04-23 09:50:19,2023,4,midday_afternoon,81.744,29154.0,True,True,False,,True,,,,,144.535675,142.5227966,11.8420391,374.355072,49.4465981
statistics_csv,pet,ECO_L4T_ESI_002_PET_doy2023114090130_aid0001,,,2023-04-24 09:01:30,2023,4,midday_afternoon,83.7432,29867.0,True,True,False,,True,,,,,61.5002594,62.0622826,11.6022301,123.5543213,14.851819
statistics_csv,pet,ECO_L4T_ESI_002_PET_doy2023115081223_aid0001,,,2023-04-25 08:12:23,2023,4,morning,7.963000000000001,2840.0,True,False,False,,False,,,,,59.7606506,58.3879967,0.0,134.7839508,25.7871971
statistics_csv,pet,ECO_L4T_ESI_002_PET_doy2023117081145_aid0001,,,2023-04-27 08:11:45,2023,4,morning,100.0,35665.0,True,True,False,,True,,,,,89.2760849,84.1961365,0.0,185.6302338,34.9456329
statistics_csv,pet,ECO_L4T_ESI_002_PET_doy2023118072334_aid0001,,,2023-04-28 07:23:34,2023,4,morning,99.4112,35455.0,True,True,False,,True,,,,,95.7045975,84.3097153,2.6348119,201.296402,44.8537674
statistics_csv,pet,ECO_L4T_ESI_002_PET_doy2023121063446_aid0001,,,2023-05-01 06:34:46,2023,5,morning,16.554,5904.0,True,False,False,,False,,,,,28.7912693,29.207737,12.8832083,53.5602875,5.603272
statistics_csv,pet,ECO_L4T_ESI_002_PET_doy2023122054627_aid0001,,,2023-05-02 05:46:27,2023,5,morning,84.2815,30059.0,True,True,False,,True,,,,,19.5330124,18.0849648,0.0,53.4789429,8.5908689
statistics_csv,pet,ECO_L4T_ESI_002_PET_doy2023147151231_aid0001,,,2023-05-27 15:12:31,2023,5,evening,88.1929,31454.0,True,True,False,,True,,,,,151.2584991,149.8605728,14.819562,317.4093018,45.9140167
statistics_csv,pet,ECO_L4T_ESI_002_PET_doy2023154124450_aid0001,,,2023-06-03 12:44:50,2023,6,midday_afternoon,7.326499999999999,2613.0,True,False,False,,False,,,,,34.3252869,25.8339291,0.0,113.4113159,24.8831406
statistics_csv,pet,ECO_L4T_ESI_002_PET_doy2023157115505_aid0001,,,2023-06-06 11:55:05,2023,6,midday_afternoon,51.717400000000005,18445.0,True,False,False,,False,,,,,323.8918152,297.5808105,65.1756744,598.2969971,87.9994507
statistics_csv,pet,ECO_L4T_ESI_002_PET_doy2023158110557_aid0001,,,2023-06-07 11:05:57,2023,6,midday_afternoon,25.4844,9089.0,True,False,False,,False,,,,,355.2285767,340.0856628,43.2470284,534.2285156,81.2533951
statistics_csv,pet,ECO_L4T_ESI_002_PET_doy2023159150806_aid0001,,,2023-06-08 15:08:06,2023,6,evening,55.093199999999996,19649.0,True,False,False,,False,,,,,47.1954498,43.4560242,5.6681881,154.2722778,20.925539
statistics_csv,pet,ECO_L4T_ESI_002_PET_doy2023160141922_aid0001,,,2023-06-09 14:19:22,2023,6,evening,15.2082,5424.0,True,False,False,,False,,,,,138.7568054,134.6294785,39.0572891,243.3710022,36.6327629
statistics_csv,pet,ECO_L4T_ESI_002_PET_doy2023161101557_aid0001,,,2023-06-10 10:15:57,2023,6,midday_afternoon,87.119,31071.0,True,True,False,,True,,,,,309.3332825,290.6993713,57.2458344,674.520813,76.0393448
statistics_csv,pet,ECO_L4T_ESI_002_PET_doy2023162092733_aid0001,,,2023-06-11 09:27:33,2023,6,midday_afternoon,88.3303,31503.0,True,True,False,,True,,,,,330.5786133,312.4271545,128.1146698,730.4812012,63.4711571
statistics_csv,pet,ECO_L4T_ESI_002_PET_doy2023163132855_aid0001,,,2023-06-12 13:28:55,2023,6,midday_afternoon,31.0024,11057.0,True,False,False,,False,,,,,242.4290466,229.6367798,140.2320557,475.9566956,57.9097633
statistics_csv,pet,ECO_L4T_ESI_002_PET_doy2023165083645_aid0001,,,2023-06-14 08:36:45,2023,6,morning,99.5514,35505.0,True,True,False,,True,,,,,231.4738617,214.800827,60.8424225,535.9107056,65.225975
statistics_csv,pet,ECO_L4T_ESI_002_PET_doy2023166074727_aid0001,,,2023-06-15 07:47:27,2023,6,morning,99.2486,35397.0,True,True,False,,True,,,,,202.7046814,187.9198914,41.0925636,594.4598389,52.0096436
statistics_csv,pet,ECO_L4T_ESI_002_PET_doy2023167114931_aid0001,,,2023-06-16 11:49:31,2023,6,midday_afternoon,41.2421,14709.0,True,False,False,,False,,,,,292.2812195,269.6920166,2.5150111,706.1741943,62.985733
statistics_csv,pet,ECO_L4T_ESI_002_PET_doy2023169065818_aid0001,,,2023-06-18 06:58:18,2023,6,morning,100.0,35665.0,True,True,False,,True,,,,,137.1022644,126.4515228,18.8679066,1141.7747803,43.9936752
statistics_csv,pet,ECO_L4T_ESI_002_PET_doy2023170060957_aid0001,,,2023-06-19 06:09:57,2023,6,morning,100.0,35665.0,True,True,False,,True,,,,,93.1650696,87.0708923,5.2277002,677.4938965,34.3532791
statistics_csv,pet,ECO_L4T_ESI_002_PET_doy2023170110056_aid0001,,,2023-06-19 11:00:56,2023,6,midday_afternoon,15.8447,5651.0,True,False,False,,False,,,,,301.87146,292.46521,76.3884201,639.8588257,86.2606888
statistics_csv,pet,ECO_L4T_ESI_002_PET_doy2023171101211_aid0001,,,2023-06-20 10:12:11,2023,6,midday_afternoon,70.7276,25225.0,True,True,False,,True,,,,,392.4744568,371.0085754,131.227066,775.1647949,61.4900017
statistics_csv,pet,ECO_L4T_ESI_002_PET_doy2023172060918_aid0001,,,2023-06-21 06:09:18,2023,6,morning,10.7444,3832.0,True,False,False,,False,,,,,96.6916275,94.2136993,48.3422394,206.299057,20.4479332
statistics_csv,pet,ECO_L4T_ESI_002_PET_doy2023173052033_aid0001,,,2023-06-22 05:20:33,2023,6,morning,61.5842,21964.0,True,False,False,,False,,,,,70.1925049,75.1899681,0.0,219.7578583,20.4612637
statistics_csv,pet,ECO_L4T_ESI_002_PET_doy2023174043153_aid0001,,,2023-06-23 04:31:53,2023,6,morning,0.0393,14.0,True,False,False,,False,,,,,51.1520271,50.073452,47.9560432,57.093605,3.1317899
statistics_csv,pet,ECO_L4T_ESI_002_PET_doy2023174092314_aid0001,,,2023-06-23 09:23:14,2023,6,midday_afternoon,0.33089999999999997,118.0,True,False,False,,False,,,,,181.2590179,177.4968338,141.380722,248.6733856,15.2421618
statistics_csv,pet,ECO_L4T_ESI_002_PET_doy2023178074440_aid0001,,,2023-06-27 07:44:40,2023,6,morning,97.91109999999999,34920.0,True,True,False,,True,,,,,156.7124786,149.5236206,56.4328346,309.6408386,38.5940437
statistics_csv,pet,ECO_L4T_ESI_002_PET_doy2023179065603_aid0001,,,2023-06-28 06:56:03,2023,6,morning,76.09700000000001,27140.0,True,True,False,,True,,,,,123.8774796,117.8250046,65.8403168,241.1484985,26.2950516
statistics_csv,pet,ECO_L4T_ESI_002_PET_doy2023181065450_aid0001,,,2023-06-30 06:54:50,2023,6,morning,84.789,30240.0,True,True,False,,True,,,,,40.5419312,38.7547817,0.0,101.709053,13.8044357
statistics_csv,pet,ECO_L4T_ESI_002_PET_doy2024039135928_aid0001,,,2024-02-08 13:59:28,2024,2,midday_afternoon,84.6068,30175.0,True,True,False,,True,,,,,43.0209579,40.2156029,0.0,249.1383972,30.5111542
statistics_csv,pet,ECO_L4T_ESI_002_PET_doy2024051091017_aid0001,,,2024-02-20 09:10:17,2024,2,midday_afternoon,100.0,35665.0,True,True,False,,True,,,,,7.8526173,7.1793818,0.0,55.9372482,7.0480762
statistics_csv,pet,ECO_L4T_ESI_002_PET_doy2024159095329_aid0001,,,2024-06-07 09:53:29,2024,6,midday_afternoon,99.2486,35397.0,True,True,False,,True,,,,,242.1220398,227.4356995,0.0,573.425354,95.8719864
statistics_csv,pet,ECO_L4T_ESI_002_PET_doy2024168103858_aid0001,,,2024-06-16 10:38:58,2024,6,midday_afternoon,12.881,4594.0,True,False,False,,False,,,,,272.648468,233.1237183,108.5520477,721.0026855,105.7060928
statistics_csv,pet,ECO_L4T_ESI_002_PET_doy2025023152516_aid0001,,,2025-01-23 15:25:16,2025,1,evening,100.0,35665.0,True,True,False,,True,,,,,0.0,0.0,0.0,0.0,0.0
statistics_csv,pet,ECO_L4T_ESI_002_PET_doy2025024143624_aid0001,,,2025-01-24 14:36:24,2025,1,evening,100.0,35665.0,True,True,False,,True,,,,,1.1746778,0.0,0.0,16.5546379,1.9935668
statistics_csv,pet,ECO_L4T_ESI_002_PET_doy2025032111758_aid0001,,,2025-02-01 11:17:58,2025,2,midday_afternoon,99.3074,35418.0,True,True,False,,True,,,,,23.7865162,24.4808025,0.0,135.4711304,17.6316338
statistics_csv,pet,ECO_L4T_ESI_002_PET_doy2025035103027_aid0001,,,2025-02-04 10:30:27,2025,2,midday_afternoon,75.5054,26929.0,True,True,False,,True,,,,,16.488781,14.2036915,0.0,104.910759,15.5007133
statistics_csv,pet,ECO_L4T_ESI_002_PET_doy2025036094147_aid0001,,,2025-02-05 09:41:47,2025,2,midday_afternoon,100.0,35665.0,True,True,False,,True,,,,,8.6984453,7.4218931,0.0,42.8330688,8.4610338
statistics_csv,pet,ECO_L4T_ESI_002_PET_doy2025037134425_aid0001,,,2025-02-06 13:44:25,2025,2,midday_afternoon,100.0,35665.0,True,True,False,,True,,,,,10.5545502,9.8429842,0.0,48.8823128,8.8656206
statistics_csv,pet,ECO_L4T_ESI_002_PET_doy2025039085347_aid0001,,,2025-02-08 08:53:47,2025,2,morning,100.0,35665.0,True,True,False,,True,,,,,1.3404723,0.0,0.0,26.3540421,3.0092642
statistics_csv,pet,ECO_L4T_ESI_002_PET_doy2025040080516_aid0001,,,2025-02-09 08:05:16,2025,2,morning,99.9944,35663.0,True,True,False,,True,,,,,0.5129243,0.0,0.0,34.3580933,1.9894038
statistics_csv,pet,ECO_L4T_ESI_002_PET_doy2025042080508_aid0001,,,2025-02-11 08:05:08,2025,2,morning,97.0615,34617.0,True,True,False,,True,,,,,13.8578463,12.0919418,0.0,230.1315002,11.7364779
statistics_csv,pet,ECO_L4T_ESI_002_PET_doy2025045103102_aid0001,,,2025-02-14 10:31:02,2025,2,midday_afternoon,98.9766,35300.0,True,True,False,,True,,,,,12.5492039,12.5381765,0.0,45.8503075,3.5676289
statistics_csv,pet,ECO_L4T_ESI_002_PET_doy2025048094209_aid0001,,,2025-02-17 09:42:09,2025,2,midday_afternoon,100.0,35665.0,True,True,False,,True,,,,,15.4224043,10.6513586,0.0,83.0712051,16.7202053
statistics_csv,pet,ECO_L4T_ESI_002_PET_doy2025049085337_aid0001,,,2025-02-18 08:53:37,2025,2,morning,94.2521,33615.0,True,True,False,,True,,,,,6.7373776,3.1029792,0.0,28.2869091,7.9144292
statistics_csv,pet,ECO_L4T_ESI_002_PET_doy2025053071815_aid0001,,,2025-02-22 07:18:15,2025,2,morning,30.8902,11017.0,True,False,False,,False,,,,,9.0647888,7.8232994,0.0,41.8101807,6.2039475
statistics_csv,pet,ECO_L4T_ESI_002_PET_doy2025089125134_aid0001,,,2025-03-30 12:51:34,2025,3,midday_afternoon,93.509,33350.0,True,True,False,,True,,,,,77.3393555,71.2094193,0.0,326.0875854,55.3526382
statistics_csv,pet,ECO_L4T_ESI_002_PET_doy2025094151752_aid0001,,,2025-04-04 15:17:52,2025,4,evening,100.0,35665.0,True,True,False,,True,,,,,41.9903984,41.9977264,0.0,143.1362457,32.5540733
statistics_csv,pet,ECO_L4T_ESI_002_PET_doy2025097094046_aid0001,,,2025-04-07 09:40:46,2025,4,midday_afternoon,100.0,35665.0,True,True,False,,True,,,,,136.7891693,138.2787476,0.0,282.0025024,69.2689896
statistics_csv,pet,ECO_L4T_ESI_002_PET_doy2025100085402_aid0001,,,2025-04-10 08:54:02,2025,4,morning,100.0,35665.0,True,True,False,,True,,,,,136.7386932,147.976944,0.0,316.8777771,62.2422371
statistics_csv,pet,ECO_L4T_ESI_002_PET_doy2025101080621_aid0001,,,2025-04-11 08:06:21,2025,4,morning,100.0,35665.0,True,True,False,,True,,,,,123.7126465,131.0006104,0.0,271.4979553,44.9311752
statistics_csv,pet,ECO_L4T_ESI_002_PET_doy2025102120912_aid0001,,,2025-04-12 12:09:12,2025,4,midday_afternoon,100.0,35665.0,True,True,False,,True,,,,,229.8921356,213.8792725,0.0,573.644165,100.342804
statistics_csv,pet,ECO_L4T_ESI_002_PET_doy2025105063131_aid0001,,,2025-04-15 06:31:31,2025,4,morning,84.5282,30147.0,True,True,False,,True,,,,,39.1810532,34.4010086,12.6808071,157.8828583,16.0792961
statistics_csv,pet,ECO_L4T_ESI_002_PET_doy2025108054400_aid0001,,,2025-04-18 05:44:00,2025,4,morning,100.0,35665.0,True,True,False,,True,,,,,3.4673719,2.5867586,0.0,20.9357357,3.7131202
statistics_csv,pet,ECO_L4T_ESI_002_PET_doy2025113081045_aid0001,,,2025-04-23 08:10:45,2025,4,morning,100.0,35665.0,True,True,False,,True,,,,,154.4700623,144.3352051,8.0761805,341.5383301,60.0012131
statistics_csv,pet,ECO_L4T_ESI_002_PET_doy2025118054918_aid0001,,,2025-04-28 05:49:18,2025,4,morning,0.3337,119.0,True,False,False,,False,,,,,8.1676455,7.8511701,3.4533663,18.5559101,2.5361216
statistics_csv,pet,ECO_L4T_ESI_002_PET_doy2025136175254_aid0001,,,2025-05-16 17:52:54,2025,5,evening,0.0112,4.0,True,False,False,,False,,,,,3.1784456,3.3823571,1.5707053,4.3783627,1.0249686
statistics_csv,pet,ECO_L4T_ESI_002_PET_doy2025150130618_aid0001,,,2025-05-30 13:06:18,2025,5,midday_afternoon,100.0,35665.0,True,True,False,,True,,,,,331.7557373,338.3421021,30.2304287,538.6313477,90.87603
statistics_csv,pet,ECO_L4T_ESI_002_PET_doy2025151121805_aid0001,,,2025-05-31 12:18:05,2025,5,midday_afternoon,99.5037,35488.0,True,True,False,,True,,,,,361.9831848,364.9395294,0.0,625.8649902,112.8051147
statistics_csv,pet,ECO_L4T_ESI_002_PET_doy2025154112957_aid0001,,,2025-06-03 11:29:57,2025,6,midday_afternoon,39.2233,13989.0,True,False,False,,False,,,,,335.5801697,338.4873657,6.43397,549.84375,104.8046341
statistics_csv,pet,ECO_L4T_ESI_002_PET_doy2025164112956_aid0001,,,2025-06-13 11:29:56,2025,6,midday_afternoon,90.7949,32382.0,True,True,False,,True,,,,,381.3287354,361.8188019,224.9963989,633.8220825,65.2711792
statistics_csv,pet,ECO_L4T_ESI_002_PET_doy2025169054920_aid0001,,,2025-06-18 05:49:20,2025,6,morning,99.99719999999999,35664.0,True,True,False,,True,,,,,84.942688,83.1450768,26.3144016,156.8195801,24.6131001
statistics_csv,pet,ECO_L4T_ESI_002_PET_doy2025172081446_aid0001,,,2025-06-21 08:14:46,2025,6,morning,100.0,35665.0,True,True,False,,True,,,,,277.1091309,265.800415,121.0901871,477.062439,60.4150085
statistics_csv,pet,ECO_L4T_ESI_002_PET_doy2025174081424_aid0001,,,2025-06-23 08:14:24,2025,6,morning,84.10210000000001,29995.0,True,True,False,,True,,,,,317.4918518,307.3657837,119.1734619,493.6935425,61.9313927
statistics_csv,pet,ECO_L4T_ESI_002_PET_doy2025175072630_aid0001,,,2025-06-24 07:26:30,2025,6,morning,48.835,17417.0,True,False,False,,False,,,,,240.115387,243.8809052,97.3159103,430.6383057,50.9525146
statistics_csv,wue,ECO_L4T_WUE_002_WUE_doy2019041115446_aid0001,,,2019-02-10 11:54:46,2019,2,midday_afternoon,0.9664,344.0,True,False,False,,False,,,,,0.0,0.0,0.0,0.0,0.0
statistics_csv,wue,ECO_L4T_WUE_002_WUE_doy2019042110310_aid0001,,,2019-02-11 11:03:10,2019,2,midday_afternoon,2.489,886.0,True,False,False,,False,,,,,0.0,0.0,0.0,0.0,0.0
statistics_csv,wue,ECO_L4T_WUE_002_WUE_doy2019044105702_aid0001,,,2019-02-13 10:57:02,2019,2,midday_afternoon,4.6213,1645.0,True,False,False,,False,,,,,0.0,0.0,0.0,0.0,0.0
statistics_csv,wue,ECO_L4T_WUE_002_WUE_doy2019045145546_aid0001,,,2019-02-14 14:55:46,2019,2,evening,8.3886,2986.0,True,False,False,,False,,,,,0.0,0.0,0.0,0.0,0.0
statistics_csv,wue,ECO_L4T_WUE_002_WUE_doy2019046140410_aid0001,,,2019-02-15 14:04:10,2019,2,evening,0.0112,4.0,True,False,False,,False,,,,,0.0,0.0,0.0,0.0,0.0
statistics_csv,wue,ECO_L4T_WUE_002_WUE_doy2019050121450_aid0001,,,2019-02-19 12:14:50,2019,2,midday_afternoon,0.972,346.0,True,False,False,,False,,,,,0.0,0.0,0.0,0.0,0.0
statistics_csv,wue,ECO_L4T_WUE_002_WUE_doy2019052120841_aid0001,,,2019-02-21 12:08:41,2019,2,midday_afternoon,0.0084,3.0,True,False,False,,False,,,,,0.0,0.0,0.0,0.0,0.0
statistics_csv,wue,ECO_L4T_WUE_002_WUE_doy2019053111706_aid0001,,,2019-02-22 11:17:06,2019,2,midday_afternoon,13.9763,4975.0,True,False,False,,False,,,,,0.0,0.0,0.0,0.0,0.0
statistics_csv,wue,ECO_L4T_WUE_002_WUE_doy2019056101921_aid0001,,,2019-02-25 10:19:21,2019,2,midday_afternoon,7.5598,2691.0,True,False,False,,False,,,,,0.0292069,0.0,0.0,9.6376286,0.3864334
statistics_csv,wue,ECO_L4T_WUE_002_WUE_doy2019059092317_aid0001,,,2019-02-28 09:23:17,2019,2,midday_afternoon,9.6162,3423.0,True,False,False,,False,,,,,0.0535943,0.0,0.0,8.0388527,0.4336481
statistics_csv,wue,ECO_L4T_WUE_002_WUE_doy2019155145035_aid0001,,,2019-06-04 14:50:35,2019,6,evening,4.1437,1475.0,True,False,False,,False,,,,,2.299124,1.890411,0.0,10.0,2.4175746
statistics_csv,wue,ECO_L4T_WUE_002_WUE_doy2019159130928_aid0001,,,2019-06-08 13:09:28,2019,6,midday_afternoon,49.072900000000004,17468.0,True,False,False,,False,,,,,2.3498352,2.4722431,0.0,8.2085114,1.5001074
statistics_csv,wue,ECO_L4T_WUE_002_WUE_doy2019160122043_aid0001,,,2019-06-09 12:20:43,2019,6,midday_afternoon,9.6921,3450.0,True,False,False,,False,,,,,1.8860943,1.1015766,0.0,10.0,2.219368
statistics_csv,wue,ECO_L4T_WUE_002_WUE_doy2019161162134_aid0001,,,2019-06-10 16:21:34,2019,6,evening,20.274700000000003,7217.0,True,False,False,,False,,,,,0.5556116,0.0,0.0,8.1069365,1.0143651
statistics_csv,wue,ECO_L4T_WUE_002_WUE_doy2019163112813_aid0001,,,2019-06-12 11:28:13,2019,6,midday_afternoon,0.0421,15.0,True,False,False,,False,,,,,0.0,0.0,0.0,0.0,0.0
statistics_csv,wue,ECO_L4T_WUE_002_WUE_doy2019164103920_aid0001,,,2019-06-13 10:39:20,2019,6,midday_afternoon,55.3995,19720.0,True,False,False,,False,,,,,2.2870381,2.5576891,0.0,9.5495129,1.4623682
statistics_csv,wue,ECO_L4T_WUE_002_WUE_doy2019165144037_aid0001,,,2019-06-14 14:40:37,2019,6,evening,0.0056,2.0,True,False,False,,False,,,,,0.0,0.0,0.0,0.0,0.0
statistics_csv,wue,ECO_L4T_WUE_002_WUE_doy2019166103650_aid0001,,,2019-06-15 10:36:50,2019,6,midday_afternoon,30.818099999999998,10970.0,True,False,False,,False,,,,,0.2176,0.0,0.0,1.7905877,0.3198168
statistics_csv,wue,ECO_L4T_WUE_002_WUE_doy2019168134844_aid0001,,,2019-06-17 13:48:44,2019,6,midday_afternoon,62.0744,22096.0,True,False,False,,False,,,,,1.4991918,1.5813745,0.0,5.8016338,0.9057769
statistics_csv,wue,ECO_L4T_WUE_002_WUE_doy2019170085524_aid0001,,,2019-06-19 08:55:24,2019,6,morning,86.3777,30747.0,True,True,False,,True,,,,,1.6153768,1.4930829,0.0,8.2820215,1.3579954
statistics_csv,wue,ECO_L4T_WUE_002_WUE_doy2019174071413_aid0001,,,2019-06-23 07:14:13,2019,6,morning,86.0265,30622.0,True,True,False,,True,,,,,1.5e-06,0.0,0.0,0.0447919,0.000256
statistics_csv,wue,ECO_L4T_WUE_002_WUE_doy2019175062441_aid0001,,,2019-06-24 06:24:41,2019,6,morning,0.17700000000000002,63.0,True,False,False,,False,,,,,0.8835361,0.0,0.0,3.3377895,1.1704545
statistics_csv,wue,ECO_L4T_WUE_002_WUE_doy2019179093339_aid0001,,,2019-06-28 09:33:39,2019,6,midday_afternoon,81.4614,28997.0,True,True,False,,True,,,,,2.8795269,2.9448872,0.0,10.0,1.6626815
statistics_csv,wue,ECO_L4T_WUE_002_WUE_doy2019181044036_aid0001,,,2019-06-30 04:40:36,2019,6,morning,76.5985,27266.0,True,True,False,,True,,,,,5.5536165,10.0,0.0,10.0,4.9519906
statistics_csv,wue,ECO_L4T_WUE_002_WUE_doy2020031150849_aid0001,,,2020-01-31 15:08:49,2020,1,evening,0.0815,29.0,True,False,False,,False,,,,,0.0,0.0,0.0,0.0,0.0
statistics_csv,wue,ECO_L4T_WUE_002_WUE_doy2020039120145_aid0001,,,2020-02-08 12:01:45,2020,2,midday_afternoon,8.6414,3076.0,True,False,False,,False,,,,,0.0,0.0,0.0,0.0,0.0
statistics_csv,wue,ECO_L4T_WUE_002_WUE_doy2020087163143_aid0001,,,2020-03-27 16:31:43,2020,3,evening,11.4929,4091.0,True,False,False,,False,,,,,0.0,0.0,0.0,0.0,0.0
statistics_csv,wue,ECO_L4T_WUE_002_WUE_doy2020094141346_aid0001,,,2020-04-03 14:13:46,2020,4,evening,13.849900000000002,4930.0,True,False,False,,False,,,,,0.4618905,0.0,0.0,10.0,1.793574
statistics_csv,wue,ECO_L4T_WUE_002_WUE_doy2020095132602_aid0001,,,2020-04-04 13:26:02,2020,4,midday_afternoon,15.3697,5471.0,True,False,False,,False,,,,,1.400162,0.0,0.0,10.0,2.9652982
statistics_csv,wue,ECO_L4T_WUE_002_WUE_doy2020095132654_aid0001,,,2020-04-04 13:26:54,2020,4,midday_afternoon,0.2894,103.0,True,False,False,,False,,,,,0.855241,0.0,0.0,10.0,2.5236802
statistics_csv,wue,ECO_L4T_WUE_002_WUE_doy2020099115421_aid0001,,,2020-04-08 11:54:21,2020,4,midday_afternoon,15.0747,5366.0,True,False,False,,False,,,,,3.2687812,1.2880806,0.0,10.0,3.8785298
statistics_csv,wue,ECO_L4T_WUE_002_WUE_doy2020104142716_aid0001,,,2020-04-13 14:27:16,2020,4,evening,20.4826,7291.0,True,False,False,,False,,,,,0.0,0.0,0.0,0.0,0.0
statistics_csv,wue,ECO_L4T_WUE_002_WUE_doy2020106093837_aid0001,,,2020-04-15 09:38:37,2020,4,midday_afternoon,43.283,15407.0,True,False,False,,False,,,,,0.4263479,0.0,0.0,10.0,1.5473962
statistics_csv,wue,ECO_L4T_WUE_002_WUE_doy2020108125534_aid0001,,,2020-04-17 12:55:34,2020,4,midday_afternoon,55.919200000000004,19905.0,True,False,False,,False,,,,,0.7319008,0.0,0.0,10.0,1.6433473
statistics_csv,wue,ECO_L4T_WUE_002_WUE_doy2020111071859_aid0001,,,2020-04-20 07:18:59,2020,4,morning,61.352399999999996,21839.0,True,False,False,,False,,,,,0.0,0.0,0.0,0.0,0.0
statistics_csv,wue,ECO_L4T_WUE_002_WUE_doy2020112112222_aid0001,,,2020-04-21 11:22:22,2020,4,midday_afternoon,0.2585,92.0,True,False,False,,False,,,,,0.0,0.0,0.0,0.0,0.0
statistics_csv,wue,ECO_L4T_WUE_002_WUE_doy2020114063205_aid0001,,,2020-04-23 06:32:05,2020,4,morning,37.8498,13473.0,True,False,False,,False,,,,,0.0169372,0.0,0.0,10.0,0.2994627
statistics_csv,wue,ECO_L4T_WUE_002_WUE_doy2020115054455_aid0001,,,2020-04-24 05:44:55,2020,4,morning,26.531100000000002,9444.0,True,False,False,,False,,,,,0.0112888,0.0,0.0,10.0,0.3096114
statistics_csv,wue,ECO_L4T_WUE_002_WUE_doy2020118045824_aid0001,,,2020-04-27 04:58:24,2020,4,morning,34.2258,12183.0,True,False,False,,False,,,,,0.0,0.0,0.0,0.0,0.0
statistics_csv,wue,ECO_L4T_WUE_002_WUE_doy2020120081408_aid0001,,,2020-04-29 08:14:08,2020,4,morning,22.0924,7864.0,True,False,False,,False,,,,,0.0,0.0,0.0,0.0,0.0
statistics_csv,wue,ECO_L4T_WUE_002_WUE_doy2020124063952_aid0001,,,2020-05-03 06:39:52,2020,5,morning,13.9679,4972.0,True,False,False,,False,,,,,0.0,0.0,0.0,0.0,0.0
statistics_csv,wue,ECO_L4T_WUE_002_WUE_doy2020157131348_aid0001,,,2020-06-05 13:13:48,2020,6,midday_afternoon,39.9343,14215.0,True,False,False,,False,,,,,1.0328295,0.5924965,0.0,10.0,1.3702638
statistics_csv,wue,ECO_L4T_WUE_002_WUE_doy2020158122604_aid0001,,,2020-06-06 12:26:04,2020,6,midday_afternoon,1.0844,386.0,True,False,False,,False,,,,,0.0570414,0.0,0.0,4.8632193,0.4179022
statistics_csv,wue,ECO_L4T_WUE_002_WUE_doy2020158171752_aid0001,,,2020-06-06 17:17:52,2020,6,evening,10.5995,3773.0,True,False,False,,False,,,,,0.0694317,0.0,0.0,6.7633181,0.4125855
statistics_csv,wue,ECO_L4T_WUE_002_WUE_doy2020160122708_aid0001,,,2020-06-08 12:27:08,2020,6,midday_afternoon,3.0088,1071.0,True,False,False,,False,,,,,1.8172991,0.0,0.0,10.0,3.4915814
statistics_csv,wue,ECO_L4T_WUE_002_WUE_doy2020162105207_aid0001,,,2020-06-10 10:52:07,2020,6,midday_afternoon,30.4416,10836.0,True,False,False,,False,,,,,1.4319897,0.0,0.0,10.0,3.2997522
statistics_csv,wue,ECO_L4T_WUE_002_WUE_doy2020163145525_aid0001,,,2020-06-11 14:55:25,2020,6,evening,3.6296000000000004,1292.0,True,False,False,,False,,,,,0.0,0.0,0.0,0.0,0.0
statistics_csv,wue,ECO_L4T_WUE_002_WUE_doy2020164105304_aid0001,,,2020-06-12 10:53:04,2020,6,midday_afternoon,50.4888,17972.0,True,False,False,,False,,,,,0.1864308,0.0,0.0,4.7027979,0.5531363
statistics_csv,wue,ECO_L4T_WUE_002_WUE_doy2020165100451_aid0001,,,2020-06-13 10:04:51,2020,6,midday_afternoon,95.6652,34053.0,True,True,False,,True,,,,,1.0581989,0.4943159,0.0,6.6946783,1.3183177
statistics_csv,wue,ECO_L4T_WUE_002_WUE_doy2020166091731_aid0001,,,2020-06-14 09:17:31,2020,6,midday_afternoon,5.731,2040.0,True,False,False,,False,,,,,0.0,0.0,0.0,0.0,0.0
statistics_csv,wue,ECO_L4T_WUE_002_WUE_doy2020168091831_aid0001,,,2020-06-16 09:18:31,2020,6,midday_afternoon,73.1065,26023.0,True,True,False,,True,,,,,0.0,0.0,0.0,0.0,0.0
statistics_csv,wue,ECO_L4T_WUE_002_WUE_doy2020169083012_aid0001,,,2020-06-17 08:30:12,2020,6,morning,35.3101,12569.0,True,False,False,,False,,,,,0.0,0.0,0.0,0.0,0.0
statistics_csv,wue,ECO_L4T_WUE_002_WUE_doy2020177052032_aid0001,,,2020-06-25 05:20:32,2020,6,morning,97.2946,34633.0,True,True,False,,True,,,,,1.5530711,0.0,0.0,10.0,3.4883425
statistics_csv,wue,ECO_L4T_WUE_002_WUE_doy2020179083636_aid0001,,,2020-06-27 08:36:36,2020,6,morning,0.3343,119.0,True,False,False,,False,,,,,2.13113,2.5556474,0.0,4.1308556,1.3799279
statistics_csv,wue,ECO_L4T_WUE_002_WUE_doy2020180043425_aid0001,,,2020-06-28 04:34:25,2020,6,morning,60.967499999999994,21702.0,True,False,False,,False,,,,,0.1515339,0.0,0.0,10.0,1.1321856
statistics_csv,wue,ECO_L4T_WUE_002_WUE_doy2020182074936_aid0001,,,2020-06-30 07:49:36,2020,6,morning,96.2187,34250.0,True,True,False,,True,,,,,2.1632924,1.1462517,0.0,10.0,2.7103937
statistics_csv,wue,ECO_L4T_WUE_002_WUE_doy2021034130805_aid0001,,,2021-02-03 13:08:05,2021,2,midday_afternoon,5.8938999999999995,2098.0,True,False,False,,False,,,,,0.0,0.0,0.0,0.0,0.0
statistics_csv,wue,ECO_L4T_WUE_002_WUE_doy2021035122058_aid0001,,,2021-02-04 12:20:58,2021,2,midday_afternoon,7.166500000000001,2551.0,True,False,False,,False,,,,,0.0,0.0,0.0,0.0,0.0
statistics_csv,wue,ECO_L4T_WUE_002_WUE_doy2021038113525_aid0001,,,2021-02-07 11:35:25,2021,2,midday_afternoon,0.0393,14.0,True,False,False,,False,,,,,0.0,0.0,0.0,0.0,0.0
statistics_csv,wue,ECO_L4T_WUE_002_WUE_doy2021040145149_aid0001,,,2021-02-09 14:51:49,2021,2,evening,2.5565,910.0,True,False,False,,False,,,,,0.0,0.0,0.0,0.0,0.0
statistics_csv,wue,ECO_L4T_WUE_002_WUE_doy2021047074216_aid0001,,,2021-02-16 07:42:16,2021,2,morning,0.0084,3.0,True,False,False,,False,,,,,0.0,0.0,0.0,0.0,0.0
statistics_csv,wue,ECO_L4T_WUE_002_WUE_doy2021047123350_aid0001,,,2021-02-16 12:33:50,2021,2,midday_afternoon,13.700999999999999,4877.0,True,False,False,,False,,,,,0.0,0.0,0.0,0.0,0.0
statistics_csv,wue,ECO_L4T_WUE_002_WUE_doy2021048114619_aid0001,,,2021-02-17 11:46:19,2021,2,midday_afternoon,0.3146,112.0,True,False,False,,False,,,,,0.0,0.0,0.0,0.0,0.0
statistics_csv,wue,ECO_L4T_WUE_002_WUE_doy2021050065640_aid0001,,,2021-02-19 06:56:40,2021,2,morning,0.059000000000000004,21.0,True,False,False,,False,,,,,0.0,0.0,0.0,0.0,0.0
statistics_csv,wue,ECO_L4T_WUE_002_WUE_doy2021051110048_aid0001,,,2021-02-20 11:00:48,2021,2,midday_afternoon,15.0944,5373.0,True,False,False,,False,,,,,0.0,0.0,0.0,0.0,0.0
statistics_csv,wue,ECO_L4T_WUE_002_WUE_doy2021052101322_aid0001,,,2021-02-21 10:13:22,2021,2,midday_afternoon,0.33990000000000004,121.0,True,False,False,,False,,,,,0.0,0.0,0.0,0.0,0.0
statistics_csv,wue,ECO_L4T_WUE_002_WUE_doy2021055092756_aid0001,,,2021-02-24 09:27:56,2021,2,midday_afternoon,3.2531999999999996,1158.0,True,False,False,,False,,,,,0.0,0.0,0.0,0.0,0.0
statistics_csv,wue,ECO_L4T_WUE_002_WUE_doy2021056084024_aid0001,,,2021-02-25 08:40:24,2021,2,morning,0.3961,141.0,True,False,False,,False,,,,,0.0,0.0,0.0,0.0,0.0
statistics_csv,wue,ECO_L4T_WUE_002_WUE_doy2021085170040_aid0001,,,2021-03-26 17:00:40,2021,3,evening,3.933,1400.0,True,False,False,,False,,,,,0.0,0.0,0.0,0.0,0.0
statistics_csv,wue,ECO_L4T_WUE_002_WUE_doy2021086161332_aid0001,,,2021-03-27 16:13:32,2021,3,evening,0.10389999999999999,37.0,True,False,False,,False,,,,,0.0,0.0,0.0,0.0,0.0
statistics_csv,wue,ECO_L4T_WUE_002_WUE_doy2021089152739_aid0001,,,2021-03-30 15:27:39,2021,3,evening,20.8141,7409.0,True,False,False,,False,,,,,0.2088723,0.0,0.0,10.0,1.3242946
statistics_csv,wue,ECO_L4T_WUE_002_WUE_doy2021093135515_aid0001,,,2021-04-03 13:55:15,2021,4,midday_afternoon,19.5247,6950.0,True,False,False,,False,,,,,0.122628,0.0,0.0,10.0,0.7322301
statistics_csv,wue,ECO_L4T_WUE_002_WUE_doy2021094130806_aid0001,,,2021-04-04 13:08:06,2021,4,midday_afternoon,22.3564,7958.0,True,False,False,,False,,,,,0.3569103,0.0,0.0,10.0,1.5403489
statistics_csv,wue,ECO_L4T_WUE_002_WUE_doy2021098113540_aid0001,,,2021-04-08 11:35:40,2021,4,midday_afternoon,1.2445,443.0,True,False,False,,False,,,,,0.6385953,0.0,0.0,6.9231224,1.119791
statistics_csv,wue,ECO_L4T_WUE_002_WUE_doy2021103140702_aid0001,,,2021-04-13 14:07:02,2021,4,evening,0.0028,1.0,True,False,False,,False,,,,,0.0,0.0,0.0,0.0,0.0
statistics_csv,wue,ECO_L4T_WUE_002_WUE_doy2021105091739_aid0001,,,2021-04-15 09:17:39,2021,4,midday_afternoon,0.20509999999999998,73.0,True,False,False,,False,,,,,0.0,0.0,0.0,0.0,0.0
statistics_csv,wue,ECO_L4T_WUE_002_WUE_doy2021109074455_aid0001,,,2021-04-19 07:44:55,2021,4,morning,0.0702,25.0,True,False,False,,False,,,,,0.0,0.0,0.0,0.0,0.0
statistics_csv,wue,ECO_L4T_WUE_002_WUE_doy2021110065805_aid0001,,,2021-04-20 06:58:05,2021,4,morning,1.7530000000000001,624.0,True,False,False,,False,,,,,0.0,0.0,0.0,0.0,0.0
statistics_csv,wue,ECO_L4T_WUE_002_WUE_doy2021112101429_aid0001,,,2021-04-22 10:14:29,2021,4,midday_afternoon,0.1517,54.0,True,False,False,,False,,,,,0.0,0.0,0.0,0.0,0.0
statistics_csv,wue,ECO_L4T_WUE_002_WUE_doy2021113061248_aid0001,,,2021-04-23 06:12:48,2021,4,morning,0.8063,287.0,True,False,False,,False,,,,,0.0,0.0,0.0,0.0,0.0
statistics_csv,wue,ECO_L4T_WUE_002_WUE_doy2021114052525_aid0001,,,2021-04-24 05:25:25,2021,4,morning,0.025300000000000003,9.0,True,False,False,,False,,,,,0.0,0.0,0.0,0.0,0.0
statistics_csv,wue,ECO_L4T_WUE_002_WUE_doy2021115092913_aid0001,,,2021-04-25 09:29:13,2021,4,midday_afternoon,0.0899,32.0,True,False,False,,False,,,,,0.0,0.0,0.0,0.0,0.0
statistics_csv,wue,ECO_L4T_WUE_002_WUE_doy2021116084149_aid0001,,,2021-04-26 08:41:49,2021,4,morning,2.3710999999999998,844.0,True,False,False,,False,,,,,0.0,0.0,0.0,0.0,0.0
statistics_csv,wue,ECO_L4T_WUE_002_WUE_doy2021118084347_aid0001,,,2021-04-28 08:43:47,2021,4,morning,54.466800000000006,19388.0,True,False,False,,False,,,,,0.3793811,0.0,0.0,10.0,1.7821053
statistics_csv,wue,ECO_L4T_WUE_002_WUE_doy2021119075625_aid0001,,,2021-04-29 07:56:25,2021,4,morning,56.8322,20230.0,True,False,False,,False,,,,,0.0,0.0,0.0,0.0,0.0
statistics_csv,wue,ECO_L4T_WUE_002_WUE_doy2021120070859_aid0001,,,2021-04-30 07:08:59,2021,4,morning,9.3606,3332.0,True,False,False,,False,,,,,0.0,0.0,0.0,0.0,0.0
statistics_csv,wue,ECO_L4T_WUE_002_WUE_doy2021122071054_aid0001,,,2021-05-02 07:10:54,2021,5,morning,1.857,661.0,True,False,False,,False,,,,,0.0,0.0,0.0,0.0,0.0
statistics_csv,wue,ECO_L4T_WUE_002_WUE_doy2021123062331_aid0001,,,2021-05-03 06:23:31,2021,5,morning,0.5309999999999999,189.0,True,False,False,,False,,,,,0.0,0.0,0.0,0.0,0.0
statistics_csv,wue,ECO_L4T_WUE_002_WUE_doy2021124053602_aid0001,,,2021-05-04 05:36:02,2021,5,morning,6.0007,2136.0,True,False,False,,False,,,,,0.0,0.0,0.0,0.0,0.0
statistics_csv,wue,ECO_L4T_WUE_002_WUE_doy2021127045046_aid0001,,,2021-05-07 04:50:46,2021,5,morning,10.5461,3754.0,True,False,False,,False,,,,,0.0,0.0,0.0,0.0,0.0
statistics_csv,wue,ECO_L4T_WUE_002_WUE_doy2021144174926_aid0001,,,2021-05-24 17:49:26,2021,5,evening,43.915,15632.0,True,False,False,,False,,,,,0.0,0.0,0.0,0.0,0.0
statistics_csv,wue,ECO_L4T_WUE_002_WUE_doy2021145170232_aid0001,,,2021-05-25 17:02:32,2021,5,evening,76.1012,27089.0,True,True,False,,True,,,,,0.0499725,0.0,0.0,10.0,0.5598543
statistics_csv,wue,ECO_L4T_WUE_002_WUE_doy2021148161640_aid0001,,,2021-05-28 16:16:40,2021,5,evening,47.564299999999996,16931.0,True,False,False,,False,,,,,0.882193,0.2072132,0.0,10.0,1.3658127
statistics_csv,wue,ECO_L4T_WUE_002_WUE_doy2021149152944_aid0001,,,2021-05-29 15:29:44,2021,5,evening,28.719499999999996,10223.0,True,False,False,,False,,,,,0.4734513,0.0,0.0,8.0299063,0.8920623
statistics_csv,wue,ECO_L4T_WUE_002_WUE_doy2021152144356_aid0001,,,2021-06-01 14:43:56,2021,6,evening,47.2413,16816.0,True,False,False,,False,,,,,0.951246,1.061373,0.0,9.6585913,0.7835539
statistics_csv,wue,ECO_L4T_WUE_002_WUE_doy2021158162802_aid0001,,,2021-06-07 16:28:02,2021,6,evening,0.5422,193.0,True,False,False,,False,,,,,0.0,0.0,0.0,0.0,0.0
statistics_csv,wue,ECO_L4T_WUE_002_WUE_doy2021162145512_aid0001,,,2021-06-11 14:55:12,2021,6,evening,50.421400000000006,17948.0,True,False,False,,False,,,,,1.5577893,0.3062158,0.0,10.0,1.9940438
statistics_csv,wue,ECO_L4T_WUE_002_WUE_doy2021163140746_aid0001,,,2021-06-12 14:07:46,2021,6,evening,52.7868,18790.0,True,False,False,,False,,,,,0.6656668,0.2292003,0.0,5.7239351,0.8790771
statistics_csv,wue,ECO_L4T_WUE_002_WUE_doy2021164100603_aid0001,,,2021-06-13 10:06:03,2021,6,midday_afternoon,0.0674,24.0,True,False,False,,False,,,,,1.1099807,1.2020937,0.0,2.444669,0.6607857
statistics_csv,wue,ECO_L4T_WUE_002_WUE_doy2021165091828_aid0001,,,2021-06-14 09:18:28,2021,6,midday_afternoon,92.5329,32938.0,True,True,False,,True,,,,,2.0591049,2.0177207,0.0,9.2494831,1.3731728
statistics_csv,wue,ECO_L4T_WUE_002_WUE_doy2021168083310_aid0001,,,2021-06-17 08:33:10,2021,6,morning,73.7583,26255.0,True,True,False,,True,,,,,1.2410685,1.2516397,0.0,7.6762791,1.0554764
statistics_csv,wue,ECO_L4T_WUE_002_WUE_doy2021172065931_aid0001,,,2021-06-21 06:59:31,2021,6,morning,73.2049,26058.0,True,True,False,,True,,,,,2.2010143,1.3922932,0.0,10.0,2.7494998
statistics_csv,wue,ECO_L4T_WUE_002_WUE_doy2021173061157_aid0001,,,2021-06-22 06:11:57,2021,6,morning,18.895400000000002,6726.0,True,False,False,,False,,,,,1.6534328,0.0,0.0,10.0,2.8177688
statistics_csv,wue,ECO_L4T_WUE_002_WUE_doy2021173061248_aid0001,,,2021-06-22 06:12:48,2021,6,morning,62.979,22418.0,True,False,False,,False,,,,,1.1615199,0.0,0.0,10.0,1.8963236
statistics_csv,wue,ECO_L4T_WUE_002_WUE_doy2021175092854_aid0001,,,2021-06-24 09:28:54,2021,6,midday_afternoon,85.1584,30313.0,True,True,False,,True,,,,,1.6413989,1.0579609,0.0,9.3498478,1.9102777
statistics_csv,wue,ECO_L4T_WUE_002_WUE_doy2021176052649_aid0001,,,2021-06-25 05:26:49,2021,6,morning,93.7718,33379.0,True,True,False,,True,,,,,0.0844177,0.0,0.0,10.0,0.8635844
statistics_csv,wue,ECO_L4T_WUE_002_WUE_doy2021177044020_aid0001,,,2021-06-26 04:40:20,2021,6,morning,55.4248,19729.0,True,False,False,,False,,,,,0.0724167,0.0,0.0,10.0,0.8323943
statistics_csv,wue,ECO_L4T_WUE_002_WUE_doy2021179075704_aid0001,,,2021-06-28 07:57:04,2021,6,morning,92.4935,32924.0,True,True,False,,True,,,,,0.1525293,0.0,0.0,6.1406746,0.4694403
statistics_csv,wue,ECO_L4T_WUE_002_WUE_doy2022030140617_aid0001,,,2022-01-30 14:06:17,2022,1,evening,0.0815,29.0,True,False,False,,False,,,,,0.3448276,0.0,0.0,10.0,1.824656
statistics_csv,wue,ECO_L4T_WUE_002_WUE_doy2022033131925_aid0001,,,2022-02-02 13:19:25,2022,2,midday_afternoon,0.4495,160.0,True,False,False,,False,,,,,0.0,0.0,0.0,0.0,0.0
statistics_csv,wue,ECO_L4T_WUE_002_WUE_doy2022034123044_aid0001,,,2022-02-03 12:30:44,2022,2,midday_afternoon,35.1669,12518.0,True,False,False,,False,,,,,0.0,0.0,0.0,0.0,0.0
statistics_csv,wue,ECO_L4T_WUE_002_WUE_doy2022039145807_aid0001,,,2022-02-08 14:58:07,2022,2,evening,3.7083,1320.0,True,False,False,,False,,,,,2.334722,0.0,0.0,10.0,3.5804727
statistics_csv,wue,ECO_L4T_WUE_002_WUE_doy2022041100733_aid0001,,,2022-02-10 10:07:33,2022,2,midday_afternoon,10.6585,3794.0,True,False,False,,False,,,,,0.0,0.0,0.0,0.0,0.0
statistics_csv,wue,ECO_L4T_WUE_002_WUE_doy2022042141020_aid0001,,,2022-02-11 14:10:20,2022,2,evening,0.053399999999999996,19.0,True,False,False,,False,,,,,0.0,0.0,0.0,0.0,0.0
statistics_csv,wue,ECO_L4T_WUE_002_WUE_doy2022047114626_aid0001,,,2022-02-16 11:46:26,2022,2,midday_afternoon,0.10679999999999999,38.0,True,False,False,,False,,,,,0.0,0.0,0.0,0.0,0.0
statistics_csv,wue,ECO_L4T_WUE_002_WUE_doy2022049065543_aid0001,,,2022-02-18 06:55:43,2022,2,morning,0.0197,7.0,True,False,False,,False,,,,,0.0,0.0,0.0,0.0,0.0
statistics_csv,wue,ECO_L4T_WUE_002_WUE_doy2022050105827_aid0001,,,2022-02-19 10:58:27,2022,2,midday_afternoon,0.8259000000000001,294.0,True,False,False,,False,,,,,0.0,0.0,0.0,0.0,0.0
statistics_csv,wue,ECO_L4T_WUE_002_WUE_doy2022058074600_aid0001,,,2022-02-27 07:46:00,2022,2,morning,0.0056,2.0,True,False,False,,False,,,,,0.0,0.0,0.0,0.0,0.0
statistics_csv,wue,ECO_L4T_WUE_002_WUE_doy2022084163843_aid0001,,,2022-03-25 16:38:43,2022,3,evening,7.599200000000001,2705.0,True,False,False,,False,,,,,0.0050107,0.0,0.0,10.0,0.2039922
statistics_csv,wue,ECO_L4T_WUE_002_WUE_doy2022088150307_aid0001,,,2022-03-29 15:03:07,2022,3,evening,21.2945,7580.0,True,False,False,,False,,,,,0.0,0.0,0.0,0.0,0.0
statistics_csv,wue,ECO_L4T_WUE_002_WUE_doy2022092132741_aid0001,,,2022-04-02 13:27:41,2022,4,midday_afternoon,3.3036999999999996,1176.0,True,False,False,,False,,,,,0.0,0.0,0.0,0.0,0.0
statistics_csv,wue,ECO_L4T_WUE_002_WUE_doy2022095123921_aid0001,,,2022-04-05 12:39:21,2022,4,midday_afternoon,13.6279,4851.0,True,False,False,,False,,,,,0.0,0.0,0.0,0.0,0.0
statistics_csv,wue,ECO_L4T_WUE_002_WUE_doy2022096115137_aid0001,,,2022-04-06 11:51:37,2022,4,midday_afternoon,33.4476,11906.0,True,False,False,,False,,,,,0.7930539,0.0,0.0,10.0,2.3404367
statistics_csv,wue,ECO_L4T_WUE_002_WUE_doy2022096164256_aid0001,,,2022-04-06 16:42:56,2022,4,evening,0.1292,46.0,True,False,False,,False,,,,,0.0,0.0,0.0,0.0,0.0
statistics_csv,wue,ECO_L4T_WUE_002_WUE_doy2022100150558_aid0001,,,2022-04-10 15:05:58,2022,4,evening,4.6044,1639.0,True,False,False,,False,,,,,0.1089161,0.0,0.0,6.440506,0.5302889
statistics_csv,wue,ECO_L4T_WUE_002_WUE_doy2022101141714_aid0001,,,2022-04-11 14:17:14,2022,4,evening,40.305099999999996,14347.0,True,False,False,,False,,,,,0.0028963,0.0,0.0,2.7264161,0.0636859
statistics_csv,wue,ECO_L4T_WUE_002_WUE_doy2022102101425_aid0001,,,2022-04-12 10:14:25,2022,4,midday_afternoon,5.7703,2054.0,True,False,False,,False,,,,,0.6658295,0.0,0.0,10.0,1.4849296
statistics_csv,wue,ECO_L4T_WUE_002_WUE_doy2022102101517_aid0001,,,2022-04-12 10:15:17,2022,4,midday_afternoon,37.7936,13453.0,True,False,False,,False,,,,,0.1092273,0.0,0.0,10.0,0.7085931
statistics_csv,wue,ECO_L4T_WUE_002_WUE_doy2022103092607_aid0001,,,2022-04-13 09:26:07,2022,4,midday_afternoon,41.6395,14822.0,True,False,False,,False,,,,,0.2288617,0.0,0.0,10.0,0.8260844
statistics_csv,wue,ECO_L4T_WUE_002_WUE_doy2022104132903_aid0001,,,2022-04-14 13:29:03,2022,4,midday_afternoon,41.8137,14884.0,True,False,False,,False,,,,,1.1800923,0.3285324,0.0,10.0,1.906221
statistics_csv,wue,ECO_L4T_WUE_002_WUE_doy2022107124039_aid0001,,,2022-04-17 12:40:39,2022,4,midday_afternoon,39.4539,14044.0,True,False,False,,False,,,,,0.9612665,0.3388592,0.0,10.0,1.3123806
statistics_csv,wue,ECO_L4T_WUE_002_WUE_doy2022108115201_aid0001,,,2022-04-18 11:52:01,2022,4,midday_afternoon,42.1059,14988.0,True,False,False,,False,,,,,0.5423749,0.0,0.0,7.065825,0.819935
statistics_csv,wue,ECO_L4T_WUE_002_WUE_doy2022109110355_aid0001,,,2022-04-19 11:03:55,2022,4,midday_afternoon,3.4358,1223.0,True,False,False,,False,,,,,0.1609971,0.0,0.0,1.7435504,0.3131534
statistics_csv,wue,ECO_L4T_WUE_002_WUE_doy2022110070055_aid0001,,,2022-04-20 07:00:55,2022,4,morning,29.0426,10338.0,True,False,False,,False,,,,,0.007681,0.0,0.0,3.3621624,0.125412
statistics_csv,wue,ECO_L4T_WUE_002_WUE_doy2022111061146_aid0001,,,2022-04-21 06:11:46,2022,4,morning,23.3369,8307.0,True,False,False,,False,,,,,0.0,0.0,0.0,0.0,0.0
statistics_csv,wue,ECO_L4T_WUE_002_WUE_doy2022112101457_aid0001,,,2022-04-22 10:14:57,2022,4,midday_afternoon,0.37929999999999997,135.0,True,False,False,,False,,,,,0.0,0.0,0.0,0.0,0.0
statistics_csv,wue,ECO_L4T_WUE_002_WUE_doy2022114052320_aid0001,,,2022-04-24 05:23:20,2022,4,morning,0.6096,217.0,True,False,False,,False,,,,,0.0,0.0,0.0,0.0,0.0
statistics_csv,wue,ECO_L4T_WUE_002_WUE_doy2022115092624_aid0001,,,2022-04-25 09:26:24,2022,4,midday_afternoon,44.7915,15944.0,True,False,False,,False,,,,,0.5465944,0.0,0.0,10.0,2.0028324
statistics_csv,wue,ECO_L4T_WUE_002_WUE_doy2022116083838_aid0001,,,2022-04-26 08:38:38,2022,4,morning,40.7012,14488.0,True,False,False,,False,,,,,0.0,0.0,0.0,0.0,0.0
statistics_csv,wue,ECO_L4T_WUE_002_WUE_doy2022119075044_aid0001,,,2022-04-29 07:50:44,2022,4,morning,51.2192,18232.0,True,False,False,,False,,,,,0.1683375,0.0,0.0,5.2898812,0.4481699
statistics_csv,wue,ECO_L4T_WUE_002_WUE_doy2022120070234_aid0001,,,2022-04-30 07:02:34,2022,4,morning,42.3194,15064.0,True,False,False,,False,,,,,0.1502225,0.0,0.0,10.0,0.9360357
statistics_csv,wue,ECO_L4T_WUE_002_WUE_doy2022123061442_aid0001,,,2022-05-03 06:14:42,2022,5,morning,35.4506,12619.0,True,False,False,,False,,,,,0.007829,0.0,0.0,10.0,0.2713201
statistics_csv,wue,ECO_L4T_WUE_002_WUE_doy2022145163559_aid0001,,,2022-05-25 16:35:59,2022,5,evening,44.9461,15999.0,True,False,False,,False,,,,,0.0066541,0.0,0.0,6.7064452,0.1319132
statistics_csv,wue,ECO_L4T_WUE_002_WUE_doy2022148154844_aid0001,,,2022-05-28 15:48:44,2022,5,evening,18.7015,6657.0,True,False,False,,False,,,,,6.17e-05,0.0,0.0,0.2283426,0.0033589
statistics_csv,wue,ECO_L4T_WUE_002_WUE_doy2022149150000_aid0001,,,2022-05-29 15:00:00,2022,5,evening,11.0546,3935.0,True,False,False,,False,,,,,0.0030525,0.0,0.0,3.7994754,0.0729044
statistics_csv,wue,ECO_L4T_WUE_002_WUE_doy2022149150052_aid0001,,,2022-05-29 15:00:52,2022,5,evening,36.4002,12957.0,True,False,False,,False,,,,,0.0942319,0.0,0.0,9.2100916,0.4706637
statistics_csv,wue,ECO_L4T_WUE_002_WUE_doy2022152141211_aid0001,,,2022-06-01 14:12:11,2022,6,evening,0.2163,77.0,True,False,False,,False,,,,,0.1137178,0.0,0.0,0.8993517,0.2287426
statistics_csv,wue,ECO_L4T_WUE_002_WUE_doy2022152141303_aid0001,,,2022-06-01 14:13:03,2022,6,evening,2.1153999999999997,753.0,True,False,False,,False,,,,,0.0015412,0.0,0.0,0.22173,0.0133773
statistics_csv,wue,ECO_L4T_WUE_002_WUE_doy2022156123628_aid0001,,,2022-06-05 12:36:28,2022,6,midday_afternoon,59.6977,21250.0,True,False,False,,False,,,,,0.9487958,0.8246751,0.0,10.0,1.1133159
statistics_csv,wue,ECO_L4T_WUE_002_WUE_doy2022157114746_aid0001,,,2022-06-06 11:47:46,2022,6,midday_afternoon,50.2753,17896.0,True,False,False,,False,,,,,2.4155188,2.1912777,0.0,9.2345142,1.7662971
statistics_csv,wue,ECO_L4T_WUE_002_WUE_doy2022157114838_aid0001,,,2022-06-06 11:48:38,2022,6,midday_afternoon,48.859399999999994,17392.0,True,False,False,,False,,,,,1.5925951,1.5308688,0.0,7.1634941,1.1831794
statistics_csv,wue,ECO_L4T_WUE_002_WUE_doy2022158155034_aid0001,,,2022-06-07 15:50:34,2022,6,evening,0.5085000000000001,181.0,True,False,False,,False,,,,,1.7311776,0.2083063,0.0,10.0,2.8250768
statistics_csv,wue,ECO_L4T_WUE_002_WUE_doy2022158155126_aid0001,,,2022-06-07 15:51:26,2022,6,evening,23.4689,8354.0,True,False,False,,False,,,,,0.0610874,0.0,0.0,10.0,0.6054727
statistics_csv,wue,ECO_L4T_WUE_002_WUE_doy2022161101130_aid0001,,,2022-06-10 10:11:30,2022,6,midday_afternoon,94.9798,33809.0,True,True,False,,True,,,,,0.9460108,0.0,0.0,9.4829559,1.4455328
statistics_csv,wue,ECO_L4T_WUE_002_WUE_doy2022161150254_aid0001,,,2022-06-10 15:02:54,2022,6,evening,90.9119,32361.0,True,True,False,,True,,,,,1.8226105,1.4928346,0.0,10.0,1.8613307
statistics_csv,wue,ECO_L4T_WUE_002_WUE_doy2022162141420_aid0001,,,2022-06-11 14:14:20,2022,6,evening,99.0898,35272.0,True,True,False,,True,,,,,2.4914699,2.202336,0.0,9.2007761,1.4202125
statistics_csv,wue,ECO_L4T_WUE_002_WUE_doy2022163101126_aid0001,,,2022-06-12 10:11:26,2022,6,midday_afternoon,0.0562,20.0,True,False,False,,False,,,,,1.1542379,1.16627,0.6604646,1.481654,0.2010511
statistics_csv,wue,ECO_L4T_WUE_002_WUE_doy2022164092328_aid0001,,,2022-06-13 09:23:28,2022,6,midday_afternoon,40.130900000000004,14285.0,True,False,False,,False,,,,,0.0,0.0,0.0,0.0,0.0
statistics_csv,wue,ECO_L4T_WUE_002_WUE_doy2022165083516_aid0001,,,2022-06-14 08:35:16,2022,6,morning,100.0,35596.0,True,True,False,,True,,,,,2.3536193,2.1456565,0.0,10.0,1.2861962
statistics_csv,wue,ECO_L4T_WUE_002_WUE_doy2022167083449_aid0001,,,2022-06-16 08:34:49,2022,6,morning,47.525,16917.0,True,False,False,,False,,,,,0.1447553,0.0,0.0,2.1437473,0.2828873
statistics_csv,wue,ECO_L4T_WUE_002_WUE_doy2022169115009_aid0001,,,2022-06-18 11:50:09,2022,6,midday_afternoon,99.4016,35383.0,True,True,False,,True,,,,,2.8946543,2.8724403,0.0,10.0,1.1997007
statistics_csv,wue,ECO_L4T_WUE_002_WUE_doy2022171065825_aid0001,,,2022-06-20 06:58:25,2022,6,morning,99.1741,35302.0,True,True,False,,True,,,,,3.3909645,2.2235082,0.0,10.0,3.1909478
statistics_csv,wue,ECO_L4T_WUE_002_WUE_doy2022174092526_aid0001,,,2022-06-23 09:25:26,2022,6,midday_afternoon,98.0728,34910.0,True,True,False,,True,,,,,1.977989,1.8308015,0.0,10.0,1.353476
statistics_csv,wue,ECO_L4T_WUE_002_WUE_doy2022175052306_aid0001,,,2022-06-24 05:23:06,2022,6,morning,96.8508,34475.0,True,True,False,,True,,,,,2.4750881,0.0,0.0,10.0,3.7927279
statistics_csv,wue,ECO_L4T_WUE_002_WUE_doy2022176092536_aid0001,,,2022-06-25 09:25:36,2022,6,midday_afternoon,69.5556,24759.0,True,False,False,,False,,,,,1.5648998,1.3547758,0.0,7.7118344,1.1381086
statistics_csv,wue,ECO_L4T_WUE_002_WUE_doy2022178074901_aid0001,,,2022-06-27 07:49:01,2022,6,morning,5.8546000000000005,2084.0,True,False,False,,False,,,,,2.6559873,2.2965794,0.0,10.0,1.8558114
statistics_csv,wue,ECO_L4T_WUE_002_WUE_doy2022178074953_aid0001,,,2022-06-27 07:49:53,2022,6,morning,87.4115,31115.0,True,True,False,,True,,,,,2.708708,2.3560498,0.0,10.0,2.1671844
statistics_csv,wue,ECO_L4T_WUE_002_WUE_doy2022180074959_aid0001,,,2022-06-29 07:49:59,2022,6,morning,84.2005,29972.0,True,True,False,,True,,,,,0.0633377,0.0,0.0,10.0,0.5750024
statistics_csv,wue,ECO_L4T_WUE_002_WUE_doy2023035115436_aid0001,,,2023-02-04 11:54:36,2023,2,midday_afternoon,3.1155,1109.0,True,False,False,,False,,,,,0.0,0.0,0.0,0.0,0.0
statistics_csv,wue,ECO_L4T_WUE_002_WUE_doy2023037150956_aid0001,,,2023-02-06 15:09:56,2023,2,evening,0.0365,13.0,True,False,False,,False,,,,,0.0,0.0,0.0,0.0,0.0
statistics_csv,wue,ECO_L4T_WUE_002_WUE_doy2023039101912_aid0001,,,2023-02-08 10:19:12,2023,2,midday_afternoon,0.0421,15.0,True,False,False,,False,,,,,0.0,0.0,0.0,0.0,0.0
statistics_csv,wue,ECO_L4T_WUE_002_WUE_doy2023041133406_aid0001,,,2023-02-10 13:34:06,2023,2,midday_afternoon,0.22759999999999997,81.0,True,False,False,,False,,,,,0.0,0.0,0.0,0.0,0.0
statistics_csv,wue,ECO_L4T_WUE_002_WUE_doy2023043084251_aid0001,,,2023-02-12 08:42:51,2023,2,morning,0.0056,2.0,True,False,False,,False,,,,,0.0,0.0,0.0,0.0,0.0
statistics_csv,wue,ECO_L4T_WUE_002_WUE_doy2023045115802_aid0001,,,2023-02-14 11:58:02,2023,2,midday_afternoon,43.8139,15596.0,True,False,False,,False,,,,,0.0485178,0.0,0.0,10.0,0.5270615
statistics_csv,wue,ECO_L4T_WUE_002_WUE_doy2023046075455_aid0001,,,2023-02-15 07:54:55,2023,2,morning,1.208,430.0,True,False,False,,False,,,,,0.0,0.0,0.0,0.0,0.0
statistics_csv,wue,ECO_L4T_WUE_002_WUE_doy2023047070648_aid0001,,,2023-02-16 07:06:48,2023,2,morning,0.0084,3.0,True,False,False,,False,,,,,0.0,0.0,0.0,0.0,0.0
statistics_csv,wue,ECO_L4T_WUE_002_WUE_doy2023048110856_aid0001,,,2023-02-17 11:08:56,2023,2,midday_afternoon,21.7187,7731.0,True,False,False,,False,,,,,0.0,0.0,0.0,0.0,0.0
statistics_csv,wue,ECO_L4T_WUE_002_WUE_doy2023049102022_aid0001,,,2023-02-18 10:20:22,2023,2,midday_afternoon,30.160700000000002,10736.0,True,False,False,,False,,,,,0.0001335,0.0,0.0,0.5221782,0.0077081
statistics_csv,wue,ECO_L4T_WUE_002_WUE_doy2023051102041_aid0001,,,2023-02-20 10:20:41,2023,2,midday_afternoon,34.4393,12259.0,True,False,False,,False,,,,,0.0,0.0,0.0,0.0,0.0
statistics_csv,wue,ECO_L4T_WUE_002_WUE_doy2023053084457_aid0001,,,2023-02-22 08:44:57,2023,2,morning,1.2024,428.0,True,False,False,,False,,,,,0.0,0.0,0.0,0.0,0.0
statistics_csv,wue,ECO_L4T_WUE_002_WUE_doy2023059071155_aid0001,,,2023-02-28 07:11:55,2023,2,morning,0.0056,2.0,True,False,False,,False,,,,,0.0,0.0,0.0,0.0,0.0
statistics_csv,wue,ECO_L4T_WUE_002_WUE_doy2023060062449_aid0001,,,2023-03-01 06:24:49,2023,3,morning,0.0056,2.0,True,False,False,,False,,,,,0.0,0.0,0.0,0.0,0.0
statistics_csv,wue,ECO_L4T_WUE_002_WUE_doy2023082165457_aid0001,,,2023-03-23 16:54:57,2023,3,evening,30.7394,10942.0,True,False,False,,False,,,,,0.0009139,0.0,0.0,10.0,0.0955943
statistics_csv,wue,ECO_L4T_WUE_002_WUE_doy2023086152017_aid0001,,,2023-03-27 15:20:17,2023,3,evening,0.073,26.0,True,False,False,,False,,,,,0.0,0.0,0.0,0.0,0.0
statistics_csv,wue,ECO_L4T_WUE_002_WUE_doy2023089143200_aid0001,,,2023-03-30 14:32:00,2023,3,evening,7.5907,2702.0,True,False,False,,False,,,,,0.0,0.0,0.0,0.0,0.0
statistics_csv,wue,ECO_L4T_WUE_002_WUE_doy2023089143252_aid0001,,,2023-03-30 14:32:52,2023,3,evening,27.196900000000003,9681.0,True,False,False,,False,,,,,0.0,0.0,0.0,0.0,0.0
statistics_csv,wue,ECO_L4T_WUE_002_WUE_doy2023090134442_aid0001,,,2023-03-31 13:44:42,2023,3,midday_afternoon,50.309000000000005,17908.0,True,False,False,,False,,,,,0.0,0.0,0.0,0.0,0.0
statistics_csv,wue,ECO_L4T_WUE_002_WUE_doy2023093125822_aid0001,,,2023-04-03 12:58:22,2023,4,midday_afternoon,22.9127,8156.0,True,False,False,,False,,,,,0.1211316,0.0,0.0,6.7166886,0.5057428
statistics_csv,wue,ECO_L4T_WUE_002_WUE_doy2023094121017_aid0001,,,2023-04-04 12:10:17,2023,4,midday_afternoon,7.756499999999999,2761.0,True,False,False,,False,,,,,0.6154466,0.0,0.0,8.5918379,1.3849654
statistics_csv,wue,ECO_L4T_WUE_002_WUE_doy2023095161358_aid0001,,,2023-04-05 16:13:58,2023,4,evening,1.562,556.0,True,False,False,,False,,,,,0.0,0.0,0.0,0.0,0.0
statistics_csv,wue,ECO_L4T_WUE_002_WUE_doy2023097112342_aid0001,,,2023-04-07 11:23:42,2023,4,midday_afternoon,48.2161,17163.0,True,False,False,,False,,,,,0.0029289,0.0,0.0,2.9687321,0.0576979
statistics_csv,wue,ECO_L4T_WUE_002_WUE_doy2023098103534_aid0001,,,2023-04-08 10:35:34,2023,4,midday_afternoon,5.1944,1849.0,True,False,False,,False,,,,,0.0,0.0,0.0,0.0,0.0
statistics_csv,wue,ECO_L4T_WUE_002_WUE_doy2023098152616_aid0001,,,2023-04-08 15:26:16,2023,4,evening,14.7095,5236.0,True,False,False,,False,,,,,0.0,0.0,0.0,0.0,0.0
statistics_csv,wue,ECO_L4T_WUE_002_WUE_doy2023099143814_aid0001,,,2023-04-09 14:38:14,2023,4,evening,26.4861,9428.0,True,False,False,,False,,,,,0.083887,0.0,0.0,5.7288456,0.4218407
statistics_csv,wue,ECO_L4T_WUE_002_WUE_doy2023101094752_aid0001,,,2023-04-11 09:47:52,2023,4,midday_afternoon,13.408800000000001,4773.0,True,False,False,,False,,,,,0.0,0.0,0.0,0.0,0.0
statistics_csv,wue,ECO_L4T_WUE_002_WUE_doy2023102135038_aid0001,,,2023-04-12 13:50:38,2023,4,midday_afternoon,12.029399999999999,4282.0,True,False,False,,False,,,,,0.0,0.0,0.0,0.0,0.0
statistics_csv,wue,ECO_L4T_WUE_002_WUE_doy2023102135130_aid0001,,,2023-04-12 13:51:30,2023,4,midday_afternoon,31.8744,11346.0,True,False,False,,False,,,,,0.0,0.0,0.0,0.0,0.0
statistics_csv,wue,ECO_L4T_WUE_002_WUE_doy2023103130243_aid0001,,,2023-04-13 13:02:43,2023,4,midday_afternoon,0.12639999999999998,45.0,True,False,False,,False,,,,,0.0,0.0,0.0,0.0,0.0
statistics_csv,wue,ECO_L4T_WUE_002_WUE_doy2023104090004_aid0001,,,2023-04-14 09:00:04,2023,4,midday_afternoon,1.0928,389.0,True,False,False,,False,,,,,0.0,0.0,0.0,0.0,0.0
statistics_csv,wue,ECO_L4T_WUE_002_WUE_doy2023106121458_aid0001,,,2023-04-16 12:14:58,2023,4,midday_afternoon,16.4878,5869.0,True,False,False,,False,,,,,0.0,0.0,0.0,0.0,0.0
statistics_csv,wue,ECO_L4T_WUE_002_WUE_doy2023108072400_aid0001,,,2023-04-18 07:24:00,2023,4,morning,9.3157,3316.0,True,False,False,,False,,,,,0.0,0.0,0.0,0.0,0.0
statistics_csv,wue,ECO_L4T_WUE_002_WUE_doy2023109063527_aid0001,,,2023-04-19 06:35:27,2023,4,morning,5.9164,2106.0,True,False,False,,False,,,,,0.0224526,0.0,0.0,8.5417061,0.3307068
statistics_csv,wue,ECO_L4T_WUE_002_WUE_doy2023111095013_aid0001,,,2023-04-21 09:50:13,2023,4,midday_afternoon,49.3145,17554.0,True,False,False,,False,,,,,0.0,0.0,0.0,0.0,0.0
statistics_csv,wue,ECO_L4T_WUE_002_WUE_doy2023112054730_aid0001,,,2023-04-22 05:47:30,2023,4,morning,12.861,4578.0,True,False,False,,False,,,,,0.0,0.0,0.0,0.0,0.0
statistics_csv,wue,ECO_L4T_WUE_002_WUE_doy2023113045856_aid0001,,,2023-04-23 04:58:56,2023,4,morning,10.509599999999999,3741.0,True,False,False,,False,,,,,0.0160385,0.0,0.0,10.0,0.4001596
statistics_csv,wue,ECO_L4T_WUE_002_WUE_doy2023113095019_aid0001,,,2023-04-23 09:50:19,2023,4,midday_afternoon,58.51499999999999,20829.0,True,False,False,,False,,,,,0.0112296,0.0,0.0,10.0,0.2314719
statistics_csv,wue,ECO_L4T_WUE_002_WUE_doy2023114090130_aid0001,,,2023-04-24 09:01:30,2023,4,midday_afternoon,10.9591,3901.0,True,False,False,,False,,,,,0.0,0.0,0.0,0.0,0.0
statistics_csv,wue,ECO_L4T_WUE_002_WUE_doy2023115081223_aid0001,,,2023-04-25 08:12:23,2023,4,morning,3.6492999999999998,1299.0,True,False,False,,False,,,,,0.0,0.0,0.0,0.0,0.0
statistics_csv,wue,ECO_L4T_WUE_002_WUE_doy2023117081145_aid0001,,,2023-04-27 08:11:45,2023,4,morning,49.6179,17662.0,True,False,False,,False,,,,,0.0198566,0.0,0.0,4.6761146,0.1734076
statistics_csv,wue,ECO_L4T_WUE_002_WUE_doy2023118072334_aid0001,,,2023-04-28 07:23:34,2023,4,morning,66.78840000000001,23774.0,True,False,False,,False,,,,,0.0,0.0,0.0,0.0,0.0
statistics_csv,wue,ECO_L4T_WUE_002_WUE_doy2023121063446_aid0001,,,2023-05-01 06:34:46,2023,5,morning,9.759500000000001,3474.0,True,False,False,,False,,,,,0.0,0.0,0.0,0.0,0.0
statistics_csv,wue,ECO_L4T_WUE_002_WUE_doy2023122054627_aid0001,,,2023-05-02 05:46:27,2023,5,morning,15.8332,5636.0,True,False,False,,False,,,,,0.0,0.0,0.0,0.0,0.0
statistics_csv,wue,ECO_L4T_WUE_002_WUE_doy2023147151231_aid0001,,,2023-05-27 15:12:31,2023,5,evening,64.6337,23007.0,True,False,False,,False,,,,,0.4534755,0.0,0.0,10.0,0.8135059
statistics_csv,wue,ECO_L4T_WUE_002_WUE_doy2023154124450_aid0001,,,2023-06-03 12:44:50,2023,6,midday_afternoon,4.6691,1662.0,True,False,False,,False,,,,,1.9617175,0.0,0.0,10.0,3.4424968
statistics_csv,wue,ECO_L4T_WUE_002_WUE_doy2023157115505_aid0001,,,2023-06-06 11:55:05,2023,6,midday_afternoon,46.5024,16553.0,True,False,False,,False,,,,,0.8839854,0.7110137,0.0,6.4417634,0.8798854
statistics_csv,wue,ECO_L4T_WUE_002_WUE_doy2023158110557_aid0001,,,2023-06-07 11:05:57,2023,6,midday_afternoon,23.9325,8519.0,True,False,False,,False,,,,,0.2487011,0.0,0.0,8.6231871,0.5242251
statistics_csv,wue,ECO_L4T_WUE_002_WUE_doy2023159150806_aid0001,,,2023-06-08 15:08:06,2023,6,evening,49.2443,17529.0,True,False,False,,False,,,,,2.801275,0.2248845,0.0,10.0,3.7917221
statistics_csv,wue,ECO_L4T_WUE_002_WUE_doy2023160141922_aid0001,,,2023-06-09 14:19:22,2023,6,evening,14.611199999999998,5201.0,True,False,False,,False,,,,,1.0550743,1.1200515,0.0,4.3771129,0.7795549
statistics_csv,wue,ECO_L4T_WUE_002_WUE_doy2023161101557_aid0001,,,2023-06-10 10:15:57,2023,6,midday_afternoon,83.3155,29657.0,True,True,False,,True,,,,,0.7742516,0.7051394,0.0,10.0,0.8528052
statistics_csv,wue,ECO_L4T_WUE_002_WUE_doy2023162092733_aid0001,,,2023-06-11 09:27:33,2023,6,midday_afternoon,84.8382,30199.0,True,True,False,,True,,,,,0.250963,0.0,0.0,4.6655722,0.6256833
statistics_csv,wue,ECO_L4T_WUE_002_WUE_doy2023163132855_aid0001,,,2023-06-12 13:28:55,2023,6,midday_afternoon,30.003400000000003,10680.0,True,False,False,,False,,,,,0.6732094,0.4906748,0.0,10.0,1.1620251
statistics_csv,wue,ECO_L4T_WUE_002_WUE_doy2023165083645_aid0001,,,2023-06-14 08:36:45,2023,6,morning,95.76360000000001,34088.0,True,True,False,,True,,,,,2.1602387,1.4485116,0.0,10.0,2.5231509
statistics_csv,wue,ECO_L4T_WUE_002_WUE_doy2023166074727_aid0001,,,2023-06-15 07:47:27,2023,6,morning,92.4458,32907.0,True,True,False,,True,,,,,1.116405,0.187512,0.0,10.0,1.8076804
statistics_csv,wue,ECO_L4T_WUE_002_WUE_doy2023167114931_aid0001,,,2023-06-16 11:49:31,2023,6,midday_afternoon,39.274100000000004,13980.0,True,False,False,,False,,,,,0.4111222,0.3638261,0.0,2.4328666,0.4075796
statistics_csv,wue,ECO_L4T_WUE_002_WUE_doy2023169065818_aid0001,,,2023-06-18 06:58:18,2023,6,morning,98.6122,35102.0,True,True,False,,True,,,,,2.0018704,1.0315781,0.0,10.0,2.5580535
statistics_csv,wue,ECO_L4T_WUE_002_WUE_doy2023170060957_aid0001,,,2023-06-19 06:09:57,2023,6,morning,96.8002,34457.0,True,True,False,,True,,,,,4.5788603,3.5984099,0.0,10.0,4.0425773
statistics_csv,wue,ECO_L4T_WUE_002_WUE_doy2023170110056_aid0001,,,2023-06-19 11:00:56,2023,6,midday_afternoon,9.9477,3541.0,True,False,False,,False,,,,,0.4359227,0.0,0.0,7.369771,0.8727148
statistics_csv,wue,ECO_L4T_WUE_002_WUE_doy2023171101211_aid0001,,,2023-06-20 10:12:11,2023,6,midday_afternoon,69.7578,24831.0,True,False,False,,False,,,,,0.0072991,0.0,0.0,1.6428456,0.0611498
statistics_csv,wue,ECO_L4T_WUE_002_WUE_doy2023172060918_aid0001,,,2023-06-21 06:09:18,2023,6,morning,10.4281,3712.0,True,False,False,,False,,,,,2.6347299,1.444378,0.0,10.0,3.1802716
statistics_csv,wue,ECO_L4T_WUE_002_WUE_doy2023173052033_aid0001,,,2023-06-22 05:20:33,2023,6,morning,60.770900000000005,21632.0,True,False,False,,False,,,,,0.0,0.0,0.0,0.0,0.0
statistics_csv,wue,ECO_L4T_WUE_002_WUE_doy2023174043153_aid0001,,,2023-06-23 04:31:53,2023,6,morning,0.0393,14.0,True,False,False,,False,,,,,0.0,0.0,0.0,0.0,0.0
statistics_csv,wue,ECO_L4T_WUE_002_WUE_doy2023174092314_aid0001,,,2023-06-23 09:23:14,2023,6,midday_afternoon,0.33149999999999996,118.0,True,False,False,,False,,,,,0.0,0.0,0.0,0.0,0.0
statistics_csv,wue,ECO_L4T_WUE_002_WUE_doy2023178074440_aid0001,,,2023-06-27 07:44:40,2023,6,morning,93.9375,33438.0,True,True,False,,True,,,,,1.1715109,0.1037518,0.0,10.0,1.7622769
statistics_csv,wue,ECO_L4T_WUE_002_WUE_doy2023179065603_aid0001,,,2023-06-28 06:56:03,2023,6,morning,72.38170000000001,25765.0,True,True,False,,True,,,,,0.0,0.0,0.0,0.0,0.0
statistics_csv,wue,ECO_L4T_WUE_002_WUE_doy2023181065450_aid0001,,,2023-06-30 06:54:50,2023,6,morning,80.2365,28561.0,True,True,False,,True,,,,,0.0,0.0,0.0,0.0,0.0
statistics_csv,wue,ECO_L4T_WUE_002_WUE_doy2024039135928_aid0001,,,2024-02-08 13:59:28,2024,2,midday_afternoon,13.206499999999998,4701.0,True,False,False,,False,,,,,0.0,0.0,0.0,0.0,0.0
statistics_csv,wue,ECO_L4T_WUE_002_WUE_doy2024051091017_aid0001,,,2024-02-20 09:10:17,2024,2,midday_afternoon,0.22190000000000001,79.0,True,False,False,,False,,,,,0.0,0.0,0.0,0.0,0.0
statistics_csv,wue,ECO_L4T_WUE_002_WUE_doy2024159095329_aid0001,,,2024-06-07 09:53:29,2024,6,midday_afternoon,49.586999999999996,17651.0,True,False,False,,False,,,,,1.9032929,1.8064104,0.0,10.0,1.5980132
statistics_csv,wue,ECO_L4T_WUE_002_WUE_doy2024168103858_aid0001,,,2024-06-16 10:38:58,2024,6,midday_afternoon,7.076599999999999,2519.0,True,False,False,,False,,,,,0.7631558,0.383323,0.0,6.2168593,0.9228672
statistics_csv,wue,ECO_L4T_WUE_002_WUE_doy2025024143624_aid0001,,,2025-01-24 14:36:24,2025,1,evening,0.8175,291.0,True,False,False,,False,,,,,0.0343643,0.0,0.0,10.0,0.5852023
statistics_csv,wue,ECO_L4T_WUE_002_WUE_doy2025032111758_aid0001,,,2025-02-01 11:17:58,2025,2,midday_afternoon,1.6181999999999999,576.0,True,False,False,,False,,,,,0.0,0.0,0.0,0.0,0.0
statistics_csv,wue,ECO_L4T_WUE_002_WUE_doy2025035103027_aid0001,,,2025-02-04 10:30:27,2025,2,midday_afternoon,6.512,2318.0,True,False,False,,False,,,,,0.0,0.0,0.0,0.0,0.0
statistics_csv,wue,ECO_L4T_WUE_002_WUE_doy2025036094147_aid0001,,,2025-02-05 09:41:47,2025,2,midday_afternoon,0.0028,1.0,True,False,False,,False,,,,,0.0,0.0,0.0,0.0,0.0
statistics_csv,wue,ECO_L4T_WUE_002_WUE_doy2025037134425_aid0001,,,2025-02-06 13:44:25,2025,2,midday_afternoon,1.8626,663.0,True,False,False,,False,,,,,0.0,0.0,0.0,0.0,0.0
statistics_csv,wue,ECO_L4T_WUE_002_WUE_doy2025040080516_aid0001,,,2025-02-09 08:05:16,2025,2,morning,0.1798,64.0,True,False,False,,False,,,,,0.0,0.0,0.0,0.0,0.0
statistics_csv,wue,ECO_L4T_WUE_002_WUE_doy2025042080508_aid0001,,,2025-02-11 08:05:08,2025,2,morning,1.7137,610.0,True,False,False,,False,,,,,0.0,0.0,0.0,0.0,0.0
statistics_csv,wue,ECO_L4T_WUE_002_WUE_doy2025048094209_aid0001,,,2025-02-17 09:42:09,2025,2,midday_afternoon,0.0028,1.0,True,False,False,,False,,,,,0.0,0.0,0.0,0.0,0.0
statistics_csv,wue,ECO_L4T_WUE_002_WUE_doy2025053071815_aid0001,,,2025-02-22 07:18:15,2025,2,morning,0.1096,39.0,True,False,False,,False,,,,,0.0,0.0,0.0,0.0,0.0
statistics_csv,wue,ECO_L4T_WUE_002_WUE_doy2025089125134_aid0001,,,2025-03-30 12:51:34,2025,3,midday_afternoon,28.5762,10172.0,True,False,False,,False,,,,,0.0001585,0.0,0.0,0.3223656,0.0060861
statistics_csv,wue,ECO_L4T_WUE_002_WUE_doy2025094151752_aid0001,,,2025-04-04 15:17:52,2025,4,evening,38.4397,13683.0,True,False,False,,False,,,,,0.5036446,0.0,0.0,10.0,1.5046372
statistics_csv,wue,ECO_L4T_WUE_002_WUE_doy2025097094046_aid0001,,,2025-04-07 09:40:46,2025,4,midday_afternoon,40.0663,14262.0,True,False,False,,False,,,,,0.3206235,0.0,0.0,10.0,0.9119297
statistics_csv,wue,ECO_L4T_WUE_002_WUE_doy2025100085402_aid0001,,,2025-04-10 08:54:02,2025,4,morning,41.4344,14749.0,True,False,False,,False,,,,,0.0542999,0.0,0.0,6.730063,0.3292435
statistics_csv,wue,ECO_L4T_WUE_002_WUE_doy2025101080621_aid0001,,,2025-04-11 08:06:21,2025,4,morning,36.004000000000005,12816.0,True,False,False,,False,,,,,0.349165,0.0,0.0,10.0,1.0119509
statistics_csv,wue,ECO_L4T_WUE_002_WUE_doy2025102120912_aid0001,,,2025-04-12 12:09:12,2025,4,midday_afternoon,43.0919,15339.0,True,False,False,,False,,,,,0.5235307,0.0,0.0,10.0,0.9293948
statistics_csv,wue,ECO_L4T_WUE_002_WUE_doy2025105063131_aid0001,,,2025-04-15 06:31:31,2025,4,morning,20.5444,7313.0,True,False,False,,False,,,,,0.0,0.0,0.0,0.0,0.0
statistics_csv,wue,ECO_L4T_WUE_002_WUE_doy2025108054400_aid0001,,,2025-04-18 05:44:00,2025,4,morning,2.4666,878.0,True,False,False,,False,,,,,0.0,0.0,0.0,0.0,0.0
statistics_csv,wue,ECO_L4T_WUE_002_WUE_doy2025113081045_aid0001,,,2025-04-23 08:10:45,2025,4,morning,59.57130000000001,21205.0,True,False,False,,False,,,,,0.2132358,0.0,0.0,9.1076078,0.8828915
statistics_csv,wue,ECO_L4T_WUE_002_WUE_doy2025136175254_aid0001,,,2025-05-16 17:52:54,2025,5,evening,0.0112,4.0,True,False,False,,False,,,,,0.0,0.0,0.0,0.0,0.0
statistics_csv,wue,ECO_L4T_WUE_002_WUE_doy2025150130618_aid0001,,,2025-05-30 13:06:18,2025,5,midday_afternoon,72.8031,25915.0,True,True,False,,True,,,,,2.0022929,1.9859395,0.0,8.6909609,1.1774206
statistics_csv,wue,ECO_L4T_WUE_002_WUE_doy2025151121805_aid0001,,,2025-05-31 12:18:05,2025,5,midday_afternoon,71.9969,25628.0,True,True,False,,True,,,,,1.962431,2.119754,0.0,7.5393605,1.0073873
statistics_csv,wue,ECO_L4T_WUE_002_WUE_doy2025154112957_aid0001,,,2025-06-03 11:29:57,2025,6,midday_afternoon,27.3963,9752.0,True,False,False,,False,,,,,0.5370367,0.404439,0.0,3.1040995,0.569189
statistics_csv,wue,ECO_L4T_WUE_002_WUE_doy2025164112956_aid0001,,,2025-06-13 11:29:56,2025,6,midday_afternoon,90.1112,32076.0,True,True,False,,True,,,,,0.7534352,0.7208767,0.0,7.5466146,0.3486254
statistics_csv,wue,ECO_L4T_WUE_002_WUE_doy2025169054920_aid0001,,,2025-06-18 05:49:20,2025,6,morning,98.6206,35105.0,True,True,False,,True,,,,,2.068994,0.0,0.0,10.0,3.4720898
statistics_csv,wue,ECO_L4T_WUE_002_WUE_doy2025172081446_aid0001,,,2025-06-21 08:14:46,2025,6,morning,96.8789,34485.0,True,True,False,,True,,,,,2.552316,2.4265246,0.0,10.0,1.5313309
statistics_csv,wue,ECO_L4T_WUE_002_WUE_doy2025174081424_aid0001,,,2025-06-23 08:14:24,2025,6,morning,80.8743,28788.0,True,True,False,,True,,,,,0.5966305,0.0,0.0,8.5975237,0.9055388
statistics_csv,wue,ECO_L4T_WUE_002_WUE_doy2025175072630_aid0001,,,2025-06-24 07:26:30,2025,6,morning,48.0672,17110.0,True,False,False,,False,,,,,1.7837465,1.565077,0.0,10.0,1.5213165
