source_type,product,record_id,path,filename,date,year,month,time_bin,coverage_percent,count,read_ok_bool,passes_coverage_filter,tiny_footprint_flag,footprint_fraction_of_full_aoi,usable_record,epsg,crs,aoi_footprint_pixel_count,full_product_aoi_pixel_count,mean,median,min,max,std
raster,esi,ECO_L4T_ESI.002_ESI_20190215T140410_aid0001_32N.tif,data/ESI/ECO_L4T_ESI.002_ESI_20190215T140410_aid0001_32N.tif,ECO_L4T_ESI.002_ESI_20190215T140410_aid0001_32N.tif,2019-02-15,2019,2,evening,100.0,94.0,True,True,True,0.002704958130701275,False,32632.0,EPSG:32632,94.0,34751.0,0.4213246703147888,0.1706464886665344,0.0,1.0,0.4577621221542358
raster,esi,ECO_L4T_ESI.002_ESI_20190217T090743_aid0001_32N.tif,data/ESI/ECO_L4T_ESI.002_ESI_20190217T090743_aid0001_32N.tif,ECO_L4T_ESI.002_ESI_20190217T090743_aid0001_32N.tif,2019-02-17,2019,2,midday_afternoon,100.0,94.0,True,True,True,0.002704958130701275,False,32632.0,EPSG:32632,94.0,34751.0,0.4669833183288574,0.0086413212120532,0.0,1.0,0.4948979616165161
raster,esi,ECO_L4T_ESI.002_ESI_20190221T120841_aid0001_32N.tif,data/ESI/ECO_L4T_ESI.002_ESI_20190221T120841_aid0001_32N.tif,ECO_L4T_ESI.002_ESI_20190221T120841_aid0001_32N.tif,2019-02-21,2019,2,midday_afternoon,100.0,94.0,True,True,True,0.002704958130701275,False,32632.0,EPSG:32632,94.0,34751.0,0.6495369672775269,1.0,0.0,1.0,0.4544468224048614
raster,esi,ECO_L4T_ESI.002_ESI_20190614T144037_aid0001_32N.tif,data/ESI/ECO_L4T_ESI.002_ESI_20190614T144037_aid0001_32N.tif,ECO_L4T_ESI.002_ESI_20190614T144037_aid0001_32N.tif,2019-06-14,2019,6,evening,53.191489361702125,50.0,True,False,True,0.002704958130701275,False,32632.0,EPSG:32632,94.0,34751.0,0.6753724813461304,1.0,0.0282576084136962,1.0,0.4523877501487732
raster,esi,ECO_L4T_ESI.002_ESI_20190624T062441_aid0001_32N.tif,data/ESI/ECO_L4T_ESI.002_ESI_20190624T062441_aid0001_32N.tif,ECO_L4T_ESI.002_ESI_20190624T062441_aid0001_32N.tif,2019-06-24,2019,6,morning,100.0,94.0,True,True,True,0.002704958130701275,False,32632.0,EPSG:32632,94.0,34751.0,0.6682888269424438,0.852471649646759,0.0480525903403759,1.0,0.3833604753017425
raster,esi,ECO_L4T_ESI.002_ESI_20200330T154618_aid0001_32N.tif,data/ESI/ECO_L4T_ESI.002_ESI_20200330T154618_aid0001_32N.tif,ECO_L4T_ESI.002_ESI_20200330T154618_aid0001_32N.tif,2020-03-30,2020,3,evening,100.0,94.0,True,True,True,0.002704958130701275,False,32632.0,EPSG:32632,94.0,34751.0,0.8068400621414185,1.0,0.3385608196258545,1.0,0.2769618034362793
raster,esi,ECO_L4T_ESI.002_ESI_20200331T145901_aid0001_32N.tif,data/ESI/ECO_L4T_ESI.002_ESI_20200331T145901_aid0001_32N.tif,ECO_L4T_ESI.002_ESI_20200331T145901_aid0001_32N.tif,2020-03-31,2020,3,evening,100.0,94.0,True,True,True,0.002704958130701275,False,32632.0,EPSG:32632,94.0,34751.0,0.730945348739624,0.9999999403953552,0.1215686872601509,1.0,0.3753813803195953
raster,esi,ECO_L4T_ESI.002_ESI_20200407T124205_aid0001_32N.tif,data/ESI/ECO_L4T_ESI.002_ESI_20200407T124205_aid0001_32N.tif,ECO_L4T_ESI.002_ESI_20200407T124205_aid0001_32N.tif,2020-04-07,2020,4,midday_afternoon,100.0,94.0,True,True,True,0.002704958130701275,False,32632.0,EPSG:32632,94.0,34751.0,0.8168781995773315,1.0,0.0,1.0,0.3267732858657837
raster,esi,ECO_L4T_ESI.002_ESI_20200627T083636_aid0001_32N.tif,data/ESI/ECO_L4T_ESI.002_ESI_20200627T083636_aid0001_32N.tif,ECO_L4T_ESI.002_ESI_20200627T083636_aid0001_32N.tif,2020-06-27,2020,6,morning,100.0,94.0,True,True,True,0.002704958130701275,False,32632.0,EPSG:32632,94.0,34751.0,0.6780482530593872,0.8533942699432373,0.2853768765926361,0.9217609763145448,0.2683199346065521
raster,esi,ECO_L4T_ESI.002_ESI_20210131T135337_aid0001_32N.tif,data/ESI/ECO_L4T_ESI.002_ESI_20210131T135337_aid0001_32N.tif,ECO_L4T_ESI.002_ESI_20210131T135337_aid0001_32N.tif,2021-01-31,2021,1,midday_afternoon,100.0,94.0,True,True,True,0.002704958130701275,False,32632.0,EPSG:32632,94.0,34751.0,0.5739450454711914,0.7760444283485413,0.0,0.9906206727027892,0.2747117280960083
raster,esi,ECO_L4T_ESI.002_ESI_20210207T113525_aid0001_32N.tif,data/ESI/ECO_L4T_ESI.002_ESI_20210207T113525_aid0001_32N.tif,ECO_L4T_ESI.002_ESI_20210207T113525_aid0001_32N.tif,2021-02-07,2021,2,midday_afternoon,100.0,94.0,True,True,True,0.002704958130701275,False,32632.0,EPSG:32632,94.0,34751.0,0.8765578866004944,0.9492230415344238,0.6355059742927551,1.0,0.1303343921899795
raster,esi,ECO_L4T_ESI.002_ESI_20210425T092913_aid0001_32N.tif,data/ESI/ECO_L4T_ESI.002_ESI_20210425T092913_aid0001_32N.tif,ECO_L4T_ESI.002_ESI_20210425T092913_aid0001_32N.tif,2021-04-25,2021,4,midday_afternoon,100.0,94.0,True,True,True,0.002704958130701275,False,32632.0,EPSG:32632,94.0,34751.0,0.782764196395874,0.9500149488449096,0.2967020571231842,1.0,0.2780728936195373
raster,esi,ECO_L4T_ESI.002_ESI_20210613T100603_aid0001_32N.tif,data/ESI/ECO_L4T_ESI.002_ESI_20210613T100603_aid0001_32N.tif,ECO_L4T_ESI.002_ESI_20210613T100603_aid0001_32N.tif,2021-06-13,2021,6,midday_afternoon,100.0,94.0,True,True,True,0.002704958130701275,False,32632.0,EPSG:32632,94.0,34751.0,0.6927999258041382,0.9999999403953552,0.0592677593231201,1.0,0.4136205911636352
raster,esi,ECO_L4T_ESI.002_ESI_20220207T105502_aid0001_32N.tif,data/ESI/ECO_L4T_ESI.002_ESI_20220207T105502_aid0001_32N.tif,ECO_L4T_ESI.002_ESI_20220207T105502_aid0001_32N.tif,2022-02-07,2022,2,midday_afternoon,100.0,94.0,True,True,True,0.002704958130701275,False,32632.0,EPSG:32632,94.0,34751.0,0.7090891599655151,0.9999999403953552,0.0,1.0,0.3980967998504638
raster,esi,ECO_L4T_ESI.002_ESI_20220211T091942_aid0001_32N.tif,data/ESI/ECO_L4T_ESI.002_ESI_20220211T091942_aid0001_32N.tif,ECO_L4T_ESI.002_ESI_20220211T091942_aid0001_32N.tif,2022-02-11,2022,2,midday_afternoon,100.0,94.0,True,True,True,0.002704958130701275,False,32632.0,EPSG:32632,94.0,34751.0,0.5310061573982239,0.3695273995399475,0.0,1.0,0.4391456246376037
raster,esi,ECO_L4T_ESI.002_ESI_20220406T164256_aid0001_32N.tif,data/ESI/ECO_L4T_ESI.002_ESI_20220406T164256_aid0001_32N.tif,ECO_L4T_ESI.002_ESI_20220406T164256_aid0001_32N.tif,2022-04-06,2022,4,evening,100.0,94.0,True,True,True,0.002704958130701275,False,32632.0,EPSG:32632,94.0,34751.0,0.8121389746665955,0.8472654819488525,0.4431241154670715,1.0,0.174504205584526
raster,esi,ECO_L4T_ESI.002_ESI_20230209T093133_aid0001_32N.tif,data/ESI/ECO_L4T_ESI.002_ESI_20230209T093133_aid0001_32N.tif,ECO_L4T_ESI.002_ESI_20230209T093133_aid0001_32N.tif,2023-02-09,2023,2,midday_afternoon,100.0,94.0,True,True,True,0.002704958130701275,False,32632.0,EPSG:32632,94.0,34751.0,0.6101698279380798,0.8938724994659424,0.0,1.0,0.4088169932365417
raster,esi,ECO_L4T_ESI.002_ESI_20230623T092314_aid0001_32N.tif,data/ESI/ECO_L4T_ESI.002_ESI_20230623T092314_aid0001_32N.tif,ECO_L4T_ESI.002_ESI_20230623T092314_aid0001_32N.tif,2023-06-23,2023,6,midday_afternoon,98.93617021276596,93.0,True,True,True,0.002704958130701275,False,32632.0,EPSG:32632,94.0,34751.0,0.663087010383606,0.782233715057373,0.341074138879776,1.0,0.2221572548151016
raster,esi,ECO_L4T_ESI.002_ESI_20250428T054918_aid0001_32N.tif,data/ESI/ECO_L4T_ESI.002_ESI_20250428T054918_aid0001_32N.tif,ECO_L4T_ESI.002_ESI_20250428T054918_aid0001_32N.tif,2025-04-28,2025,4,morning,100.0,94.0,True,True,True,0.002704958130701275,False,32632.0,EPSG:32632,94.0,34751.0,0.8574787974357605,1.0,0.5573319792747498,1.0,0.1955220401287078
raster,et,ECO_L3T_JET.002_ETdaily_20190215T140410_aid0001_32N.tif,data/ET/ECO_L3T_JET.002_ETdaily_20190215T140410_aid0001_32N.tif,ECO_L3T_JET.002_ETdaily_20190215T140410_aid0001_32N.tif,2019-02-15,2019,2,evening,100.0,94.0,True,True,True,0.002704958130701275,False,32632.0,EPSG:32632,94.0,34751.0,0.1484172791242599,0.137616217136383,0.0,0.3904381394386291,0.139700099825859
raster,et,ECO_L3T_JET.002_ETdaily_20190217T090743_aid0001_32N.tif,data/ET/ECO_L3T_JET.002_ETdaily_20190217T090743_aid0001_32N.tif,ECO_L3T_JET.002_ETdaily_20190217T090743_aid0001_32N.tif,2019-02-17,2019,2,midday_afternoon,100.0,94.0,True,True,True,0.002704958130701275,False,32632.0,EPSG:32632,94.0,34751.0,0.1057607159018516,0.0860195532441139,0.0,0.4063497483730316,0.1003255695104599
raster,et,ECO_L3T_JET.002_ETdaily_20190221T120841_aid0001_32N.tif,data/ET/ECO_L3T_JET.002_ETdaily_20190221T120841_aid0001_32N.tif,ECO_L3T_JET.002_ETdaily_20190221T120841_aid0001_32N.tif,2019-02-21,2019,2,midday_afternoon,100.0,94.0,True,True,True,0.002704958130701275,False,32632.0,EPSG:32632,94.0,34751.0,0.199005514383316,0.189337819814682,0.0,0.4857476949691772,0.1473929584026336
raster,et,ECO_L3T_JET.002_ETdaily_20190614T144037_aid0001_32N.tif,data/ET/ECO_L3T_JET.002_ETdaily_20190614T144037_aid0001_32N.tif,ECO_L3T_JET.002_ETdaily_20190614T144037_aid0001_32N.tif,2019-06-14,2019,6,evening,53.191489361702125,50.0,True,False,True,0.002704958130701275,False,32632.0,EPSG:32632,94.0,34751.0,1.7489961385726929,1.907215595245361,1.0405189990997314,2.5346693992614746,0.4855944514274597
raster,et,ECO_L3T_JET.002_ETdaily_20200330T154618_aid0001_32N.tif,data/ET/ECO_L3T_JET.002_ETdaily_20200330T154618_aid0001_32N.tif,ECO_L3T_JET.002_ETdaily_20200330T154618_aid0001_32N.tif,2020-03-30,2020,3,evening,100.0,94.0,True,True,True,0.002704958130701275,False,32632.0,EPSG:32632,94.0,34751.0,0.1726349294185638,0.1596557050943374,0.1182801946997642,0.3012883961200714,0.0394072532653808
raster,et,ECO_L3T_JET.002_ETdaily_20200331T145901_aid0001_32N.tif,data/ET/ECO_L3T_JET.002_ETdaily_20200331T145901_aid0001_32N.tif,ECO_L3T_JET.002_ETdaily_20200331T145901_aid0001_32N.tif,2020-03-31,2020,3,evening,100.0,94.0,True,True,True,0.002704958130701275,False,32632.0,EPSG:32632,94.0,34751.0,0.3941457271575928,0.3730469346046448,0.2545846104621887,0.7787896990776062,0.0979503095149993
raster,et,ECO_L3T_JET.002_ETdaily_20200407T124205_aid0001_32N.tif,data/ET/ECO_L3T_JET.002_ETdaily_20200407T124205_aid0001_32N.tif,ECO_L3T_JET.002_ETdaily_20200407T124205_aid0001_32N.tif,2020-04-07,2020,4,midday_afternoon,100.0,94.0,True,True,True,0.002704958130701275,False,32632.0,EPSG:32632,94.0,34751.0,0.6637150645256042,0.7395495176315308,0.0,1.5289087295532229,0.3664619326591491
raster,et,ECO_L3T_JET.002_ETdaily_20200627T083636_aid0001_32N.tif,data/ET/ECO_L3T_JET.002_ETdaily_20200627T083636_aid0001_32N.tif,ECO_L3T_JET.002_ETdaily_20200627T083636_aid0001_32N.tif,2020-06-27,2020,6,morning,100.0,94.0,True,True,True,0.002704958130701275,False,32632.0,EPSG:32632,94.0,34751.0,2.508640766143799,2.408566951751709,1.6710916757583618,3.4182205200195312,0.3956384062767029
raster,et,ECO_L3T_JET.002_ETdaily_20210131T135337_aid0001_32N.tif,data/ET/ECO_L3T_JET.002_ETdaily_20210131T135337_aid0001_32N.tif,ECO_L3T_JET.002_ETdaily_20210131T135337_aid0001_32N.tif,2021-01-31,2021,1,midday_afternoon,100.0,94.0,True,True,True,0.002704958130701275,False,32632.0,EPSG:32632,94.0,34751.0,0.1296856999397277,0.150091290473938,0.0,0.1647800505161285,0.0541082099080085
raster,et,ECO_L3T_JET.002_ETdaily_20210207T113525_aid0001_32N.tif,data/ET/ECO_L3T_JET.002_ETdaily_20210207T113525_aid0001_32N.tif,ECO_L3T_JET.002_ETdaily_20210207T113525_aid0001_32N.tif,2021-02-07,2021,2,midday_afternoon,100.0,94.0,True,True,True,0.002704958130701275,False,32632.0,EPSG:32632,94.0,34751.0,0.1531353443861007,0.1209023222327232,0.0613976530730724,0.4333271086215973,0.10810087621212
raster,et,ECO_L3T_JET.002_ETdaily_20210425T092913_aid0001_32N.tif,data/ET/ECO_L3T_JET.002_ETdaily_20210425T092913_aid0001_32N.tif,ECO_L3T_JET.002_ETdaily_20210425T092913_aid0001_32N.tif,2021-04-25,2021,4,midday_afternoon,100.0,94.0,True,True,True,0.002704958130701275,False,32632.0,EPSG:32632,94.0,34751.0,0.8656758069992065,0.8286173343658447,0.5870654582977295,1.154512643814087,0.1296489536762237
raster,et,ECO_L3T_JET.002_ETdaily_20210613T100603_aid0001_32N.tif,data/ET/ECO_L3T_JET.002_ETdaily_20210613T100603_aid0001_32N.tif,ECO_L3T_JET.002_ETdaily_20210613T100603_aid0001_32N.tif,2021-06-13,2021,6,midday_afternoon,100.0,94.0,True,True,True,0.002704958130701275,False,32632.0,EPSG:32632,94.0,34751.0,2.3097290992736816,2.297823667526245,0.3505140244960785,4.443583488464356,0.6918919682502747
raster,et,ECO_L3T_JET.002_ETdaily_20220207T105502_aid0001_32N.tif,data/ET/ECO_L3T_JET.002_ETdaily_20220207T105502_aid0001_32N.tif,ECO_L3T_JET.002_ETdaily_20220207T105502_aid0001_32N.tif,2022-02-07,2022,2,midday_afternoon,100.0,94.0,True,True,True,0.002704958130701275,False,32632.0,EPSG:32632,94.0,34751.0,0.0485419929027557,0.0480369254946708,0.0,0.112491674721241,0.0354539901018142
raster,et,ECO_L3T_JET.002_ETdaily_20220211T091942_aid0001_32N.tif,data/ET/ECO_L3T_JET.002_ETdaily_20220211T091942_aid0001_32N.tif,ECO_L3T_JET.002_ETdaily_20220211T091942_aid0001_32N.tif,2022-02-11,2022,2,midday_afternoon,100.0,94.0,True,True,True,0.002704958130701275,False,32632.0,EPSG:32632,94.0,34751.0,0.0263988841325044,0.0270353443920612,0.0,0.0695028975605964,0.0196053218096494
raster,et,ECO_L3T_JET.002_ETdaily_20220406T164256_aid0001_32N.tif,data/ET/ECO_L3T_JET.002_ETdaily_20220406T164256_aid0001_32N.tif,ECO_L3T_JET.002_ETdaily_20220406T164256_aid0001_32N.tif,2022-04-06,2022,4,evening,100.0,94.0,True,True,True,0.002704958130701275,False,32632.0,EPSG:32632,94.0,34751.0,0.4130795300006866,0.4372695088386535,0.1037136390805244,0.991636335849762,0.1543861478567123
raster,et,ECO_L3T_JET.002_ETdaily_20230209T093133_aid0001_32N.tif,data/ET/ECO_L3T_JET.002_ETdaily_20230209T093133_aid0001_32N.tif,ECO_L3T_JET.002_ETdaily_20230209T093133_aid0001_32N.tif,2023-02-09,2023,2,midday_afternoon,100.0,94.0,True,True,True,0.002704958130701275,False,32632.0,EPSG:32632,94.0,34751.0,0.0932396948337555,0.0957864746451377,0.0,0.2631531357765198,0.0449350550770759
raster,et,ECO_L3T_JET.002_ETdaily_20230623T092314_aid0001_32N.tif,data/ET/ECO_L3T_JET.002_ETdaily_20230623T092314_aid0001_32N.tif,ECO_L3T_JET.002_ETdaily_20230623T092314_aid0001_32N.tif,2023-06-23,2023,6,midday_afternoon,98.93617021276596,93.0,True,True,True,0.002704958130701275,False,32632.0,EPSG:32632,94.0,34751.0,2.187978982925415,2.172106981277466,1.8343405723571775,2.509204864501953,0.1484290808439254
raster,et,ECO_L3T_JET.002_ETdaily_20250428T054918_aid0001_32N.tif,data/ET/ECO_L3T_JET.002_ETdaily_20250428T054918_aid0001_32N.tif,ECO_L3T_JET.002_ETdaily_20250428T054918_aid0001_32N.tif,2025-04-28,2025,4,morning,100.0,94.0,True,True,True,0.002704958130701275,False,32632.0,EPSG:32632,94.0,34751.0,0.3398690521717071,0.3274176120758056,0.1566247940063476,0.6391178965568542,0.0744276270270347
raster,ndvi,ECO_L2T_STARS.002_NDVI-UQ_20190208T120053_aid0001_32N.tif,data/NDVI/ECO_L2T_STARS.002_NDVI-UQ_20190208T120053_aid0001_32N.tif,ECO_L2T_STARS.002_NDVI-UQ_20190208T120053_aid0001_32N.tif,2019-02-08,2019,2,midday_afternoon,100.0,94.0,True,True,True,0.002704958130701275,False,32632.0,EPSG:32632,94.0,34751.0,0.0350595973432064,0.0296999104321002,0.0009879628196358,0.0964424237608909,0.0138399545103311
raster,ndvi,ECO_L2T_STARS.002_NDVI_20190208T120053_aid0001_32N.tif,data/NDVI/ECO_L2T_STARS.002_NDVI_20190208T120053_aid0001_32N.tif,ECO_L2T_STARS.002_NDVI_20190208T120053_aid0001_32N.tif,2019-02-08,2019,2,midday_afternoon,100.0,94.0,True,True,True,0.002704958130701275,False,32632.0,EPSG:32632,94.0,34751.0,0.094477541744709,0.0940325111150741,-0.6043985486030579,0.3951743841171264,0.1542128920555114
raster,ndvi,ECO_L2T_STARS.002_NDVI-UQ_20190210T115446_aid0001_32N.tif,data/NDVI/ECO_L2T_STARS.002_NDVI-UQ_20190210T115446_aid0001_32N.tif,ECO_L2T_STARS.002_NDVI-UQ_20190210T115446_aid0001_32N.tif,2019-02-10,2019,2,midday_afternoon,100.0,94.0,True,True,True,0.002704958130701275,False,32632.0,EPSG:32632,94.0,34751.0,0.0307931397110223,0.0282207261770963,0.0249136798083782,0.0817901939153671,0.0097539033740758
raster,ndvi,ECO_L2T_STARS.002_NDVI_20190210T115446_aid0001_32N.tif,data/NDVI/ECO_L2T_STARS.002_NDVI_20190210T115446_aid0001_32N.tif,ECO_L2T_STARS.002_NDVI_20190210T115446_aid0001_32N.tif,2019-02-10,2019,2,midday_afternoon,100.0,94.0,True,True,True,0.002704958130701275,False,32632.0,EPSG:32632,94.0,34751.0,0.0331821590662002,0.007746759802103,-0.7628808617591858,0.3999316692352295,0.1778136640787124
raster,ndvi,ECO_L2T_STARS.002_NDVI-UQ_20190213T105702_aid0001_32N.tif,data/NDVI/ECO_L2T_STARS.002_NDVI-UQ_20190213T105702_aid0001_32N.tif,ECO_L2T_STARS.002_NDVI-UQ_20190213T105702_aid0001_32N.tif,2019-02-13,2019,2,midday_afternoon,100.0,94.0,True,True,True,0.002704958130701275,False,32632.0,EPSG:32632,94.0,34751.0,0.000995241687633,0.0009960945462808,0.0009375636582262,0.0009965314529836,6.735101578669855e-06
raster,ndvi,ECO_L2T_STARS.002_NDVI_20190213T105702_aid0001_32N.tif,data/NDVI/ECO_L2T_STARS.002_NDVI_20190213T105702_aid0001_32N.tif,ECO_L2T_STARS.002_NDVI_20190213T105702_aid0001_32N.tif,2019-02-13,2019,2,midday_afternoon,100.0,94.0,True,True,True,0.002704958130701275,False,32632.0,EPSG:32632,94.0,34751.0,-0.0710899606347084,-0.0578779280185699,-0.170122817158699,0.2568943798542022,0.0631971657276153
raster,ndvi,ECO_L2T_STARS.002_NDVI-UQ_20190215T140410_aid0001_32N.tif,data/NDVI/ECO_L2T_STARS.002_NDVI-UQ_20190215T140410_aid0001_32N.tif,ECO_L2T_STARS.002_NDVI-UQ_20190215T140410_aid0001_32N.tif,2019-02-15,2019,2,evening,100.0,94.0,True,True,True,0.002704958130701275,False,32632.0,EPSG:32632,94.0,34751.0,0.0136014828458428,0.014177163131535,0.0087887169793248,0.0141771929338574,0.0014114120276644
raster,ndvi,ECO_L2T_STARS.002_NDVI_20190215T140410_aid0001_32N.tif,data/NDVI/ECO_L2T_STARS.002_NDVI_20190215T140410_aid0001_32N.tif,ECO_L2T_STARS.002_NDVI_20190215T140410_aid0001_32N.tif,2019-02-15,2019,2,evening,100.0,94.0,True,True,True,0.002704958130701275,False,32632.0,EPSG:32632,94.0,34751.0,-0.0734421983361244,-0.0587649643421173,-0.1700874865055084,0.2248930037021637,0.0606161206960678
raster,ndvi,ECO_L2T_STARS.002_NDVI-UQ_20190217T090743_aid0001_32N.tif,data/NDVI/ECO_L2T_STARS.002_NDVI-UQ_20190217T090743_aid0001_32N.tif,ECO_L2T_STARS.002_NDVI-UQ_20190217T090743_aid0001_32N.tif,2019-02-17,2019,2,midday_afternoon,100.0,94.0,True,True,True,0.002704958130701275,False,32632.0,EPSG:32632,94.0,34751.0,0.0190437026321887,0.0200247764587402,0.0082960799336433,0.0200247969478368,0.0024798901285976
raster,ndvi,ECO_L2T_STARS.002_NDVI_20190217T090743_aid0001_32N.tif,data/NDVI/ECO_L2T_STARS.002_NDVI_20190217T090743_aid0001_32N.tif,ECO_L2T_STARS.002_NDVI_20190217T090743_aid0001_32N.tif,2019-02-17,2019,2,midday_afternoon,100.0,94.0,True,True,True,0.002704958130701275,False,32632.0,EPSG:32632,94.0,34751.0,-0.0721673741936683,-0.05726308375597,-0.1700277775526046,0.2266596853733062,0.0608396418392658
raster,ndvi,ECO_L2T_STARS.002_NDVI-UQ_20190222T111758_aid0001_32N.tif,data/NDVI/ECO_L2T_STARS.002_NDVI-UQ_20190222T111758_aid0001_32N.tif,ECO_L2T_STARS.002_NDVI-UQ_20190222T111758_aid0001_32N.tif,2019-02-22,2019,2,midday_afternoon,100.0,94.0,True,True,True,0.002704958130701275,False,32632.0,EPSG:32632,94.0,34751.0,0.0079252906143665,0.0071529373526573,0.005121243186295,0.016736838966608,0.002439992967993
raster,ndvi,ECO_L2T_STARS.002_NDVI_20190222T111758_aid0001_32N.tif,data/NDVI/ECO_L2T_STARS.002_NDVI_20190222T111758_aid0001_32N.tif,ECO_L2T_STARS.002_NDVI_20190222T111758_aid0001_32N.tif,2019-02-22,2019,2,midday_afternoon,100.0,94.0,True,True,True,0.002704958130701275,False,32632.0,EPSG:32632,94.0,34751.0,-0.1017900332808494,-0.0793678164482116,-0.2499159723520279,0.2390130907297134,0.0690787658095359
raster,ndvi,ECO_L2T_STARS.002_NDVI-UQ_20190223T071215_aid0001_32N.tif,data/NDVI/ECO_L2T_STARS.002_NDVI-UQ_20190223T071215_aid0001_32N.tif,ECO_L2T_STARS.002_NDVI-UQ_20190223T071215_aid0001_32N.tif,2019-02-23,2019,2,morning,100.0,94.0,True,True,True,0.002704958130701275,False,32632.0,EPSG:32632,94.0,34751.0,0.0008888310985639,0.0008812239393591,0.0008594838436692,0.0009520584135316,1.9842209439957514e-05
raster,ndvi,ECO_L2T_STARS.002_NDVI_20190223T071215_aid0001_32N.tif,data/NDVI/ECO_L2T_STARS.002_NDVI_20190223T071215_aid0001_32N.tif,ECO_L2T_STARS.002_NDVI_20190223T071215_aid0001_32N.tif,2019-02-23,2019,2,morning,100.0,94.0,True,True,True,0.002704958130701275,False,32632.0,EPSG:32632,94.0,34751.0,-0.1230141147971153,-0.0790411382913589,-0.3530643284320831,0.2781659364700317,0.0994317308068275
raster,ndvi,ECO_L2T_STARS.002_NDVI-UQ_20190228T092317_aid0001_32N.tif,data/NDVI/ECO_L2T_STARS.002_NDVI-UQ_20190228T092317_aid0001_32N.tif,ECO_L2T_STARS.002_NDVI-UQ_20190228T092317_aid0001_32N.tif,2019-02-28,2019,2,midday_afternoon,100.0,94.0,True,True,True,0.002704958130701275,False,32632.0,EPSG:32632,94.0,34751.0,0.0009978879243135,0.0009978576563298,0.0009948411025106,0.0009998581372201,1.5002709687905735e-06
raster,ndvi,ECO_L2T_STARS.002_NDVI_20190228T092317_aid0001_32N.tif,data/NDVI/ECO_L2T_STARS.002_NDVI_20190228T092317_aid0001_32N.tif,ECO_L2T_STARS.002_NDVI_20190228T092317_aid0001_32N.tif,2019-02-28,2019,2,midday_afternoon,100.0,94.0,True,True,True,0.002704958130701275,False,32632.0,EPSG:32632,94.0,34751.0,-0.1018567383289337,-0.0834806859493255,-0.2623254954814911,0.2379443645477295,0.0624321885406971
raster,ndvi,ECO_L2T_STARS.002_NDVI-UQ_20190609T122043_aid0001_32N.tif,data/NDVI/ECO_L2T_STARS.002_NDVI-UQ_20190609T122043_aid0001_32N.tif,ECO_L2T_STARS.002_NDVI-UQ_20190609T122043_aid0001_32N.tif,2019-06-09,2019,6,midday_afternoon,100.0,94.0,True,True,True,0.002704958130701275,False,32632.0,EPSG:32632,94.0,34751.0,0.0103612449020147,0.0100420918315649,0.0100418096408247,0.0137885175645351,0.0008758477633818
raster,ndvi,ECO_L2T_STARS.002_NDVI_20190609T122043_aid0001_32N.tif,data/NDVI/ECO_L2T_STARS.002_NDVI_20190609T122043_aid0001_32N.tif,ECO_L2T_STARS.002_NDVI_20190609T122043_aid0001_32N.tif,2019-06-09,2019,6,midday_afternoon,100.0,94.0,True,True,True,0.002704958130701275,False,32632.0,EPSG:32632,94.0,34751.0,-0.0909225195646286,-0.1278630495071411,-0.1465757489204406,0.5337568521499634,0.1092811301350593
raster,ndvi,ECO_L2T_STARS.002_NDVI-UQ_20190613T103920_aid0001_32N.tif,data/NDVI/ECO_L2T_STARS.002_NDVI-UQ_20190613T103920_aid0001_32N.tif,ECO_L2T_STARS.002_NDVI-UQ_20190613T103920_aid0001_32N.tif,2019-06-13,2019,6,midday_afternoon,100.0,94.0,True,True,True,0.002704958130701275,False,32632.0,EPSG:32632,94.0,34751.0,0.0009368279133923,0.0009249339927919,0.0009223166853189,0.0009965224890038,2.5602446839911863e-05
raster,ndvi,ECO_L2T_STARS.002_NDVI_20190613T103920_aid0001_32N.tif,data/NDVI/ECO_L2T_STARS.002_NDVI_20190613T103920_aid0001_32N.tif,ECO_L2T_STARS.002_NDVI_20190613T103920_aid0001_32N.tif,2019-06-13,2019,6,midday_afternoon,100.0,94.0,True,True,True,0.002704958130701275,False,32632.0,EPSG:32632,94.0,34751.0,-0.0148542653769254,-0.0710526183247566,-0.0922560170292854,0.665433943271637,0.1480166316032409
raster,ndvi,ECO_L2T_STARS.002_NDVI-UQ_20190614T144037_aid0001_32N.tif,data/NDVI/ECO_L2T_STARS.002_NDVI-UQ_20190614T144037_aid0001_32N.tif,ECO_L2T_STARS.002_NDVI-UQ_20190614T144037_aid0001_32N.tif,2019-06-14,2019,6,evening,100.0,94.0,True,True,True,0.002704958130701275,False,32632.0,EPSG:32632,94.0,34751.0,0.0088826939463615,0.008720451965928,0.0063181011937558,0.0100443242117762,0.0010106774279847
raster,ndvi,ECO_L2T_STARS.002_NDVI_20190614T144037_aid0001_32N.tif,data/NDVI/ECO_L2T_STARS.002_NDVI_20190614T144037_aid0001_32N.tif,ECO_L2T_STARS.002_NDVI_20190614T144037_aid0001_32N.tif,2019-06-14,2019,6,evening,100.0,94.0,True,True,True,0.002704958130701275,False,32632.0,EPSG:32632,94.0,34751.0,-0.0198449455201625,-0.0754433274269104,-0.0955239757895469,0.6601117849349976,0.1481619328260421
raster,ndvi,ECO_L2T_STARS.002_NDVI-UQ_20190621T071621_aid0001_32N.tif,data/NDVI/ECO_L2T_STARS.002_NDVI-UQ_20190621T071621_aid0001_32N.tif,ECO_L2T_STARS.002_NDVI-UQ_20190621T071621_aid0001_32N.tif,2019-06-21,2019,6,morning,100.0,94.0,True,True,True,0.002704958130701275,False,32632.0,EPSG:32632,94.0,34751.0,0.0334383472800254,0.022382840514183,0.017521834000945,0.1316579133272171,0.0266273766756057
raster,ndvi,ECO_L2T_STARS.002_NDVI_20190621T071621_aid0001_32N.tif,data/NDVI/ECO_L2T_STARS.002_NDVI_20190621T071621_aid0001_32N.tif,ECO_L2T_STARS.002_NDVI_20190621T071621_aid0001_32N.tif,2019-06-21,2019,6,morning,100.0,94.0,True,True,True,0.002704958130701275,False,32632.0,EPSG:32632,94.0,34751.0,0.0961528420448303,-0.0342942327260971,-0.0765526443719863,0.6541333198547363,0.1917639523744583
raster,ndvi,ECO_L2T_STARS.002_NDVI-UQ_20200131T150849_aid0001_32N.tif,data/NDVI/ECO_L2T_STARS.002_NDVI-UQ_20200131T150849_aid0001_32N.tif,ECO_L2T_STARS.002_NDVI-UQ_20200131T150849_aid0001_32N.tif,2020-01-31,2020,1,evening,100.0,94.0,True,True,True,0.002704958130701275,False,32632.0,EPSG:32632,94.0,34751.0,0.0175980236381292,0.0183288939297199,0.0045685269869863,0.034794446080923,0.006982700433582
raster,ndvi,ECO_L2T_STARS.002_NDVI_20200131T150849_aid0001_32N.tif,data/NDVI/ECO_L2T_STARS.002_NDVI_20200131T150849_aid0001_32N.tif,ECO_L2T_STARS.002_NDVI_20200131T150849_aid0001_32N.tif,2020-01-31,2020,1,evening,100.0,94.0,True,True,True,0.002704958130701275,False,32632.0,EPSG:32632,94.0,34751.0,0.031479250639677,0.0191448740661144,-0.1707683354616165,0.213515043258667,0.0976743027567863
raster,ndvi,ECO_L2T_STARS.002_NDVI-UQ_20200211T143038_aid0001_32N.tif,data/NDVI/ECO_L2T_STARS.002_NDVI-UQ_20200211T143038_aid0001_32N.tif,ECO_L2T_STARS.002_NDVI-UQ_20200211T143038_aid0001_32N.tif,2020-02-11,2020,2,evening,100.0,94.0,True,True,True,0.002704958130701275,False,32632.0,EPSG:32632,94.0,34751.0,0.0334551483392715,0.0242139101028442,0.0174106750637292,0.105527639389038,0.022738853469491
raster,ndvi,ECO_L2T_STARS.002_NDVI_20200211T143038_aid0001_32N.tif,data/NDVI/ECO_L2T_STARS.002_NDVI_20200211T143038_aid0001_32N.tif,ECO_L2T_STARS.002_NDVI_20200211T143038_aid0001_32N.tif,2020-02-11,2020,2,evening,100.0,94.0,True,True,True,0.002704958130701275,False,32632.0,EPSG:32632,94.0,34751.0,0.0508611798286438,0.011899659410119,-0.2115156054496765,0.3000000119209289,0.1196776032447815
raster,ndvi,ECO_L2T_STARS.002_NDVI-UQ_20200330T154618_aid0001_32N.tif,data/NDVI/ECO_L2T_STARS.002_NDVI-UQ_20200330T154618_aid0001_32N.tif,ECO_L2T_STARS.002_NDVI-UQ_20200330T154618_aid0001_32N.tif,2020-03-30,2020,3,evening,100.0,94.0,True,True,True,0.002704958130701275,False,32632.0,EPSG:32632,94.0,34751.0,0.0314000509679317,0.0299999993294477,0.0183474216610193,0.0434785336256027,0.006063925102353
raster,ndvi,ECO_L2T_STARS.002_NDVI_20200330T154618_aid0001_32N.tif,data/NDVI/ECO_L2T_STARS.002_NDVI_20200330T154618_aid0001_32N.tif,ECO_L2T_STARS.002_NDVI_20200330T154618_aid0001_32N.tif,2020-03-30,2020,3,evening,100.0,94.0,True,True,True,0.002704958130701275,False,32632.0,EPSG:32632,94.0,34751.0,0.0133819822221994,-0.0214810818433761,-0.1288229674100875,0.3000000119209289,0.124884508550167
raster,ndvi,ECO_L2T_STARS.002_NDVI-UQ_20200331T145901_aid0001_32N.tif,data/NDVI/ECO_L2T_STARS.002_NDVI-UQ_20200331T145901_aid0001_32N.tif,ECO_L2T_STARS.002_NDVI-UQ_20200331T145901_aid0001_32N.tif,2020-03-31,2020,3,evening,100.0,94.0,True,True,True,0.002704958130701275,False,32632.0,EPSG:32632,94.0,34751.0,0.0309173706918954,0.0299999993294477,0.0181747805327177,0.043102528899908,0.0059495558962225
raster,ndvi,ECO_L2T_STARS.002_NDVI_20200331T145901_aid0001_32N.tif,data/NDVI/ECO_L2T_STARS.002_NDVI_20200331T145901_aid0001_32N.tif,ECO_L2T_STARS.002_NDVI_20200331T145901_aid0001_32N.tif,2020-03-31,2020,3,evening,100.0,94.0,True,True,True,0.002704958130701275,False,32632.0,EPSG:32632,94.0,34751.0,0.019497063010931,-0.0123495906591415,-0.1298727095127105,0.3000000119209289,0.1270297169685363
raster,ndvi,ECO_L2T_STARS.002_NDVI-UQ_20200403T141346_aid0001_32N.tif,data/NDVI/ECO_L2T_STARS.002_NDVI-UQ_20200403T141346_aid0001_32N.tif,ECO_L2T_STARS.002_NDVI-UQ_20200403T141346_aid0001_32N.tif,2020-04-03,2020,4,evening,100.0,94.0,True,True,True,0.002704958130701275,False,32632.0,EPSG:32632,94.0,34751.0,0.03230507299304,0.0351092033088207,0.0008814967004582,0.0535340458154678,0.0143802836537361
raster,ndvi,ECO_L2T_STARS.002_NDVI_20200403T141346_aid0001_32N.tif,data/NDVI/ECO_L2T_STARS.002_NDVI_20200403T141346_aid0001_32N.tif,ECO_L2T_STARS.002_NDVI_20200403T141346_aid0001_32N.tif,2020-04-03,2020,4,evening,100.0,94.0,True,True,True,0.002704958130701275,False,32632.0,EPSG:32632,94.0,34751.0,-0.0021434826776385,-0.0423200502991676,-0.139242947101593,0.3000000119209289,0.1259109526872635
raster,ndvi,ECO_L2T_STARS.002_NDVI-UQ_20200406T164324_aid0001_32N.tif,data/NDVI/ECO_L2T_STARS.002_NDVI-UQ_20200406T164324_aid0001_32N.tif,ECO_L2T_STARS.002_NDVI-UQ_20200406T164324_aid0001_32N.tif,2020-04-06,2020,4,evening,100.0,94.0,True,True,True,0.002704958130701275,False,32632.0,EPSG:32632,94.0,34751.0,0.0405631437897682,0.0416574478149414,0.0009927025530487,0.0696030184626579,0.015723954886198
raster,ndvi,ECO_L2T_STARS.002_NDVI_20200406T164324_aid0001_32N.tif,data/NDVI/ECO_L2T_STARS.002_NDVI_20200406T164324_aid0001_32N.tif,ECO_L2T_STARS.002_NDVI_20200406T164324_aid0001_32N.tif,2020-04-06,2020,4,evening,100.0,94.0,True,True,True,0.002704958130701275,False,32632.0,EPSG:32632,94.0,34751.0,-0.0347580909729003,-0.0629116594791412,-0.1428625136613845,0.1623450070619583,0.0835596844553947
raster,ndvi,ECO_L2T_STARS.002_NDVI-UQ_20200407T124205_aid0001_32N.tif,data/NDVI/ECO_L2T_STARS.002_NDVI-UQ_20200407T124205_aid0001_32N.tif,ECO_L2T_STARS.002_NDVI-UQ_20200407T124205_aid0001_32N.tif,2020-04-07,2020,4,midday_afternoon,100.0,94.0,True,True,True,0.002704958130701275,False,32632.0,EPSG:32632,94.0,34751.0,0.0223693996667861,0.0038284938782453,0.0009963031625375,0.0648920014500618,0.0228460449725389
raster,ndvi,ECO_L2T_STARS.002_NDVI_20200407T124205_aid0001_32N.tif,data/NDVI/ECO_L2T_STARS.002_NDVI_20200407T124205_aid0001_32N.tif,ECO_L2T_STARS.002_NDVI_20200407T124205_aid0001_32N.tif,2020-04-07,2020,4,midday_afternoon,100.0,94.0,True,True,True,0.002704958130701275,False,32632.0,EPSG:32632,94.0,34751.0,-0.0956125631928443,-0.1043745055794715,-0.1774198114871978,0.0290035270154476,0.0468232594430446
raster,ndvi,ECO_L2T_STARS.002_NDVI-UQ_20200408T115513_aid0001_32N.tif,data/NDVI/ECO_L2T_STARS.002_NDVI-UQ_20200408T115513_aid0001_32N.tif,ECO_L2T_STARS.002_NDVI-UQ_20200408T115513_aid0001_32N.tif,2020-04-08,2020,4,midday_afternoon,100.0,94.0,True,True,True,0.002704958130701275,False,32632.0,EPSG:32632,94.0,34751.0,0.0189934186637401,0.0009867571061477,0.000845726695843,0.0647062510251998,0.0231352485716342
raster,ndvi,ECO_L2T_STARS.002_NDVI_20200408T115513_aid0001_32N.tif,data/NDVI/ECO_L2T_STARS.002_NDVI_20200408T115513_aid0001_32N.tif,ECO_L2T_STARS.002_NDVI_20200408T115513_aid0001_32N.tif,2020-04-08,2020,4,midday_afternoon,100.0,94.0,True,True,True,0.002704958130701275,False,32632.0,EPSG:32632,94.0,34751.0,-0.0827621519565582,-0.0867765545845031,-0.1571368277072906,0.0957744643092155,0.0414663739502429
raster,ndvi,ECO_L2T_STARS.002_NDVI-UQ_20200410T151152_aid0001_32N.tif,data/NDVI/ECO_L2T_STARS.002_NDVI-UQ_20200410T151152_aid0001_32N.tif,ECO_L2T_STARS.002_NDVI-UQ_20200410T151152_aid0001_32N.tif,2020-04-10,2020,4,evening,100.0,94.0,True,True,True,0.002704958130701275,False,32632.0,EPSG:32632,94.0,34751.0,0.0335324890911579,0.0318624302744865,0.0074288342148065,0.0723868906497955,0.0170929804444313
raster,ndvi,ECO_L2T_STARS.002_NDVI_20200410T151152_aid0001_32N.tif,data/NDVI/ECO_L2T_STARS.002_NDVI_20200410T151152_aid0001_32N.tif,ECO_L2T_STARS.002_NDVI_20200410T151152_aid0001_32N.tif,2020-04-10,2020,4,evening,100.0,94.0,True,True,True,0.002704958130701275,False,32632.0,EPSG:32632,94.0,34751.0,-0.0818772315979003,-0.0858261138200759,-0.1526644080877304,0.0904823541641235,0.0396936200559139
raster,ndvi,ECO_L2T_STARS.002_NDVI-UQ_20200414T134001_aid0001_32N.tif,data/NDVI/ECO_L2T_STARS.002_NDVI-UQ_20200414T134001_aid0001_32N.tif,ECO_L2T_STARS.002_NDVI-UQ_20200414T134001_aid0001_32N.tif,2020-04-14,2020,4,midday_afternoon,100.0,94.0,True,True,True,0.002704958130701275,False,32632.0,EPSG:32632,94.0,34751.0,0.0366828367114067,0.0359460785984993,0.0113921500742435,0.0740955844521522,0.0163859911262989
raster,ndvi,ECO_L2T_STARS.002_NDVI_20200414T134001_aid0001_32N.tif,data/NDVI/ECO_L2T_STARS.002_NDVI_20200414T134001_aid0001_32N.tif,ECO_L2T_STARS.002_NDVI_20200414T134001_aid0001_32N.tif,2020-04-14,2020,4,midday_afternoon,100.0,94.0,True,True,True,0.002704958130701275,False,32632.0,EPSG:32632,94.0,34751.0,-0.0880106985569,-0.0931812822818756,-0.1657654792070388,0.0883651003241539,0.0432473681867122
raster,ndvi,ECO_L2T_STARS.002_NDVI-UQ_20200417T080401_aid0001_32N.tif,data/NDVI/ECO_L2T_STARS.002_NDVI-UQ_20200417T080401_aid0001_32N.tif,ECO_L2T_STARS.002_NDVI-UQ_20200417T080401_aid0001_32N.tif,2020-04-17,2020,4,morning,100.0,94.0,True,True,True,0.002704958130701275,False,32632.0,EPSG:32632,94.0,34751.0,0.0394030176103115,0.0397374033927917,0.0139787755906581,0.0740825161337852,0.0153005355969071
raster,ndvi,ECO_L2T_STARS.002_NDVI_20200417T080401_aid0001_32N.tif,data/NDVI/ECO_L2T_STARS.002_NDVI_20200417T080401_aid0001_32N.tif,ECO_L2T_STARS.002_NDVI_20200417T080401_aid0001_32N.tif,2020-04-17,2020,4,morning,100.0,94.0,True,True,True,0.002704958130701275,False,32632.0,EPSG:32632,94.0,34751.0,-0.0734036564826965,-0.082065612077713,-0.1526835709810257,0.1069005504250526,0.0475713945925235
raster,ndvi,ECO_L2T_STARS.002_NDVI-UQ_20200420T071859_aid0001_32N.tif,data/NDVI/ECO_L2T_STARS.002_NDVI-UQ_20200420T071859_aid0001_32N.tif,ECO_L2T_STARS.002_NDVI-UQ_20200420T071859_aid0001_32N.tif,2020-04-20,2020,4,morning,100.0,94.0,True,True,True,0.002704958130701275,False,32632.0,EPSG:32632,94.0,34751.0,0.0215586647391319,0.0184128861874341,0.0136002460494637,0.073368102312088,0.0122116291895508
raster,ndvi,ECO_L2T_STARS.002_NDVI_20200420T071859_aid0001_32N.tif,data/NDVI/ECO_L2T_STARS.002_NDVI_20200420T071859_aid0001_32N.tif,ECO_L2T_STARS.002_NDVI_20200420T071859_aid0001_32N.tif,2020-04-20,2020,4,morning,100.0,94.0,True,True,True,0.002704958130701275,False,32632.0,EPSG:32632,94.0,34751.0,0.0116524370387196,0.0111095588654279,-0.0700489804148674,0.1162114664912223,0.0455491617321968
raster,ndvi,ECO_L2T_STARS.002_NDVI-UQ_20200430T072602_aid0001_32N.tif,data/NDVI/ECO_L2T_STARS.002_NDVI-UQ_20200430T072602_aid0001_32N.tif,ECO_L2T_STARS.002_NDVI-UQ_20200430T072602_aid0001_32N.tif,2020-04-30,2020,4,morning,100.0,94.0,True,True,True,0.002704958130701275,False,32632.0,EPSG:32632,94.0,34751.0,0.0198164321482181,0.018338281661272,0.0155982477590441,0.0373014025390148,0.0047077382914721
raster,ndvi,ECO_L2T_STARS.002_NDVI_20200430T072602_aid0001_32N.tif,data/NDVI/ECO_L2T_STARS.002_NDVI_20200430T072602_aid0001_32N.tif,ECO_L2T_STARS.002_NDVI_20200430T072602_aid0001_32N.tif,2020-04-30,2020,4,morning,100.0,94.0,True,True,True,0.002704958130701275,False,32632.0,EPSG:32632,94.0,34751.0,-0.0833491906523704,-0.0964436084032058,-0.1381895393133163,0.2351075261831283,0.0539984479546546
raster,ndvi,ECO_L2T_STARS.002_NDVI-UQ_20200503T063952_aid0001_32N.tif,data/NDVI/ECO_L2T_STARS.002_NDVI-UQ_20200503T063952_aid0001_32N.tif,ECO_L2T_STARS.002_NDVI-UQ_20200503T063952_aid0001_32N.tif,2020-05-03,2020,5,morning,100.0,94.0,True,True,True,0.002704958130701275,False,32632.0,EPSG:32632,94.0,34751.0,0.0212809201329946,0.0247316770255565,0.0009993220446631,0.026270929723978,0.0085127018392086
raster,ndvi,ECO_L2T_STARS.002_NDVI_20200503T063952_aid0001_32N.tif,data/NDVI/ECO_L2T_STARS.002_NDVI_20200503T063952_aid0001_32N.tif,ECO_L2T_STARS.002_NDVI_20200503T063952_aid0001_32N.tif,2020-05-03,2020,5,morning,100.0,94.0,True,True,True,0.002704958130701275,False,32632.0,EPSG:32632,94.0,34751.0,-0.0702709257602691,-0.0903445929288864,-0.1381895393133163,0.2368585020303726,0.0610388107597827
raster,ndvi,ECO_L2T_STARS.002_NDVI-UQ_20200608T122800_aid0001_32N.tif,data/NDVI/ECO_L2T_STARS.002_NDVI-UQ_20200608T122800_aid0001_32N.tif,ECO_L2T_STARS.002_NDVI-UQ_20200608T122800_aid0001_32N.tif,2020-06-08,2020,6,midday_afternoon,100.0,94.0,True,True,True,0.002704958130701275,False,32632.0,EPSG:32632,94.0,34751.0,0.0249359346926212,0.0245151333510875,0.0198929961770772,0.0287824887782335,0.0019705677404999
raster,ndvi,ECO_L2T_STARS.002_NDVI_20200608T122800_aid0001_32N.tif,data/NDVI/ECO_L2T_STARS.002_NDVI_20200608T122800_aid0001_32N.tif,ECO_L2T_STARS.002_NDVI_20200608T122800_aid0001_32N.tif,2020-06-08,2020,6,midday_afternoon,100.0,94.0,True,True,True,0.002704958130701275,False,32632.0,EPSG:32632,94.0,34751.0,0.024171233177185,-0.0286408364772796,-0.0764558240771293,0.5949360728263855,0.1390773952007293
raster,ndvi,ECO_L2T_STARS.002_NDVI-UQ_20200609T113922_aid0001_32N.tif,data/NDVI/ECO_L2T_STARS.002_NDVI-UQ_20200609T113922_aid0001_32N.tif,ECO_L2T_STARS.002_NDVI-UQ_20200609T113922_aid0001_32N.tif,2020-06-09,2020,6,midday_afternoon,100.0,94.0,True,True,True,0.002704958130701275,False,32632.0,EPSG:32632,94.0,34751.0,0.0270302239805459,0.0264762416481971,0.0241935532540082,0.029457526281476,0.0012380175758153
raster,ndvi,ECO_L2T_STARS.002_NDVI_20200609T113922_aid0001_32N.tif,data/NDVI/ECO_L2T_STARS.002_NDVI_20200609T113922_aid0001_32N.tif,ECO_L2T_STARS.002_NDVI_20200609T113922_aid0001_32N.tif,2020-06-09,2020,6,midday_afternoon,100.0,94.0,True,True,True,0.002704958130701275,False,32632.0,EPSG:32632,94.0,34751.0,0.0310866273939609,-0.0284608453512191,-0.0763998031616211,0.3986549377441406,0.1453592926263809
raster,ndvi,ECO_L2T_STARS.002_NDVI-UQ_20200610T105207_aid0001_32N.tif,data/NDVI/ECO_L2T_STARS.002_NDVI-UQ_20200610T105207_aid0001_32N.tif,ECO_L2T_STARS.002_NDVI-UQ_20200610T105207_aid0001_32N.tif,2020-06-10,2020,6,midday_afternoon,100.0,94.0,True,True,True,0.002704958130701275,False,32632.0,EPSG:32632,94.0,34751.0,0.029495308175683,0.0299999993294477,0.0254562869668006,0.0299999993294477,0.0012327657314017
raster,ndvi,ECO_L2T_STARS.002_NDVI_20200610T105207_aid0001_32N.tif,data/NDVI/ECO_L2T_STARS.002_NDVI_20200610T105207_aid0001_32N.tif,ECO_L2T_STARS.002_NDVI_20200610T105207_aid0001_32N.tif,2020-06-10,2020,6,midday_afternoon,100.0,94.0,True,True,True,0.002704958130701275,False,32632.0,EPSG:32632,94.0,34751.0,0.3101265132427215,0.3000000119209289,0.3000000119209289,0.3984605967998504,0.0259588193148374
raster,ndvi,ECO_L2T_STARS.002_NDVI-UQ_20200612T105304_aid0001_32N.tif,data/NDVI/ECO_L2T_STARS.002_NDVI-UQ_20200612T105304_aid0001_32N.tif,ECO_L2T_STARS.002_NDVI-UQ_20200612T105304_aid0001_32N.tif,2020-06-12,2020,6,midday_afternoon,100.0,94.0,True,True,True,0.002704958130701275,False,32632.0,EPSG:32632,94.0,34751.0,0.0297542680054903,0.0299999993294477,0.0278102811425924,0.0299999993294477,0.0005998644046485
raster,ndvi,ECO_L2T_STARS.002_NDVI_20200612T105304_aid0001_32N.tif,data/NDVI/ECO_L2T_STARS.002_NDVI_20200612T105304_aid0001_32N.tif,ECO_L2T_STARS.002_NDVI_20200612T105304_aid0001_32N.tif,2020-06-12,2020,6,midday_afternoon,100.0,94.0,True,True,True,0.002704958130701275,False,32632.0,EPSG:32632,94.0,34751.0,0.3101288974285126,0.3000000119209289,0.3000000119209289,0.3983134627342224,0.0259518567472696
raster,ndvi,ECO_L2T_STARS.002_NDVI-UQ_20200619T114557_aid0001_32N.tif,data/NDVI/ECO_L2T_STARS.002_NDVI-UQ_20200619T114557_aid0001_32N.tif,ECO_L2T_STARS.002_NDVI-UQ_20200619T114557_aid0001_32N.tif,2020-06-19,2020,6,midday_afternoon,100.0,94.0,True,True,True,0.002704958130701275,False,32632.0,EPSG:32632,94.0,34751.0,0.0331662446260452,0.0331662483513355,0.0331662483513355,0.0331662483513355,3.725290298461914e-09
raster,ndvi,ECO_L2T_STARS.002_NDVI_20200619T114557_aid0001_32N.tif,data/NDVI/ECO_L2T_STARS.002_NDVI_20200619T114557_aid0001_32N.tif,ECO_L2T_STARS.002_NDVI_20200619T114557_aid0001_32N.tif,2020-06-19,2020,6,midday_afternoon,100.0,94.0,True,True,True,0.002704958130701275,False,32632.0,EPSG:32632,94.0,34751.0,0.2999999225139618,0.3000000119209289,0.3000000119209289,0.3000000119209289,8.940696716308595e-08
raster,ndvi,ECO_L2T_STARS.002_NDVI-UQ_20200627T083636_aid0001_32N.tif,data/NDVI/ECO_L2T_STARS.002_NDVI-UQ_20200627T083636_aid0001_32N.tif,ECO_L2T_STARS.002_NDVI-UQ_20200627T083636_aid0001_32N.tif,2020-06-27,2020,6,morning,100.0,94.0,True,True,True,0.002704958130701275,False,32632.0,EPSG:32632,94.0,34751.0,0.0435889922082424,0.0435889922082424,0.0435889922082424,0.0435889922082424,0.0
raster,ndvi,ECO_L2T_STARS.002_NDVI_20200627T083636_aid0001_32N.tif,data/NDVI/ECO_L2T_STARS.002_NDVI_20200627T083636_aid0001_32N.tif,ECO_L2T_STARS.002_NDVI_20200627T083636_aid0001_32N.tif,2020-06-27,2020,6,morning,100.0,94.0,True,True,True,0.002704958130701275,False,32632.0,EPSG:32632,94.0,34751.0,0.2999999225139618,0.3000000119209289,0.3000000119209289,0.3000000119209289,8.940696716308595e-08
raster,ndvi,ECO_L2T_STARS.002_NDVI-UQ_20210131T135337_aid0001_32N.tif,data/NDVI/ECO_L2T_STARS.002_NDVI-UQ_20210131T135337_aid0001_32N.tif,ECO_L2T_STARS.002_NDVI-UQ_20210131T135337_aid0001_32N.tif,2021-01-31,2021,1,midday_afternoon,100.0,94.0,True,True,True,0.002704958130701275,False,32632.0,EPSG:32632,94.0,34751.0,0.045154757797718,0.045825757086277,0.039824228733778,0.045825757086277,0.001640583272092
raster,ndvi,ECO_L2T_STARS.002_NDVI_20210131T135337_aid0001_32N.tif,data/NDVI/ECO_L2T_STARS.002_NDVI_20210131T135337_aid0001_32N.tif,ECO_L2T_STARS.002_NDVI_20210131T135337_aid0001_32N.tif,2021-01-31,2021,1,midday_afternoon,100.0,94.0,True,True,True,0.002704958130701275,False,32632.0,EPSG:32632,94.0,34751.0,0.2583447396755218,0.3000000119209289,-0.0138159105554223,0.3000000119209289,0.1000202596187591
raster,ndvi,ECO_L2T_STARS.002_NDVI-UQ_20210207T113525_aid0001_32N.tif,data/NDVI/ECO_L2T_STARS.002_NDVI-UQ_20210207T113525_aid0001_32N.tif,ECO_L2T_STARS.002_NDVI-UQ_20210207T113525_aid0001_32N.tif,2021-02-07,2021,2,midday_afternoon,100.0,94.0,True,True,True,0.002704958130701275,False,32632.0,EPSG:32632,94.0,34751.0,0.0246741510927677,0.0266678277403116,0.0141771649941802,0.0299999993294477,0.0052042268216609
raster,ndvi,ECO_L2T_STARS.002_NDVI_20210207T113525_aid0001_32N.tif,data/NDVI/ECO_L2T_STARS.002_NDVI_20210207T113525_aid0001_32N.tif,ECO_L2T_STARS.002_NDVI_20210207T113525_aid0001_32N.tif,2021-02-07,2021,2,midday_afternoon,100.0,94.0,True,True,True,0.002704958130701275,False,32632.0,EPSG:32632,94.0,34751.0,0.1120458245277404,0.1328712105751037,-0.0696077123284339,0.3000000119209289,0.1029555276036262
raster,ndvi,ECO_L2T_STARS.002_NDVI-UQ_20210216T123350_aid0001_32N.tif,data/NDVI/ECO_L2T_STARS.002_NDVI-UQ_20210216T123350_aid0001_32N.tif,ECO_L2T_STARS.002_NDVI-UQ_20210216T123350_aid0001_32N.tif,2021-02-16,2021,2,midday_afternoon,100.0,94.0,True,True,True,0.002704958130701275,False,32632.0,EPSG:32632,94.0,34751.0,0.0123909329995512,0.0100498301908373,0.0054035792127251,0.0355938114225864,0.0079091228544712
raster,ndvi,ECO_L2T_STARS.002_NDVI_20210216T123350_aid0001_32N.tif,data/NDVI/ECO_L2T_STARS.002_NDVI_20210216T123350_aid0001_32N.tif,ECO_L2T_STARS.002_NDVI_20210216T123350_aid0001_32N.tif,2021-02-16,2021,2,midday_afternoon,100.0,94.0,True,True,True,0.002704958130701275,False,32632.0,EPSG:32632,94.0,34751.0,-0.0476237423717975,-0.0612563900649547,-0.1264424473047256,0.1708206534385681,0.0731991231441497
raster,ndvi,ECO_L2T_STARS.002_NDVI-UQ_20210217T114619_aid0001_32N.tif,data/NDVI/ECO_L2T_STARS.002_NDVI-UQ_20210217T114619_aid0001_32N.tif,ECO_L2T_STARS.002_NDVI-UQ_20210217T114619_aid0001_32N.tif,2021-02-17,2021,2,midday_afternoon,100.0,94.0,True,True,True,0.002704958130701275,False,32632.0,EPSG:32632,94.0,34751.0,0.0142862843349576,0.014177163131535,0.0074508762918412,0.0252239424735307,0.0036316458135843
raster,ndvi,ECO_L2T_STARS.002_NDVI_20210217T114619_aid0001_32N.tif,data/NDVI/ECO_L2T_STARS.002_NDVI_20210217T114619_aid0001_32N.tif,ECO_L2T_STARS.002_NDVI_20210217T114619_aid0001_32N.tif,2021-02-17,2021,2,midday_afternoon,100.0,94.0,True,True,True,0.002704958130701275,False,32632.0,EPSG:32632,94.0,34751.0,-0.0642991214990615,-0.0724323019385337,-0.1263859421014785,0.0995163321495056,0.0471876673400402
raster,ndvi,ECO_L2T_STARS.002_NDVI_20210330T152831_aid0001_32N.tif,data/NDVI/ECO_L2T_STARS.002_NDVI_20210330T152831_aid0001_32N.tif,ECO_L2T_STARS.002_NDVI_20210330T152831_aid0001_32N.tif,2021-03-30,2021,3,evening,100.0,94.0,True,True,True,0.002704958130701275,False,32632.0,EPSG:32632,94.0,34751.0,-0.0823714137077331,-0.0861703604459762,-0.0998896136879921,0.0724820494651794,0.0196924842894077
raster,ndvi,ECO_L2T_STARS.002_NDVI-UQ_20210405T122034_aid0001_32N.tif,data/NDVI/ECO_L2T_STARS.002_NDVI-UQ_20210405T122034_aid0001_32N.tif,ECO_L2T_STARS.002_NDVI-UQ_20210405T122034_aid0001_32N.tif,2021-04-05,2021,4,midday_afternoon,100.0,94.0,True,True,True,0.002704958130701275,False,32632.0,EPSG:32632,94.0,34751.0,0.0169857442378997,0.0161440894007682,0.0117269400507211,0.0285918284207582,0.0038399347104132
raster,ndvi,ECO_L2T_STARS.002_NDVI_20210405T122034_aid0001_32N.tif,data/NDVI/ECO_L2T_STARS.002_NDVI_20210405T122034_aid0001_32N.tif,ECO_L2T_STARS.002_NDVI_20210405T122034_aid0001_32N.tif,2021-04-05,2021,4,midday_afternoon,100.0,94.0,True,True,True,0.002704958130701275,False,32632.0,EPSG:32632,94.0,34751.0,-0.1002038419246673,-0.1047759354114532,-0.1662513315677642,0.166678249835968,0.037643726915121
raster,ndvi,ECO_L2T_STARS.002_NDVI-UQ_20210406T162426_aid0001_32N.tif,data/NDVI/ECO_L2T_STARS.002_NDVI-UQ_20210406T162426_aid0001_32N.tif,ECO_L2T_STARS.002_NDVI-UQ_20210406T162426_aid0001_32N.tif,2021-04-06,2021,4,evening,100.0,94.0,True,True,True,0.002704958130701275,False,32632.0,EPSG:32632,94.0,34751.0,0.0179070178419351,0.0165798794478178,0.0121158044785261,0.0334294252097606,0.0045706699602305
raster,ndvi,ECO_L2T_STARS.002_NDVI_20210406T162426_aid0001_32N.tif,data/NDVI/ECO_L2T_STARS.002_NDVI_20210406T162426_aid0001_32N.tif,ECO_L2T_STARS.002_NDVI_20210406T162426_aid0001_32N.tif,2021-04-06,2021,4,evening,100.0,94.0,True,True,True,0.002704958130701275,False,32632.0,EPSG:32632,94.0,34751.0,-0.1001497209072113,-0.1046754419803619,-0.1662581115961074,0.1676945835351944,0.0378238968551158
raster,ndvi,ECO_L2T_STARS.002_NDVI-UQ_20210408T113540_aid0001_32N.tif,data/NDVI/ECO_L2T_STARS.002_NDVI-UQ_20210408T113540_aid0001_32N.tif,ECO_L2T_STARS.002_NDVI-UQ_20210408T113540_aid0001_32N.tif,2021-04-08,2021,4,midday_afternoon,100.0,94.0,True,True,True,0.002704958130701275,False,32632.0,EPSG:32632,94.0,34751.0,0.0195783022791147,0.0176495760679245,0.0131663158535957,0.041453793644905,0.0059600211679935
raster,ndvi,ECO_L2T_STARS.002_NDVI_20210408T113540_aid0001_32N.tif,data/NDVI/ECO_L2T_STARS.002_NDVI_20210408T113540_aid0001_32N.tif,ECO_L2T_STARS.002_NDVI_20210408T113540_aid0001_32N.tif,2021-04-08,2021,4,midday_afternoon,100.0,94.0,True,True,True,0.002704958130701275,False,32632.0,EPSG:32632,94.0,34751.0,-0.0972850546240806,-0.1009806543588638,-0.1589036583900451,0.1693949401378631,0.0381571575999259
raster,ndvi,ECO_L2T_STARS.002_NDVI-UQ_20210417T074302_aid0001_32N.tif,data/NDVI/ECO_L2T_STARS.002_NDVI-UQ_20210417T074302_aid0001_32N.tif,ECO_L2T_STARS.002_NDVI-UQ_20210417T074302_aid0001_32N.tif,2021-04-17,2021,4,morning,100.0,94.0,True,True,True,0.002704958130701275,False,32632.0,EPSG:32632,94.0,34751.0,0.036437164992094,0.0390901379287242,0.0144426831975579,0.0628557279706001,0.0145981293171644
raster,ndvi,ECO_L2T_STARS.002_NDVI_20210417T074302_aid0001_32N.tif,data/NDVI/ECO_L2T_STARS.002_NDVI_20210417T074302_aid0001_32N.tif,ECO_L2T_STARS.002_NDVI_20210417T074302_aid0001_32N.tif,2021-04-17,2021,4,morning,100.0,94.0,True,True,True,0.002704958130701275,False,32632.0,EPSG:32632,94.0,34751.0,0.0155647536739707,0.0019598251674324,-0.0863423869013786,0.156280905008316,0.065359391272068
raster,ndvi,ECO_L2T_STARS.002_NDVI-UQ_20210420T065805_aid0001_32N.tif,data/NDVI/ECO_L2T_STARS.002_NDVI-UQ_20210420T065805_aid0001_32N.tif,ECO_L2T_STARS.002_NDVI-UQ_20210420T065805_aid0001_32N.tif,2021-04-20,2021,4,morning,100.0,94.0,True,True,True,0.002704958130701275,False,32632.0,EPSG:32632,94.0,34751.0,0.0409448742866516,0.0427555702626705,0.0225519631057977,0.0651984810829162,0.0128175448626279
raster,ndvi,ECO_L2T_STARS.002_NDVI_20210420T065805_aid0001_32N.tif,data/NDVI/ECO_L2T_STARS.002_NDVI_20210420T065805_aid0001_32N.tif,ECO_L2T_STARS.002_NDVI_20210420T065805_aid0001_32N.tif,2021-04-20,2021,4,morning,100.0,94.0,True,True,True,0.002704958130701275,False,32632.0,EPSG:32632,94.0,34751.0,0.0155647536739707,0.0019598251674324,-0.0863423869013786,0.156280905008316,0.065359391272068
raster,ndvi,ECO_L2T_STARS.002_NDVI-UQ_20210421T061028_aid0001_32N.tif,data/NDVI/ECO_L2T_STARS.002_NDVI-UQ_20210421T061028_aid0001_32N.tif,ECO_L2T_STARS.002_NDVI-UQ_20210421T061028_aid0001_32N.tif,2021-04-21,2021,4,morning,100.0,94.0,True,True,True,0.002704958130701275,False,32632.0,EPSG:32632,94.0,34751.0,0.0422757416963577,0.0439094379544258,0.0246696379035711,0.0659609138965606,0.0123908668756484
raster,ndvi,ECO_L2T_STARS.002_NDVI_20210421T061028_aid0001_32N.tif,data/NDVI/ECO_L2T_STARS.002_NDVI_20210421T061028_aid0001_32N.tif,ECO_L2T_STARS.002_NDVI_20210421T061028_aid0001_32N.tif,2021-04-21,2021,4,morning,100.0,94.0,True,True,True,0.002704958130701275,False,32632.0,EPSG:32632,94.0,34751.0,0.0155647536739707,0.0019598251674324,-0.0863423869013786,0.156280905008316,0.065359391272068
raster,ndvi,ECO_L2T_STARS.002_NDVI-UQ_20210423T061248_aid0001_32N.tif,data/NDVI/ECO_L2T_STARS.002_NDVI-UQ_20210423T061248_aid0001_32N.tif,ECO_L2T_STARS.002_NDVI-UQ_20210423T061248_aid0001_32N.tif,2021-04-23,2021,4,morning,100.0,94.0,True,True,True,0.002704958130701275,False,32632.0,EPSG:32632,94.0,34751.0,0.0447529219090938,0.0461306720972061,0.0284357350319623,0.0674599260091781,0.0116866314783692
raster,ndvi,ECO_L2T_STARS.002_NDVI_20210423T061248_aid0001_32N.tif,data/NDVI/ECO_L2T_STARS.002_NDVI_20210423T061248_aid0001_32N.tif,ECO_L2T_STARS.002_NDVI_20210423T061248_aid0001_32N.tif,2021-04-23,2021,4,morning,100.0,94.0,True,True,True,0.002704958130701275,False,32632.0,EPSG:32632,94.0,34751.0,0.0228149741888046,0.0019598251674324,-0.0863423869013786,0.1688749492168426,0.0756274387240409
raster,ndvi,ECO_L2T_STARS.002_NDVI-UQ_20210425T092913_aid0001_32N.tif,data/NDVI/ECO_L2T_STARS.002_NDVI-UQ_20210425T092913_aid0001_32N.tif,ECO_L2T_STARS.002_NDVI-UQ_20210425T092913_aid0001_32N.tif,2021-04-25,2021,4,midday_afternoon,100.0,94.0,True,True,True,0.002704958130701275,False,32632.0,EPSG:32632,94.0,34751.0,0.046695776283741,0.0477425567805767,0.0317583233118057,0.0675686374306678,0.0108404280617833
raster,ndvi,ECO_L2T_STARS.002_NDVI_20210425T092913_aid0001_32N.tif,data/NDVI/ECO_L2T_STARS.002_NDVI_20210425T092913_aid0001_32N.tif,ECO_L2T_STARS.002_NDVI_20210425T092913_aid0001_32N.tif,2021-04-25,2021,4,midday_afternoon,100.0,94.0,True,True,True,0.002704958130701275,False,32632.0,EPSG:32632,94.0,34751.0,0.0060354978777468,-0.0266959387809038,-0.1101983189582824,0.1688749492168426,0.0876293033361435
raster,ndvi,ECO_L2T_STARS.002_NDVI-UQ_20210525T170232_aid0001_32N.tif,data/NDVI/ECO_L2T_STARS.002_NDVI-UQ_20210525T170232_aid0001_32N.tif,ECO_L2T_STARS.002_NDVI-UQ_20210525T170232_aid0001_32N.tif,2021-05-25,2021,5,evening,100.0,94.0,True,True,True,0.002704958130701275,False,32632.0,EPSG:32632,94.0,34751.0,0.0187460109591484,0.0192053746432065,0.014177163131535,0.0261633079499006,0.0040443432517349
raster,ndvi,ECO_L2T_STARS.002_NDVI_20210525T170232_aid0001_32N.tif,data/NDVI/ECO_L2T_STARS.002_NDVI_20210525T170232_aid0001_32N.tif,ECO_L2T_STARS.002_NDVI_20210525T170232_aid0001_32N.tif,2021-05-25,2021,5,evening,100.0,94.0,True,True,True,0.002704958130701275,False,32632.0,EPSG:32632,94.0,34751.0,0.0111524490639567,-0.0003521866165101,-0.035599373281002,0.1319243311882019,0.0407326593995094
raster,ndvi,ECO_L2T_STARS.002_NDVI-UQ_20210602T135657_aid0001_32N.tif,data/NDVI/ECO_L2T_STARS.002_NDVI-UQ_20210602T135657_aid0001_32N.tif,ECO_L2T_STARS.002_NDVI-UQ_20210602T135657_aid0001_32N.tif,2021-06-02,2021,6,midday_afternoon,100.0,94.0,True,True,True,0.002704958130701275,False,32632.0,EPSG:32632,94.0,34751.0,0.014170479029417,0.0141701558604836,0.0141699304804205,0.0141719821840524,6.797324090257462e-07
raster,ndvi,ECO_L2T_STARS.002_NDVI_20210602T135657_aid0001_32N.tif,data/NDVI/ECO_L2T_STARS.002_NDVI_20210602T135657_aid0001_32N.tif,ECO_L2T_STARS.002_NDVI_20210602T135657_aid0001_32N.tif,2021-06-02,2021,6,midday_afternoon,100.0,94.0,True,True,True,0.002704958130701275,False,32632.0,EPSG:32632,94.0,34751.0,-0.0606896877288818,-0.074585422873497,-0.1013109236955642,0.3878138959407806,0.0772745162248611
raster,ndvi,ECO_L2T_STARS.002_NDVI-UQ_20210603T130942_aid0001_32N.tif,data/NDVI/ECO_L2T_STARS.002_NDVI-UQ_20210603T130942_aid0001_32N.tif,ECO_L2T_STARS.002_NDVI-UQ_20210603T130942_aid0001_32N.tif,2021-06-03,2021,6,midday_afternoon,100.0,94.0,True,True,True,0.002704958130701275,False,32632.0,EPSG:32632,94.0,34751.0,0.0173441302031278,0.0173439364880323,0.0173437874764204,0.0173450578004121,4.72725361078119e-07
raster,ndvi,ECO_L2T_STARS.002_NDVI_20210603T130942_aid0001_32N.tif,data/NDVI/ECO_L2T_STARS.002_NDVI_20210603T130942_aid0001_32N.tif,ECO_L2T_STARS.002_NDVI_20210603T130942_aid0001_32N.tif,2021-06-03,2021,6,midday_afternoon,100.0,94.0,True,True,True,0.002704958130701275,False,32632.0,EPSG:32632,94.0,34751.0,-0.0606782846152782,-0.07452854514122,-0.101349376142025,0.3842923939228058,0.0773822516202926
raster,ndvi,ECO_L2T_STARS.002_NDVI-UQ_20210613T100603_aid0001_32N.tif,data/NDVI/ECO_L2T_STARS.002_NDVI-UQ_20210613T100603_aid0001_32N.tif,ECO_L2T_STARS.002_NDVI-UQ_20210613T100603_aid0001_32N.tif,2021-06-13,2021,6,midday_afternoon,100.0,94.0,True,True,True,0.002704958130701275,False,32632.0,EPSG:32632,94.0,34751.0,0.0098668467253446,0.0100385136902332,0.004899219609797,0.01004952006042,0.000715511967428
raster,ndvi,ECO_L2T_STARS.002_NDVI_20210613T100603_aid0001_32N.tif,data/NDVI/ECO_L2T_STARS.002_NDVI_20210613T100603_aid0001_32N.tif,ECO_L2T_STARS.002_NDVI_20210613T100603_aid0001_32N.tif,2021-06-13,2021,6,midday_afternoon,100.0,94.0,True,True,True,0.002704958130701275,False,32632.0,EPSG:32632,94.0,34751.0,-0.0143535463139414,-0.0763977766036987,-0.1056409552693367,0.7125014066696167,0.1638063788414001
raster,ndvi,ECO_L2T_STARS.002_NDVI-UQ_20210617T083310_aid0001_32N.tif,data/NDVI/ECO_L2T_STARS.002_NDVI-UQ_20210617T083310_aid0001_32N.tif,ECO_L2T_STARS.002_NDVI-UQ_20210617T083310_aid0001_32N.tif,2021-06-17,2021,6,morning,100.0,94.0,True,True,True,0.002704958130701275,False,32632.0,EPSG:32632,94.0,34751.0,0.0095601882785558,0.0111269690096378,0.0008832957828417,0.0141772888600826,0.0044289729557931
raster,ndvi,ECO_L2T_STARS.002_NDVI_20210617T083310_aid0001_32N.tif,data/NDVI/ECO_L2T_STARS.002_NDVI_20210617T083310_aid0001_32N.tif,ECO_L2T_STARS.002_NDVI_20210617T083310_aid0001_32N.tif,2021-06-17,2021,6,morning,100.0,94.0,True,True,True,0.002704958130701275,False,32632.0,EPSG:32632,94.0,34751.0,0.0245654489845037,-0.0614071413874626,-0.097720094025135,0.8798475861549377,0.2005585134029388
raster,ndvi,ECO_L2T_STARS.002_NDVI-UQ_20210621T070023_aid0001_32N.tif,data/NDVI/ECO_L2T_STARS.002_NDVI-UQ_20210621T070023_aid0001_32N.tif,ECO_L2T_STARS.002_NDVI-UQ_20210621T070023_aid0001_32N.tif,2021-06-21,2021,6,morning,100.0,94.0,True,True,True,0.002704958130701275,False,32632.0,EPSG:32632,94.0,34751.0,0.0225482825189828,0.0228868834674358,0.0200194958597421,0.0245152097195386,0.0016086974646896
raster,ndvi,ECO_L2T_STARS.002_NDVI_20210621T070023_aid0001_32N.tif,data/NDVI/ECO_L2T_STARS.002_NDVI_20210621T070023_aid0001_32N.tif,ECO_L2T_STARS.002_NDVI_20210621T070023_aid0001_32N.tif,2021-06-21,2021,6,morning,100.0,94.0,True,True,True,0.002704958130701275,False,32632.0,EPSG:32632,94.0,34751.0,0.0245654489845037,-0.0614071413874626,-0.097720094025135,0.8798475861549377,0.2005585134029388
raster,ndvi,ECO_L2T_STARS.002_NDVI-UQ_20210626T044020_aid0001_32N.tif,data/NDVI/ECO_L2T_STARS.002_NDVI-UQ_20210626T044020_aid0001_32N.tif,ECO_L2T_STARS.002_NDVI-UQ_20210626T044020_aid0001_32N.tif,2021-06-26,2021,6,morning,100.0,94.0,True,True,True,0.002704958130701275,False,32632.0,EPSG:32632,94.0,34751.0,0.0199365150183439,0.0200247857719659,0.0192454550415277,0.0200248081237077,0.0002158388961106
raster,ndvi,ECO_L2T_STARS.002_NDVI_20210626T044020_aid0001_32N.tif,data/NDVI/ECO_L2T_STARS.002_NDVI_20210626T044020_aid0001_32N.tif,ECO_L2T_STARS.002_NDVI_20210626T044020_aid0001_32N.tif,2021-06-26,2021,6,morning,100.0,94.0,True,True,True,0.002704958130701275,False,32632.0,EPSG:32632,94.0,34751.0,0.0707845166325569,-0.0142483357340097,-0.0621883943676948,0.7444008588790894,0.2110191285610199
raster,ndvi,ECO_L2T_STARS.002_NDVI-UQ_20210627T035322_aid0001_32N.tif,data/NDVI/ECO_L2T_STARS.002_NDVI-UQ_20210627T035322_aid0001_32N.tif,ECO_L2T_STARS.002_NDVI-UQ_20210627T035322_aid0001_32N.tif,2021-06-27,2021,6,morning,100.0,94.0,True,True,True,0.002704958130701275,False,32632.0,EPSG:32632,94.0,34751.0,0.021714799106121,0.0223828516900539,0.0009988022502511,0.0223828721791505,0.0031055943109095
raster,ndvi,ECO_L2T_STARS.002_NDVI_20210627T035322_aid0001_32N.tif,data/NDVI/ECO_L2T_STARS.002_NDVI_20210627T035322_aid0001_32N.tif,ECO_L2T_STARS.002_NDVI_20210627T035322_aid0001_32N.tif,2021-06-27,2021,6,morning,100.0,94.0,True,True,True,0.002704958130701275,False,32632.0,EPSG:32632,94.0,34751.0,0.0720915272831916,-0.0142483357340097,-0.0621883943676948,0.7494491934776306,0.2141774147748947
raster,ndvi,ECO_L2T_STARS.002_NDVI_20220127T145413_aid0001_32N.tif,data/NDVI/ECO_L2T_STARS.002_NDVI_20220127T145413_aid0001_32N.tif,ECO_L2T_STARS.002_NDVI_20220127T145413_aid0001_32N.tif,2022-01-27,2022,1,evening,100.0,94.0,True,True,True,0.002704958130701275,False,32632.0,EPSG:32632,94.0,34751.0,-0.2014064341783523,-0.2498253881931305,-0.3510828614234924,0.4236308336257934,0.1248315647244453
raster,ndvi,ECO_L2T_STARS.002_NDVI_20220131T131841_aid0001_32N.tif,data/NDVI/ECO_L2T_STARS.002_NDVI_20220131T131841_aid0001_32N.tif,ECO_L2T_STARS.002_NDVI_20220131T131841_aid0001_32N.tif,2022-01-31,2022,1,midday_afternoon,100.0,94.0,True,True,True,0.002704958130701275,False,32632.0,EPSG:32632,94.0,34751.0,-0.2875950634479522,-0.2342322170734405,-0.7538834810256958,0.5942457318305969,0.2714212238788605
raster,ndvi,ECO_L2T_STARS.002_NDVI_20220202T131925_aid0001_32N.tif,data/NDVI/ECO_L2T_STARS.002_NDVI_20220202T131925_aid0001_32N.tif,ECO_L2T_STARS.002_NDVI_20220202T131925_aid0001_32N.tif,2022-02-02,2022,2,midday_afternoon,100.0,94.0,True,True,True,0.002704958130701275,False,32632.0,EPSG:32632,94.0,34751.0,-0.2946626245975494,-0.2333747744560241,-0.7532222270965576,0.5857027173042297,0.26465904712677
raster,ndvi,ECO_L2T_STARS.002_NDVI_20220211T141112_aid0001_32N.tif,data/NDVI/ECO_L2T_STARS.002_NDVI_20220211T141112_aid0001_32N.tif,ECO_L2T_STARS.002_NDVI_20220211T141112_aid0001_32N.tif,2022-02-11,2022,2,evening,100.0,94.0,True,True,True,0.002704958130701275,False,32632.0,EPSG:32632,94.0,34751.0,-0.0525361262261867,-0.0495114065706729,-0.2075122147798538,0.3558715283870697,0.0991016030311584
raster,ndvi,ECO_L2T_STARS.002_NDVI-UQ_20220405T124013_aid0001_32N.tif,data/NDVI/ECO_L2T_STARS.002_NDVI-UQ_20220405T124013_aid0001_32N.tif,ECO_L2T_STARS.002_NDVI-UQ_20220405T124013_aid0001_32N.tif,2022-04-05,2022,4,midday_afternoon,100.0,94.0,True,True,True,0.002704958130701275,False,32632.0,EPSG:32632,94.0,34751.0,0.0127957770600914,0.0112612890079617,0.002851351397112,0.0242409538477659,0.0057359398342669
raster,ndvi,ECO_L2T_STARS.002_NDVI_20220405T124013_aid0001_32N.tif,data/NDVI/ECO_L2T_STARS.002_NDVI_20220405T124013_aid0001_32N.tif,ECO_L2T_STARS.002_NDVI_20220405T124013_aid0001_32N.tif,2022-04-05,2022,4,midday_afternoon,100.0,94.0,True,True,True,0.002704958130701275,False,32632.0,EPSG:32632,94.0,34751.0,0.1352688670158386,0.2091006934642791,-0.1399036794900894,0.3000674545764923,0.1295017600059509
raster,ndvi,ECO_L2T_STARS.002_NDVI-UQ_20220406T164256_aid0001_32N.tif,data/NDVI/ECO_L2T_STARS.002_NDVI-UQ_20220406T164256_aid0001_32N.tif,ECO_L2T_STARS.002_NDVI-UQ_20220406T164256_aid0001_32N.tif,2022-04-06,2022,4,evening,100.0,94.0,True,True,True,0.002704958130701275,False,32632.0,EPSG:32632,94.0,34751.0,0.0134414937347173,0.0116168539971113,0.0009990149410441,0.0269625820219516,0.0062863188795745
raster,ndvi,ECO_L2T_STARS.002_NDVI_20220406T164256_aid0001_32N.tif,data/NDVI/ECO_L2T_STARS.002_NDVI_20220406T164256_aid0001_32N.tif,ECO_L2T_STARS.002_NDVI_20220406T164256_aid0001_32N.tif,2022-04-06,2022,4,evening,100.0,94.0,True,True,True,0.002704958130701275,False,32632.0,EPSG:32632,94.0,34751.0,0.1306814700365066,0.2094588577747345,-0.1402031481266021,0.3007304072380066,0.134067103266716
raster,ndvi,ECO_L2T_STARS.002_NDVI-UQ_20220409T155501_aid0001_32N.tif,data/NDVI/ECO_L2T_STARS.002_NDVI-UQ_20220409T155501_aid0001_32N.tif,ECO_L2T_STARS.002_NDVI-UQ_20220409T155501_aid0001_32N.tif,2022-04-09,2022,4,evening,100.0,94.0,True,True,True,0.002704958130701275,False,32632.0,EPSG:32632,94.0,34751.0,0.0213772635906934,0.0208461955189704,0.0130998818203806,0.0325517505407333,0.0046384148299694
raster,ndvi,ECO_L2T_STARS.002_NDVI_20220409T155501_aid0001_32N.tif,data/NDVI/ECO_L2T_STARS.002_NDVI_20220409T155501_aid0001_32N.tif,ECO_L2T_STARS.002_NDVI_20220409T155501_aid0001_32N.tif,2022-04-09,2022,4,evening,100.0,94.0,True,True,True,0.002704958130701275,False,32632.0,EPSG:32632,94.0,34751.0,0.130154937505722,0.2081281542778015,-0.1404619067907333,0.3007304072380066,0.134341761469841
raster,ndvi,ECO_L2T_STARS.002_NDVI-UQ_20220410T150558_aid0001_32N.tif,data/NDVI/ECO_L2T_STARS.002_NDVI-UQ_20220410T150558_aid0001_32N.tif,ECO_L2T_STARS.002_NDVI-UQ_20220410T150558_aid0001_32N.tif,2022-04-10,2022,4,evening,100.0,94.0,True,True,True,0.002704958130701275,False,32632.0,EPSG:32632,94.0,34751.0,0.0236847940832376,0.0231206379830837,0.0164805017411708,0.0340531431138515,0.0041872533038258
raster,ndvi,ECO_L2T_STARS.002_NDVI_20220410T150558_aid0001_32N.tif,data/NDVI/ECO_L2T_STARS.002_NDVI_20220410T150558_aid0001_32N.tif,ECO_L2T_STARS.002_NDVI_20220410T150558_aid0001_32N.tif,2022-04-10,2022,4,evening,100.0,94.0,True,True,True,0.002704958130701275,False,32632.0,EPSG:32632,94.0,34751.0,0.130154937505722,0.2081281542778015,-0.1404619067907333,0.3007304072380066,0.134341761469841
raster,ndvi,ECO_L2T_STARS.002_NDVI-UQ_20220414T083835_aid0001_32N.tif,data/NDVI/ECO_L2T_STARS.002_NDVI-UQ_20220414T083835_aid0001_32N.tif,ECO_L2T_STARS.002_NDVI-UQ_20220414T083835_aid0001_32N.tif,2022-04-14,2022,4,morning,100.0,94.0,True,True,True,0.002704958130701275,False,32632.0,EPSG:32632,94.0,34751.0,0.016659177839756,0.0173491165041923,0.0100410347804427,0.0173491407185792,0.0017737825401127
raster,ndvi,ECO_L2T_STARS.002_NDVI_20220414T083835_aid0001_32N.tif,data/NDVI/ECO_L2T_STARS.002_NDVI_20220414T083835_aid0001_32N.tif,ECO_L2T_STARS.002_NDVI_20220414T083835_aid0001_32N.tif,2022-04-14,2022,4,morning,100.0,94.0,True,True,True,0.002704958130701275,False,32632.0,EPSG:32632,94.0,34751.0,-0.0363360121846199,-0.0396757274866104,-0.1136597320437431,0.2271361649036407,0.0412874817848205
raster,ndvi,ECO_L2T_STARS.002_NDVI-UQ_20220420T070055_aid0001_32N.tif,data/NDVI/ECO_L2T_STARS.002_NDVI-UQ_20220420T070055_aid0001_32N.tif,ECO_L2T_STARS.002_NDVI-UQ_20220420T070055_aid0001_32N.tif,2022-04-20,2022,4,morning,100.0,94.0,True,True,True,0.002704958130701275,False,32632.0,EPSG:32632,94.0,34751.0,0.0021112244576215,0.0009008859633468,0.0008630818338133,0.0088769188150763,0.0020828160922974
raster,ndvi,ECO_L2T_STARS.002_NDVI_20220420T070055_aid0001_32N.tif,data/NDVI/ECO_L2T_STARS.002_NDVI_20220420T070055_aid0001_32N.tif,ECO_L2T_STARS.002_NDVI_20220420T070055_aid0001_32N.tif,2022-04-20,2022,4,morning,100.0,94.0,True,True,True,0.002704958130701275,False,32632.0,EPSG:32632,94.0,34751.0,-0.0877626612782478,-0.1040348410606384,-0.1604608595371246,0.1293517649173736,0.0423925444483757
raster,ndvi,ECO_L2T_STARS.002_NDVI-UQ_20220422T052338_aid0001_32N.tif,data/NDVI/ECO_L2T_STARS.002_NDVI-UQ_20220422T052338_aid0001_32N.tif,ECO_L2T_STARS.002_NDVI-UQ_20220422T052338_aid0001_32N.tif,2022-04-22,2022,4,morning,100.0,94.0,True,True,True,0.002704958130701275,False,32632.0,EPSG:32632,94.0,34751.0,0.0069834175519645,0.0070765735581517,0.0051273494027554,0.0087127378210425,0.0008875380153767
raster,ndvi,ECO_L2T_STARS.002_NDVI_20220422T052338_aid0001_32N.tif,data/NDVI/ECO_L2T_STARS.002_NDVI_20220422T052338_aid0001_32N.tif,ECO_L2T_STARS.002_NDVI_20220422T052338_aid0001_32N.tif,2022-04-22,2022,4,morning,100.0,94.0,True,True,True,0.002704958130701275,False,32632.0,EPSG:32632,94.0,34751.0,-0.0697174295783042,-0.0920298770070076,-0.1072021275758743,0.3505873084068298,0.067838042974472
raster,ndvi,ECO_L2T_STARS.002_NDVI-UQ_20220427T075054_aid0001_32N.tif,data/NDVI/ECO_L2T_STARS.002_NDVI-UQ_20220427T075054_aid0001_32N.tif,ECO_L2T_STARS.002_NDVI-UQ_20220427T075054_aid0001_32N.tif,2022-04-27,2022,4,morning,100.0,94.0,True,True,True,0.002704958130701275,False,32632.0,EPSG:32632,94.0,34751.0,0.0157832186669111,0.014887960627675,0.0040244469419121,0.0497058369219303,0.0100611960515379
raster,ndvi,ECO_L2T_STARS.002_NDVI_20220427T075054_aid0001_32N.tif,data/NDVI/ECO_L2T_STARS.002_NDVI_20220427T075054_aid0001_32N.tif,ECO_L2T_STARS.002_NDVI_20220427T075054_aid0001_32N.tif,2022-04-27,2022,4,morning,100.0,94.0,True,True,True,0.002704958130701275,False,32632.0,EPSG:32632,94.0,34751.0,-0.0323078297078609,-0.0538354851305484,-0.0993988960981369,0.4806379377841949,0.0907643437385559
raster,ndvi,ECO_L2T_STARS.002_NDVI-UQ_20220429T075135_aid0001_32N.tif,data/NDVI/ECO_L2T_STARS.002_NDVI-UQ_20220429T075135_aid0001_32N.tif,ECO_L2T_STARS.002_NDVI-UQ_20220429T075135_aid0001_32N.tif,2022-04-29,2022,4,morning,100.0,94.0,True,True,True,0.002704958130701275,False,32632.0,EPSG:32632,94.0,34751.0,0.0280633680522441,0.0248917639255523,0.0071849497035145,0.1059019342064857,0.021376609802246
raster,ndvi,ECO_L2T_STARS.002_NDVI_20220429T075135_aid0001_32N.tif,data/NDVI/ECO_L2T_STARS.002_NDVI_20220429T075135_aid0001_32N.tif,ECO_L2T_STARS.002_NDVI_20220429T075135_aid0001_32N.tif,2022-04-29,2022,4,morning,100.0,94.0,True,True,True,0.002704958130701275,False,32632.0,EPSG:32632,94.0,34751.0,-0.0463136062026023,-0.066523477435112,-0.097323477268219,0.4237580001354217,0.0786621570587158
raster,ndvi,ECO_L2T_STARS.002_NDVI-UQ_20220501T061422_aid0001_32N.tif,data/NDVI/ECO_L2T_STARS.002_NDVI-UQ_20220501T061422_aid0001_32N.tif,ECO_L2T_STARS.002_NDVI-UQ_20220501T061422_aid0001_32N.tif,2022-05-01,2022,5,morning,100.0,94.0,True,True,True,0.002704958130701275,False,32632.0,EPSG:32632,94.0,34751.0,0.0379302129149436,0.0342884473502635,0.0132556576281785,0.1421780586242675,0.0279696956276893
raster,ndvi,ECO_L2T_STARS.002_NDVI_20220501T061422_aid0001_32N.tif,data/NDVI/ECO_L2T_STARS.002_NDVI_20220501T061422_aid0001_32N.tif,ECO_L2T_STARS.002_NDVI_20220501T061422_aid0001_32N.tif,2022-05-01,2022,5,morning,100.0,94.0,True,True,True,0.002704958130701275,False,32632.0,EPSG:32632,94.0,34751.0,-0.0464591421186924,-0.0690073668956756,-0.0966979041695594,0.4288840293884277,0.0800866708159446
raster,ndvi,ECO_L2T_STARS.002_NDVI-UQ_20220507T043843_aid0001_32N.tif,data/NDVI/ECO_L2T_STARS.002_NDVI-UQ_20220507T043843_aid0001_32N.tif,ECO_L2T_STARS.002_NDVI-UQ_20220507T043843_aid0001_32N.tif,2022-05-07,2022,5,morning,100.0,94.0,True,True,True,0.002704958130701275,False,32632.0,EPSG:32632,94.0,34751.0,0.0503814630210399,0.045294351875782,0.0242398232221603,0.1718943864107132,0.0318164117634296
raster,ndvi,ECO_L2T_STARS.002_NDVI_20220507T043843_aid0001_32N.tif,data/NDVI/ECO_L2T_STARS.002_NDVI_20220507T043843_aid0001_32N.tif,ECO_L2T_STARS.002_NDVI_20220507T043843_aid0001_32N.tif,2022-05-07,2022,5,morning,100.0,94.0,True,True,True,0.002704958130701275,False,32632.0,EPSG:32632,94.0,34751.0,-0.0455807968974113,-0.068330705165863,-0.0966979041695594,0.4272667169570923,0.0794470235705375
raster,ndvi,ECO_L2T_STARS.002_NDVI-UQ_20220524T172435_aid0001_32N.tif,data/NDVI/ECO_L2T_STARS.002_NDVI-UQ_20220524T172435_aid0001_32N.tif,ECO_L2T_STARS.002_NDVI-UQ_20220524T172435_aid0001_32N.tif,2022-05-24,2022,5,evening,100.0,94.0,True,True,True,0.002704958130701275,False,32632.0,EPSG:32632,94.0,34751.0,0.0297399908304214,0.0299999993294477,0.0258519910275936,0.0299999993294477,0.0007818696321919
raster,ndvi,ECO_L2T_STARS.002_NDVI_20220524T172435_aid0001_32N.tif,data/NDVI/ECO_L2T_STARS.002_NDVI_20220524T172435_aid0001_32N.tif,ECO_L2T_STARS.002_NDVI_20220524T172435_aid0001_32N.tif,2022-05-24,2022,5,evening,100.0,94.0,True,True,True,0.002704958130701275,False,32632.0,EPSG:32632,94.0,34751.0,0.3179836571216583,0.3000000119209289,0.3000000119209289,0.5109358429908752,0.0479601472616195
raster,ndvi,ECO_L2T_STARS.002_NDVI-UQ_20220526T154821_aid0001_32N.tif,data/NDVI/ECO_L2T_STARS.002_NDVI-UQ_20220526T154821_aid0001_32N.tif,ECO_L2T_STARS.002_NDVI-UQ_20220526T154821_aid0001_32N.tif,2022-05-26,2022,5,evening,100.0,94.0,True,True,True,0.002704958130701275,False,32632.0,EPSG:32632,94.0,34751.0,0.0598596148192882,0.0541204735636711,0.038569014519453,0.174462080001831,0.0290150474756956
raster,ndvi,ECO_L2T_STARS.002_NDVI_20220526T154821_aid0001_32N.tif,data/NDVI/ECO_L2T_STARS.002_NDVI_20220526T154821_aid0001_32N.tif,ECO_L2T_STARS.002_NDVI_20220526T154821_aid0001_32N.tif,2022-05-26,2022,5,evening,100.0,94.0,True,True,True,0.002704958130701275,False,32632.0,EPSG:32632,94.0,34751.0,-0.00256736157462,-0.0680475607514381,-0.0966979041695594,0.9632083773612976,0.2005068957805633
raster,ndvi,ECO_L2T_STARS.002_NDVI-UQ_20220530T141248_aid0001_32N.tif,data/NDVI/ECO_L2T_STARS.002_NDVI-UQ_20220530T141248_aid0001_32N.tif,ECO_L2T_STARS.002_NDVI-UQ_20220530T141248_aid0001_32N.tif,2022-05-30,2022,5,evening,100.0,94.0,True,True,True,0.002704958130701275,False,32632.0,EPSG:32632,94.0,34751.0,0.0293538514524698,0.0299999993294477,0.0241427980363369,0.0299999993294477,0.0015799095854163
raster,ndvi,ECO_L2T_STARS.002_NDVI_20220530T141248_aid0001_32N.tif,data/NDVI/ECO_L2T_STARS.002_NDVI_20220530T141248_aid0001_32N.tif,ECO_L2T_STARS.002_NDVI_20220530T141248_aid0001_32N.tif,2022-05-30,2022,5,evening,100.0,94.0,True,True,True,0.002704958130701275,False,32632.0,EPSG:32632,94.0,34751.0,0.2789899706840515,0.3000000119209289,0.082181379199028,0.3000000119209289,0.0548195615410804
raster,ndvi,ECO_L2T_STARS.002_NDVI-UQ_20220604T163858_aid0001_32N.tif,data/NDVI/ECO_L2T_STARS.002_NDVI-UQ_20220604T163858_aid0001_32N.tif,ECO_L2T_STARS.002_NDVI-UQ_20220604T163858_aid0001_32N.tif,2022-06-04,2022,6,evening,100.0,94.0,True,True,True,0.002704958130701275,False,32632.0,EPSG:32632,94.0,34751.0,0.0299999974668025,0.0299999993294477,0.0299999993294477,0.0299999993294477,1.862645149230957e-09
raster,ndvi,ECO_L2T_STARS.002_NDVI_20220604T163858_aid0001_32N.tif,data/NDVI/ECO_L2T_STARS.002_NDVI_20220604T163858_aid0001_32N.tif,ECO_L2T_STARS.002_NDVI_20220604T163858_aid0001_32N.tif,2022-06-04,2022,6,evening,100.0,94.0,True,True,True,0.002704958130701275,False,32632.0,EPSG:32632,94.0,34751.0,0.2999999225139618,0.3000000119209289,0.3000000119209289,0.3000000119209289,8.940696716308595e-08
raster,ndvi,ECO_L2T_STARS.002_NDVI-UQ_20220614T083516_aid0001_32N.tif,data/NDVI/ECO_L2T_STARS.002_NDVI-UQ_20220614T083516_aid0001_32N.tif,ECO_L2T_STARS.002_NDVI-UQ_20220614T083516_aid0001_32N.tif,2022-06-14,2022,6,morning,100.0,94.0,True,True,True,0.002704958130701275,False,32632.0,EPSG:32632,94.0,34751.0,0.0326096415519714,0.0346410162746906,0.0182638354599475,0.0346410162746906,0.0049978792667388
raster,ndvi,ECO_L2T_STARS.002_NDVI_20220614T083516_aid0001_32N.tif,data/NDVI/ECO_L2T_STARS.002_NDVI_20220614T083516_aid0001_32N.tif,ECO_L2T_STARS.002_NDVI_20220614T083516_aid0001_32N.tif,2022-06-14,2022,6,morning,100.0,94.0,True,True,True,0.002704958130701275,False,32632.0,EPSG:32632,94.0,34751.0,0.3224520683288574,0.3000000119209289,0.2363033890724182,0.5534578561782837,0.0646440759301185
raster,ndvi,ECO_L2T_STARS.002_NDVI-UQ_20220618T115009_aid0001_32N.tif,data/NDVI/ECO_L2T_STARS.002_NDVI-UQ_20220618T115009_aid0001_32N.tif,ECO_L2T_STARS.002_NDVI-UQ_20220618T115009_aid0001_32N.tif,2022-06-18,2022,6,midday_afternoon,100.0,94.0,True,True,True,0.002704958130701275,False,32632.0,EPSG:32632,94.0,34751.0,0.0365554429590702,0.0399999991059303,0.0114531135186553,0.0399999991059303,0.0086367493495345
raster,ndvi,ECO_L2T_STARS.002_NDVI_20220618T115009_aid0001_32N.tif,data/NDVI/ECO_L2T_STARS.002_NDVI_20220618T115009_aid0001_32N.tif,ECO_L2T_STARS.002_NDVI_20220618T115009_aid0001_32N.tif,2022-06-18,2022,6,midday_afternoon,100.0,94.0,True,True,True,0.002704958130701275,False,32632.0,EPSG:32632,94.0,34751.0,0.3348815441131592,0.3000000119209289,0.3000000119209289,0.6024028658866882,0.0845261141657829
raster,ndvi,ECO_L2T_STARS.002_NDVI-UQ_20220622T052302_aid0001_32N.tif,data/NDVI/ECO_L2T_STARS.002_NDVI-UQ_20220622T052302_aid0001_32N.tif,ECO_L2T_STARS.002_NDVI-UQ_20220622T052302_aid0001_32N.tif,2022-06-22,2022,6,morning,100.0,94.0,True,True,True,0.002704958130701275,False,32632.0,EPSG:32632,94.0,34751.0,0.0398452430963516,0.0447213612496852,0.00737558118999,0.0447213612496852,0.0108873173594474
raster,ndvi,ECO_L2T_STARS.002_NDVI_20220622T052302_aid0001_32N.tif,data/NDVI/ECO_L2T_STARS.002_NDVI_20220622T052302_aid0001_32N.tif,ECO_L2T_STARS.002_NDVI_20220622T052302_aid0001_32N.tif,2022-06-22,2022,6,morning,100.0,94.0,True,True,True,0.002704958130701275,False,32632.0,EPSG:32632,94.0,34751.0,0.3285293579101562,0.3000000119209289,0.2082396149635315,0.7344253659248352,0.1226499676704406
raster,ndvi,ECO_L2T_STARS.002_NDVI-UQ_20220627T074953_aid0001_32N.tif,data/NDVI/ECO_L2T_STARS.002_NDVI-UQ_20220627T074953_aid0001_32N.tif,ECO_L2T_STARS.002_NDVI-UQ_20220627T074953_aid0001_32N.tif,2022-06-27,2022,6,morning,100.0,94.0,True,True,True,0.002704958130701275,False,32632.0,EPSG:32632,94.0,34751.0,0.047114048153162,0.0477095991373062,0.0009994971333071,0.0693582743406295,0.012984100729227
raster,ndvi,ECO_L2T_STARS.002_NDVI_20220627T074953_aid0001_32N.tif,data/NDVI/ECO_L2T_STARS.002_NDVI_20220627T074953_aid0001_32N.tif,ECO_L2T_STARS.002_NDVI_20220627T074953_aid0001_32N.tif,2022-06-27,2022,6,morning,100.0,94.0,True,True,True,0.002704958130701275,False,32632.0,EPSG:32632,94.0,34751.0,0.2484462857246399,0.2002552598714828,0.1686014235019683,0.6011449098587036,0.113436222076416
raster,ndvi,ECO_L2T_STARS.002_NDVI_20230125T151028_aid0001_32N.tif,data/NDVI/ECO_L2T_STARS.002_NDVI_20230125T151028_aid0001_32N.tif,ECO_L2T_STARS.002_NDVI_20230125T151028_aid0001_32N.tif,2023-01-25,2023,1,evening,100.0,94.0,True,True,True,0.002704958130701275,False,32632.0,EPSG:32632,94.0,34751.0,0.2006356716156005,0.3000000119209289,-0.1128363013267517,0.7143770456314087,0.1524728536605835
raster,ndvi,ECO_L2T_STARS.002_NDVI_20230128T142152_aid0001_32N.tif,data/NDVI/ECO_L2T_STARS.002_NDVI_20230128T142152_aid0001_32N.tif,ECO_L2T_STARS.002_NDVI_20230128T142152_aid0001_32N.tif,2023-01-28,2023,1,evening,100.0,94.0,True,True,True,0.002704958130701275,False,32632.0,EPSG:32632,94.0,34751.0,0.0915089771151542,0.0212707538157701,-0.1919185668230056,0.3000000119209289,0.1658477783203125
raster,ndvi,ECO_L2T_STARS.002_NDVI_20230131T133242_aid0001_32N.tif,data/NDVI/ECO_L2T_STARS.002_NDVI_20230131T133242_aid0001_32N.tif,ECO_L2T_STARS.002_NDVI_20230131T133242_aid0001_32N.tif,2023-01-31,2023,1,midday_afternoon,100.0,94.0,True,True,True,0.002704958130701275,False,32632.0,EPSG:32632,94.0,34751.0,0.0910631045699119,0.0210285820066928,-0.3152170181274414,0.5649162530899048,0.1900140047073364
raster,ndvi,ECO_L2T_STARS.002_NDVI_20230209T093133_aid0001_32N.tif,data/NDVI/ECO_L2T_STARS.002_NDVI_20230209T093133_aid0001_32N.tif,ECO_L2T_STARS.002_NDVI_20230209T093133_aid0001_32N.tif,2023-02-09,2023,2,midday_afternoon,100.0,94.0,True,True,True,0.002704958130701275,False,32632.0,EPSG:32632,94.0,34751.0,0.0887706130743026,0.1020760685205459,-0.2943154573440552,0.5761207938194275,0.1435016691684723
raster,ndvi,ECO_L2T_STARS.002_NDVI_20230214T115802_aid0001_32N.tif,data/NDVI/ECO_L2T_STARS.002_NDVI_20230214T115802_aid0001_32N.tif,ECO_L2T_STARS.002_NDVI_20230214T115802_aid0001_32N.tif,2023-02-14,2023,2,midday_afternoon,100.0,94.0,True,True,True,0.002704958130701275,False,32632.0,EPSG:32632,94.0,34751.0,-0.1240396574139595,-0.0802885890007019,-0.3342847228050232,0.4879114329814911,0.1281531155109405
raster,ndvi,ECO_L2T_STARS.002_NDVI-UQ_20230409T143906_aid0001_32N.tif,data/NDVI/ECO_L2T_STARS.002_NDVI-UQ_20230409T143906_aid0001_32N.tif,ECO_L2T_STARS.002_NDVI-UQ_20230409T143906_aid0001_32N.tif,2023-04-09,2023,4,evening,100.0,94.0,True,True,True,0.002704958130701275,False,32632.0,EPSG:32632,94.0,34751.0,0.0284038688987493,0.0299999993294477,0.0174408871680498,0.0406469590961933,0.0043783974833786
raster,ndvi,ECO_L2T_STARS.002_NDVI_20230409T143906_aid0001_32N.tif,data/NDVI/ECO_L2T_STARS.002_NDVI_20230409T143906_aid0001_32N.tif,ECO_L2T_STARS.002_NDVI_20230409T143906_aid0001_32N.tif,2023-04-09,2023,4,evening,100.0,94.0,True,True,True,0.002704958130701275,False,32632.0,EPSG:32632,94.0,34751.0,0.1617233753204345,0.2290663421154022,-0.0407293438911438,0.3000000119209289,0.1423273980617523
raster,ndvi,ECO_L2T_STARS.002_NDVI-UQ_20230412T135130_aid0001_32N.tif,data/NDVI/ECO_L2T_STARS.002_NDVI-UQ_20230412T135130_aid0001_32N.tif,ECO_L2T_STARS.002_NDVI-UQ_20230412T135130_aid0001_32N.tif,2023-04-12,2023,4,midday_afternoon,100.0,94.0,True,True,True,0.002704958130701275,False,32632.0,EPSG:32632,94.0,34751.0,0.0269150882959365,0.0299999993294477,0.0175409205257892,0.0299999993294477,0.0043015959672629
raster,ndvi,ECO_L2T_STARS.002_NDVI_20230412T135130_aid0001_32N.tif,data/NDVI/ECO_L2T_STARS.002_NDVI_20230412T135130_aid0001_32N.tif,ECO_L2T_STARS.002_NDVI_20230412T135130_aid0001_32N.tif,2023-04-12,2023,4,midday_afternoon,100.0,94.0,True,True,True,0.002704958130701275,False,32632.0,EPSG:32632,94.0,34751.0,0.1902052015066146,0.3000000119209289,-0.3074205815792084,0.3000000119209289,0.1653531342744827
raster,ndvi,ECO_L2T_STARS.002_NDVI-UQ_20230414T090056_aid0001_32N.tif,data/NDVI/ECO_L2T_STARS.002_NDVI-UQ_20230414T090056_aid0001_32N.tif,ECO_L2T_STARS.002_NDVI-UQ_20230414T090056_aid0001_32N.tif,2023-04-14,2023,4,midday_afternoon,100.0,94.0,True,True,True,0.002704958130701275,False,32632.0,EPSG:32632,94.0,34751.0,0.0272662080824375,0.0299999993294477,0.0179437845945358,0.0299999993294477,0.0038978355005383
raster,ndvi,ECO_L2T_STARS.002_NDVI_20230414T090056_aid0001_32N.tif,data/NDVI/ECO_L2T_STARS.002_NDVI_20230414T090056_aid0001_32N.tif,ECO_L2T_STARS.002_NDVI_20230414T090056_aid0001_32N.tif,2023-04-14,2023,4,midday_afternoon,100.0,94.0,True,True,True,0.002704958130701275,False,32632.0,EPSG:32632,94.0,34751.0,0.1973456144332885,0.3000000119209289,-0.0593283362686634,0.3000000119209289,0.1343406289815902
raster,ndvi,ECO_L2T_STARS.002_NDVI-UQ_20230415T081223_aid0001_32N.tif,data/NDVI/ECO_L2T_STARS.002_NDVI-UQ_20230415T081223_aid0001_32N.tif,ECO_L2T_STARS.002_NDVI-UQ_20230415T081223_aid0001_32N.tif,2023-04-15,2023,4,morning,100.0,94.0,True,True,True,0.002704958130701275,False,32632.0,EPSG:32632,94.0,34751.0,0.0278646927326917,0.0299999993294477,0.0202140118926763,0.0305376984179019,0.0031250359024852
raster,ndvi,ECO_L2T_STARS.002_NDVI_20230415T081223_aid0001_32N.tif,data/NDVI/ECO_L2T_STARS.002_NDVI_20230415T081223_aid0001_32N.tif,ECO_L2T_STARS.002_NDVI_20230415T081223_aid0001_32N.tif,2023-04-15,2023,4,morning,100.0,94.0,True,True,True,0.002704958130701275,False,32632.0,EPSG:32632,94.0,34751.0,0.1955019831657409,0.3000000119209289,-0.0593399442732334,0.3000000119209289,0.1355827301740646
raster,ndvi,ECO_L2T_STARS.002_NDVI-UQ_20230419T063619_aid0001_32N.tif,data/NDVI/ECO_L2T_STARS.002_NDVI-UQ_20230419T063619_aid0001_32N.tif,ECO_L2T_STARS.002_NDVI-UQ_20230419T063619_aid0001_32N.tif,2023-04-19,2023,4,morning,100.0,94.0,True,True,True,0.002704958130701275,False,32632.0,EPSG:32632,94.0,34751.0,0.014256845228374,0.0100495275110006,0.006697401870042,0.0255258101969957,0.0054928818717598
raster,ndvi,ECO_L2T_STARS.002_NDVI_20230419T063619_aid0001_32N.tif,data/NDVI/ECO_L2T_STARS.002_NDVI_20230419T063619_aid0001_32N.tif,ECO_L2T_STARS.002_NDVI_20230419T063619_aid0001_32N.tif,2023-04-19,2023,4,morning,100.0,94.0,True,True,True,0.002704958130701275,False,32632.0,EPSG:32632,94.0,34751.0,-0.0237838290631771,-0.0423331521451473,-0.1181717962026596,0.3531566262245178,0.0752400755882263
raster,ndvi,ECO_L2T_STARS.002_NDVI-UQ_20230422T054730_aid0001_32N.tif,data/NDVI/ECO_L2T_STARS.002_NDVI-UQ_20230422T054730_aid0001_32N.tif,ECO_L2T_STARS.002_NDVI-UQ_20230422T054730_aid0001_32N.tif,2023-04-22,2023,4,morning,100.0,94.0,True,True,True,0.002704958130701275,False,32632.0,EPSG:32632,94.0,34751.0,0.0222486667335033,0.0200247969478368,0.0173215940594673,0.0282267555594444,0.0028623926918953
raster,ndvi,ECO_L2T_STARS.002_NDVI_20230422T054730_aid0001_32N.tif,data/NDVI/ECO_L2T_STARS.002_NDVI_20230422T054730_aid0001_32N.tif,ECO_L2T_STARS.002_NDVI_20230422T054730_aid0001_32N.tif,2023-04-22,2023,4,morning,100.0,94.0,True,True,True,0.002704958130701275,False,32632.0,EPSG:32632,94.0,34751.0,-0.0085310451686382,-0.0373886451125144,-0.1824142187833786,0.351003885269165,0.078970231115818
raster,ndvi,ECO_L2T_STARS.002_NDVI-UQ_20230428T072334_aid0001_32N.tif,data/NDVI/ECO_L2T_STARS.002_NDVI-UQ_20230428T072334_aid0001_32N.tif,ECO_L2T_STARS.002_NDVI-UQ_20230428T072334_aid0001_32N.tif,2023-04-28,2023,4,morning,100.0,94.0,True,True,True,0.002704958130701275,False,32632.0,EPSG:32632,94.0,34751.0,0.0141771724447608,0.0141771640628576,0.014177163131535,0.0141771929338574,1.1760412199635084e-08
raster,ndvi,ECO_L2T_STARS.002_NDVI_20230428T072334_aid0001_32N.tif,data/NDVI/ECO_L2T_STARS.002_NDVI_20230428T072334_aid0001_32N.tif,ECO_L2T_STARS.002_NDVI_20230428T072334_aid0001_32N.tif,2023-04-28,2023,4,morning,100.0,94.0,True,True,True,0.002704958130701275,False,32632.0,EPSG:32632,94.0,34751.0,-0.0250062886625528,-0.0341086760163307,-0.0508271045982837,0.4786961376667022,0.0603170730173587
raster,ndvi,ECO_L2T_STARS.002_NDVI-UQ_20230429T063501_aid0001_32N.tif,data/NDVI/ECO_L2T_STARS.002_NDVI-UQ_20230429T063501_aid0001_32N.tif,ECO_L2T_STARS.002_NDVI-UQ_20230429T063501_aid0001_32N.tif,2023-04-29,2023,4,morning,100.0,94.0,True,True,True,0.002704958130701275,False,32632.0,EPSG:32632,94.0,34751.0,0.0173491239547729,0.0173491165041923,0.0173491146415472,0.0173491407185792,9.472370443575072e-09
raster,ndvi,ECO_L2T_STARS.002_NDVI_20230429T063501_aid0001_32N.tif,data/NDVI/ECO_L2T_STARS.002_NDVI_20230429T063501_aid0001_32N.tif,ECO_L2T_STARS.002_NDVI_20230429T063501_aid0001_32N.tif,2023-04-29,2023,4,morning,100.0,94.0,True,True,True,0.002704958130701275,False,32632.0,EPSG:32632,94.0,34751.0,-0.0250039510428905,-0.0341058261692523,-0.0508255362510681,0.4786707460880279,0.0603142529726028
raster,ndvi,ECO_L2T_STARS.002_NDVI-UQ_20230503T045809_aid0001_32N.tif,data/NDVI/ECO_L2T_STARS.002_NDVI-UQ_20230503T045809_aid0001_32N.tif,ECO_L2T_STARS.002_NDVI-UQ_20230503T045809_aid0001_32N.tif,2023-05-03,2023,5,morning,100.0,94.0,True,True,True,0.002704958130701275,False,32632.0,EPSG:32632,94.0,34751.0,0.0101955691352486,0.0110741853713989,0.0009367113816551,0.0235765874385833,0.0088468007743358
raster,ndvi,ECO_L2T_STARS.002_NDVI_20230503T045809_aid0001_32N.tif,data/NDVI/ECO_L2T_STARS.002_NDVI_20230503T045809_aid0001_32N.tif,ECO_L2T_STARS.002_NDVI_20230503T045809_aid0001_32N.tif,2023-05-03,2023,5,morning,100.0,94.0,True,True,True,0.002704958130701275,False,32632.0,EPSG:32632,94.0,34751.0,-0.0240939296782016,-0.0356031134724617,-0.0580854304134845,0.4759529232978821,0.0636588037014007
raster,ndvi,ECO_L2T_STARS.002_NDVI-UQ_20230527T151231_aid0001_32N.tif,data/NDVI/ECO_L2T_STARS.002_NDVI-UQ_20230527T151231_aid0001_32N.tif,ECO_L2T_STARS.002_NDVI-UQ_20230527T151231_aid0001_32N.tif,2023-05-27,2023,5,evening,100.0,94.0,True,True,True,0.002704958130701275,False,32632.0,EPSG:32632,94.0,34751.0,0.0181801095604896,0.0184256248176097,0.0100494818761944,0.0281931832432746,0.0060550952330231
raster,ndvi,ECO_L2T_STARS.002_NDVI_20230527T151231_aid0001_32N.tif,data/NDVI/ECO_L2T_STARS.002_NDVI_20230527T151231_aid0001_32N.tif,ECO_L2T_STARS.002_NDVI_20230527T151231_aid0001_32N.tif,2023-05-27,2023,5,evening,100.0,94.0,True,True,True,0.002704958130701275,False,32632.0,EPSG:32632,94.0,34751.0,0.0436825305223465,-0.0299586802721023,-0.0873101279139518,0.6146031618118286,0.173765167593956
raster,ndvi,ECO_L2T_STARS.002_NDVI-UQ_20230603T124450_aid0001_32N.tif,data/NDVI/ECO_L2T_STARS.002_NDVI-UQ_20230603T124450_aid0001_32N.tif,ECO_L2T_STARS.002_NDVI-UQ_20230603T124450_aid0001_32N.tif,2023-06-03,2023,6,midday_afternoon,100.0,94.0,True,True,True,0.002704958130701275,False,32632.0,EPSG:32632,94.0,34751.0,0.0103883491829037,0.0100494837388396,0.0008777099428698,0.0211164467036724,0.0036019866820424
raster,ndvi,ECO_L2T_STARS.002_NDVI_20230603T124450_aid0001_32N.tif,data/NDVI/ECO_L2T_STARS.002_NDVI_20230603T124450_aid0001_32N.tif,ECO_L2T_STARS.002_NDVI_20230603T124450_aid0001_32N.tif,2023-06-03,2023,6,midday_afternoon,100.0,94.0,True,True,True,0.002704958130701275,False,32632.0,EPSG:32632,94.0,34751.0,-0.0009367844322696,-0.0730971172451973,-0.1291905790567398,0.6849144101142883,0.1865422278642654
raster,ndvi,ECO_L2T_STARS.002_NDVI-UQ_20230612T083817_aid0001_32N.tif,data/NDVI/ECO_L2T_STARS.002_NDVI-UQ_20230612T083817_aid0001_32N.tif,ECO_L2T_STARS.002_NDVI-UQ_20230612T083817_aid0001_32N.tif,2023-06-12,2023,6,morning,100.0,94.0,True,True,True,0.002704958130701275,False,32632.0,EPSG:32632,94.0,34751.0,0.0147778075188398,0.0141771901398897,0.0008812435553409,0.0261536072939634,0.0067313401959836
raster,ndvi,ECO_L2T_STARS.002_NDVI_20230612T083817_aid0001_32N.tif,data/NDVI/ECO_L2T_STARS.002_NDVI_20230612T083817_aid0001_32N.tif,ECO_L2T_STARS.002_NDVI_20230612T083817_aid0001_32N.tif,2023-06-12,2023,6,morning,100.0,94.0,True,True,True,0.002704958130701275,False,32632.0,EPSG:32632,94.0,34751.0,0.037754476070404,-0.0332508571445941,-0.0959420651197433,0.6966734528541565,0.1934036463499069
raster,ndvi,ECO_L2T_STARS.002_NDVI-UQ_20230613T124005_aid0001_32N.tif,data/NDVI/ECO_L2T_STARS.002_NDVI-UQ_20230613T124005_aid0001_32N.tif,ECO_L2T_STARS.002_NDVI-UQ_20230613T124005_aid0001_32N.tif,2023-06-13,2023,6,midday_afternoon,100.0,94.0,True,True,True,0.002704958130701275,False,32632.0,EPSG:32632,94.0,34751.0,0.0179370921105146,0.0173491369932889,0.0063010454177856,0.0268808212131261,0.0052127428352832
raster,ndvi,ECO_L2T_STARS.002_NDVI_20230613T124005_aid0001_32N.tif,data/NDVI/ECO_L2T_STARS.002_NDVI_20230613T124005_aid0001_32N.tif,ECO_L2T_STARS.002_NDVI_20230613T124005_aid0001_32N.tif,2023-06-13,2023,6,midday_afternoon,100.0,94.0,True,True,True,0.002704958130701275,False,32632.0,EPSG:32632,94.0,34751.0,0.0444820299744606,-0.0327341184020042,-0.0959377288818359,0.7098857760429382,0.2065631300210952
raster,ndvi,ECO_L2T_STARS.002_NDVI-UQ_20230616T115022_aid0001_32N.tif,data/NDVI/ECO_L2T_STARS.002_NDVI-UQ_20230616T115022_aid0001_32N.tif,ECO_L2T_STARS.002_NDVI-UQ_20230616T115022_aid0001_32N.tif,2023-06-16,2023,6,midday_afternoon,100.0,94.0,True,True,True,0.002704958130701275,False,32632.0,EPSG:32632,94.0,34751.0,0.0231019333004951,0.0245151352137327,0.00630071060732,0.028909957036376,0.0067470367066562
raster,ndvi,ECO_L2T_STARS.002_NDVI_20230616T115022_aid0001_32N.tif,data/NDVI/ECO_L2T_STARS.002_NDVI_20230616T115022_aid0001_32N.tif,ECO_L2T_STARS.002_NDVI_20230616T115022_aid0001_32N.tif,2023-06-16,2023,6,midday_afternoon,100.0,94.0,True,True,True,0.002704958130701275,False,32632.0,EPSG:32632,94.0,34751.0,0.0555918961763381,-0.0305484719574451,-0.0959156453609466,0.7195191383361816,0.2228017896413803
raster,ndvi,ECO_L2T_STARS.002_NDVI-UQ_20230619T110056_aid0001_32N.tif,data/NDVI/ECO_L2T_STARS.002_NDVI-UQ_20230619T110056_aid0001_32N.tif,ECO_L2T_STARS.002_NDVI-UQ_20230619T110056_aid0001_32N.tif,2023-06-19,2023,6,midday_afternoon,100.0,94.0,True,True,True,0.002704958130701275,False,32632.0,EPSG:32632,94.0,34751.0,0.0364663861691951,0.0299999993294477,0.0299999993294477,0.1018989011645317,0.0169325955212116
raster,ndvi,ECO_L2T_STARS.002_NDVI_20230619T110056_aid0001_32N.tif,data/NDVI/ECO_L2T_STARS.002_NDVI_20230619T110056_aid0001_32N.tif,ECO_L2T_STARS.002_NDVI_20230619T110056_aid0001_32N.tif,2023-06-19,2023,6,midday_afternoon,100.0,94.0,True,True,True,0.002704958130701275,False,32632.0,EPSG:32632,94.0,34751.0,0.3441498577594757,0.3000000119209289,0.3000000119209289,0.9594335556030272,0.1214160397648811
raster,ndvi,ECO_L2T_STARS.002_NDVI-UQ_20230630T065541_aid0001_32N.tif,data/NDVI/ECO_L2T_STARS.002_NDVI-UQ_20230630T065541_aid0001_32N.tif,ECO_L2T_STARS.002_NDVI-UQ_20230630T065541_aid0001_32N.tif,2023-06-30,2023,6,morning,100.0,94.0,True,True,True,0.002704958130701275,False,32632.0,EPSG:32632,94.0,34751.0,0.0221605505794286,0.0223828386515378,0.0200179442763328,0.0257174707949161,0.0010864846408367
raster,ndvi,ECO_L2T_STARS.002_NDVI_20230630T065541_aid0001_32N.tif,data/NDVI/ECO_L2T_STARS.002_NDVI_20230630T065541_aid0001_32N.tif,ECO_L2T_STARS.002_NDVI_20230630T065541_aid0001_32N.tif,2023-06-30,2023,6,morning,100.0,94.0,True,True,True,0.002704958130701275,False,32632.0,EPSG:32632,94.0,34751.0,0.1133843660354614,0.0378480106592178,-0.0608585029840469,0.7376387119293213,0.185535043478012
raster,ndvi,ECO_L2T_STARS.002_NDVI_20240127T135259_aid0001_32N.tif,data/NDVI/ECO_L2T_STARS.002_NDVI_20240127T135259_aid0001_32N.tif,ECO_L2T_STARS.002_NDVI_20240127T135259_aid0001_32N.tif,2024-01-27,2024,1,midday_afternoon,100.0,94.0,True,True,True,0.002704958130701275,False,32632.0,EPSG:32632,94.0,34751.0,-0.1036072373390197,-0.0983405411243438,-0.4690832793712616,0.358388215303421,0.1499486416578292
raster,ndvi,ECO_L2T_STARS.002_NDVI_20240129T135433_aid0001_32N.tif,data/NDVI/ECO_L2T_STARS.002_NDVI_20240129T135433_aid0001_32N.tif,ECO_L2T_STARS.002_NDVI_20240129T135433_aid0001_32N.tif,2024-01-29,2024,1,midday_afternoon,100.0,94.0,True,True,True,0.002704958130701275,False,32632.0,EPSG:32632,94.0,34751.0,-0.2847590446472168,-0.2867185473442077,-0.6749836802482605,0.2609567642211914,0.2193085104227066
raster,ndvi,ECO_L2T_STARS.002_NDVI_20240202T121948_aid0001_32N.tif,data/NDVI/ECO_L2T_STARS.002_NDVI_20240202T121948_aid0001_32N.tif,ECO_L2T_STARS.002_NDVI_20240202T121948_aid0001_32N.tif,2024-02-02,2024,2,midday_afternoon,100.0,94.0,True,True,True,0.002704958130701275,False,32632.0,EPSG:32632,94.0,34751.0,-0.2374416440725326,-0.2866763174533844,-0.6569110155105591,0.2549962401390075,0.2610822021961212
raster,ndvi,ECO_L2T_STARS.002_NDVI_20240203T113143_aid0001_32N.tif,data/NDVI/ECO_L2T_STARS.002_NDVI_20240203T113143_aid0001_32N.tif,ECO_L2T_STARS.002_NDVI_20240203T113143_aid0001_32N.tif,2024-02-03,2024,2,midday_afternoon,100.0,94.0,True,True,True,0.002704958130701275,False,32632.0,EPSG:32632,94.0,34751.0,-0.2497235536575317,-0.2866763174533844,-0.6569110155105591,0.2529189586639404,0.2454605400562286
raster,ndvi,ECO_L2T_STARS.002_NDVI_20240208T140020_aid0001_32N.tif,data/NDVI/ECO_L2T_STARS.002_NDVI_20240208T140020_aid0001_32N.tif,ECO_L2T_STARS.002_NDVI_20240208T140020_aid0001_32N.tif,2024-02-08,2024,2,evening,100.0,94.0,True,True,True,0.002704958130701275,False,32632.0,EPSG:32632,94.0,34751.0,-0.1853730678558349,-0.1668119877576828,-0.4254798591136932,0.4386909902095794,0.160030111670494
raster,ndvi,ECO_L2T_STARS.002_NDVI_20240209T131134_aid0001_32N.tif,data/NDVI/ECO_L2T_STARS.002_NDVI_20240209T131134_aid0001_32N.tif,ECO_L2T_STARS.002_NDVI_20240209T131134_aid0001_32N.tif,2024-02-09,2024,2,midday_afternoon,100.0,94.0,True,True,True,0.002704958130701275,False,32632.0,EPSG:32632,94.0,34751.0,-0.1836053431034088,-0.1645842790603637,-0.4245257675647735,0.4380851984024048,0.160259410738945
raster,ndvi,ECO_L2T_STARS.002_NDVI_20240210T090900_aid0001_32N.tif,data/NDVI/ECO_L2T_STARS.002_NDVI_20240210T090900_aid0001_32N.tif,ECO_L2T_STARS.002_NDVI_20240210T090900_aid0001_32N.tif,2024-02-10,2024,2,midday_afternoon,100.0,94.0,True,True,True,0.002704958130701275,False,32632.0,EPSG:32632,94.0,34751.0,-0.1811301261186599,-0.161723256111145,-0.422898381948471,0.4375879764556885,0.1605319529771804
raster,ndvi,ECO_L2T_STARS.002_NDVI_20240219T050752_aid0001_32N.tif,data/NDVI/ECO_L2T_STARS.002_NDVI_20240219T050752_aid0001_32N.tif,ECO_L2T_STARS.002_NDVI_20240219T050752_aid0001_32N.tif,2024-02-19,2024,2,morning,100.0,94.0,True,True,True,0.002704958130701275,False,32632.0,EPSG:32632,94.0,34751.0,0.0026063227560371,0.0072018452920019,-0.1145852357149124,0.1104947924613952,0.0440534390509128
raster,ndvi,ECO_L2T_STARS.002_NDVI_20240313T193401_aid0001_32N.tif,data/NDVI/ECO_L2T_STARS.002_NDVI_20240313T193401_aid0001_32N.tif,ECO_L2T_STARS.002_NDVI_20240313T193401_aid0001_32N.tif,2024-03-13,2024,3,night,100.0,94.0,True,True,True,0.002704958130701275,False,32632.0,EPSG:32632,94.0,34751.0,0.2527864873409271,0.3000000119209289,-0.0519404597580432,0.3000000119209289,0.1142436116933822
raster,ndvi,ECO_L2T_STARS.002_NDVI_20240323T162735_aid0001_32N.tif,data/NDVI/ECO_L2T_STARS.002_NDVI_20240323T162735_aid0001_32N.tif,ECO_L2T_STARS.002_NDVI_20240323T162735_aid0001_32N.tif,2024-03-23,2024,3,evening,100.0,94.0,True,True,True,0.002704958130701275,False,32632.0,EPSG:32632,94.0,34751.0,-0.0069751110859215,-0.0129652768373489,-0.0958368554711341,0.1204530894756317,0.0419058054685592
raster,ndvi,ECO_L2T_STARS.002_NDVI-UQ_20240401T122946_aid0001_32N.tif,data/NDVI/ECO_L2T_STARS.002_NDVI-UQ_20240401T122946_aid0001_32N.tif,ECO_L2T_STARS.002_NDVI-UQ_20240401T122946_aid0001_32N.tif,2024-04-01,2024,4,midday_afternoon,100.0,94.0,True,True,True,0.002704958130701275,False,32632.0,EPSG:32632,94.0,34751.0,0.0271502267569303,0.0271208509802818,0.0213716626167297,0.0299999993294477,0.0020895535126328
raster,ndvi,ECO_L2T_STARS.002_NDVI_20240401T122946_aid0001_32N.tif,data/NDVI/ECO_L2T_STARS.002_NDVI_20240401T122946_aid0001_32N.tif,ECO_L2T_STARS.002_NDVI_20240401T122946_aid0001_32N.tif,2024-04-01,2024,4,midday_afternoon,100.0,94.0,True,True,True,0.002704958130701275,False,32632.0,EPSG:32632,94.0,34751.0,0.0688816234469413,0.0223409887403249,-0.0506514124572277,0.3000000119209289,0.1114198267459869
raster,ndvi,ECO_L2T_STARS.002_NDVI-UQ_20240416T114146_aid0001_32N.tif,data/NDVI/ECO_L2T_STARS.002_NDVI-UQ_20240416T114146_aid0001_32N.tif,ECO_L2T_STARS.002_NDVI-UQ_20240416T114146_aid0001_32N.tif,2024-04-16,2024,4,midday_afternoon,100.0,94.0,True,True,True,0.002704958130701275,False,32632.0,EPSG:32632,94.0,34751.0,0.0160254742950201,0.015706330537796,0.012609701603651,0.0200248844921588,0.001993105513975
raster,ndvi,ECO_L2T_STARS.002_NDVI_20240416T114146_aid0001_32N.tif,data/NDVI/ECO_L2T_STARS.002_NDVI_20240416T114146_aid0001_32N.tif,ECO_L2T_STARS.002_NDVI_20240416T114146_aid0001_32N.tif,2024-04-16,2024,4,midday_afternoon,100.0,94.0,True,True,True,0.002704958130701275,False,32632.0,EPSG:32632,94.0,34751.0,-0.0694658234715461,-0.0688230395317077,-0.1082677319645881,0.0815103203058242,0.0212714374065399
raster,ndvi,ECO_L2T_STARS.002_NDVI-UQ_20240422T082517_aid0001_32N.tif,data/NDVI/ECO_L2T_STARS.002_NDVI-UQ_20240422T082517_aid0001_32N.tif,ECO_L2T_STARS.002_NDVI-UQ_20240422T082517_aid0001_32N.tif,2024-04-22,2024,4,morning,100.0,94.0,True,True,True,0.002704958130701275,False,32632.0,EPSG:32632,94.0,34751.0,0.0221513174474239,0.0214827992022037,0.0141773931682109,0.0316295512020587,0.0040805460885167
raster,ndvi,ECO_L2T_STARS.002_NDVI_20240422T082517_aid0001_32N.tif,data/NDVI/ECO_L2T_STARS.002_NDVI_20240422T082517_aid0001_32N.tif,ECO_L2T_STARS.002_NDVI_20240422T082517_aid0001_32N.tif,2024-04-22,2024,4,morning,100.0,94.0,True,True,True,0.002704958130701275,False,32632.0,EPSG:32632,94.0,34751.0,-0.0657548755407333,-0.0659918934106826,-0.1090445667505264,0.0916685834527015,0.0229481142014265
raster,ndvi,ECO_L2T_STARS.002_NDVI-UQ_20240617T063723_aid0001_32N.tif,data/NDVI/ECO_L2T_STARS.002_NDVI-UQ_20240617T063723_aid0001_32N.tif,ECO_L2T_STARS.002_NDVI-UQ_20240617T063723_aid0001_32N.tif,2024-06-17,2024,6,morning,100.0,94.0,True,True,True,0.002704958130701275,False,32632.0,EPSG:32632,94.0,34751.0,0.0299999974668025,0.0299999993294477,0.0299999993294477,0.0299999993294477,1.862645149230957e-09
raster,ndvi,ECO_L2T_STARS.002_NDVI_20240617T063723_aid0001_32N.tif,data/NDVI/ECO_L2T_STARS.002_NDVI_20240617T063723_aid0001_32N.tif,ECO_L2T_STARS.002_NDVI_20240617T063723_aid0001_32N.tif,2024-06-17,2024,6,morning,100.0,94.0,True,True,True,0.002704958130701275,False,32632.0,EPSG:32632,94.0,34751.0,0.2999999225139618,0.3000000119209289,0.3000000119209289,0.3000000119209289,8.940696716308595e-08
raster,ndvi,ECO_L2T_STARS.002_NDVI-UQ_20240619T050048_aid0001_32N.tif,data/NDVI/ECO_L2T_STARS.002_NDVI-UQ_20240619T050048_aid0001_32N.tif,ECO_L2T_STARS.002_NDVI-UQ_20240619T050048_aid0001_32N.tif,2024-06-19,2024,6,morning,100.0,94.0,True,True,True,0.002704958130701275,False,32632.0,EPSG:32632,94.0,34751.0,0.0256803091615438,0.0299999993294477,0.0009960946626961,0.0299999993294477,0.0103260315954685
raster,ndvi,ECO_L2T_STARS.002_NDVI_20240619T050048_aid0001_32N.tif,data/NDVI/ECO_L2T_STARS.002_NDVI_20240619T050048_aid0001_32N.tif,ECO_L2T_STARS.002_NDVI_20240619T050048_aid0001_32N.tif,2024-06-19,2024,6,morning,100.0,94.0,True,True,True,0.002704958130701275,False,32632.0,EPSG:32632,94.0,34751.0,0.3233425319194793,0.3000000119209289,0.2004975527524948,0.6819825172424316,0.0715546011924743
raster,ndvi,ECO_L2T_STARS.002_NDVI-UQ_20240628T055252_aid0001_32N.tif,data/NDVI/ECO_L2T_STARS.002_NDVI-UQ_20240628T055252_aid0001_32N.tif,ECO_L2T_STARS.002_NDVI-UQ_20240628T055252_aid0001_32N.tif,2024-06-28,2024,6,morning,100.0,94.0,True,True,True,0.002704958130701275,False,32632.0,EPSG:32632,94.0,34751.0,0.0299201104789972,0.0299999993294477,0.0287779346108436,0.0299999993294477,0.0002702640776988
raster,ndvi,ECO_L2T_STARS.002_NDVI_20240628T055252_aid0001_32N.tif,data/NDVI/ECO_L2T_STARS.002_NDVI_20240628T055252_aid0001_32N.tif,ECO_L2T_STARS.002_NDVI_20240628T055252_aid0001_32N.tif,2024-06-28,2024,6,morning,100.0,94.0,True,True,True,0.002704958130701275,False,32632.0,EPSG:32632,94.0,34751.0,0.3072754740715027,0.3000000119209289,0.3000000119209289,0.4312945306301117,0.0253025647252798
raster,ndvi,ECO_L2T_STARS.002_NDVI_20250123T152516_aid0001_32N.tif,data/NDVI/ECO_L2T_STARS.002_NDVI_20250123T152516_aid0001_32N.tif,ECO_L2T_STARS.002_NDVI_20250123T152516_aid0001_32N.tif,2025-01-23,2025,1,evening,100.0,94.0,True,True,True,0.002704958130701275,False,32632.0,EPSG:32632,94.0,34751.0,0.1360460072755813,0.2329329848289489,-0.2504956126213074,0.6991661190986633,0.1874753385782241
raster,ndvi,ECO_L2T_STARS.002_NDVI_20250124T143624_aid0001_32N.tif,data/NDVI/ECO_L2T_STARS.002_NDVI_20250124T143624_aid0001_32N.tif,ECO_L2T_STARS.002_NDVI_20250124T143624_aid0001_32N.tif,2025-01-24,2025,1,evening,100.0,94.0,True,True,True,0.002704958130701275,False,32632.0,EPSG:32632,94.0,34751.0,-0.0064963814802467,-0.0082322256639599,-0.2228508293628692,0.6895021200180054,0.0955512300133705
raster,ndvi,ECO_L2T_STARS.002_NDVI_20250129T165906_aid0001_32N.tif,data/NDVI/ECO_L2T_STARS.002_NDVI_20250129T165906_aid0001_32N.tif,ECO_L2T_STARS.002_NDVI_20250129T165906_aid0001_32N.tif,2025-01-29,2025,1,evening,100.0,94.0,True,True,True,0.002704958130701275,False,32632.0,EPSG:32632,94.0,34751.0,-0.0954984724521637,-0.0714852213859558,-0.284437894821167,0.5137477517127991,0.1314680427312851
raster,ndvi,ECO_L2T_STARS.002_NDVI_20250201T111758_aid0001_32N.tif,data/NDVI/ECO_L2T_STARS.002_NDVI_20250201T111758_aid0001_32N.tif,ECO_L2T_STARS.002_NDVI_20250201T111758_aid0001_32N.tif,2025-02-01,2025,2,midday_afternoon,100.0,94.0,True,True,True,0.002704958130701275,False,32632.0,EPSG:32632,94.0,34751.0,-0.0943391099572181,-0.0876166820526123,-0.2782668173313141,0.4924183785915375,0.127481609582901
raster,ndvi,ECO_L2T_STARS.002_NDVI_20250206T134425_aid0001_32N.tif,data/NDVI/ECO_L2T_STARS.002_NDVI_20250206T134425_aid0001_32N.tif,ECO_L2T_STARS.002_NDVI_20250206T134425_aid0001_32N.tif,2025-02-06,2025,2,midday_afternoon,100.0,94.0,True,True,True,0.002704958130701275,False,32632.0,EPSG:32632,94.0,34751.0,0.0143915135413408,-0.0198546089231967,-0.2493657916784286,0.3406714200973511,0.1308657675981521
raster,ndvi,ECO_L2T_STARS.002_NDVI_20250208T085347_aid0001_32N.tif,data/NDVI/ECO_L2T_STARS.002_NDVI_20250208T085347_aid0001_32N.tif,ECO_L2T_STARS.002_NDVI_20250208T085347_aid0001_32N.tif,2025-02-08,2025,2,morning,100.0,94.0,True,True,True,0.002704958130701275,False,32632.0,EPSG:32632,94.0,34751.0,0.0132475355640053,-0.0193362366408109,-0.2447540014982223,0.344352513551712,0.1310915201902389
raster,ndvi,ECO_L2T_STARS.002_NDVI_20250209T080608_aid0001_32N.tif,data/NDVI/ECO_L2T_STARS.002_NDVI_20250209T080608_aid0001_32N.tif,ECO_L2T_STARS.002_NDVI_20250209T080608_aid0001_32N.tif,2025-02-09,2025,2,morning,100.0,94.0,True,True,True,0.002704958130701275,False,32632.0,EPSG:32632,94.0,34751.0,0.012199155986309,-0.0198018234223127,-0.2467281222343444,0.3528418242931366,0.1319883912801742
raster,ndvi,ECO_L2T_STARS.002_NDVI_20250211T080600_aid0001_32N.tif,data/NDVI/ECO_L2T_STARS.002_NDVI_20250211T080600_aid0001_32N.tif,ECO_L2T_STARS.002_NDVI_20250211T080600_aid0001_32N.tif,2025-02-11,2025,2,morning,100.0,94.0,True,True,True,0.002704958130701275,False,32632.0,EPSG:32632,94.0,34751.0,0.0155511843040585,-0.0192837044596672,-0.2338369786739349,0.3511513173580169,0.1291939169168472
raster,ndvi,ECO_L2T_STARS.002_NDVI_20250217T045202_aid0001_32N.tif,data/NDVI/ECO_L2T_STARS.002_NDVI_20250217T045202_aid0001_32N.tif,ECO_L2T_STARS.002_NDVI_20250217T045202_aid0001_32N.tif,2025-02-17,2025,2,morning,100.0,94.0,True,True,True,0.002704958130701275,False,32632.0,EPSG:32632,94.0,34751.0,-0.1112350076436996,-0.0677679181098938,-0.3743317127227783,0.4533062875270843,0.123684711754322
raster,ndvi,ECO_L2T_STARS.002_NDVI_20250313T000939_aid0001_32N.tif,data/NDVI/ECO_L2T_STARS.002_NDVI_20250313T000939_aid0001_32N.tif,ECO_L2T_STARS.002_NDVI_20250313T000939_aid0001_32N.tif,2025-03-13,2025,3,night,100.0,94.0,True,True,True,0.002704958130701275,False,32632.0,EPSG:32632,94.0,34751.0,-0.0316566415131092,-0.0289941187947988,-0.1769468635320663,0.349686861038208,0.0664309859275817
raster,ndvi,ECO_L2T_STARS.002_NDVI-UQ_20250412T121003_aid0001_32N.tif,data/NDVI/ECO_L2T_STARS.002_NDVI-UQ_20250412T121003_aid0001_32N.tif,ECO_L2T_STARS.002_NDVI-UQ_20250412T121003_aid0001_32N.tif,2025-04-12,2025,4,midday_afternoon,100.0,94.0,True,True,True,0.002704958130701275,False,32632.0,EPSG:32632,94.0,34751.0,0.0008720844634808,0.0008666302310302,0.000862784916535,0.000895875156857,1.2385019545035902e-05
raster,ndvi,ECO_L2T_STARS.002_NDVI_20250412T121003_aid0001_32N.tif,data/NDVI/ECO_L2T_STARS.002_NDVI_20250412T121003_aid0001_32N.tif,ECO_L2T_STARS.002_NDVI_20250412T121003_aid0001_32N.tif,2025-04-12,2025,4,midday_afternoon,100.0,94.0,True,True,True,0.002704958130701275,False,32632.0,EPSG:32632,94.0,34751.0,-0.0814156308770179,-0.1025751605629921,-0.1187845543026924,0.3083657324314117,0.0704751163721084
raster,ndvi,ECO_L2T_STARS.002_NDVI-UQ_20250415T063131_aid0001_32N.tif,data/NDVI/ECO_L2T_STARS.002_NDVI-UQ_20250415T063131_aid0001_32N.tif,ECO_L2T_STARS.002_NDVI-UQ_20250415T063131_aid0001_32N.tif,2025-04-15,2025,4,morning,100.0,94.0,True,True,True,0.002704958130701275,False,32632.0,EPSG:32632,94.0,34751.0,0.0079024899750947,0.0054191248491406,0.0048232194967567,0.0173436608165502,0.0042745862156152
raster,ndvi,ECO_L2T_STARS.002_NDVI_20250415T063131_aid0001_32N.tif,data/NDVI/ECO_L2T_STARS.002_NDVI_20250415T063131_aid0001_32N.tif,ECO_L2T_STARS.002_NDVI_20250415T063131_aid0001_32N.tif,2025-04-15,2025,4,morning,100.0,94.0,True,True,True,0.002704958130701275,False,32632.0,EPSG:32632,94.0,34751.0,-0.0811044201254844,-0.1022019311785698,-0.118418738245964,0.3083657324314117,0.0704060345888137
raster,ndvi,ECO_L2T_STARS.002_NDVI-UQ_20250526T144312_aid0001_32N.tif,data/NDVI/ECO_L2T_STARS.002_NDVI-UQ_20250526T144312_aid0001_32N.tif,ECO_L2T_STARS.002_NDVI-UQ_20250526T144312_aid0001_32N.tif,2025-05-26,2025,5,evening,100.0,94.0,True,True,True,0.002704958130701275,False,32632.0,EPSG:32632,94.0,34751.0,0.019363721832633,0.0141773940995335,0.0141773130744695,0.0489999167621135,0.0123977102339267
raster,ndvi,ECO_L2T_STARS.002_NDVI_20250526T144312_aid0001_32N.tif,data/NDVI/ECO_L2T_STARS.002_NDVI_20250526T144312_aid0001_32N.tif,ECO_L2T_STARS.002_NDVI_20250526T144312_aid0001_32N.tif,2025-05-26,2025,5,evening,100.0,94.0,True,True,True,0.002704958130701275,False,32632.0,EPSG:32632,94.0,34751.0,-0.0099133448675274,-0.0215637236833572,-0.0851953327655792,0.5087375640869141,0.0734626501798629
raster,ndvi,ECO_L2T_STARS.002_NDVI-UQ_20250606T135544_aid0001_32N.tif,data/NDVI/ECO_L2T_STARS.002_NDVI-UQ_20250606T135544_aid0001_32N.tif,ECO_L2T_STARS.002_NDVI-UQ_20250606T135544_aid0001_32N.tif,2025-06-06,2025,6,midday_afternoon,100.0,94.0,True,True,True,0.002704958130701275,False,32632.0,EPSG:32632,94.0,34751.0,0.0255001094192266,0.0247175246477127,0.0245095342397689,0.0295559521764516,0.0015512426616623
raster,ndvi,ECO_L2T_STARS.002_NDVI_20250606T135544_aid0001_32N.tif,data/NDVI/ECO_L2T_STARS.002_NDVI_20250606T135544_aid0001_32N.tif,ECO_L2T_STARS.002_NDVI_20250606T135544_aid0001_32N.tif,2025-06-06,2025,6,midday_afternoon,100.0,94.0,True,True,True,0.002704958130701275,False,32632.0,EPSG:32632,94.0,34751.0,-0.0072606429457664,-0.1019447520375251,-0.1255256533622741,0.7221121191978455,0.2225444763898849
raster,ndvi,ECO_L2T_STARS.002_NDVI-UQ_20250621T081538_aid0001_32N.tif,data/NDVI/ECO_L2T_STARS.002_NDVI-UQ_20250621T081538_aid0001_32N.tif,ECO_L2T_STARS.002_NDVI-UQ_20250621T081538_aid0001_32N.tif,2025-06-21,2025,6,morning,100.0,94.0,True,True,True,0.002704958130701275,False,32632.0,EPSG:32632,94.0,34751.0,0.0371921174228191,0.0453198179602623,0.0009916953276842,0.0464123152196407,0.0156922880560159
raster,ndvi,ECO_L2T_STARS.002_NDVI_20250621T081538_aid0001_32N.tif,data/NDVI/ECO_L2T_STARS.002_NDVI_20250621T081538_aid0001_32N.tif,ECO_L2T_STARS.002_NDVI_20250621T081538_aid0001_32N.tif,2025-06-21,2025,6,morning,100.0,94.0,True,True,True,0.002704958130701275,False,32632.0,EPSG:32632,94.0,34751.0,0.0407102964818477,-0.0368149206042289,-0.1176861226558685,0.7170140743255615,0.2156652808189392
