variable,path,filename,datetime,date,year,month,day,hour_utc,minute_utc,second_utc,local_utc_offset_hours,local_hour,time_bin,parsed_token,date_parse_method,date_parse_ok,crs,epsg,original_width,original_height,driver,dtype,nodata,bounds,mean,median,min,max,std,p05,p25,p75,p95,valid_pixel_count,valid_aoi_pixel_count,total_aoi_pixel_count,total_pixel_count,coverage_inside_aoi_percent,coverage_percent,pixel_size_x,pixel_size_y,aoi_footprint_pixel_count,read_ok,error
esi,data/ESI/ECO_L4T_ESI.002_ESI_20190604T145035_aid0001_32N.tif,ECO_L4T_ESI.002_ESI_20190604T145035_aid0001_32N.tif,2019-06-04T14:50:35,2019-06-04,2019,6,4,14,50,35,2,16.0,evening,20190604T145035,filename_YYYYMMDDTHHMMSS,True,EPSG:32632,32632,303,313,GTiff,float32,,"[579360.0, 5158510.0, 600570.0, 5180420.0]",0.9571644067764282,1.0,0.0,1.0,0.12603934109210968,0.7365678548812866,0.9999999403953552,1.0,1.0,7062,7062,34751,94839,20.32171736065149,20.32171736065149,70.0,-70.0,34751,True,
esi,data/ESI/ECO_L4T_ESI.002_ESI_20190608T130928_aid0001_32N.tif,ECO_L4T_ESI.002_ESI_20190608T130928_aid0001_32N.tif,2019-06-08T13:09:28,2019-06-08,2019,6,8,13,9,28,2,15.0,midday_afternoon,20190608T130928,filename_YYYYMMDDTHHMMSS,True,EPSG:32632,32632,303,313,GTiff,float32,,"[579360.0, 5158510.0, 600570.0, 5180420.0]",0.8897263407707214,0.9986869692802429,0.0,1.0,0.16956442594528198,0.6071953177452087,0.800032377243042,1.0,1.0,34707,34707,34751,94839,99.87338493856292,99.87338493856292,70.0,-70.0,34751,True,
esi,data/ESI/ECO_L4T_ESI.002_ESI_20190609T122043_aid0001_32N.tif,ECO_L4T_ESI.002_ESI_20190609T122043_aid0001_32N.tif,2019-06-09T12:20:43,2019-06-09,2019,6,9,12,20,43,2,14.0,midday_afternoon,20190609T122043,filename_YYYYMMDDTHHMMSS,True,EPSG:32632,32632,303,313,GTiff,float32,,"[579360.0, 5158510.0, 600570.0, 5180420.0]",0.8613293766975403,0.9524269104003906,0.07679814845323563,1.0,0.171405628323555,0.5410224199295044,0.7235099077224731,1.0,1.0,6156,6156,34751,94839,17.71459814106069,17.71459814106069,70.0,-70.0,34751,True,
esi,data/ESI/ECO_L4T_ESI.002_ESI_20190610T162134_aid0001_32N.tif,ECO_L4T_ESI.002_ESI_20190610T162134_aid0001_32N.tif,2019-06-10T16:21:34,2019-06-10,2019,6,10,16,21,34,2,18.0,evening,20190610T162134,filename_YYYYMMDDTHHMMSS,True,EPSG:32632,32632,303,313,GTiff,float32,,"[579360.0, 5158510.0, 600570.0, 5180420.0]",0.8937016129493713,1.0,0.11721041798591614,1.0,0.17770372331142426,0.5101737380027771,0.8352978825569153,1.0,1.0,18789,18789,34751,94839,54.06750884866622,54.06750884866622,70.0,-70.0,34751,True,
esi,data/ESI/ECO_L4T_ESI.002_ESI_20190612T112813_aid0001_32N.tif,ECO_L4T_ESI.002_ESI_20190612T112813_aid0001_32N.tif,2019-06-12T11:28:13,2019-06-12,2019,6,12,11,28,13,2,13.0,midday_afternoon,20190612T112813,filename_YYYYMMDDTHHMMSS,True,EPSG:32632,32632,303,313,GTiff,float32,,"[579360.0, 5158510.0, 600570.0, 5180420.0]",0.9935994148254395,1.0,0.7618241310119629,1.0,0.030414361506700516,0.9744759798049927,0.9999999403953552,1.0,1.0,233,233,34751,94839,0.6704843026099968,0.6704843026099968,70.0,-70.0,34751,True,
esi,data/ESI/ECO_L4T_ESI.002_ESI_20190613T103920_aid0001_32N.tif,ECO_L4T_ESI.002_ESI_20190613T103920_aid0001_32N.tif,2019-06-13T10:39:20,2019-06-13,2019,6,13,10,39,20,2,12.0,midday_afternoon,20190613T103920,filename_YYYYMMDDTHHMMSS,True,EPSG:32632,32632,303,313,GTiff,float32,,"[579360.0, 5158510.0, 600570.0, 5180420.0]",0.8932859301567078,0.96832674741745,0.0062062740325927734,1.0,0.15882521867752075,0.6416271328926086,0.801559329032898,1.0,1.0,34751,34751,34751,94839,100.0,100.0,70.0,-70.0,34751,True,
esi,data/ESI/ECO_L4T_ESI.002_ESI_20190614T144037_aid0001_32N.tif,ECO_L4T_ESI.002_ESI_20190614T144037_aid0001_32N.tif,2019-06-14T14:40:37,2019-06-14,2019,6,14,14,40,37,2,16.0,evening,20190614T144037,filename_YYYYMMDDTHHMMSS,True,EPSG:32632,32632,8,313,GTiff,float32,,"[600000.0, 5158510.0, 600560.0, 5180420.0]",0.6753724813461304,1.0,0.02825760841369629,1.0,0.4523877501487732,0.03062189370393753,0.0562547892332077,1.0,1.0,50,50,94,2504,53.191489361702125,53.191489361702125,70.0,-70.0,94,True,
esi,data/ESI/ECO_L4T_ESI.002_ESI_20190615T103650_aid0001_32N.tif,ECO_L4T_ESI.002_ESI_20190615T103650_aid0001_32N.tif,2019-06-15T10:36:50,2019-06-15,2019,6,15,10,36,50,2,12.0,midday_afternoon,20190615T103650,filename_YYYYMMDDTHHMMSS,True,EPSG:32632,32632,303,313,GTiff,float32,,"[579360.0, 5158510.0, 600570.0, 5180420.0]",0.8783114552497864,0.9656804800033569,0.03185746446251869,1.0,0.16689452528953552,0.5967367887496948,0.7739285230636597,1.0,1.0,19801,19801,34751,94839,56.97965526171909,56.97965526171909,70.0,-70.0,34751,True,
esi,data/ESI/ECO_L4T_ESI.002_ESI_20190617T134844_aid0001_32N.tif,ECO_L4T_ESI.002_ESI_20190617T134844_aid0001_32N.tif,2019-06-17T13:48:44,2019-06-17,2019,6,17,13,48,44,2,15.0,midday_afternoon,20190617T134844,filename_YYYYMMDDTHHMMSS,True,EPSG:32632,32632,303,313,GTiff,float32,,"[579360.0, 5158510.0, 600570.0, 5180420.0]",0.8240548372268677,0.8875380754470825,0.008354650810360909,1.0,0.17801319062709808,0.48887673020362854,0.7453203201293945,0.9360910654067993,1.0,25668,25668,34751,94839,73.86262265834077,73.86262265834077,70.0,-70.0,34751,True,
esi,data/ESI/ECO_L4T_ESI.002_ESI_20190619T085524_aid0001_32N.tif,ECO_L4T_ESI.002_ESI_20190619T085524_aid0001_32N.tif,2019-06-19T08:55:24,2019-06-19,2019,6,19,8,55,24,2,10.0,morning,20190619T085524,filename_YYYYMMDDTHHMMSS,True,EPSG:32632,32632,303,313,GTiff,float32,,"[579360.0, 5158510.0, 600570.0, 5180420.0]",0.8558952808380127,0.9233968257904053,0.004265353083610535,1.0,0.15748970210552216,0.5691174268722534,0.7731327414512634,0.945360541343689,1.0,34735,34735,34751,94839,99.95395815947742,99.95395815947742,70.0,-70.0,34751,True,
esi,data/ESI/ECO_L4T_ESI.002_ESI_20190623T071413_aid0001_32N.tif,ECO_L4T_ESI.002_ESI_20190623T071413_aid0001_32N.tif,2019-06-23T07:14:13,2019-06-23,2019,6,23,7,14,13,2,9.0,morning,20190623T071413,filename_YYYYMMDDTHHMMSS,True,EPSG:32632,32632,303,313,GTiff,float32,,"[579360.0, 5158510.0, 600570.0, 5180420.0]",0.7980027198791504,0.8089107871055603,0.010559657588601112,1.0,0.15770359337329865,0.499322772026062,0.7485630512237549,0.9055713415145874,1.0,33475,33475,34751,94839,96.32816321832465,96.32816321832465,70.0,-70.0,34751,True,
esi,data/ESI/ECO_L4T_ESI.002_ESI_20190624T062441_aid0001_32N.tif,ECO_L4T_ESI.002_ESI_20190624T062441_aid0001_32N.tif,2019-06-24T06:24:41,2019-06-24,2019,6,24,6,24,41,2,8.0,morning,20190624T062441,filename_YYYYMMDDTHHMMSS,True,EPSG:32632,32632,8,313,GTiff,float32,,"[600000.0, 5158510.0, 600560.0, 5180420.0]",0.6682888269424438,0.852471649646759,0.0480525903403759,1.0,0.38336047530174255,0.05809248238801956,0.21294277906417847,1.0,1.0,94,94,94,2504,100.0,100.0,70.0,-70.0,94,True,
esi,data/ESI/ECO_L4T_ESI.002_ESI_20190628T093339_aid0001_32N.tif,ECO_L4T_ESI.002_ESI_20190628T093339_aid0001_32N.tif,2019-06-28T09:33:39,2019-06-28,2019,6,28,9,33,39,2,11.0,midday_afternoon,20190628T093339,filename_YYYYMMDDTHHMMSS,True,EPSG:32632,32632,303,313,GTiff,float32,,"[579360.0, 5158510.0, 600570.0, 5180420.0]",0.837673544883728,0.9176592230796814,0.010111872106790543,1.0,0.18002291023731232,0.5174095034599304,0.7081879377365112,0.9769316911697388,1.0,34751,34751,34751,94839,100.0,100.0,70.0,-70.0,34751,True,
esi,data/ESI/ECO_L4T_ESI.002_ESI_20190630T044036_aid0001_32N.tif,ECO_L4T_ESI.002_ESI_20190630T044036_aid0001_32N.tif,2019-06-30T04:40:36,2019-06-30,2019,6,30,4,40,36,2,6.0,morning,20190630T044036,filename_YYYYMMDDTHHMMSS,True,EPSG:32632,32632,303,313,GTiff,float32,,"[579360.0, 5158510.0, 600570.0, 5180420.0]",0.9102902412414551,0.9203165769577026,0.12984764575958252,1.0,0.0891851857304573,0.7717195749282837,0.8596416711807251,0.9920672178268433,1.0,34751,34751,34751,94839,100.0,100.0,70.0,-70.0,34751,True,
esi,data/ESI/ECO_L4T_ESI.002_ESI_20200403T141346_aid0001_32N.tif,ECO_L4T_ESI.002_ESI_20200403T141346_aid0001_32N.tif,2020-04-03T14:13:46,2020-04-03,2020,4,3,14,13,46,2,16.0,evening,20200403T141346,filename_YYYYMMDDTHHMMSS,True,EPSG:32632,32632,303,313,GTiff,float32,,"[579360.0, 5158510.0, 600570.0, 5180420.0]",0.9151279926300049,0.9999999403953552,0.0,1.0,0.1640053540468216,0.5673434734344482,0.9065587520599365,1.0,1.0,34751,34751,34751,94839,100.0,100.0,70.0,-70.0,34751,True,
esi,data/ESI/ECO_L4T_ESI.002_ESI_20200404T132602_aid0001_32N.tif,ECO_L4T_ESI.002_ESI_20200404T132602_aid0001_32N.tif,2020-04-04T13:26:02,2020-04-04,2020,4,4,13,26,2,2,15.0,midday_afternoon,20200404T132602,filename_YYYYMMDDTHHMMSS,True,EPSG:32632,32632,303,313,GTiff,float32,,"[579360.0, 5158510.0, 600570.0, 5180420.0]",0.88760906457901,0.9999999403953552,0.0,1.0,0.20270410180091858,0.4782961905002594,0.8672763109207153,1.0,1.0,27308,27308,34751,94839,78.58191131190469,78.58191131190469,70.0,-70.0,34751,True,
esi,data/ESI/ECO_L4T_ESI.002_ESI_20200404T132654_aid0001_32N.tif,ECO_L4T_ESI.002_ESI_20200404T132654_aid0001_32N.tif,2020-04-04T13:26:54,2020-04-04,2020,4,4,13,26,54,2,15.0,midday_afternoon,20200404T132654,filename_YYYYMMDDTHHMMSS,True,EPSG:32632,32632,303,313,GTiff,float32,,"[579360.0, 5158510.0, 600570.0, 5180420.0]",0.8808574080467224,0.9999999403953552,0.0,1.0,0.20958790183067322,0.46883437037467957,0.8303304314613342,1.0,1.0,10862,10862,34751,94839,31.25665448476303,31.25665448476303,70.0,-70.0,34751,True,
esi,data/ESI/ECO_L4T_ESI.002_ESI_20200407T124205_aid0001_32N.tif,ECO_L4T_ESI.002_ESI_20200407T124205_aid0001_32N.tif,2020-04-07T12:42:05,2020-04-07,2020,4,7,12,42,5,2,14.0,midday_afternoon,20200407T124205,filename_YYYYMMDDTHHMMSS,True,EPSG:32632,32632,8,313,GTiff,float32,,"[600000.0, 5158510.0, 600560.0, 5180420.0]",0.8168781995773315,1.0,0.0,1.0,0.3267732858657837,0.0,0.7721638083457947,1.0,1.0,94,94,94,2504,100.0,100.0,70.0,-70.0,94,True,
esi,data/ESI/ECO_L4T_ESI.002_ESI_20200408T115421_aid0001_32N.tif,ECO_L4T_ESI.002_ESI_20200408T115421_aid0001_32N.tif,2020-04-08T11:54:21,2020-04-08,2020,4,8,11,54,21,2,13.0,midday_afternoon,20200408T115421,filename_YYYYMMDDTHHMMSS,True,EPSG:32632,32632,303,313,GTiff,float32,,"[579360.0, 5158510.0, 600570.0, 5180420.0]",0.8499351739883423,0.9999999403953552,0.0,1.0,0.2846316993236542,0.0,0.8348559737205505,1.0,1.0,34751,34751,34751,94839,100.0,100.0,70.0,-70.0,34751,True,
esi,data/ESI/ECO_L4T_ESI.002_ESI_20200413T142716_aid0001_32N.tif,ECO_L4T_ESI.002_ESI_20200413T142716_aid0001_32N.tif,2020-04-13T14:27:16,2020-04-13,2020,4,13,14,27,16,2,16.0,evening,20200413T142716,filename_YYYYMMDDTHHMMSS,True,EPSG:32632,32632,303,313,GTiff,float32,,"[579360.0, 5158510.0, 600570.0, 5180420.0]",0.9296621084213257,1.0,0.0,1.0,0.20497249066829681,0.514833927154541,0.9857967495918274,1.0,1.0,28582,28582,34751,94839,82.24799286351472,82.24799286351472,70.0,-70.0,34751,True,
esi,data/ESI/ECO_L4T_ESI.002_ESI_20200415T093837_aid0001_32N.tif,ECO_L4T_ESI.002_ESI_20200415T093837_aid0001_32N.tif,2020-04-15T09:38:37,2020-04-15,2020,4,15,9,38,37,2,11.0,midday_afternoon,20200415T093837,filename_YYYYMMDDTHHMMSS,True,EPSG:32632,32632,303,313,GTiff,float32,,"[579360.0, 5158510.0, 600570.0, 5180420.0]",0.9294969439506531,0.9999999403953552,0.0,1.0,0.1486264020204544,0.652617335319519,0.9161292910575867,1.0,1.0,34751,34751,34751,94839,100.0,100.0,70.0,-70.0,34751,True,
esi,data/ESI/ECO_L4T_ESI.002_ESI_20200417T125534_aid0001_32N.tif,ECO_L4T_ESI.002_ESI_20200417T125534_aid0001_32N.tif,2020-04-17T12:55:34,2020-04-17,2020,4,17,12,55,34,2,14.0,midday_afternoon,20200417T125534,filename_YYYYMMDDTHHMMSS,True,EPSG:32632,32632,303,313,GTiff,float32,,"[579360.0, 5158510.0, 600570.0, 5180420.0]",0.9123728275299072,0.9817095398902893,0.036074306815862656,1.0,0.16280588507652283,0.6365005970001221,0.8769994974136353,1.0,1.0,34751,34751,34751,94839,100.0,100.0,70.0,-70.0,34751,True,
esi,data/ESI/ECO_L4T_ESI.002_ESI_20200420T071859_aid0001_32N.tif,ECO_L4T_ESI.002_ESI_20200420T071859_aid0001_32N.tif,2020-04-20T07:18:59,2020-04-20,2020,4,20,7,18,59,2,9.0,morning,20200420T071859,filename_YYYYMMDDTHHMMSS,True,EPSG:32632,32632,303,313,GTiff,float32,,"[579360.0, 5158510.0, 600570.0, 5180420.0]",0.9273597598075867,0.9821566939353943,0.0,1.0,0.13585564494132996,0.7121368050575256,0.9029530882835388,1.0,1.0,34751,34751,34751,94839,100.0,100.0,70.0,-70.0,34751,True,
esi,data/ESI/ECO_L4T_ESI.002_ESI_20200421T112222_aid0001_32N.tif,ECO_L4T_ESI.002_ESI_20200421T112222_aid0001_32N.tif,2020-04-21T11:22:22,2020-04-21,2020,4,21,11,22,22,2,13.0,midday_afternoon,20200421T112222,filename_YYYYMMDDTHHMMSS,True,EPSG:32632,32632,303,313,GTiff,float32,,"[579360.0, 5158510.0, 600570.0, 5180420.0]",0.9849592447280884,1.0,0.8141152858734131,1.0,0.03975154459476471,0.9327667355537415,0.9997254014015198,1.0,1.0,367,367,34751,94839,1.0560847169865615,1.0560847169865615,70.0,-70.0,34751,True,
esi,data/ESI/ECO_L4T_ESI.002_ESI_20200423T063205_aid0001_32N.tif,ECO_L4T_ESI.002_ESI_20200423T063205_aid0001_32N.tif,2020-04-23T06:32:05,2020-04-23,2020,4,23,6,32,5,2,8.0,morning,20200423T063205,filename_YYYYMMDDTHHMMSS,True,EPSG:32632,32632,303,313,GTiff,float32,,"[579360.0, 5158510.0, 600570.0, 5180420.0]",0.8233039975166321,0.9451143741607666,0.0,1.0,0.2537842392921448,0.10165202617645264,0.7191522121429443,1.0,1.0,34751,34751,34751,94839,100.0,100.0,70.0,-70.0,34751,True,
esi,data/ESI/ECO_L4T_ESI.002_ESI_20200424T054455_aid0001_32N.tif,ECO_L4T_ESI.002_ESI_20200424T054455_aid0001_32N.tif,2020-04-24T05:44:55,2020-04-24,2020,4,24,5,44,55,2,7.0,morning,20200424T054455,filename_YYYYMMDDTHHMMSS,True,EPSG:32632,32632,303,313,GTiff,float32,,"[579360.0, 5158510.0, 600570.0, 5180420.0]",0.32695847749710083,0.0,0.0,1.0,0.4267239272594452,0.0,0.0,0.8220678567886353,1.0,34751,34751,34751,94839,100.0,100.0,70.0,-70.0,34751,True,
esi,data/ESI/ECO_L4T_ESI.002_ESI_20200427T045824_aid0001_32N.tif,ECO_L4T_ESI.002_ESI_20200427T045824_aid0001_32N.tif,2020-04-27T04:58:24,2020-04-27,2020,4,27,4,58,24,2,6.0,morning,20200427T045824,filename_YYYYMMDDTHHMMSS,True,EPSG:32632,32632,303,313,GTiff,float32,,"[579360.0, 5158510.0, 600570.0, 5180420.0]",0.40754789113998413,0.0,0.0,1.0,0.43740978837013245,0.0,0.0,0.8743013739585876,1.0,34751,34751,34751,94839,100.0,100.0,70.0,-70.0,34751,True,
esi,data/ESI/ECO_L4T_ESI.002_ESI_20200429T081408_aid0001_32N.tif,ECO_L4T_ESI.002_ESI_20200429T081408_aid0001_32N.tif,2020-04-29T08:14:08,2020-04-29,2020,4,29,8,14,8,2,10.0,morning,20200429T081408,filename_YYYYMMDDTHHMMSS,True,EPSG:32632,32632,303,313,GTiff,float32,,"[579360.0, 5158510.0, 600570.0, 5180420.0]",0.9373043775558472,0.9999999403953552,0.0,1.0,0.1025494784116745,0.703385055065155,0.9049004316329956,1.0,1.0,29333,29333,34751,94839,84.40908175304308,84.40908175304308,70.0,-70.0,34751,True,
esi,data/ESI/ECO_L4T_ESI.002_ESI_20200503T063952_aid0001_32N.tif,ECO_L4T_ESI.002_ESI_20200503T063952_aid0001_32N.tif,2020-05-03T06:39:52,2020-05-03,2020,5,3,6,39,52,2,8.0,morning,20200503T063952,filename_YYYYMMDDTHHMMSS,True,EPSG:32632,32632,303,313,GTiff,float32,,"[579360.0, 5158510.0, 600570.0, 5180420.0]",0.7750807404518127,0.7691841721534729,0.07856053113937378,1.0,0.19424648582935333,0.39941856265068054,0.6919625401496887,0.9905570149421692,1.0,34751,34751,34751,94839,100.0,100.0,70.0,-70.0,34751,True,
esi,data/ESI/ECO_L4T_ESI.002_ESI_20200605T131348_aid0001_32N.tif,ECO_L4T_ESI.002_ESI_20200605T131348_aid0001_32N.tif,2020-06-05T13:13:48,2020-06-05,2020,6,5,13,13,48,2,15.0,midday_afternoon,20200605T131348,filename_YYYYMMDDTHHMMSS,True,EPSG:32632,32632,303,313,GTiff,float32,,"[579360.0, 5158510.0, 600570.0, 5180420.0]",0.8722996115684509,0.9271717071533203,0.09749952703714371,1.0,0.1609853208065033,0.5920863747596741,0.8065783381462097,0.9999999403953552,1.0,19438,19438,34751,94839,55.93508100486317,55.93508100486317,70.0,-70.0,34751,True,
esi,data/ESI/ECO_L4T_ESI.002_ESI_20200606T122604_aid0001_32N.tif,ECO_L4T_ESI.002_ESI_20200606T122604_aid0001_32N.tif,2020-06-06T12:26:04,2020-06-06,2020,6,6,12,26,4,2,14.0,midday_afternoon,20200606T122604,filename_YYYYMMDDTHHMMSS,True,EPSG:32632,32632,303,313,GTiff,float32,,"[579360.0, 5158510.0, 600570.0, 5180420.0]",0.8149641752243042,0.8096238374710083,0.39429622888565063,1.0,0.10864599794149399,0.6361327171325684,0.8058441877365112,0.8134114742279053,0.9999870657920837,383,383,34751,94839,1.1021265575091364,1.1021265575091364,70.0,-70.0,34751,True,
esi,data/ESI/ECO_L4T_ESI.002_ESI_20200606T171752_aid0001_32N.tif,ECO_L4T_ESI.002_ESI_20200606T171752_aid0001_32N.tif,2020-06-06T17:17:52,2020-06-06,2020,6,6,17,17,52,2,19.0,evening,20200606T171752,filename_YYYYMMDDTHHMMSS,True,EPSG:32632,32632,303,313,GTiff,float32,,"[579360.0, 5158510.0, 600570.0, 5180420.0]",0.7992252707481384,0.7926064729690552,0.07168115675449371,1.0,0.1581936925649643,0.46020668745040894,0.7820395827293396,0.914094865322113,0.999934196472168,3837,3837,34751,94839,11.04140888031999,11.04140888031999,70.0,-70.0,34751,True,
esi,data/ESI/ECO_L4T_ESI.002_ESI_20200608T122708_aid0001_32N.tif,ECO_L4T_ESI.002_ESI_20200608T122708_aid0001_32N.tif,2020-06-08T12:27:08,2020-06-08,2020,6,8,12,27,8,2,14.0,midday_afternoon,20200608T122708,filename_YYYYMMDDTHHMMSS,True,EPSG:32632,32632,303,313,GTiff,float32,,"[579360.0, 5158510.0, 600570.0, 5180420.0]",0.8432814478874207,0.8589649796485901,0.5080195069313049,1.0,0.11521904170513153,0.6273584961891174,0.7740267515182495,0.9415518045425415,0.9985431432723999,1132,1132,34751,94839,3.2574602169721736,3.2574602169721736,70.0,-70.0,34751,True,
esi,data/ESI/ECO_L4T_ESI.002_ESI_20200610T105207_aid0001_32N.tif,ECO_L4T_ESI.002_ESI_20200610T105207_aid0001_32N.tif,2020-06-10T10:52:07,2020-06-10,2020,6,10,10,52,7,2,12.0,midday_afternoon,20200610T105207,filename_YYYYMMDDTHHMMSS,True,EPSG:32632,32632,303,313,GTiff,float32,,"[579360.0, 5158510.0, 600570.0, 5180420.0]",0.8079425096511841,0.8162766098976135,0.11449909210205078,1.0,0.11673087626695633,0.5772510766983032,0.7774364948272705,0.8564084768295288,0.9990896582603455,11735,11735,34751,94839,33.76881240827602,33.76881240827602,70.0,-70.0,34751,True,
esi,data/ESI/ECO_L4T_ESI.002_ESI_20200611T145525_aid0001_32N.tif,ECO_L4T_ESI.002_ESI_20200611T145525_aid0001_32N.tif,2020-06-11T14:55:25,2020-06-11,2020,6,11,14,55,25,2,16.0,evening,20200611T145525,filename_YYYYMMDDTHHMMSS,True,EPSG:32632,32632,303,313,GTiff,float32,,"[579360.0, 5158510.0, 600570.0, 5180420.0]",0.8493281602859497,0.7982907295227051,0.29807737469673157,1.0,0.11455124616622925,0.6738254427909851,0.793897271156311,0.9888316988945007,1.0,1578,1578,34751,94839,4.540876521538949,4.540876521538949,70.0,-70.0,34751,True,
esi,data/ESI/ECO_L4T_ESI.002_ESI_20200612T105304_aid0001_32N.tif,ECO_L4T_ESI.002_ESI_20200612T105304_aid0001_32N.tif,2020-06-12T10:53:04,2020-06-12,2020,6,12,10,53,4,2,12.0,midday_afternoon,20200612T105304,filename_YYYYMMDDTHHMMSS,True,EPSG:32632,32632,303,313,GTiff,float32,,"[579360.0, 5158510.0, 600570.0, 5180420.0]",0.8279452919960022,0.8231024146080017,0.12801125645637512,1.0,0.12007571756839752,0.6127355694770813,0.8076189160346985,0.8793736100196838,0.9999974370002747,17685,17685,34751,94839,50.890621852608554,50.890621852608554,70.0,-70.0,34751,True,
esi,data/ESI/ECO_L4T_ESI.002_ESI_20200613T100451_aid0001_32N.tif,ECO_L4T_ESI.002_ESI_20200613T100451_aid0001_32N.tif,2020-06-13T10:04:51,2020-06-13,2020,6,13,10,4,51,2,12.0,midday_afternoon,20200613T100451,filename_YYYYMMDDTHHMMSS,True,EPSG:32632,32632,303,313,GTiff,float32,,"[579360.0, 5158510.0, 600570.0, 5180420.0]",0.8504716753959656,0.8565483689308167,0.06963355094194412,1.0,0.1305999457836151,0.5911206603050232,0.8309026956558228,0.9526304602622986,0.9999759793281555,34003,34003,34751,94839,97.84754395556962,97.84754395556962,70.0,-70.0,34751,True,
esi,data/ESI/ECO_L4T_ESI.002_ESI_20200614T091731_aid0001_32N.tif,ECO_L4T_ESI.002_ESI_20200614T091731_aid0001_32N.tif,2020-06-14T09:17:31,2020-06-14,2020,6,14,9,17,31,2,11.0,midday_afternoon,20200614T091731,filename_YYYYMMDDTHHMMSS,True,EPSG:32632,32632,303,313,GTiff,float32,,"[579360.0, 5158510.0, 600570.0, 5180420.0]",0.8154510855674744,0.7862986326217651,0.3319159746170044,1.0,0.07840870320796967,0.7806823253631592,0.7826403379440308,0.8121318221092224,0.9999898076057434,1905,1905,34751,94839,5.481856637219073,5.481856637219073,70.0,-70.0,34751,True,
esi,data/ESI/ECO_L4T_ESI.002_ESI_20200616T091831_aid0001_32N.tif,ECO_L4T_ESI.002_ESI_20200616T091831_aid0001_32N.tif,2020-06-16T09:18:31,2020-06-16,2020,6,16,9,18,31,2,11.0,midday_afternoon,20200616T091831,filename_YYYYMMDDTHHMMSS,True,EPSG:32632,32632,303,313,GTiff,float32,,"[579360.0, 5158510.0, 600570.0, 5180420.0]",0.81429523229599,0.7855299115180969,0.29662859439849854,1.0,0.09960971027612686,0.780305802822113,0.7816619873046875,0.7902442216873169,0.9998180270195007,25296,25296,34751,94839,72.7921498661909,72.7921498661909,70.0,-70.0,34751,True,
esi,data/ESI/ECO_L4T_ESI.002_ESI_20200617T083012_aid0001_32N.tif,ECO_L4T_ESI.002_ESI_20200617T083012_aid0001_32N.tif,2020-06-17T08:30:12,2020-06-17,2020,6,17,8,30,12,2,10.0,morning,20200617T083012,filename_YYYYMMDDTHHMMSS,True,EPSG:32632,32632,303,313,GTiff,float32,,"[579360.0, 5158510.0, 600570.0, 5180420.0]",0.7977558970451355,0.7837311029434204,0.2902221083641052,1.0,0.09393199533224106,0.7793956995010376,0.7811610102653503,0.7888542413711548,0.9987339377403259,12115,12115,34751,94839,34.86230612068717,34.86230612068717,70.0,-70.0,34751,True,
esi,data/ESI/ECO_L4T_ESI.002_ESI_20200625T052032_aid0001_32N.tif,ECO_L4T_ESI.002_ESI_20200625T052032_aid0001_32N.tif,2020-06-25T05:20:32,2020-06-25,2020,6,25,5,20,32,2,7.0,morning,20200625T052032,filename_YYYYMMDDTHHMMSS,True,EPSG:32632,32632,303,313,GTiff,float32,,"[579360.0, 5158510.0, 600570.0, 5180420.0]",0.8448716998100281,0.8534449338912964,0.0,1.0,0.1640729159116745,0.4860183894634247,0.8348446488380432,0.9652971625328064,0.9999904632568359,34751,34751,34751,94839,100.0,100.0,70.0,-70.0,34751,True,
esi,data/ESI/ECO_L4T_ESI.002_ESI_20200627T083636_aid0001_32N.tif,ECO_L4T_ESI.002_ESI_20200627T083636_aid0001_32N.tif,2020-06-27T08:36:36,2020-06-27,2020,6,27,8,36,36,2,10.0,morning,20200627T083636,filename_YYYYMMDDTHHMMSS,True,EPSG:32632,32632,8,313,GTiff,float32,,"[600000.0, 5158510.0, 600560.0, 5180420.0]",0.6780482530593872,0.8533942699432373,0.2853768765926361,0.9217609763145447,0.2683199346065521,0.28553688526153564,0.2875102460384369,0.8623812198638916,0.8725187182426453,94,94,94,2504,100.0,100.0,70.0,-70.0,94,True,
esi,data/ESI/ECO_L4T_ESI.002_ESI_20200628T043425_aid0001_32N.tif,ECO_L4T_ESI.002_ESI_20200628T043425_aid0001_32N.tif,2020-06-28T04:34:25,2020-06-28,2020,6,28,4,34,25,2,6.0,morning,20200628T043425,filename_YYYYMMDDTHHMMSS,True,EPSG:32632,32632,303,313,GTiff,float32,,"[579360.0, 5158510.0, 600570.0, 5180420.0]",0.5023569464683533,0.8127067685127258,0.0,1.0,0.4084608554840088,0.0,0.0,0.826485276222229,0.9576049447059631,34751,34751,34751,94839,100.0,100.0,70.0,-70.0,34751,True,
esi,data/ESI/ECO_L4T_ESI.002_ESI_20200630T074936_aid0001_32N.tif,ECO_L4T_ESI.002_ESI_20200630T074936_aid0001_32N.tif,2020-06-30T07:49:36,2020-06-30,2020,6,30,7,49,36,2,9.0,morning,20200630T074936,filename_YYYYMMDDTHHMMSS,True,EPSG:32632,32632,303,313,GTiff,float32,,"[579360.0, 5158510.0, 600570.0, 5180420.0]",0.7731043100357056,0.7989169955253601,0.005714932456612587,1.0,0.2261114865541458,0.2874065041542053,0.7784287929534912,0.9348976612091064,0.999863862991333,34751,34751,34751,94839,100.0,100.0,70.0,-70.0,34751,True,
esi,data/ESI/ECO_L4T_ESI.002_ESI_20210403T135515_aid0001_32N.tif,ECO_L4T_ESI.002_ESI_20210403T135515_aid0001_32N.tif,2021-04-03T13:55:15,2021-04-03,2021,4,3,13,55,15,2,15.0,midday_afternoon,20210403T135515,filename_YYYYMMDDTHHMMSS,True,EPSG:32632,32632,303,313,GTiff,float32,,"[579360.0, 5158510.0, 600570.0, 5180420.0]",0.8196632862091064,0.9999999403953552,0.0,1.0,0.341739296913147,0.0,0.8563494682312012,1.0,1.0,34746,34746,34751,94839,99.98561192483669,99.98561192483669,70.0,-70.0,34751,True,
esi,data/ESI/ECO_L4T_ESI.002_ESI_20210404T130806_aid0001_32N.tif,ECO_L4T_ESI.002_ESI_20210404T130806_aid0001_32N.tif,2021-04-04T13:08:06,2021-04-04,2021,4,4,13,8,6,2,15.0,midday_afternoon,20210404T130806,filename_YYYYMMDDTHHMMSS,True,EPSG:32632,32632,303,313,GTiff,float32,,"[579360.0, 5158510.0, 600570.0, 5180420.0]",0.8360243439674377,0.9999999403953552,0.0,1.0,0.29853498935699463,0.0,0.8183188438415527,1.0,1.0,34751,34751,34751,94839,100.0,100.0,70.0,-70.0,34751,True,
esi,data/ESI/ECO_L4T_ESI.002_ESI_20210407T122251_aid0001_32N.tif,ECO_L4T_ESI.002_ESI_20210407T122251_aid0001_32N.tif,2021-04-07T12:22:51,2021-04-07,2021,4,7,12,22,51,2,14.0,midday_afternoon,20210407T122251,filename_YYYYMMDDTHHMMSS,True,EPSG:32632,32632,303,313,GTiff,float32,,"[579360.0, 5158510.0, 600570.0, 5180420.0]",0.9264814853668213,1.0,0.0,1.0,0.20417717099189758,0.4898982048034668,0.9999999403953552,1.0,1.0,27931,27931,34751,94839,80.37466547725245,80.37466547725245,70.0,-70.0,34751,True,
esi,data/ESI/ECO_L4T_ESI.002_ESI_20210408T113540_aid0001_32N.tif,ECO_L4T_ESI.002_ESI_20210408T113540_aid0001_32N.tif,2021-04-08T11:35:40,2021-04-08,2021,4,8,11,35,40,2,13.0,midday_afternoon,20210408T113540,filename_YYYYMMDDTHHMMSS,True,EPSG:32632,32632,303,313,GTiff,float32,,"[579360.0, 5158510.0, 600570.0, 5180420.0]",0.7994117140769958,0.9999999403953552,0.0,1.0,0.29729196429252625,0.0,0.6591267585754395,1.0,1.0,34751,34751,34751,94839,100.0,100.0,70.0,-70.0,34751,True,
esi,data/ESI/ECO_L4T_ESI.002_ESI_20210413T140702_aid0001_32N.tif,ECO_L4T_ESI.002_ESI_20210413T140702_aid0001_32N.tif,2021-04-13T14:07:02,2021-04-13,2021,4,13,14,7,2,2,16.0,evening,20210413T140702,filename_YYYYMMDDTHHMMSS,True,EPSG:32632,32632,303,313,GTiff,float32,,"[579360.0, 5158510.0, 600570.0, 5180420.0]",0.9338781237602234,0.9999999403953552,0.13261330127716064,1.0,0.12268552929162979,0.7232154011726379,0.9125478267669678,1.0,1.0,30061,30061,34751,94839,86.50398549682023,86.50398549682023,70.0,-70.0,34751,True,
esi,data/ESI/ECO_L4T_ESI.002_ESI_20210415T091739_aid0001_32N.tif,ECO_L4T_ESI.002_ESI_20210415T091739_aid0001_32N.tif,2021-04-15T09:17:39,2021-04-15,2021,4,15,9,17,39,2,11.0,midday_afternoon,20210415T091739,filename_YYYYMMDDTHHMMSS,True,EPSG:32632,32632,303,313,GTiff,float32,,"[579360.0, 5158510.0, 600570.0, 5180420.0]",0.9269921183586121,0.9916889071464539,0.0,1.0,0.1261770874261856,0.7185646891593933,0.9010512828826904,1.0,1.0,33764,33764,34751,94839,97.15979396276366,97.15979396276366,70.0,-70.0,34751,True,
esi,data/ESI/ECO_L4T_ESI.002_ESI_20210419T074455_aid0001_32N.tif,ECO_L4T_ESI.002_ESI_20210419T074455_aid0001_32N.tif,2021-04-19T07:44:55,2021-04-19,2021,4,19,7,44,55,2,9.0,morning,20210419T074455,filename_YYYYMMDDTHHMMSS,True,EPSG:32632,32632,303,313,GTiff,float32,,"[579360.0, 5158510.0, 600570.0, 5180420.0]",0.8953993916511536,0.9615808725357056,0.0,1.0,0.1406736671924591,0.6530469059944153,0.8132409453392029,1.0,1.0,33275,33275,34751,94839,95.75264021179247,95.75264021179247,70.0,-70.0,34751,True,
esi,data/ESI/ECO_L4T_ESI.002_ESI_20210420T065805_aid0001_32N.tif,ECO_L4T_ESI.002_ESI_20210420T065805_aid0001_32N.tif,2021-04-20T06:58:05,2021-04-20,2021,4,20,6,58,5,2,8.0,morning,20210420T065805,filename_YYYYMMDDTHHMMSS,True,EPSG:32632,32632,303,313,GTiff,float32,,"[579360.0, 5158510.0, 600570.0, 5180420.0]",0.8758445978164673,0.984548807144165,0.0,1.0,0.22834190726280212,0.3829391598701477,0.8290348052978516,1.0,1.0,34751,34751,34751,94839,100.0,100.0,70.0,-70.0,34751,True,
esi,data/ESI/ECO_L4T_ESI.002_ESI_20210422T101429_aid0001_32N.tif,ECO_L4T_ESI.002_ESI_20210422T101429_aid0001_32N.tif,2021-04-22T10:14:29,2021-04-22,2021,4,22,10,14,29,2,12.0,midday_afternoon,20210422T101429,filename_YYYYMMDDTHHMMSS,True,EPSG:32632,32632,303,313,GTiff,float32,,"[579360.0, 5158510.0, 600570.0, 5180420.0]",0.850675106048584,0.8934392333030701,0.376456618309021,1.0,0.1516272872686386,0.5413665175437927,0.7557275891304016,0.9911463260650635,1.0,206,206,34751,94839,0.5927886967281517,0.5927886967281517,70.0,-70.0,34751,True,
esi,data/ESI/ECO_L4T_ESI.002_ESI_20210423T061248_aid0001_32N.tif,ECO_L4T_ESI.002_ESI_20210423T061248_aid0001_32N.tif,2021-04-23T06:12:48,2021-04-23,2021,4,23,6,12,48,2,8.0,morning,20210423T061248,filename_YYYYMMDDTHHMMSS,True,EPSG:32632,32632,303,313,GTiff,float32,,"[579360.0, 5158510.0, 600570.0, 5180420.0]",0.8662830591201782,0.9636088013648987,0.0,1.0,0.1988411247730255,0.3820669651031494,0.7954386472702026,1.0,1.0,34751,34751,34751,94839,100.0,100.0,70.0,-70.0,34751,True,
esi,data/ESI/ECO_L4T_ESI.002_ESI_20210424T052525_aid0001_32N.tif,ECO_L4T_ESI.002_ESI_20210424T052525_aid0001_32N.tif,2021-04-24T05:25:25,2021-04-24,2021,4,24,5,25,25,2,7.0,morning,20210424T052525,filename_YYYYMMDDTHHMMSS,True,EPSG:32632,32632,303,313,GTiff,float32,,"[579360.0, 5158510.0, 600570.0, 5180420.0]",0.26115038990974426,0.0,0.0,1.0,0.37678468227386475,0.0,0.0,0.6145607233047485,1.0,34751,34751,34751,94839,100.0,100.0,70.0,-70.0,34751,True,
esi,data/ESI/ECO_L4T_ESI.002_ESI_20210425T092913_aid0001_32N.tif,ECO_L4T_ESI.002_ESI_20210425T092913_aid0001_32N.tif,2021-04-25T09:29:13,2021-04-25,2021,4,25,9,29,13,2,11.0,midday_afternoon,20210425T092913,filename_YYYYMMDDTHHMMSS,True,EPSG:32632,32632,8,313,GTiff,float32,,"[600000.0, 5158510.0, 600560.0, 5180420.0]",0.782764196395874,0.9500149488449097,0.2967020571231842,1.0,0.27807289361953735,0.33063897490501404,0.41110363602638245,1.0,1.0,94,94,94,2504,100.0,100.0,70.0,-70.0,94,True,
esi,data/ESI/ECO_L4T_ESI.002_ESI_20210426T084149_aid0001_32N.tif,ECO_L4T_ESI.002_ESI_20210426T084149_aid0001_32N.tif,2021-04-26T08:41:49,2021-04-26,2021,4,26,8,41,49,2,10.0,morning,20210426T084149,filename_YYYYMMDDTHHMMSS,True,EPSG:32632,32632,303,313,GTiff,float32,,"[579360.0, 5158510.0, 600570.0, 5180420.0]",0.877177894115448,0.9393139481544495,0.433799684047699,1.0,0.15189726650714874,0.5498877763748169,0.7973703145980835,1.0,1.0,1470,1470,34751,94839,4.230094098011568,4.230094098011568,70.0,-70.0,34751,True,
esi,data/ESI/ECO_L4T_ESI.002_ESI_20210428T084347_aid0001_32N.tif,ECO_L4T_ESI.002_ESI_20210428T084347_aid0001_32N.tif,2021-04-28T08:43:47,2021-04-28,2021,4,28,8,43,47,2,10.0,morning,20210428T084347,filename_YYYYMMDDTHHMMSS,True,EPSG:32632,32632,303,313,GTiff,float32,,"[579360.0, 5158510.0, 600570.0, 5180420.0]",0.9129958152770996,0.9799202084541321,0.0,1.0,0.12616698443889618,0.7395135760307312,0.830564022064209,1.0,1.0,34748,34748,34751,94839,99.99136715490202,99.99136715490202,70.0,-70.0,34751,True,
esi,data/ESI/ECO_L4T_ESI.002_ESI_20210429T075625_aid0001_32N.tif,ECO_L4T_ESI.002_ESI_20210429T075625_aid0001_32N.tif,2021-04-29T07:56:25,2021-04-29,2021,4,29,7,56,25,2,9.0,morning,20210429T075625,filename_YYYYMMDDTHHMMSS,True,EPSG:32632,32632,303,313,GTiff,float32,,"[579360.0, 5158510.0, 600570.0, 5180420.0]",0.9347046613693237,0.9784603714942932,0.2309594601392746,1.0,0.08865094929933548,0.7673327922821045,0.8837767839431763,1.0,1.0,34751,34751,34751,94839,100.0,100.0,70.0,-70.0,34751,True,
esi,data/ESI/ECO_L4T_ESI.002_ESI_20210430T070859_aid0001_32N.tif,ECO_L4T_ESI.002_ESI_20210430T070859_aid0001_32N.tif,2021-04-30T07:08:59,2021-04-30,2021,4,30,7,8,59,2,9.0,morning,20210430T070859,filename_YYYYMMDDTHHMMSS,True,EPSG:32632,32632,303,313,GTiff,float32,,"[579360.0, 5158510.0, 600570.0, 5180420.0]",0.8978654146194458,0.974335789680481,0.3851054310798645,1.0,0.1374834179878235,0.5681959986686707,0.81843501329422,1.0,1.0,6624,6624,34751,94839,19.061321976346004,19.061321976346004,70.0,-70.0,34751,True,
esi,data/ESI/ECO_L4T_ESI.002_ESI_20210502T071054_aid0001_32N.tif,ECO_L4T_ESI.002_ESI_20210502T071054_aid0001_32N.tif,2021-05-02T07:10:54,2021-05-02,2021,5,2,7,10,54,2,9.0,morning,20210502T071054,filename_YYYYMMDDTHHMMSS,True,EPSG:32632,32632,303,313,GTiff,float32,,"[579360.0, 5158510.0, 600570.0, 5180420.0]",0.6468360424041748,0.8286712169647217,0.0,1.0,0.4110201597213745,0.0,0.0,0.979373574256897,1.0,32600,32600,34751,94839,93.81025006474634,93.81025006474634,70.0,-70.0,34751,True,
esi,data/ESI/ECO_L4T_ESI.002_ESI_20210503T062331_aid0001_32N.tif,ECO_L4T_ESI.002_ESI_20210503T062331_aid0001_32N.tif,2021-05-03T06:23:31,2021-05-03,2021,5,3,6,23,31,2,8.0,morning,20210503T062331,filename_YYYYMMDDTHHMMSS,True,EPSG:32632,32632,303,313,GTiff,float32,,"[579360.0, 5158510.0, 600570.0, 5180420.0]",0.8377507328987122,0.841926634311676,0.0,1.0,0.14742738008499146,0.6064752340316772,0.7364534139633179,0.9984806180000305,1.0,34693,34693,34751,94839,99.83309832810566,99.83309832810566,70.0,-70.0,34751,True,
esi,data/ESI/ECO_L4T_ESI.002_ESI_20210504T053602_aid0001_32N.tif,ECO_L4T_ESI.002_ESI_20210504T053602_aid0001_32N.tif,2021-05-04T05:36:02,2021-05-04,2021,5,4,5,36,2,2,7.0,morning,20210504T053602,filename_YYYYMMDDTHHMMSS,True,EPSG:32632,32632,303,313,GTiff,float32,,"[579360.0, 5158510.0, 600570.0, 5180420.0]",0.40931910276412964,0.5516018867492676,0.0,1.0,0.38769781589508057,0.0,0.0,0.7805818319320679,0.8814287781715393,12570,12570,34751,94839,36.1716209605479,36.1716209605479,70.0,-70.0,34751,True,
esi,data/ESI/ECO_L4T_ESI.002_ESI_20210506T053802_aid0001_32N.tif,ECO_L4T_ESI.002_ESI_20210506T053802_aid0001_32N.tif,2021-05-06T05:38:02,2021-05-06,2021,5,6,5,38,2,2,7.0,morning,20210506T053802,filename_YYYYMMDDTHHMMSS,True,EPSG:32632,32632,303,313,GTiff,float32,,"[579360.0, 5158510.0, 600570.0, 5180420.0]",0.7083462476730347,0.6574878096580505,0.08380726724863052,1.0,0.14837774634361267,0.6478103399276733,0.6515929698944092,0.6835361123085022,1.0,8973,8973,34751,94839,25.82083968806653,25.82083968806653,70.0,-70.0,34751,True,
esi,data/ESI/ECO_L4T_ESI.002_ESI_20210507T045046_aid0001_32N.tif,ECO_L4T_ESI.002_ESI_20210507T045046_aid0001_32N.tif,2021-05-07T04:50:46,2021-05-07,2021,5,7,4,50,46,2,6.0,morning,20210507T045046,filename_YYYYMMDDTHHMMSS,True,EPSG:32632,32632,303,313,GTiff,float32,,"[579360.0, 5158510.0, 600570.0, 5180420.0]",0.7176855802536011,0.9262715578079224,0.0,1.0,0.4055618643760681,0.0,0.8159894943237305,0.9676321744918823,1.0,29452,29452,34751,94839,84.75151794192973,84.75151794192973,70.0,-70.0,34751,True,
esi,data/ESI/ECO_L4T_ESI.002_ESI_20210524T174926_aid0001_32N.tif,ECO_L4T_ESI.002_ESI_20210524T174926_aid0001_32N.tif,2021-05-24T17:49:26,2021-05-24,2021,5,24,17,49,26,2,19.0,evening,20210524T174926,filename_YYYYMMDDTHHMMSS,True,EPSG:32632,32632,303,313,GTiff,float32,,"[579360.0, 5158510.0, 600570.0, 5180420.0]",0.7254297733306885,0.9269309043884277,0.0,1.0,0.388048380613327,0.0,0.9112654328346252,0.9339485764503479,0.9783835411071777,20748,20748,34751,94839,59.70475669764899,59.70475669764899,70.0,-70.0,34751,True,
esi,data/ESI/ECO_L4T_ESI.002_ESI_20210525T170232_aid0001_32N.tif,ECO_L4T_ESI.002_ESI_20210525T170232_aid0001_32N.tif,2021-05-25T17:02:32,2021-05-25,2021,5,25,17,2,32,2,19.0,evening,20210525T170232,filename_YYYYMMDDTHHMMSS,True,EPSG:32632,32632,303,313,GTiff,float32,,"[579360.0, 5158510.0, 600570.0, 5180420.0]",0.7852100729942322,0.8480827808380127,0.0,1.0,0.25329720973968506,0.0,0.8362456560134888,0.874302864074707,0.9999999403953552,34739,34739,34751,94839,99.96546861960806,99.96546861960806,70.0,-70.0,34751,True,
esi,data/ESI/ECO_L4T_ESI.002_ESI_20210528T161640_aid0001_32N.tif,ECO_L4T_ESI.002_ESI_20210528T161640_aid0001_32N.tif,2021-05-28T16:16:40,2021-05-28,2021,5,28,16,16,40,2,18.0,evening,20210528T161640,filename_YYYYMMDDTHHMMSS,True,EPSG:32632,32632,303,313,GTiff,float32,,"[579360.0, 5158510.0, 600570.0, 5180420.0]",0.9333393573760986,0.9997798204421997,0.0,1.0,0.15915122628211975,0.7316811084747314,0.9181344509124756,1.0,1.0,34751,34751,34751,94839,100.0,100.0,70.0,-70.0,34751,True,
esi,data/ESI/ECO_L4T_ESI.002_ESI_20210529T152944_aid0001_32N.tif,ECO_L4T_ESI.002_ESI_20210529T152944_aid0001_32N.tif,2021-05-29T15:29:44,2021-05-29,2021,5,29,15,29,44,2,17.0,evening,20210529T152944,filename_YYYYMMDDTHHMMSS,True,EPSG:32632,32632,303,313,GTiff,float32,,"[579360.0, 5158510.0, 600570.0, 5180420.0]",0.8775308132171631,0.9937047362327576,0.0,1.0,0.20610980689525604,0.49035724997520447,0.8455661535263062,1.0,1.0,24244,24244,34751,94839,69.7648988518316,69.7648988518316,70.0,-70.0,34751,True,
esi,data/ESI/ECO_L4T_ESI.002_ESI_20210601T144356_aid0001_32N.tif,ECO_L4T_ESI.002_ESI_20210601T144356_aid0001_32N.tif,2021-06-01T14:43:56,2021-06-01,2021,6,1,14,43,56,2,16.0,evening,20210601T144356,filename_YYYYMMDDTHHMMSS,True,EPSG:32632,32632,303,313,GTiff,float32,,"[579360.0, 5158510.0, 600570.0, 5180420.0]",0.9334855675697327,0.9782806634902954,0.007823418825864792,1.0,0.12982065975666046,0.7319697141647339,0.9131293892860413,1.0,1.0,32156,32156,34751,94839,92.53258899024488,92.53258899024488,70.0,-70.0,34751,True,
esi,data/ESI/ECO_L4T_ESI.002_ESI_20210607T162802_aid0001_32N.tif,ECO_L4T_ESI.002_ESI_20210607T162802_aid0001_32N.tif,2021-06-07T16:28:02,2021-06-07,2021,6,7,16,28,2,2,18.0,evening,20210607T162802,filename_YYYYMMDDTHHMMSS,True,EPSG:32632,32632,303,313,GTiff,float32,,"[579360.0, 5158510.0, 600570.0, 5180420.0]",0.55601567029953,0.890318751335144,0.0,1.0,0.48017001152038574,0.0,0.0,1.0,1.0,1154,1154,34751,94839,3.320767747690714,3.320767747690714,70.0,-70.0,34751,True,
esi,data/ESI/ECO_L4T_ESI.002_ESI_20210611T145512_aid0001_32N.tif,ECO_L4T_ESI.002_ESI_20210611T145512_aid0001_32N.tif,2021-06-11T14:55:12,2021-06-11,2021,6,11,14,55,12,2,16.0,evening,20210611T145512,filename_YYYYMMDDTHHMMSS,True,EPSG:32632,32632,303,313,GTiff,float32,,"[579360.0, 5158510.0, 600570.0, 5180420.0]",0.7830517292022705,0.8196132779121399,0.0,1.0,0.21963100135326385,0.22913134098052979,0.7620081901550293,0.9303856492042542,1.0,20973,20973,34751,94839,60.3522200799977,60.3522200799977,70.0,-70.0,34751,True,
esi,data/ESI/ECO_L4T_ESI.002_ESI_20210612T140746_aid0001_32N.tif,ECO_L4T_ESI.002_ESI_20210612T140746_aid0001_32N.tif,2021-06-12T14:07:46,2021-06-12,2021,6,12,14,7,46,2,16.0,evening,20210612T140746,filename_YYYYMMDDTHHMMSS,True,EPSG:32632,32632,303,313,GTiff,float32,,"[579360.0, 5158510.0, 600570.0, 5180420.0]",0.8771776556968689,0.8713827133178711,0.019912676885724068,1.0,0.13486571609973907,0.7039158344268799,0.8431767225265503,0.9767295122146606,1.0,20478,20478,34751,94839,58.92780063883054,58.92780063883054,70.0,-70.0,34751,True,
esi,data/ESI/ECO_L4T_ESI.002_ESI_20210613T100603_aid0001_32N.tif,ECO_L4T_ESI.002_ESI_20210613T100603_aid0001_32N.tif,2021-06-13T10:06:03,2021-06-13,2021,6,13,10,6,3,2,12.0,midday_afternoon,20210613T100603,filename_YYYYMMDDTHHMMSS,True,EPSG:32632,32632,8,313,GTiff,float32,,"[600000.0, 5158510.0, 600560.0, 5180420.0]",0.6927999258041382,0.9999999403953552,0.05926775932312012,1.0,0.41362059116363525,0.07209791988134384,0.11566249281167984,1.0,1.0,94,94,94,2504,100.0,100.0,70.0,-70.0,94,True,
esi,data/ESI/ECO_L4T_ESI.002_ESI_20210614T091828_aid0001_32N.tif,ECO_L4T_ESI.002_ESI_20210614T091828_aid0001_32N.tif,2021-06-14T09:18:28,2021-06-14,2021,6,14,9,18,28,2,11.0,midday_afternoon,20210614T091828,filename_YYYYMMDDTHHMMSS,True,EPSG:32632,32632,303,313,GTiff,float32,,"[579360.0, 5158510.0, 600570.0, 5180420.0]",0.851639986038208,0.907261312007904,0.008629358373582363,1.0,0.17570233345031738,0.5054632425308228,0.8302992582321167,0.9561952352523804,0.9999999403953552,34751,34751,34751,94839,100.0,100.0,70.0,-70.0,34751,True,
esi,data/ESI/ECO_L4T_ESI.002_ESI_20210617T083310_aid0001_32N.tif,ECO_L4T_ESI.002_ESI_20210617T083310_aid0001_32N.tif,2021-06-17T08:33:10,2021-06-17,2021,6,17,8,33,10,2,10.0,morning,20210617T083310,filename_YYYYMMDDTHHMMSS,True,EPSG:32632,32632,303,313,GTiff,float32,,"[579360.0, 5158510.0, 600570.0, 5180420.0]",0.8034395575523376,0.8952450752258301,0.04900389537215233,1.0,0.2519744038581848,0.09288807958364487,0.7863180637359619,0.9564284682273865,1.0,34751,34751,34751,94839,100.0,100.0,70.0,-70.0,34751,True,
esi,data/ESI/ECO_L4T_ESI.002_ESI_20210621T065931_aid0001_32N.tif,ECO_L4T_ESI.002_ESI_20210621T065931_aid0001_32N.tif,2021-06-21T06:59:31,2021-06-21,2021,6,21,6,59,31,2,8.0,morning,20210621T065931,filename_YYYYMMDDTHHMMSS,True,EPSG:32632,32632,303,313,GTiff,float32,,"[579360.0, 5158510.0, 600570.0, 5180420.0]",0.8596948981285095,0.9229722023010254,0.024523144587874413,1.0,0.15991847217082977,0.5515562891960144,0.7921057939529419,0.9698814153671265,1.0,34661,34661,34751,94839,99.74101464706051,99.74101464706051,70.0,-70.0,34751,True,
esi,data/ESI/ECO_L4T_ESI.002_ESI_20210622T061157_aid0001_32N.tif,ECO_L4T_ESI.002_ESI_20210622T061157_aid0001_32N.tif,2021-06-22T06:11:57,2021-06-22,2021,6,22,6,11,57,2,8.0,morning,20210622T061157,filename_YYYYMMDDTHHMMSS,True,EPSG:32632,32632,303,313,GTiff,float32,,"[579360.0, 5158510.0, 600570.0, 5180420.0]",0.7816015481948853,0.7890685796737671,0.21731121838092804,1.0,0.16103346645832062,0.48816046118736267,0.6888880729675293,0.9166580438613892,1.0,10772,10772,34751,94839,30.997669131823546,30.997669131823546,70.0,-70.0,34751,True,
esi,data/ESI/ECO_L4T_ESI.002_ESI_20210622T061248_aid0001_32N.tif,ECO_L4T_ESI.002_ESI_20210622T061248_aid0001_32N.tif,2021-06-22T06:12:48,2021-06-22,2021,6,22,6,12,48,2,8.0,morning,20210622T061248,filename_YYYYMMDDTHHMMSS,True,EPSG:32632,32632,303,313,GTiff,float32,,"[579360.0, 5158510.0, 600570.0, 5180420.0]",0.7260643839836121,0.8357610702514648,0.055356383323669434,1.0,0.26166221499443054,0.16841937601566315,0.5679231882095337,0.9270954728126526,1.0,27212,27212,34751,94839,78.30566026876924,78.30566026876924,70.0,-70.0,34751,True,
esi,data/ESI/ECO_L4T_ESI.002_ESI_20210624T092854_aid0001_32N.tif,ECO_L4T_ESI.002_ESI_20210624T092854_aid0001_32N.tif,2021-06-24T09:28:54,2021-06-24,2021,6,24,9,28,54,2,11.0,midday_afternoon,20210624T092854,filename_YYYYMMDDTHHMMSS,True,EPSG:32632,32632,303,313,GTiff,float32,,"[579360.0, 5158510.0, 600570.0, 5180420.0]",0.8380237817764282,0.8747296333312988,0.06238532066345215,1.0,0.1758383810520172,0.4591324031352997,0.8163219690322876,0.949679434299469,0.9994260668754578,30868,30868,34751,94839,88.82622082817761,88.82622082817761,70.0,-70.0,34751,True,
esi,data/ESI/ECO_L4T_ESI.002_ESI_20210625T052649_aid0001_32N.tif,ECO_L4T_ESI.002_ESI_20210625T052649_aid0001_32N.tif,2021-06-25T05:26:49,2021-06-25,2021,6,25,5,26,49,2,7.0,morning,20210625T052649,filename_YYYYMMDDTHHMMSS,True,EPSG:32632,32632,303,313,GTiff,float32,,"[579360.0, 5158510.0, 600570.0, 5180420.0]",0.8376908898353577,0.8343072533607483,0.0,1.0,0.1900307685136795,0.5871337652206421,0.8032116889953613,0.9550589323043823,0.9998177289962769,34751,34751,34751,94839,100.0,100.0,70.0,-70.0,34751,True,
esi,data/ESI/ECO_L4T_ESI.002_ESI_20210626T044020_aid0001_32N.tif,ECO_L4T_ESI.002_ESI_20210626T044020_aid0001_32N.tif,2021-06-26T04:40:20,2021-06-26,2021,6,26,4,40,20,2,6.0,morning,20210626T044020,filename_YYYYMMDDTHHMMSS,True,EPSG:32632,32632,303,313,GTiff,float32,,"[579360.0, 5158510.0, 600570.0, 5180420.0]",0.8934134840965271,0.9875750541687012,0.0,1.0,0.24128933250904083,0.0,0.9304234981536865,1.0,1.0,34751,34751,34751,94839,100.0,100.0,70.0,-70.0,34751,True,
esi,data/ESI/ECO_L4T_ESI.002_ESI_20210628T075704_aid0001_32N.tif,ECO_L4T_ESI.002_ESI_20210628T075704_aid0001_32N.tif,2021-06-28T07:57:04,2021-06-28,2021,6,28,7,57,4,2,9.0,morning,20210628T075704,filename_YYYYMMDDTHHMMSS,True,EPSG:32632,32632,303,313,GTiff,float32,,"[579360.0, 5158510.0, 600570.0, 5180420.0]",0.8045844435691833,0.8493307828903198,0.02287076599895954,1.0,0.17841458320617676,0.4843766987323761,0.7184170484542847,0.9304361343383789,0.9984927773475647,33441,33441,34751,94839,96.23032430721418,96.23032430721418,70.0,-70.0,34751,True,
esi,data/ESI/ECO_L4T_ESI.002_ESI_20220402T132741_aid0001_32N.tif,ECO_L4T_ESI.002_ESI_20220402T132741_aid0001_32N.tif,2022-04-02T13:27:41,2022-04-02,2022,4,2,13,27,41,2,15.0,midday_afternoon,20220402T132741,filename_YYYYMMDDTHHMMSS,True,EPSG:32632,32632,303,313,GTiff,float32,,"[579360.0, 5158510.0, 600570.0, 5180420.0]",0.6988890171051025,0.9884969592094421,0.0,1.0,0.410381942987442,0.0,0.5348474383354187,1.0,1.0,29289,29289,34751,94839,84.28246669160599,84.28246669160599,70.0,-70.0,34751,True,
esi,data/ESI/ECO_L4T_ESI.002_ESI_20220405T123921_aid0001_32N.tif,ECO_L4T_ESI.002_ESI_20220405T123921_aid0001_32N.tif,2022-04-05T12:39:21,2022-04-05,2022,4,5,12,39,21,2,14.0,midday_afternoon,20220405T123921,filename_YYYYMMDDTHHMMSS,True,EPSG:32632,32632,303,313,GTiff,float32,,"[579360.0, 5158510.0, 600570.0, 5180420.0]",0.8163973093032837,0.9999999403953552,0.0,1.0,0.3369370996952057,0.0,0.8269542455673218,1.0,1.0,29865,29865,34751,94839,85.93997295041869,85.93997295041869,70.0,-70.0,34751,True,
esi,data/ESI/ECO_L4T_ESI.002_ESI_20220406T115137_aid0001_32N.tif,ECO_L4T_ESI.002_ESI_20220406T115137_aid0001_32N.tif,2022-04-06T11:51:37,2022-04-06,2022,4,6,11,51,37,2,13.0,midday_afternoon,20220406T115137,filename_YYYYMMDDTHHMMSS,True,EPSG:32632,32632,303,313,GTiff,float32,,"[579360.0, 5158510.0, 600570.0, 5180420.0]",0.8388891220092773,0.9999999403953552,0.0,1.0,0.28786513209342957,0.0,0.7915109992027283,1.0,1.0,33852,33852,34751,94839,97.41302408563783,97.41302408563783,70.0,-70.0,34751,True,
esi,data/ESI/ECO_L4T_ESI.002_ESI_20220406T164256_aid0001_32N.tif,ECO_L4T_ESI.002_ESI_20220406T164256_aid0001_32N.tif,2022-04-06T16:42:56,2022-04-06,2022,4,6,16,42,56,2,18.0,evening,20220406T164256,filename_YYYYMMDDTHHMMSS,True,EPSG:32632,32632,8,313,GTiff,float32,,"[600000.0, 5158510.0, 600560.0, 5180420.0]",0.8121389746665955,0.8472654819488525,0.44312411546707153,1.0,0.17450420558452606,0.4723932147026062,0.8161785006523132,0.9171075224876404,1.0,94,94,94,2504,100.0,100.0,70.0,-70.0,94,True,
esi,data/ESI/ECO_L4T_ESI.002_ESI_20220410T150558_aid0001_32N.tif,ECO_L4T_ESI.002_ESI_20220410T150558_aid0001_32N.tif,2022-04-10T15:05:58,2022-04-10,2022,4,10,15,5,58,2,17.0,evening,20220410T150558,filename_YYYYMMDDTHHMMSS,True,EPSG:32632,32632,303,313,GTiff,float32,,"[579360.0, 5158510.0, 600570.0, 5180420.0]",0.8872559070587158,0.9999999403953552,0.0,1.0,0.1941806674003601,0.46727174520492554,0.8226577639579773,1.0,1.0,34751,34751,34751,94839,100.0,100.0,70.0,-70.0,34751,True,
esi,data/ESI/ECO_L4T_ESI.002_ESI_20220411T141714_aid0001_32N.tif,ECO_L4T_ESI.002_ESI_20220411T141714_aid0001_32N.tif,2022-04-11T14:17:14,2022-04-11,2022,4,11,14,17,14,2,16.0,evening,20220411T141714,filename_YYYYMMDDTHHMMSS,True,EPSG:32632,32632,303,313,GTiff,float32,,"[579360.0, 5158510.0, 600570.0, 5180420.0]",0.8923512101173401,0.9999999403953552,0.0,1.0,0.18131889402866364,0.4902816414833069,0.8456318378448486,1.0,1.0,34735,34735,34751,94839,99.95395815947742,99.95395815947742,70.0,-70.0,34751,True,
esi,data/ESI/ECO_L4T_ESI.002_ESI_20220412T101425_aid0001_32N.tif,ECO_L4T_ESI.002_ESI_20220412T101425_aid0001_32N.tif,2022-04-12T10:14:25,2022-04-12,2022,4,12,10,14,25,2,12.0,midday_afternoon,20220412T101425,filename_YYYYMMDDTHHMMSS,True,EPSG:32632,32632,303,313,GTiff,float32,,"[579360.0, 5158510.0, 600570.0, 5180420.0]",0.8660576939582825,1.0,0.0,1.0,0.3235977590084076,0.0,0.973247766494751,1.0,1.0,8855,8855,34751,94839,25.48128111421254,25.48128111421254,70.0,-70.0,34751,True,
esi,data/ESI/ECO_L4T_ESI.002_ESI_20220412T101517_aid0001_32N.tif,ECO_L4T_ESI.002_ESI_20220412T101517_aid0001_32N.tif,2022-04-12T10:15:17,2022-04-12,2022,4,12,10,15,17,2,12.0,midday_afternoon,20220412T101517,filename_YYYYMMDDTHHMMSS,True,EPSG:32632,32632,303,313,GTiff,float32,,"[579360.0, 5158510.0, 600570.0, 5180420.0]",0.85655277967453,0.9949024319648743,0.0,1.0,0.2601375877857208,0.0,0.8366919755935669,1.0,1.0,29985,29985,34751,94839,86.285286754338,86.285286754338,70.0,-70.0,34751,True,
esi,data/ESI/ECO_L4T_ESI.002_ESI_20220413T092607_aid0001_32N.tif,ECO_L4T_ESI.002_ESI_20220413T092607_aid0001_32N.tif,2022-04-13T09:26:07,2022-04-13,2022,4,13,9,26,7,2,11.0,midday_afternoon,20220413T092607,filename_YYYYMMDDTHHMMSS,True,EPSG:32632,32632,303,313,GTiff,float32,,"[579360.0, 5158510.0, 600570.0, 5180420.0]",0.8688700795173645,0.9999999403953552,0.0,1.0,0.24101288616657257,0.11517162621021271,0.8145703077316284,1.0,1.0,34751,34751,34751,94839,100.0,100.0,70.0,-70.0,34751,True,
esi,data/ESI/ECO_L4T_ESI.002_ESI_20220414T132903_aid0001_32N.tif,ECO_L4T_ESI.002_ESI_20220414T132903_aid0001_32N.tif,2022-04-14T13:29:03,2022-04-14,2022,4,14,13,29,3,2,15.0,midday_afternoon,20220414T132903,filename_YYYYMMDDTHHMMSS,True,EPSG:32632,32632,303,313,GTiff,float32,,"[579360.0, 5158510.0, 600570.0, 5180420.0]",0.9144267439842224,0.9999999403953552,0.0,1.0,0.2331417351961136,0.051209595054388046,0.9596162438392639,1.0,1.0,34751,34751,34751,94839,100.0,100.0,70.0,-70.0,34751,True,
esi,data/ESI/ECO_L4T_ESI.002_ESI_20220417T124039_aid0001_32N.tif,ECO_L4T_ESI.002_ESI_20220417T124039_aid0001_32N.tif,2022-04-17T12:40:39,2022-04-17,2022,4,17,12,40,39,2,14.0,midday_afternoon,20220417T124039,filename_YYYYMMDDTHHMMSS,True,EPSG:32632,32632,303,313,GTiff,float32,,"[579360.0, 5158510.0, 600570.0, 5180420.0]",0.8321607112884521,0.9970283508300781,0.0,1.0,0.27607497572898865,0.12496516853570938,0.750970184803009,1.0,1.0,34734,34734,34751,94839,99.95108054444476,99.95108054444476,70.0,-70.0,34751,True,
esi,data/ESI/ECO_L4T_ESI.002_ESI_20220418T115201_aid0001_32N.tif,ECO_L4T_ESI.002_ESI_20220418T115201_aid0001_32N.tif,2022-04-18T11:52:01,2022-04-18,2022,4,18,11,52,1,2,13.0,midday_afternoon,20220418T115201,filename_YYYYMMDDTHHMMSS,True,EPSG:32632,32632,303,313,GTiff,float32,,"[579360.0, 5158510.0, 600570.0, 5180420.0]",0.8193127512931824,0.9867280125617981,0.0,1.0,0.2809669077396393,0.10585850477218628,0.7081530094146729,1.0,1.0,34751,34751,34751,94839,100.0,100.0,70.0,-70.0,34751,True,
esi,data/ESI/ECO_L4T_ESI.002_ESI_20220419T110355_aid0001_32N.tif,ECO_L4T_ESI.002_ESI_20220419T110355_aid0001_32N.tif,2022-04-19T11:03:55,2022-04-19,2022,4,19,11,3,55,2,13.0,midday_afternoon,20220419T110355,filename_YYYYMMDDTHHMMSS,True,EPSG:32632,32632,303,313,GTiff,float32,,"[579360.0, 5158510.0, 600570.0, 5180420.0]",0.9024205803871155,0.9515140056610107,0.023678511381149292,1.0,0.15768806636333466,0.7467840313911438,0.8589938879013062,0.9999999403953552,1.0,1652,1652,34751,94839,4.753820033955857,4.753820033955857,70.0,-70.0,34751,True,
esi,data/ESI/ECO_L4T_ESI.002_ESI_20220420T070055_aid0001_32N.tif,ECO_L4T_ESI.002_ESI_20220420T070055_aid0001_32N.tif,2022-04-20T07:00:55,2022-04-20,2022,4,20,7,0,55,2,9.0,morning,20220420T070055,filename_YYYYMMDDTHHMMSS,True,EPSG:32632,32632,303,313,GTiff,float32,,"[579360.0, 5158510.0, 600570.0, 5180420.0]",0.8960859775543213,0.9876354932785034,0.0,1.0,0.1994449943304062,0.575198769569397,0.869564414024353,1.0,1.0,34751,34751,34751,94839,100.0,100.0,70.0,-70.0,34751,True,
esi,data/ESI/ECO_L4T_ESI.002_ESI_20220421T061146_aid0001_32N.tif,ECO_L4T_ESI.002_ESI_20220421T061146_aid0001_32N.tif,2022-04-21T06:11:46,2022-04-21,2022,4,21,6,11,46,2,8.0,morning,20220421T061146,filename_YYYYMMDDTHHMMSS,True,EPSG:32632,32632,303,313,GTiff,float32,,"[579360.0, 5158510.0, 600570.0, 5180420.0]",0.8581269979476929,0.9716272354125977,0.0,1.0,0.24618561565876007,0.0,0.8088704347610474,1.0,1.0,34751,34751,34751,94839,100.0,100.0,70.0,-70.0,34751,True,
esi,data/ESI/ECO_L4T_ESI.002_ESI_20220422T101457_aid0001_32N.tif,ECO_L4T_ESI.002_ESI_20220422T101457_aid0001_32N.tif,2022-04-22T10:14:57,2022-04-22,2022,4,22,10,14,57,2,12.0,midday_afternoon,20220422T101457,filename_YYYYMMDDTHHMMSS,True,EPSG:32632,32632,303,313,GTiff,float32,,"[579360.0, 5158510.0, 600570.0, 5180420.0]",0.9926688075065613,1.0,0.8723411560058594,1.0,0.021170737221837044,0.9414874315261841,0.9999999403953552,1.0,1.0,913,913,34751,94839,2.6272625248194297,2.6272625248194297,70.0,-70.0,34751,True,
esi,data/ESI/ECO_L4T_ESI.002_ESI_20220424T052320_aid0001_32N.tif,ECO_L4T_ESI.002_ESI_20220424T052320_aid0001_32N.tif,2022-04-24T05:23:20,2022-04-24,2022,4,24,5,23,20,2,7.0,morning,20220424T052320,filename_YYYYMMDDTHHMMSS,True,EPSG:32632,32632,303,313,GTiff,float32,,"[579360.0, 5158510.0, 600570.0, 5180420.0]",0.49929583072662354,0.5818272829055786,0.0,1.0,0.4108067750930786,0.0,0.0,0.9125244617462158,1.0,34751,34751,34751,94839,100.0,100.0,70.0,-70.0,34751,True,
esi,data/ESI/ECO_L4T_ESI.002_ESI_20220425T092624_aid0001_32N.tif,ECO_L4T_ESI.002_ESI_20220425T092624_aid0001_32N.tif,2022-04-25T09:26:24,2022-04-25,2022,4,25,9,26,24,2,11.0,midday_afternoon,20220425T092624,filename_YYYYMMDDTHHMMSS,True,EPSG:32632,32632,303,313,GTiff,float32,,"[579360.0, 5158510.0, 600570.0, 5180420.0]",0.7439530491828918,0.921903133392334,0.0,1.0,0.35629892349243164,0.0,0.6516076922416687,1.0,1.0,34751,34751,34751,94839,100.0,100.0,70.0,-70.0,34751,True,
esi,data/ESI/ECO_L4T_ESI.002_ESI_20220426T083838_aid0001_32N.tif,ECO_L4T_ESI.002_ESI_20220426T083838_aid0001_32N.tif,2022-04-26T08:38:38,2022-04-26,2022,4,26,8,38,38,2,10.0,morning,20220426T083838,filename_YYYYMMDDTHHMMSS,True,EPSG:32632,32632,303,313,GTiff,float32,,"[579360.0, 5158510.0, 600570.0, 5180420.0]",0.8618237972259521,0.989867091178894,0.0,1.0,0.22273632884025574,0.4245341122150421,0.7984171509742737,1.0,1.0,31562,31562,34751,94839,90.82328566084429,90.82328566084429,70.0,-70.0,34751,True,
esi,data/ESI/ECO_L4T_ESI.002_ESI_20220429T075044_aid0001_32N.tif,ECO_L4T_ESI.002_ESI_20220429T075044_aid0001_32N.tif,2022-04-29T07:50:44,2022-04-29,2022,4,29,7,50,44,2,9.0,morning,20220429T075044,filename_YYYYMMDDTHHMMSS,True,EPSG:32632,32632,303,313,GTiff,float32,,"[579360.0, 5158510.0, 600570.0, 5180420.0]",0.8997534513473511,0.9817584156990051,0.0,1.0,0.20656843483448029,0.44675523042678833,0.9049429297447205,1.0,1.0,34751,34751,34751,94839,100.0,100.0,70.0,-70.0,34751,True,
esi,data/ESI/ECO_L4T_ESI.002_ESI_20220430T070234_aid0001_32N.tif,ECO_L4T_ESI.002_ESI_20220430T070234_aid0001_32N.tif,2022-04-30T07:02:34,2022-04-30,2022,4,30,7,2,34,2,9.0,morning,20220430T070234,filename_YYYYMMDDTHHMMSS,True,EPSG:32632,32632,303,313,GTiff,float32,,"[579360.0, 5158510.0, 600570.0, 5180420.0]",0.8358377814292908,0.9851781129837036,0.0,1.0,0.32339370250701904,0.0,0.8949734568595886,1.0,1.0,33145,33145,34751,94839,95.37855025754655,95.37855025754655,70.0,-70.0,34751,True,
esi,data/ESI/ECO_L4T_ESI.002_ESI_20220503T061442_aid0001_32N.tif,ECO_L4T_ESI.002_ESI_20220503T061442_aid0001_32N.tif,2022-05-03T06:14:42,2022-05-03,2022,5,3,6,14,42,2,8.0,morning,20220503T061442,filename_YYYYMMDDTHHMMSS,True,EPSG:32632,32632,303,313,GTiff,float32,,"[579360.0, 5158510.0, 600570.0, 5180420.0]",0.5922704935073853,0.7750974893569946,0.0,1.0,0.4243074059486389,0.0,0.0,0.985305905342102,1.0,34751,34751,34751,94839,100.0,100.0,70.0,-70.0,34751,True,
esi,data/ESI/ECO_L4T_ESI.002_ESI_20220525T163559_aid0001_32N.tif,ECO_L4T_ESI.002_ESI_20220525T163559_aid0001_32N.tif,2022-05-25T16:35:59,2022-05-25,2022,5,25,16,35,59,2,18.0,evening,20220525T163559,filename_YYYYMMDDTHHMMSS,True,EPSG:32632,32632,303,313,GTiff,float32,,"[579360.0, 5158510.0, 600570.0, 5180420.0]",0.7811058759689331,0.9359630346298218,0.0,1.0,0.29812297224998474,0.0,0.6258662939071655,1.0,1.0,29650,29650,34751,94839,85.3212857183966,85.3212857183966,70.0,-70.0,34751,True,
esi,data/ESI/ECO_L4T_ESI.002_ESI_20220528T154844_aid0001_32N.tif,ECO_L4T_ESI.002_ESI_20220528T154844_aid0001_32N.tif,2022-05-28T15:48:44,2022-05-28,2022,5,28,15,48,44,2,17.0,evening,20220528T154844,filename_YYYYMMDDTHHMMSS,True,EPSG:32632,32632,303,313,GTiff,float32,,"[579360.0, 5158510.0, 600570.0, 5180420.0]",0.8270902037620544,0.9400482773780823,0.0,1.0,0.2544032037258148,0.21121913194656372,0.7979130744934082,0.9999999403953552,1.0,14911,14911,34751,94839,42.908117752007136,42.908117752007136,70.0,-70.0,34751,True,
esi,data/ESI/ECO_L4T_ESI.002_ESI_20220529T150000_aid0001_32N.tif,ECO_L4T_ESI.002_ESI_20220529T150000_aid0001_32N.tif,2022-05-29T15:00:00,2022-05-29,2022,5,29,15,0,0,2,17.0,evening,20220529T150000,filename_YYYYMMDDTHHMMSS,True,EPSG:32632,32632,303,313,GTiff,float32,,"[579360.0, 5158510.0, 600570.0, 5180420.0]",0.8736745715141296,0.9874407052993774,0.0,1.0,0.20738571882247925,0.3831779956817627,0.8338302969932556,1.0,1.0,10010,10010,34751,94839,28.804926476935915,28.804926476935915,70.0,-70.0,34751,True,
esi,data/ESI/ECO_L4T_ESI.002_ESI_20220529T150052_aid0001_32N.tif,ECO_L4T_ESI.002_ESI_20220529T150052_aid0001_32N.tif,2022-05-29T15:00:52,2022-05-29,2022,5,29,15,0,52,2,17.0,evening,20220529T150052,filename_YYYYMMDDTHHMMSS,True,EPSG:32632,32632,303,313,GTiff,float32,,"[579360.0, 5158510.0, 600570.0, 5180420.0]",0.7068677544593811,0.7746603488922119,0.0,1.0,0.2733675539493561,0.19115273654460907,0.5285930633544922,0.9565585851669312,1.0,22199,22199,34751,94839,63.88017611004,63.88017611004,70.0,-70.0,34751,True,
esi,data/ESI/ECO_L4T_ESI.002_ESI_20220601T141211_aid0001_32N.tif,ECO_L4T_ESI.002_ESI_20220601T141211_aid0001_32N.tif,2022-06-01T14:12:11,2022-06-01,2022,6,1,14,12,11,2,16.0,evening,20220601T141211,filename_YYYYMMDDTHHMMSS,True,EPSG:32632,32632,303,313,GTiff,float32,,"[579360.0, 5158510.0, 600570.0, 5180420.0]",0.9257699251174927,0.9030184149742126,0.804405689239502,0.9979430437088013,0.04965793341398239,0.8719803094863892,0.8893977403640747,0.9759210348129272,0.9962420463562012,64,64,34751,94839,0.18416736209029955,0.18416736209029955,70.0,-70.0,34751,True,
esi,data/ESI/ECO_L4T_ESI.002_ESI_20220601T141303_aid0001_32N.tif,ECO_L4T_ESI.002_ESI_20220601T141303_aid0001_32N.tif,2022-06-01T14:13:03,2022-06-01,2022,6,1,14,13,3,2,16.0,evening,20220601T141303,filename_YYYYMMDDTHHMMSS,True,EPSG:32632,32632,303,313,GTiff,float32,,"[579360.0, 5158510.0, 600570.0, 5180420.0]",0.7462102174758911,0.8845402002334595,0.061660218983888626,1.0,0.2769612669944763,0.15908363461494446,0.7036576271057129,0.9086748361587524,0.9882226586341858,744,744,34751,94839,2.140945584299732,2.140945584299732,70.0,-70.0,34751,True,
esi,data/ESI/ECO_L4T_ESI.002_ESI_20220605T123628_aid0001_32N.tif,ECO_L4T_ESI.002_ESI_20220605T123628_aid0001_32N.tif,2022-06-05T12:36:28,2022-06-05,2022,6,5,12,36,28,2,14.0,midday_afternoon,20220605T123628,filename_YYYYMMDDTHHMMSS,True,EPSG:32632,32632,303,313,GTiff,float32,,"[579360.0, 5158510.0, 600570.0, 5180420.0]",0.745109498500824,0.8370292782783508,0.000846317911054939,1.0,0.25320538878440857,0.21220193803310394,0.6128145456314087,0.9197936058044434,0.9998440146446228,20883,20883,34751,94839,60.09323472705821,60.09323472705821,70.0,-70.0,34751,True,
esi,data/ESI/ECO_L4T_ESI.002_ESI_20220606T114746_aid0001_32N.tif,ECO_L4T_ESI.002_ESI_20220606T114746_aid0001_32N.tif,2022-06-06T11:47:46,2022-06-06,2022,6,6,11,47,46,2,13.0,midday_afternoon,20220606T114746,filename_YYYYMMDDTHHMMSS,True,EPSG:32632,32632,303,313,GTiff,float32,,"[579360.0, 5158510.0, 600570.0, 5180420.0]",0.7579215168952942,0.8517560958862305,0.013587187975645065,1.0,0.25301042199134827,0.13209258019924164,0.6728629469871521,0.9190937876701355,0.9979013204574585,18474,18474,34751,94839,53.161060113378035,53.161060113378035,70.0,-70.0,34751,True,
esi,data/ESI/ECO_L4T_ESI.002_ESI_20220606T114838_aid0001_32N.tif,ECO_L4T_ESI.002_ESI_20220606T114838_aid0001_32N.tif,2022-06-06T11:48:38,2022-06-06,2022,6,6,11,48,38,2,13.0,midday_afternoon,20220606T114838,filename_YYYYMMDDTHHMMSS,True,EPSG:32632,32632,303,313,GTiff,float32,,"[579360.0, 5158510.0, 600570.0, 5180420.0]",0.8193458318710327,0.8973881006240845,0.045716896653175354,1.0,0.21277077496051788,0.31531181931495667,0.7631206512451172,0.9670736193656921,0.9998769164085388,17099,17099,34751,94839,49.20433944346925,49.20433944346925,70.0,-70.0,34751,True,
esi,data/ESI/ECO_L4T_ESI.002_ESI_20220607T155034_aid0001_32N.tif,ECO_L4T_ESI.002_ESI_20220607T155034_aid0001_32N.tif,2022-06-07T15:50:34,2022-06-07,2022,6,7,15,50,34,2,17.0,evening,20220607T155034,filename_YYYYMMDDTHHMMSS,True,EPSG:32632,32632,303,313,GTiff,float32,,"[579360.0, 5158510.0, 600570.0, 5180420.0]",0.8156211376190186,0.8461968302726746,0.46620726585388184,0.9999999403953552,0.13392752408981323,0.539077877998352,0.7402151823043823,0.9218156933784485,0.9827741980552673,298,298,34751,94839,0.8575292797329573,0.8575292797329573,70.0,-70.0,34751,True,
esi,data/ESI/ECO_L4T_ESI.002_ESI_20220607T155126_aid0001_32N.tif,ECO_L4T_ESI.002_ESI_20220607T155126_aid0001_32N.tif,2022-06-07T15:51:26,2022-06-07,2022,6,7,15,51,26,2,17.0,evening,20220607T155126,filename_YYYYMMDDTHHMMSS,True,EPSG:32632,32632,303,313,GTiff,float32,,"[579360.0, 5158510.0, 600570.0, 5180420.0]",0.8172484040260315,0.7919787764549255,0.2830706238746643,1.0,0.10667524486780167,0.6520227193832397,0.7853726744651794,0.8715183734893799,0.9966822862625122,8893,8893,34751,94839,25.59063048545366,25.59063048545366,70.0,-70.0,34751,True,
esi,data/ESI/ECO_L4T_ESI.002_ESI_20220610T101130_aid0001_32N.tif,ECO_L4T_ESI.002_ESI_20220610T101130_aid0001_32N.tif,2022-06-10T10:11:30,2022-06-10,2022,6,10,10,11,30,2,12.0,midday_afternoon,20220610T101130,filename_YYYYMMDDTHHMMSS,True,EPSG:32632,32632,303,313,GTiff,float32,,"[579360.0, 5158510.0, 600570.0, 5180420.0]",0.8572195768356323,0.8215512633323669,0.2611672282218933,1.0,0.10879816114902496,0.7362727522850037,0.8033831119537354,0.9518412351608276,0.9999386072158813,33027,33027,34751,94839,95.03899168369256,95.03899168369256,70.0,-70.0,34751,True,
esi,data/ESI/ECO_L4T_ESI.002_ESI_20220610T150254_aid0001_32N.tif,ECO_L4T_ESI.002_ESI_20220610T150254_aid0001_32N.tif,2022-06-10T15:02:54,2022-06-10,2022,6,10,15,2,54,2,17.0,evening,20220610T150254,filename_YYYYMMDDTHHMMSS,True,EPSG:32632,32632,303,313,GTiff,float32,,"[579360.0, 5158510.0, 600570.0, 5180420.0]",0.8469170331954956,0.8691133260726929,0.0472402460873127,1.0,0.13159170746803284,0.5711095333099365,0.8155825138092041,0.9316043853759766,0.9996517896652222,31544,31544,34751,94839,90.7714885902564,90.7714885902564,70.0,-70.0,34751,True,
esi,data/ESI/ECO_L4T_ESI.002_ESI_20220611T141420_aid0001_32N.tif,ECO_L4T_ESI.002_ESI_20220611T141420_aid0001_32N.tif,2022-06-11T14:14:20,2022-06-11,2022,6,11,14,14,20,2,16.0,evening,20220611T141420,filename_YYYYMMDDTHHMMSS,True,EPSG:32632,32632,303,313,GTiff,float32,,"[579360.0, 5158510.0, 600570.0, 5180420.0]",0.8373940587043762,0.8847479820251465,0.02112491987645626,1.0,0.15164175629615784,0.5127568244934082,0.776727557182312,0.9362133145332336,0.9985676407814026,34415,34415,34751,94839,99.03312134902593,99.03312134902593,70.0,-70.0,34751,True,
esi,data/ESI/ECO_L4T_ESI.002_ESI_20220612T101126_aid0001_32N.tif,ECO_L4T_ESI.002_ESI_20220612T101126_aid0001_32N.tif,2022-06-12T10:11:26,2022-06-12,2022,6,12,10,11,26,2,12.0,midday_afternoon,20220612T101126,filename_YYYYMMDDTHHMMSS,True,EPSG:32632,32632,303,313,GTiff,float32,,"[579360.0, 5158510.0, 600570.0, 5180420.0]",0.9390800595283508,0.9370962381362915,0.9346148371696472,0.9612067937850952,0.006939532235264778,0.9346229434013367,0.9349023103713989,0.9395185708999634,0.9495030045509338,12,12,34751,94839,0.03453138039193117,0.03453138039193117,70.0,-70.0,34751,True,
esi,data/ESI/ECO_L4T_ESI.002_ESI_20220613T092328_aid0001_32N.tif,ECO_L4T_ESI.002_ESI_20220613T092328_aid0001_32N.tif,2022-06-13T09:23:28,2022-06-13,2022,6,13,9,23,28,2,11.0,midday_afternoon,20220613T092328,filename_YYYYMMDDTHHMMSS,True,EPSG:32632,32632,303,313,GTiff,float32,,"[579360.0, 5158510.0, 600570.0, 5180420.0]",0.7752969264984131,0.8298985958099365,0.0342584066092968,1.0,0.16105398535728455,0.4486294388771057,0.6938564777374268,0.8634379506111145,0.9999825954437256,13818,13818,34751,94839,39.76288452130874,39.76288452130874,70.0,-70.0,34751,True,
esi,data/ESI/ECO_L4T_ESI.002_ESI_20220614T083516_aid0001_32N.tif,ECO_L4T_ESI.002_ESI_20220614T083516_aid0001_32N.tif,2022-06-14T08:35:16,2022-06-14,2022,6,14,8,35,16,2,10.0,morning,20220614T083516,filename_YYYYMMDDTHHMMSS,True,EPSG:32632,32632,303,313,GTiff,float32,,"[579360.0, 5158510.0, 600570.0, 5180420.0]",0.7715557217597961,0.8618982434272766,0.0012638766784220934,1.0,0.20409460365772247,0.3678336441516876,0.6267393827438354,0.932670533657074,0.9897358417510986,34751,34751,34751,94839,100.0,100.0,70.0,-70.0,34751,True,
esi,data/ESI/ECO_L4T_ESI.002_ESI_20220616T083449_aid0001_32N.tif,ECO_L4T_ESI.002_ESI_20220616T083449_aid0001_32N.tif,2022-06-16T08:34:49,2022-06-16,2022,6,16,8,34,49,2,10.0,morning,20220616T083449,filename_YYYYMMDDTHHMMSS,True,EPSG:32632,32632,303,313,GTiff,float32,,"[579360.0, 5158510.0, 600570.0, 5180420.0]",0.8466075658798218,0.8761584162712097,0.06129027530550957,1.0,0.130343958735466,0.6097618937492371,0.8123586177825928,0.9210028052330017,0.9996986389160156,16480,16480,34751,94839,47.42309573825214,47.42309573825214,70.0,-70.0,34751,True,
esi,data/ESI/ECO_L4T_ESI.002_ESI_20220618T115009_aid0001_32N.tif,ECO_L4T_ESI.002_ESI_20220618T115009_aid0001_32N.tif,2022-06-18T11:50:09,2022-06-18,2022,6,18,11,50,9,2,13.0,midday_afternoon,20220618T115009,filename_YYYYMMDDTHHMMSS,True,EPSG:32632,32632,303,313,GTiff,float32,,"[579360.0, 5158510.0, 600570.0, 5180420.0]",0.6564056873321533,0.7380033731460571,0.005472362041473389,1.0,0.26189619302749634,0.17400537431240082,0.41065776348114014,0.885103166103363,0.9607903957366943,34751,34751,34751,94839,100.0,100.0,70.0,-70.0,34751,True,
esi,data/ESI/ECO_L4T_ESI.002_ESI_20220620T065825_aid0001_32N.tif,ECO_L4T_ESI.002_ESI_20220620T065825_aid0001_32N.tif,2022-06-20T06:58:25,2022-06-20,2022,6,20,6,58,25,2,8.0,morning,20220620T065825,filename_YYYYMMDDTHHMMSS,True,EPSG:32632,32632,303,313,GTiff,float32,,"[579360.0, 5158510.0, 600570.0, 5180420.0]",0.6528592109680176,0.7343259453773499,0.1432519555091858,1.0,0.26159319281578064,0.25524377822875977,0.36491137742996216,0.8918766379356384,0.9737277030944824,34751,34751,34751,94839,100.0,100.0,70.0,-70.0,34751,True,
esi,data/ESI/ECO_L4T_ESI.002_ESI_20220623T092526_aid0001_32N.tif,ECO_L4T_ESI.002_ESI_20220623T092526_aid0001_32N.tif,2022-06-23T09:25:26,2022-06-23,2022,6,23,9,25,26,2,11.0,midday_afternoon,20220623T092526,filename_YYYYMMDDTHHMMSS,True,EPSG:32632,32632,303,313,GTiff,float32,,"[579360.0, 5158510.0, 600570.0, 5180420.0]",0.8786683678627014,0.9019734263420105,0.0675235316157341,1.0,0.12067639082670212,0.6540570855140686,0.8418904542922974,0.953493595123291,0.9996603727340698,34744,34744,34751,94839,99.97985669477137,99.97985669477137,70.0,-70.0,34751,True,
esi,data/ESI/ECO_L4T_ESI.002_ESI_20220624T052306_aid0001_32N.tif,ECO_L4T_ESI.002_ESI_20220624T052306_aid0001_32N.tif,2022-06-24T05:23:06,2022-06-24,2022,6,24,5,23,6,2,7.0,morning,20220624T052306,filename_YYYYMMDDTHHMMSS,True,EPSG:32632,32632,303,313,GTiff,float32,,"[579360.0, 5158510.0, 600570.0, 5180420.0]",0.7654511332511902,0.8415172696113586,0.0,1.0,0.22410233318805695,0.28356027603149414,0.6559756994247437,0.9412195682525635,0.9945120215415955,34751,34751,34751,94839,100.0,100.0,70.0,-70.0,34751,True,
esi,data/ESI/ECO_L4T_ESI.002_ESI_20220625T092536_aid0001_32N.tif,ECO_L4T_ESI.002_ESI_20220625T092536_aid0001_32N.tif,2022-06-25T09:25:36,2022-06-25,2022,6,25,9,25,36,2,11.0,midday_afternoon,20220625T092536,filename_YYYYMMDDTHHMMSS,True,EPSG:32632,32632,303,313,GTiff,float32,,"[579360.0, 5158510.0, 600570.0, 5180420.0]",0.8718574643135071,0.8925813436508179,0.024790477007627487,1.0,0.10833251476287842,0.6516969799995422,0.8408148884773254,0.9413744211196899,0.9951797127723694,24814,24814,34751,94839,71.40513942044832,71.40513942044832,70.0,-70.0,34751,True,
esi,data/ESI/ECO_L4T_ESI.002_ESI_20220627T074901_aid0001_32N.tif,ECO_L4T_ESI.002_ESI_20220627T074901_aid0001_32N.tif,2022-06-27T07:49:01,2022-06-27,2022,6,27,7,49,1,2,9.0,morning,20220627T074901,filename_YYYYMMDDTHHMMSS,True,EPSG:32632,32632,303,313,GTiff,float32,,"[579360.0, 5158510.0, 600570.0, 5180420.0]",0.5100500583648682,0.5196537375450134,0.02014867030084133,0.9999997019767761,0.27972114086151123,0.050297513604164124,0.2686794698238373,0.7571622729301453,0.9205581545829773,2085,2085,34751,94839,5.9998273430980404,5.9998273430980404,70.0,-70.0,34751,True,
esi,data/ESI/ECO_L4T_ESI.002_ESI_20220627T074953_aid0001_32N.tif,ECO_L4T_ESI.002_ESI_20220627T074953_aid0001_32N.tif,2022-06-27T07:49:53,2022-06-27,2022,6,27,7,49,53,2,9.0,morning,20220627T074953,filename_YYYYMMDDTHHMMSS,True,EPSG:32632,32632,303,313,GTiff,float32,,"[579360.0, 5158510.0, 600570.0, 5180420.0]",0.6162188053131104,0.6365488171577454,0.011232730932533741,1.0,0.2729630470275879,0.1602153182029724,0.38342058658599854,0.8740558624267578,0.9784218668937683,31327,31327,34751,94839,90.14704612816897,90.14704612816897,70.0,-70.0,34751,True,
esi,data/ESI/ECO_L4T_ESI.002_ESI_20220629T074959_aid0001_32N.tif,ECO_L4T_ESI.002_ESI_20220629T074959_aid0001_32N.tif,2022-06-29T07:49:59,2022-06-29,2022,6,29,7,49,59,2,9.0,morning,20220629T074959,filename_YYYYMMDDTHHMMSS,True,EPSG:32632,32632,303,313,GTiff,float32,,"[579360.0, 5158510.0, 600570.0, 5180420.0]",0.733354389667511,0.7578402161598206,0.14925098419189453,1.0,0.18566657602787018,0.4266934394836426,0.5745668411254883,0.896540641784668,0.9971089363098145,30699,30699,34751,94839,88.33990388765791,88.33990388765791,70.0,-70.0,34751,True,
esi,data/ESI/ECO_L4T_ESI.002_ESI_20230403T125822_aid0001_32N.tif,ECO_L4T_ESI.002_ESI_20230403T125822_aid0001_32N.tif,2023-04-03T12:58:22,2023-04-03,2023,4,3,12,58,22,2,14.0,midday_afternoon,20230403T125822,filename_YYYYMMDDTHHMMSS,True,EPSG:32632,32632,303,313,GTiff,float32,,"[579360.0, 5158510.0, 600570.0, 5180420.0]",0.848609209060669,0.9375066757202148,0.014569614082574844,1.0,0.17825302481651306,0.5051255226135254,0.7018486261367798,1.0,1.0,34340,34340,34751,94839,98.81730022157636,98.81730022157636,70.0,-70.0,34751,True,
esi,data/ESI/ECO_L4T_ESI.002_ESI_20230404T121017_aid0001_32N.tif,ECO_L4T_ESI.002_ESI_20230404T121017_aid0001_32N.tif,2023-04-04T12:10:17,2023-04-04,2023,4,4,12,10,17,2,14.0,midday_afternoon,20230404T121017,filename_YYYYMMDDTHHMMSS,True,EPSG:32632,32632,303,313,GTiff,float32,,"[579360.0, 5158510.0, 600570.0, 5180420.0]",0.7470644116401672,0.7585825324058533,0.0,1.0,0.2550649046897888,0.26681825518608093,0.6272146701812744,0.9999999403953552,1.0,34751,34751,34751,94839,100.0,100.0,70.0,-70.0,34751,True,
esi,data/ESI/ECO_L4T_ESI.002_ESI_20230405T161358_aid0001_32N.tif,ECO_L4T_ESI.002_ESI_20230405T161358_aid0001_32N.tif,2023-04-05T16:13:58,2023-04-05,2023,4,5,16,13,58,2,18.0,evening,20230405T161358,filename_YYYYMMDDTHHMMSS,True,EPSG:32632,32632,303,313,GTiff,float32,,"[579360.0, 5158510.0, 600570.0, 5180420.0]",0.6119523048400879,0.6548658609390259,0.0,1.0,0.36545413732528687,0.0,0.3082122802734375,0.9955593347549438,1.0,34582,34582,34751,94839,99.5136830594803,99.5136830594803,70.0,-70.0,34751,True,
esi,data/ESI/ECO_L4T_ESI.002_ESI_20230407T112342_aid0001_32N.tif,ECO_L4T_ESI.002_ESI_20230407T112342_aid0001_32N.tif,2023-04-07T11:23:42,2023-04-07,2023,4,7,11,23,42,2,13.0,midday_afternoon,20230407T112342,filename_YYYYMMDDTHHMMSS,True,EPSG:32632,32632,303,313,GTiff,float32,,"[579360.0, 5158510.0, 600570.0, 5180420.0]",0.8484764099121094,0.8918935656547546,0.0217906441539526,1.0,0.1929253190755844,0.3133656084537506,0.8228762745857239,0.9999999403953552,1.0,33299,33299,34751,94839,95.82170297257633,95.82170297257633,70.0,-70.0,34751,True,
esi,data/ESI/ECO_L4T_ESI.002_ESI_20230408T103534_aid0001_32N.tif,ECO_L4T_ESI.002_ESI_20230408T103534_aid0001_32N.tif,2023-04-08T10:35:34,2023-04-08,2023,4,8,10,35,34,2,12.0,midday_afternoon,20230408T103534,filename_YYYYMMDDTHHMMSS,True,EPSG:32632,32632,303,313,GTiff,float32,,"[579360.0, 5158510.0, 600570.0, 5180420.0]",0.820257842540741,0.8447766900062561,0.0,1.0,0.18287275731563568,0.4456055760383606,0.7353747487068176,1.0,1.0,29365,29365,34751,94839,84.50116543408824,84.50116543408824,70.0,-70.0,34751,True,
esi,data/ESI/ECO_L4T_ESI.002_ESI_20230408T152616_aid0001_32N.tif,ECO_L4T_ESI.002_ESI_20230408T152616_aid0001_32N.tif,2023-04-08T15:26:16,2023-04-08,2023,4,8,15,26,16,2,17.0,evening,20230408T152616,filename_YYYYMMDDTHHMMSS,True,EPSG:32632,32632,303,313,GTiff,float32,,"[579360.0, 5158510.0, 600570.0, 5180420.0]",0.8338388800621033,0.9219216704368591,0.0,1.0,0.24061445891857147,0.02647864632308483,0.7839931845664978,1.0,1.0,29482,29482,34751,94839,84.83784639290955,84.83784639290955,70.0,-70.0,34751,True,
esi,data/ESI/ECO_L4T_ESI.002_ESI_20230409T143814_aid0001_32N.tif,ECO_L4T_ESI.002_ESI_20230409T143814_aid0001_32N.tif,2023-04-09T14:38:14,2023-04-09,2023,4,9,14,38,14,2,16.0,evening,20230409T143814,filename_YYYYMMDDTHHMMSS,True,EPSG:32632,32632,303,313,GTiff,float32,,"[579360.0, 5158510.0, 600570.0, 5180420.0]",0.823230504989624,0.8914928436279297,0.0,1.0,0.19431503117084503,0.44499292969703674,0.69028240442276,1.0,1.0,34738,34738,34751,94839,99.9625910045754,99.9625910045754,70.0,-70.0,34751,True,
esi,data/ESI/ECO_L4T_ESI.002_ESI_20230411T094752_aid0001_32N.tif,ECO_L4T_ESI.002_ESI_20230411T094752_aid0001_32N.tif,2023-04-11T09:47:52,2023-04-11,2023,4,11,9,47,52,2,11.0,midday_afternoon,20230411T094752,filename_YYYYMMDDTHHMMSS,True,EPSG:32632,32632,303,313,GTiff,float32,,"[579360.0, 5158510.0, 600570.0, 5180420.0]",0.8692609667778015,0.9092498421669006,0.03547075763344765,1.0,0.16591684520244598,0.6813580393791199,0.7883532643318176,1.0,1.0,7757,7757,34751,94839,22.321659808350837,22.321659808350837,70.0,-70.0,34751,True,
esi,data/ESI/ECO_L4T_ESI.002_ESI_20230412T135038_aid0001_32N.tif,ECO_L4T_ESI.002_ESI_20230412T135038_aid0001_32N.tif,2023-04-12T13:50:38,2023-04-12,2023,4,12,13,50,38,2,15.0,midday_afternoon,20230412T135038,filename_YYYYMMDDTHHMMSS,True,EPSG:32632,32632,303,313,GTiff,float32,,"[579360.0, 5158510.0, 600570.0, 5180420.0]",0.9351525902748108,0.9996057748794556,0.23952902853488922,1.0,0.10203048586845398,0.7896159291267395,0.8745266199111938,1.0,1.0,7796,7796,34751,94839,22.433886794624616,22.433886794624616,70.0,-70.0,34751,True,
esi,data/ESI/ECO_L4T_ESI.002_ESI_20230412T135130_aid0001_32N.tif,ECO_L4T_ESI.002_ESI_20230412T135130_aid0001_32N.tif,2023-04-12T13:51:30,2023-04-12,2023,4,12,13,51,30,2,15.0,midday_afternoon,20230412T135130,filename_YYYYMMDDTHHMMSS,True,EPSG:32632,32632,303,313,GTiff,float32,,"[579360.0, 5158510.0, 600570.0, 5180420.0]",0.8850695490837097,0.9313371777534485,0.17544595897197723,1.0,0.14568257331848145,0.6179944276809692,0.7936443090438843,1.0,1.0,18307,18307,34751,94839,52.68049840292366,52.68049840292366,70.0,-70.0,34751,True,
esi,data/ESI/ECO_L4T_ESI.002_ESI_20230413T130243_aid0001_32N.tif,ECO_L4T_ESI.002_ESI_20230413T130243_aid0001_32N.tif,2023-04-13T13:02:43,2023-04-13,2023,4,13,13,2,43,2,15.0,midday_afternoon,20230413T130243,filename_YYYYMMDDTHHMMSS,True,EPSG:32632,32632,303,313,GTiff,float32,,"[579360.0, 5158510.0, 600570.0, 5180420.0]",0.8098249435424805,0.8458952903747559,0.063203364610672,1.0,0.24198319017887115,0.0874561220407486,0.7365309000015259,1.0,1.0,308,308,34751,94839,0.8863054300595666,0.8863054300595666,70.0,-70.0,34751,True,
esi,data/ESI/ECO_L4T_ESI.002_ESI_20230414T090004_aid0001_32N.tif,ECO_L4T_ESI.002_ESI_20230414T090004_aid0001_32N.tif,2023-04-14T09:00:04,2023-04-14,2023,4,14,9,0,4,2,11.0,midday_afternoon,20230414T090004,filename_YYYYMMDDTHHMMSS,True,EPSG:32632,32632,303,313,GTiff,float32,,"[579360.0, 5158510.0, 600570.0, 5180420.0]",0.8795568346977234,0.8539915084838867,0.0,1.0,0.11476844549179077,0.7374644875526428,0.8102120757102966,0.9999999403953552,1.0,29732,29732,34751,94839,85.5572501510748,85.5572501510748,70.0,-70.0,34751,True,
esi,data/ESI/ECO_L4T_ESI.002_ESI_20230415T081223_aid0001_32N.tif,ECO_L4T_ESI.002_ESI_20230415T081223_aid0001_32N.tif,2023-04-15T08:12:23,2023-04-15,2023,4,15,8,12,23,2,10.0,morning,20230415T081223,filename_YYYYMMDDTHHMMSS,True,EPSG:32632,32632,303,313,GTiff,float32,,"[579360.0, 5158510.0, 600570.0, 5180420.0]",0.819631814956665,0.7763697504997253,0.09261951595544815,1.0,0.13025325536727905,0.6721820831298828,0.7297724485397339,0.9643890857696533,1.0,30039,30039,34751,94839,86.4406779661017,86.4406779661017,70.0,-70.0,34751,True,
esi,data/ESI/ECO_L4T_ESI.002_ESI_20230416T121458_aid0001_32N.tif,ECO_L4T_ESI.002_ESI_20230416T121458_aid0001_32N.tif,2023-04-16T12:14:58,2023-04-16,2023,4,16,12,14,58,2,14.0,midday_afternoon,20230416T121458,filename_YYYYMMDDTHHMMSS,True,EPSG:32632,32632,303,313,GTiff,float32,,"[579360.0, 5158510.0, 600570.0, 5180420.0]",0.9080807566642761,0.9261571168899536,0.0,1.0,0.09772192686796188,0.7646150588989258,0.8329644799232483,1.0,1.0,31905,31905,34751,94839,91.81030761704699,91.81030761704699,70.0,-70.0,34751,True,
esi,data/ESI/ECO_L4T_ESI.002_ESI_20230418T072400_aid0001_32N.tif,ECO_L4T_ESI.002_ESI_20230418T072400_aid0001_32N.tif,2023-04-18T07:24:00,2023-04-18,2023,4,18,7,24,0,2,9.0,morning,20230418T072400,filename_YYYYMMDDTHHMMSS,True,EPSG:32632,32632,303,313,GTiff,float32,,"[579360.0, 5158510.0, 600570.0, 5180420.0]",0.8064232468605042,0.8302185535430908,0.0,1.0,0.2488592267036438,0.0,0.7583622336387634,0.9999999403953552,1.0,34750,34750,34751,94839,99.99712238496734,99.99712238496734,70.0,-70.0,34751,True,
esi,data/ESI/ECO_L4T_ESI.002_ESI_20230419T063527_aid0001_32N.tif,ECO_L4T_ESI.002_ESI_20230419T063527_aid0001_32N.tif,2023-04-19T06:35:27,2023-04-19,2023,4,19,6,35,27,2,8.0,morning,20230419T063527,filename_YYYYMMDDTHHMMSS,True,EPSG:32632,32632,303,313,GTiff,float32,,"[579360.0, 5158510.0, 600570.0, 5180420.0]",0.7762353420257568,0.767369270324707,0.0,1.0,0.21823623776435852,0.3581474721431732,0.6671972274780273,0.9999999403953552,1.0,33469,33469,34751,94839,96.31089752812869,96.31089752812869,70.0,-70.0,34751,True,
esi,data/ESI/ECO_L4T_ESI.002_ESI_20230421T095013_aid0001_32N.tif,ECO_L4T_ESI.002_ESI_20230421T095013_aid0001_32N.tif,2023-04-21T09:50:13,2023-04-21,2023,4,21,9,50,13,2,11.0,midday_afternoon,20230421T095013,filename_YYYYMMDDTHHMMSS,True,EPSG:32632,32632,303,313,GTiff,float32,,"[579360.0, 5158510.0, 600570.0, 5180420.0]",0.8774236440658569,0.9174291491508484,0.19289305806159973,1.0,0.13758571445941925,0.6487706899642944,0.7828705310821533,0.9999999403953552,1.0,31031,31031,34751,94839,89.29527207850134,89.29527207850134,70.0,-70.0,34751,True,
esi,data/ESI/ECO_L4T_ESI.002_ESI_20230422T054730_aid0001_32N.tif,ECO_L4T_ESI.002_ESI_20230422T054730_aid0001_32N.tif,2023-04-22T05:47:30,2023-04-22,2023,4,22,5,47,30,2,7.0,morning,20230422T054730,filename_YYYYMMDDTHHMMSS,True,EPSG:32632,32632,303,313,GTiff,float32,,"[579360.0, 5158510.0, 600570.0, 5180420.0]",0.8995041251182556,0.956965982913971,0.0,1.0,0.13460996747016907,0.6640926599502563,0.8348524570465088,1.0,1.0,34751,34751,34751,94839,100.0,100.0,70.0,-70.0,34751,True,
esi,data/ESI/ECO_L4T_ESI.002_ESI_20230423T045856_aid0001_32N.tif,ECO_L4T_ESI.002_ESI_20230423T045856_aid0001_32N.tif,2023-04-23T04:58:56,2023-04-23,2023,4,23,4,58,56,2,6.0,morning,20230423T045856,filename_YYYYMMDDTHHMMSS,True,EPSG:32632,32632,303,313,GTiff,float32,,"[579360.0, 5158510.0, 600570.0, 5180420.0]",0.2157643884420395,0.0,0.0,1.0,0.3982652425765991,0.0,0.0,0.0,0.9811820387840271,34751,34751,34751,94839,100.0,100.0,70.0,-70.0,34751,True,
esi,data/ESI/ECO_L4T_ESI.002_ESI_20230423T095019_aid0001_32N.tif,ECO_L4T_ESI.002_ESI_20230423T095019_aid0001_32N.tif,2023-04-23T09:50:19,2023-04-23,2023,4,23,9,50,19,2,11.0,midday_afternoon,20230423T095019,filename_YYYYMMDDTHHMMSS,True,EPSG:32632,32632,303,313,GTiff,float32,,"[579360.0, 5158510.0, 600570.0, 5180420.0]",0.8396406769752502,0.8962782025337219,0.02006721682846546,1.0,0.21252068877220154,0.1995183229446411,0.7887422442436218,0.9996566772460938,1.0,28497,28497,34751,94839,82.00339558573853,82.00339558573853,70.0,-70.0,34751,True,
esi,data/ESI/ECO_L4T_ESI.002_ESI_20230424T090130_aid0001_32N.tif,ECO_L4T_ESI.002_ESI_20230424T090130_aid0001_32N.tif,2023-04-24T09:01:30,2023-04-24,2023,4,24,9,1,30,2,11.0,midday_afternoon,20230424T090130,filename_YYYYMMDDTHHMMSS,True,EPSG:32632,32632,303,313,GTiff,float32,,"[579360.0, 5158510.0, 600570.0, 5180420.0]",0.8463568687438965,0.7849342226982117,0.110377237200737,1.0,0.13066163659095764,0.7091460824012756,0.7595272660255432,0.9999673366546631,1.0,29094,29094,34751,94839,83.72133176023712,83.72133176023712,70.0,-70.0,34751,True,
esi,data/ESI/ECO_L4T_ESI.002_ESI_20230425T081223_aid0001_32N.tif,ECO_L4T_ESI.002_ESI_20230425T081223_aid0001_32N.tif,2023-04-25T08:12:23,2023-04-25,2023,4,25,8,12,23,2,10.0,morning,20230425T081223,filename_YYYYMMDDTHHMMSS,True,EPSG:32632,32632,303,313,GTiff,float32,,"[579360.0, 5158510.0, 600570.0, 5180420.0]",0.7526538372039795,0.7819560766220093,0.0,1.0,0.2111889123916626,0.3464478850364685,0.6151829361915588,0.9348767995834351,1.0,2724,2724,34751,94839,7.838623348968375,7.838623348968375,70.0,-70.0,34751,True,
esi,data/ESI/ECO_L4T_ESI.002_ESI_20230427T081145_aid0001_32N.tif,ECO_L4T_ESI.002_ESI_20230427T081145_aid0001_32N.tif,2023-04-27T08:11:45,2023-04-27,2023,4,27,8,11,45,2,10.0,morning,20230427T081145,filename_YYYYMMDDTHHMMSS,True,EPSG:32632,32632,303,313,GTiff,float32,,"[579360.0, 5158510.0, 600570.0, 5180420.0]",0.8553604483604431,0.898630678653717,0.0,1.0,0.1591878980398178,0.5511202216148376,0.7647935748100281,0.9999999403953552,1.0,34751,34751,34751,94839,100.0,100.0,70.0,-70.0,34751,True,
esi,data/ESI/ECO_L4T_ESI.002_ESI_20230428T072334_aid0001_32N.tif,ECO_L4T_ESI.002_ESI_20230428T072334_aid0001_32N.tif,2023-04-28T07:23:34,2023-04-28,2023,4,28,7,23,34,2,9.0,morning,20230428T072334,filename_YYYYMMDDTHHMMSS,True,EPSG:32632,32632,303,313,GTiff,float32,,"[579360.0, 5158510.0, 600570.0, 5180420.0]",0.8836493492126465,0.919292688369751,0.199736550450325,1.0,0.13490906357765198,0.5589262843132019,0.8014907836914062,0.9999999403953552,1.0,34557,34557,34751,94839,99.44174268366378,99.44174268366378,70.0,-70.0,34751,True,
esi,data/ESI/ECO_L4T_ESI.002_ESI_20230501T063446_aid0001_32N.tif,ECO_L4T_ESI.002_ESI_20230501T063446_aid0001_32N.tif,2023-05-01T06:34:46,2023-05-01,2023,5,1,6,34,46,2,8.0,morning,20230501T063446,filename_YYYYMMDDTHHMMSS,True,EPSG:32632,32632,303,313,GTiff,float32,,"[579360.0, 5158510.0, 600570.0, 5180420.0]",0.928967297077179,0.954312801361084,0.4782165586948395,1.0,0.08784683793783188,0.8209246397018433,0.8775229454040527,1.0,1.0,5627,5627,34751,94839,16.192339788783055,16.192339788783055,70.0,-70.0,34751,True,
esi,data/ESI/ECO_L4T_ESI.002_ESI_20230502T054627_aid0001_32N.tif,ECO_L4T_ESI.002_ESI_20230502T054627_aid0001_32N.tif,2023-05-02T05:46:27,2023-05-02,2023,5,2,5,46,27,2,7.0,morning,20230502T054627,filename_YYYYMMDDTHHMMSS,True,EPSG:32632,32632,303,313,GTiff,float32,,"[579360.0, 5158510.0, 600570.0, 5180420.0]",0.9370257258415222,0.9791882038116455,0.0,1.0,0.11993934214115143,0.7546234130859375,0.9282283186912537,1.0,1.0,29284,29284,34751,94839,84.2680786164427,84.2680786164427,70.0,-70.0,34751,True,
esi,data/ESI/ECO_L4T_ESI.002_ESI_20230527T151231_aid0001_32N.tif,ECO_L4T_ESI.002_ESI_20230527T151231_aid0001_32N.tif,2023-05-27T15:12:31,2023-05-27,2023,5,27,15,12,31,2,17.0,evening,20230527T151231,filename_YYYYMMDDTHHMMSS,True,EPSG:32632,32632,303,313,GTiff,float32,,"[579360.0, 5158510.0, 600570.0, 5180420.0]",0.7425273656845093,0.855930745601654,0.005833586677908897,1.0,0.2793133556842804,0.04765697196125984,0.583954930305481,0.9503622055053711,1.0,30631,30631,34751,94839,88.14422606543697,88.14422606543697,70.0,-70.0,34751,True,
esi,data/ESI/ECO_L4T_ESI.002_ESI_20230603T124450_aid0001_32N.tif,ECO_L4T_ESI.002_ESI_20230603T124450_aid0001_32N.tif,2023-06-03T12:44:50,2023-06-03,2023,6,3,12,44,50,2,14.0,midday_afternoon,20230603T124450,filename_YYYYMMDDTHHMMSS,True,EPSG:32632,32632,303,313,GTiff,float32,,"[579360.0, 5158510.0, 600570.0, 5180420.0]",0.8113259673118591,0.8868323564529419,0.0,1.0,0.24070020020008087,0.18605363368988037,0.79588782787323,0.9974167346954346,1.0,2532,2532,34751,94839,7.286121262697476,7.286121262697476,70.0,-70.0,34751,True,
esi,data/ESI/ECO_L4T_ESI.002_ESI_20230606T115505_aid0001_32N.tif,ECO_L4T_ESI.002_ESI_20230606T115505_aid0001_32N.tif,2023-06-06T11:55:05,2023-06-06,2023,6,6,11,55,5,2,13.0,midday_afternoon,20230606T115505,filename_YYYYMMDDTHHMMSS,True,EPSG:32632,32632,303,313,GTiff,float32,,"[579360.0, 5158510.0, 600570.0, 5180420.0]",0.8147076368331909,0.865509033203125,0.023097891360521317,1.0,0.19513295590877533,0.46834683418273926,0.7640010714530945,0.936942458152771,1.0,17939,17939,34751,94839,51.62153607090444,51.62153607090444,70.0,-70.0,34751,True,
esi,data/ESI/ECO_L4T_ESI.002_ESI_20230607T110557_aid0001_32N.tif,ECO_L4T_ESI.002_ESI_20230607T110557_aid0001_32N.tif,2023-06-07T11:05:57,2023-06-07,2023,6,7,11,5,57,2,13.0,midday_afternoon,20230607T110557,filename_YYYYMMDDTHHMMSS,True,EPSG:32632,32632,303,313,GTiff,float32,,"[579360.0, 5158510.0, 600570.0, 5180420.0]",0.8354438543319702,0.8977516889572144,0.0008200238225981593,1.0,0.21994006633758545,0.2410721629858017,0.8462512493133545,0.9591310024261475,0.9998597502708435,8795,8795,34751,94839,25.308624212252884,25.308624212252884,70.0,-70.0,34751,True,
esi,data/ESI/ECO_L4T_ESI.002_ESI_20230608T150806_aid0001_32N.tif,ECO_L4T_ESI.002_ESI_20230608T150806_aid0001_32N.tif,2023-06-08T15:08:06,2023-06-08,2023,6,8,15,8,6,2,17.0,evening,20230608T150806,filename_YYYYMMDDTHHMMSS,True,EPSG:32632,32632,303,313,GTiff,float32,,"[579360.0, 5158510.0, 600570.0, 5180420.0]",0.870664656162262,0.8637774586677551,0.07606325298547745,1.0,0.12635669112205505,0.7191954851150513,0.8128867149353027,0.9794993996620178,1.0,19191,19191,34751,94839,55.22431009179593,55.22431009179593,70.0,-70.0,34751,True,
esi,data/ESI/ECO_L4T_ESI.002_ESI_20230609T141922_aid0001_32N.tif,ECO_L4T_ESI.002_ESI_20230609T141922_aid0001_32N.tif,2023-06-09T14:19:22,2023-06-09,2023,6,9,14,19,22,2,16.0,evening,20230609T141922,filename_YYYYMMDDTHHMMSS,True,EPSG:32632,32632,303,313,GTiff,float32,,"[579360.0, 5158510.0, 600570.0, 5180420.0]",0.8910144567489624,0.9031141996383667,0.052885811775922775,1.0,0.1042514443397522,0.6511133313179016,0.8638963103294373,0.9663976430892944,0.9999237060546875,5296,5296,34751,94839,15.23984921297229,15.23984921297229,70.0,-70.0,34751,True,
esi,data/ESI/ECO_L4T_ESI.002_ESI_20230610T101557_aid0001_32N.tif,ECO_L4T_ESI.002_ESI_20230610T101557_aid0001_32N.tif,2023-06-10T10:15:57,2023-06-10,2023,6,10,10,15,57,2,12.0,midday_afternoon,20230610T101557,filename_YYYYMMDDTHHMMSS,True,EPSG:32632,32632,303,313,GTiff,float32,,"[579360.0, 5158510.0, 600570.0, 5180420.0]",0.7511911988258362,0.8449794054031372,0.00019873864948749542,1.0,0.24566537141799927,0.1869174987077713,0.6632285714149475,0.8975374698638916,0.9993792772293091,30305,30305,34751,94839,87.20612356478951,87.20612356478951,70.0,-70.0,34751,True,
esi,data/ESI/ECO_L4T_ESI.002_ESI_20230611T092733_aid0001_32N.tif,ECO_L4T_ESI.002_ESI_20230611T092733_aid0001_32N.tif,2023-06-11T09:27:33,2023-06-11,2023,6,11,9,27,33,2,11.0,midday_afternoon,20230611T092733,filename_YYYYMMDDTHHMMSS,True,EPSG:32632,32632,303,313,GTiff,float32,,"[579360.0, 5158510.0, 600570.0, 5180420.0]",0.7927170991897583,0.8491466045379639,0.038310445845127106,1.0,0.20076030492782593,0.3071310818195343,0.7952977418899536,0.8896586894989014,0.9998893737792969,30695,30695,34751,94839,88.32839342752726,88.32839342752726,70.0,-70.0,34751,True,
esi,data/ESI/ECO_L4T_ESI.002_ESI_20230612T132855_aid0001_32N.tif,ECO_L4T_ESI.002_ESI_20230612T132855_aid0001_32N.tif,2023-06-12T13:28:55,2023-06-12,2023,6,12,13,28,55,2,15.0,midday_afternoon,20230612T132855,filename_YYYYMMDDTHHMMSS,True,EPSG:32632,32632,303,313,GTiff,float32,,"[579360.0, 5158510.0, 600570.0, 5180420.0]",0.737342119216919,0.8385442495346069,0.001432664692401886,1.0,0.2618139982223511,0.14621713757514954,0.6142515540122986,0.9012686014175415,0.999841570854187,10666,10666,34751,94839,30.692641938361486,30.692641938361486,70.0,-70.0,34751,True,
esi,data/ESI/ECO_L4T_ESI.002_ESI_20230614T083645_aid0001_32N.tif,ECO_L4T_ESI.002_ESI_20230614T083645_aid0001_32N.tif,2023-06-14T08:36:45,2023-06-14,2023,6,14,8,36,45,2,10.0,morning,20230614T083645,filename_YYYYMMDDTHHMMSS,True,EPSG:32632,32632,303,313,GTiff,float32,,"[579360.0, 5158510.0, 600570.0, 5180420.0]",0.6873500347137451,0.7783151268959045,0.00035228923661634326,1.0,0.2410915195941925,0.21279741823673248,0.5187245607376099,0.8573627471923828,0.9986207485198975,34591,34591,34751,94839,99.53958159477425,99.53958159477425,70.0,-70.0,34751,True,
esi,data/ESI/ECO_L4T_ESI.002_ESI_20230615T074727_aid0001_32N.tif,ECO_L4T_ESI.002_ESI_20230615T074727_aid0001_32N.tif,2023-06-15T07:47:27,2023-06-15,2023,6,15,7,47,27,2,9.0,morning,20230615T074727,filename_YYYYMMDDTHHMMSS,True,EPSG:32632,32632,303,313,GTiff,float32,,"[579360.0, 5158510.0, 600570.0, 5180420.0]",0.7474225163459778,0.8325119018554688,0.01039451826363802,1.0,0.23233972489833832,0.30587369203567505,0.6447616815567017,0.8972781300544739,0.9997438192367554,34499,34499,34751,94839,99.27484101176944,99.27484101176944,70.0,-70.0,34751,True,
esi,data/ESI/ECO_L4T_ESI.002_ESI_20230616T114931_aid0001_32N.tif,ECO_L4T_ESI.002_ESI_20230616T114931_aid0001_32N.tif,2023-06-16T11:49:31,2023-06-16,2023,6,16,11,49,31,2,13.0,midday_afternoon,20230616T114931,filename_YYYYMMDDTHHMMSS,True,EPSG:32632,32632,303,313,GTiff,float32,,"[579360.0, 5158510.0, 600570.0, 5180420.0]",0.7915122509002686,0.873046875,0.037970516830682755,1.0,0.21676568686962128,0.24400556087493896,0.7676991820335388,0.899493396282196,0.9999960064888,14316,14316,34751,94839,41.19593680757389,41.19593680757389,70.0,-70.0,34751,True,
esi,data/ESI/ECO_L4T_ESI.002_ESI_20230618T065818_aid0001_32N.tif,ECO_L4T_ESI.002_ESI_20230618T065818_aid0001_32N.tif,2023-06-18T06:58:18,2023-06-18,2023,6,18,6,58,18,2,8.0,morning,20230618T065818,filename_YYYYMMDDTHHMMSS,True,EPSG:32632,32632,303,313,GTiff,float32,,"[579360.0, 5158510.0, 600570.0, 5180420.0]",0.7295936942100525,0.7818659543991089,0.02687157317996025,1.0,0.21060562133789062,0.32612934708595276,0.5619413256645203,0.9070318937301636,0.9984332919120789,34751,34751,34751,94839,100.0,100.0,70.0,-70.0,34751,True,
esi,data/ESI/ECO_L4T_ESI.002_ESI_20230619T060957_aid0001_32N.tif,ECO_L4T_ESI.002_ESI_20230619T060957_aid0001_32N.tif,2023-06-19T06:09:57,2023-06-19,2023,6,19,6,9,57,2,8.0,morning,20230619T060957,filename_YYYYMMDDTHHMMSS,True,EPSG:32632,32632,303,313,GTiff,float32,,"[579360.0, 5158510.0, 600570.0, 5180420.0]",0.6382155418395996,0.6384204626083374,0.15055440366268158,1.0,0.23428215086460114,0.3094404339790344,0.45881178975105286,0.8104629516601562,0.9924412369728088,34751,34751,34751,94839,100.0,100.0,70.0,-70.0,34751,True,
esi,data/ESI/ECO_L4T_ESI.002_ESI_20230619T110056_aid0001_32N.tif,ECO_L4T_ESI.002_ESI_20230619T110056_aid0001_32N.tif,2023-06-19T11:00:56,2023-06-19,2023,6,19,11,0,56,2,13.0,midday_afternoon,20230619T110056,filename_YYYYMMDDTHHMMSS,True,EPSG:32632,32632,303,313,GTiff,float32,,"[579360.0, 5158510.0, 600570.0, 5180420.0]",0.5541014075279236,0.6606858372688293,0.014534711837768555,1.0,0.346443772315979,0.037628598511219025,0.15036290884017944,0.8781482577323914,0.9709438681602478,5436,5436,34751,94839,15.64271531754482,15.64271531754482,70.0,-70.0,34751,True,
esi,data/ESI/ECO_L4T_ESI.002_ESI_20230620T101211_aid0001_32N.tif,ECO_L4T_ESI.002_ESI_20230620T101211_aid0001_32N.tif,2023-06-20T10:12:11,2023-06-20,2023,6,20,10,12,11,2,12.0,midday_afternoon,20230620T101211,filename_YYYYMMDDTHHMMSS,True,EPSG:32632,32632,303,313,GTiff,float32,,"[579360.0, 5158510.0, 600570.0, 5180420.0]",0.7740485668182373,0.8170435428619385,0.01485891081392765,1.0,0.181350976228714,0.4358181655406952,0.6535307765007019,0.9192455410957336,0.9984930753707886,24550,24550,34751,94839,70.64544905182585,70.64544905182585,70.0,-70.0,34751,True,
esi,data/ESI/ECO_L4T_ESI.002_ESI_20230621T060918_aid0001_32N.tif,ECO_L4T_ESI.002_ESI_20230621T060918_aid0001_32N.tif,2023-06-21T06:09:18,2023-06-21,2023,6,21,6,9,18,2,8.0,morning,20230621T060918,filename_YYYYMMDDTHHMMSS,True,EPSG:32632,32632,303,313,GTiff,float32,,"[579360.0, 5158510.0, 600570.0, 5180420.0]",0.8185722827911377,0.8004829287528992,0.04297073185443878,1.0,0.1607668101787567,0.5051308870315552,0.7861530780792236,0.9388144016265869,0.999982476234436,3552,3552,34751,94839,10.221288596011625,10.221288596011625,70.0,-70.0,34751,True,
esi,data/ESI/ECO_L4T_ESI.002_ESI_20230622T052033_aid0001_32N.tif,ECO_L4T_ESI.002_ESI_20230622T052033_aid0001_32N.tif,2023-06-22T05:20:33,2023-06-22,2023,6,22,5,20,33,2,7.0,morning,20230622T052033,filename_YYYYMMDDTHHMMSS,True,EPSG:32632,32632,303,313,GTiff,float32,,"[579360.0, 5158510.0, 600570.0, 5180420.0]",0.807990550994873,0.7901562452316284,0.0,1.0,0.1297694891691208,0.540876030921936,0.787744402885437,0.8839295506477356,0.9999284148216248,21389,21389,34751,94839,61.54930793358464,61.54930793358464,70.0,-70.0,34751,True,
esi,data/ESI/ECO_L4T_ESI.002_ESI_20230623T043153_aid0001_32N.tif,ECO_L4T_ESI.002_ESI_20230623T043153_aid0001_32N.tif,2023-06-23T04:31:53,2023-06-23,2023,6,23,4,31,53,2,6.0,morning,20230623T043153,filename_YYYYMMDDTHHMMSS,True,EPSG:32632,32632,303,313,GTiff,float32,,"[579360.0, 5158510.0, 600570.0, 5180420.0]",0.9039376378059387,0.8981750011444092,0.8953002095222473,0.9394201636314392,0.0149043845012784,0.8953002095222473,0.8974670171737671,0.8987078666687012,0.9386314749717712,13,13,34751,94839,0.0374089954245921,0.0374089954245921,70.0,-70.0,34751,True,
esi,data/ESI/ECO_L4T_ESI.002_ESI_20230623T092314_aid0001_32N.tif,ECO_L4T_ESI.002_ESI_20230623T092314_aid0001_32N.tif,2023-06-23T09:23:14,2023-06-23,2023,6,23,9,23,14,2,11.0,midday_afternoon,20230623T092314,filename_YYYYMMDDTHHMMSS,True,EPSG:32632,32632,8,313,GTiff,float32,,"[600000.0, 5158510.0, 600560.0, 5180420.0]",0.663087010383606,0.782233715057373,0.341074138879776,1.0,0.22215725481510162,0.342007040977478,0.3478500247001648,0.7826341390609741,0.9999999403953552,93,93,94,2504,98.93617021276596,98.93617021276596,70.0,-70.0,94,True,
esi,data/ESI/ECO_L4T_ESI.002_ESI_20230627T074440_aid0001_32N.tif,ECO_L4T_ESI.002_ESI_20230627T074440_aid0001_32N.tif,2023-06-27T07:44:40,2023-06-27,2023,6,27,7,44,40,2,9.0,morning,20230627T074440,filename_YYYYMMDDTHHMMSS,True,EPSG:32632,32632,303,313,GTiff,float32,,"[579360.0, 5158510.0, 600570.0, 5180420.0]",0.626672089099884,0.7127046585083008,0.09360350668430328,1.0,0.28437572717666626,0.17317409813404083,0.3269405961036682,0.8948638439178467,0.9517776966094971,34047,34047,34751,94839,97.9741590170067,97.9741590170067,70.0,-70.0,34751,True,
esi,data/ESI/ECO_L4T_ESI.002_ESI_20230628T065603_aid0001_32N.tif,ECO_L4T_ESI.002_ESI_20230628T065603_aid0001_32N.tif,2023-06-28T06:56:03,2023-06-28,2023,6,28,6,56,3,2,8.0,morning,20230628T065603,filename_YYYYMMDDTHHMMSS,True,EPSG:32632,32632,303,313,GTiff,float32,,"[579360.0, 5158510.0, 600570.0, 5180420.0]",0.6983612179756165,0.7304770350456238,0.16461123526096344,1.0,0.21417945623397827,0.250650018453598,0.5543853044509888,0.8955652713775635,0.9556005597114563,26463,26463,34751,94839,76.1503266093062,76.1503266093062,70.0,-70.0,34751,True,
esi,data/ESI/ECO_L4T_ESI.002_ESI_20230630T065450_aid0001_32N.tif,ECO_L4T_ESI.002_ESI_20230630T065450_aid0001_32N.tif,2023-06-30T06:54:50,2023-06-30,2023,6,30,6,54,50,2,8.0,morning,20230630T065450,filename_YYYYMMDDTHHMMSS,True,EPSG:32632,32632,303,313,GTiff,float32,,"[579360.0, 5158510.0, 600570.0, 5180420.0]",0.868534505367279,0.8880137205123901,0.0,1.0,0.10744334012269974,0.6877448558807373,0.7928652167320251,0.9599584937095642,1.0,29464,29464,34751,94839,84.78604932232166,84.78604932232166,70.0,-70.0,34751,True,
esi,data/ESI/ECO_L4T_ESI.002_ESI_20240607T095329_aid0001_32N.tif,ECO_L4T_ESI.002_ESI_20240607T095329_aid0001_32N.tif,2024-06-07T09:53:29,2024-06-07,2024,6,7,9,53,29,2,11.0,midday_afternoon,20240607T095329,filename_YYYYMMDDTHHMMSS,True,EPSG:32632,32632,303,313,GTiff,float32,,"[579360.0, 5158510.0, 600570.0, 5180420.0]",0.9296728372573853,0.9998021721839905,0.0,1.0,0.13839170336723328,0.674030065536499,0.9017819166183472,1.0,1.0,34495,34495,34751,94839,99.2633305516388,99.2633305516388,70.0,-70.0,34751,True,
esi,data/ESI/ECO_L4T_ESI.002_ESI_20240616T103858_aid0001_32N.tif,ECO_L4T_ESI.002_ESI_20240616T103858_aid0001_32N.tif,2024-06-16T10:38:58,2024-06-16,2024,6,16,10,38,58,2,12.0,midday_afternoon,20240616T103858,filename_YYYYMMDDTHHMMSS,True,EPSG:32632,32632,303,313,GTiff,float32,,"[579360.0, 5158510.0, 600570.0, 5180420.0]",0.8724336624145508,0.9798583984375,0.06021181866526604,1.0,0.17615963518619537,0.5394142866134644,0.781695544719696,1.0,1.0,4396,4396,34751,94839,12.64999568357745,12.64999568357745,70.0,-70.0,34751,True,
esi,data/ESI/ECO_L4T_ESI.002_ESI_20250404T151752_aid0001_32N.tif,ECO_L4T_ESI.002_ESI_20250404T151752_aid0001_32N.tif,2025-04-04T15:17:52,2025-04-04,2025,4,4,15,17,52,2,17.0,evening,20250404T151752,filename_YYYYMMDDTHHMMSS,True,EPSG:32632,32632,303,313,GTiff,float32,,"[579360.0, 5158510.0, 600570.0, 5180420.0]",0.7121750116348267,0.9094467163085938,0.0,1.0,0.37811508774757385,0.0,0.5658560991287231,1.0,1.0,34751,34751,34751,94839,100.0,100.0,70.0,-70.0,34751,True,
esi,data/ESI/ECO_L4T_ESI.002_ESI_20250407T094046_aid0001_32N.tif,ECO_L4T_ESI.002_ESI_20250407T094046_aid0001_32N.tif,2025-04-07T09:40:46,2025-04-07,2025,4,7,9,40,46,2,11.0,midday_afternoon,20250407T094046,filename_YYYYMMDDTHHMMSS,True,EPSG:32632,32632,303,313,GTiff,float32,,"[579360.0, 5158510.0, 600570.0, 5180420.0]",0.8325900435447693,0.9860591888427734,0.0,1.0,0.26970237493515015,0.045587554574012756,0.766369104385376,1.0,1.0,34751,34751,34751,94839,100.0,100.0,70.0,-70.0,34751,True,
esi,data/ESI/ECO_L4T_ESI.002_ESI_20250410T085402_aid0001_32N.tif,ECO_L4T_ESI.002_ESI_20250410T085402_aid0001_32N.tif,2025-04-10T08:54:02,2025-04-10,2025,4,10,8,54,2,2,10.0,morning,20250410T085402,filename_YYYYMMDDTHHMMSS,True,EPSG:32632,32632,303,313,GTiff,float32,,"[579360.0, 5158510.0, 600570.0, 5180420.0]",0.9163057804107666,0.9999999403953552,0.0,1.0,0.17397163808345795,0.559708833694458,0.916261613368988,1.0,1.0,34751,34751,34751,94839,100.0,100.0,70.0,-70.0,34751,True,
esi,data/ESI/ECO_L4T_ESI.002_ESI_20250411T080621_aid0001_32N.tif,ECO_L4T_ESI.002_ESI_20250411T080621_aid0001_32N.tif,2025-04-11T08:06:21,2025-04-11,2025,4,11,8,6,21,2,10.0,morning,20250411T080621,filename_YYYYMMDDTHHMMSS,True,EPSG:32632,32632,303,313,GTiff,float32,,"[579360.0, 5158510.0, 600570.0, 5180420.0]",0.8933847546577454,0.9999999403953552,0.0,1.0,0.23780551552772522,0.14264951646327972,0.9158498048782349,1.0,1.0,34751,34751,34751,94839,100.0,100.0,70.0,-70.0,34751,True,
esi,data/ESI/ECO_L4T_ESI.002_ESI_20250412T120912_aid0001_32N.tif,ECO_L4T_ESI.002_ESI_20250412T120912_aid0001_32N.tif,2025-04-12T12:09:12,2025-04-12,2025,4,12,12,9,12,2,14.0,midday_afternoon,20250412T120912,filename_YYYYMMDDTHHMMSS,True,EPSG:32632,32632,303,313,GTiff,float32,,"[579360.0, 5158510.0, 600570.0, 5180420.0]",0.9265115261077881,0.9999999403953552,0.0,1.0,0.15624085068702698,0.6260416507720947,0.9094792604446411,1.0,1.0,34751,34751,34751,94839,100.0,100.0,70.0,-70.0,34751,True,
esi,data/ESI/ECO_L4T_ESI.002_ESI_20250415T063131_aid0001_32N.tif,ECO_L4T_ESI.002_ESI_20250415T063131_aid0001_32N.tif,2025-04-15T06:31:31,2025-04-15,2025,4,15,6,31,31,2,8.0,morning,20250415T063131,filename_YYYYMMDDTHHMMSS,True,EPSG:32632,32632,303,313,GTiff,float32,,"[579360.0, 5158510.0, 600570.0, 5180420.0]",0.9695348739624023,1.0,0.5896267294883728,1.0,0.056617219001054764,0.8551762700080872,0.9589817523956299,1.0,1.0,29367,29367,34751,94839,84.50692066415355,84.50692066415355,70.0,-70.0,34751,True,
esi,data/ESI/ECO_L4T_ESI.002_ESI_20250418T054400_aid0001_32N.tif,ECO_L4T_ESI.002_ESI_20250418T054400_aid0001_32N.tif,2025-04-18T05:44:00,2025-04-18,2025,4,18,5,44,0,2,7.0,morning,20250418T054400,filename_YYYYMMDDTHHMMSS,True,EPSG:32632,32632,303,313,GTiff,float32,,"[579360.0, 5158510.0, 600570.0, 5180420.0]",0.5802049040794373,0.8077427744865417,0.0,1.0,0.4239804148674011,0.0,0.0,0.9245597720146179,1.0,34751,34751,34751,94839,100.0,100.0,70.0,-70.0,34751,True,
esi,data/ESI/ECO_L4T_ESI.002_ESI_20250423T081045_aid0001_32N.tif,ECO_L4T_ESI.002_ESI_20250423T081045_aid0001_32N.tif,2025-04-23T08:10:45,2025-04-23,2025,4,23,8,10,45,2,10.0,morning,20250423T081045,filename_YYYYMMDDTHHMMSS,True,EPSG:32632,32632,303,313,GTiff,float32,,"[579360.0, 5158510.0, 600570.0, 5180420.0]",0.8276041746139526,0.9374051690101624,0.05215570703148842,1.0,0.2185094952583313,0.4380083680152893,0.706834077835083,1.0,1.0,34751,34751,34751,94839,100.0,100.0,70.0,-70.0,34751,True,
esi,data/ESI/ECO_L4T_ESI.002_ESI_20250428T054918_aid0001_32N.tif,ECO_L4T_ESI.002_ESI_20250428T054918_aid0001_32N.tif,2025-04-28T05:49:18,2025-04-28,2025,4,28,5,49,18,2,7.0,morning,20250428T054918,filename_YYYYMMDDTHHMMSS,True,EPSG:32632,32632,8,313,GTiff,float32,,"[600000.0, 5158510.0, 600560.0, 5180420.0]",0.8574787974357605,1.0,0.5573319792747498,1.0,0.19552204012870789,0.56602942943573,0.5922729969024658,1.0,1.0,94,94,94,2504,100.0,100.0,70.0,-70.0,94,True,
esi,data/ESI/ECO_L4T_ESI.002_ESI_20250516T175254_aid0001_32N.tif,ECO_L4T_ESI.002_ESI_20250516T175254_aid0001_32N.tif,2025-05-16T17:52:54,2025-05-16,2025,5,16,17,52,54,2,19.0,evening,20250516T175254,filename_YYYYMMDDTHHMMSS,True,EPSG:32632,32632,303,313,GTiff,float32,,"[579360.0, 5158510.0, 600570.0, 5180420.0]",0.5576428771018982,0.5576428771018982,0.5294206738471985,0.5858650803565979,0.028222203254699707,0.5322428941726685,0.5435317754745483,0.571753978729248,0.5830428600311279,2,2,34751,94839,0.005755230065321861,0.005755230065321861,70.0,-70.0,34751,True,
esi,data/ESI/ECO_L4T_ESI.002_ESI_20250530T130618_aid0001_32N.tif,ECO_L4T_ESI.002_ESI_20250530T130618_aid0001_32N.tif,2025-05-30T13:06:18,2025-05-30,2025,5,30,13,6,18,2,15.0,midday_afternoon,20250530T130618,filename_YYYYMMDDTHHMMSS,True,EPSG:32632,32632,303,313,GTiff,float32,,"[579360.0, 5158510.0, 600570.0, 5180420.0]",0.7993294596672058,0.8985323905944824,0.011284674517810345,1.0,0.25952208042144775,0.09075126051902771,0.7591536045074463,0.9626990556716919,1.0,34751,34751,34751,94839,100.0,100.0,70.0,-70.0,34751,True,
esi,data/ESI/ECO_L4T_ESI.002_ESI_20250531T121805_aid0001_32N.tif,ECO_L4T_ESI.002_ESI_20250531T121805_aid0001_32N.tif,2025-05-31T12:18:05,2025-05-31,2025,5,31,12,18,5,2,14.0,midday_afternoon,20250531T121805,filename_YYYYMMDDTHHMMSS,True,EPSG:32632,32632,303,313,GTiff,float32,,"[579360.0, 5158510.0, 600570.0, 5180420.0]",0.7914769649505615,0.8956683874130249,0.0,1.0,0.2647697627544403,0.11400032788515091,0.7174901962280273,0.9698858261108398,1.0,34574,34574,34751,94839,99.49066213921901,99.49066213921901,70.0,-70.0,34751,True,
esi,data/ESI/ECO_L4T_ESI.002_ESI_20250603T112957_aid0001_32N.tif,ECO_L4T_ESI.002_ESI_20250603T112957_aid0001_32N.tif,2025-06-03T11:29:57,2025-06-03,2025,6,3,11,29,57,2,13.0,midday_afternoon,20250603T112957,filename_YYYYMMDDTHHMMSS,True,EPSG:32632,32632,303,313,GTiff,float32,,"[579360.0, 5158510.0, 600570.0, 5180420.0]",0.8259354829788208,0.9103588461875916,0.014997832477092743,1.0,0.20044472813606262,0.49515244364738464,0.6766095757484436,0.9999999403953552,1.0,13468,13468,34751,94839,38.75571925987742,38.75571925987742,70.0,-70.0,34751,True,
esi,data/ESI/ECO_L4T_ESI.002_ESI_20250613T112956_aid0001_32N.tif,ECO_L4T_ESI.002_ESI_20250613T112956_aid0001_32N.tif,2025-06-13T11:29:56,2025-06-13,2025,6,13,11,29,56,2,13.0,midday_afternoon,20250613T112956,filename_YYYYMMDDTHHMMSS,True,EPSG:32632,32632,303,313,GTiff,float32,,"[579360.0, 5158510.0, 600570.0, 5180420.0]",0.6647588014602661,0.7308911085128784,0.0012274275068193674,1.0,0.26183590292930603,0.19946329295635223,0.4302619397640228,0.8948980569839478,0.9887043237686157,31544,31544,34751,94839,90.7714885902564,90.7714885902564,70.0,-70.0,34751,True,
esi,data/ESI/ECO_L4T_ESI.002_ESI_20250618T054920_aid0001_32N.tif,ECO_L4T_ESI.002_ESI_20250618T054920_aid0001_32N.tif,2025-06-18T05:49:20,2025-06-18,2025,6,18,5,49,20,2,7.0,morning,20250618T054920,filename_YYYYMMDDTHHMMSS,True,EPSG:32632,32632,303,313,GTiff,float32,,"[579360.0, 5158510.0, 600570.0, 5180420.0]",0.7911475300788879,0.8195304870605469,0.1515911966562271,1.0,0.1587051898241043,0.5066765546798706,0.6636437177658081,0.9257339239120483,0.9917289614677429,34750,34750,34751,94839,99.99712238496734,99.99712238496734,70.0,-70.0,34751,True,
esi,data/ESI/ECO_L4T_ESI.002_ESI_20250621T081446_aid0001_32N.tif,ECO_L4T_ESI.002_ESI_20250621T081446_aid0001_32N.tif,2025-06-21T08:14:46,2025-06-21,2025,6,21,8,14,46,2,10.0,morning,20250621T081446,filename_YYYYMMDDTHHMMSS,True,EPSG:32632,32632,303,313,GTiff,float32,,"[579360.0, 5158510.0, 600570.0, 5180420.0]",0.6900380253791809,0.8320786952972412,0.00020867455168627203,1.0,0.2708199620246887,0.17641004920005798,0.4482696056365967,0.9025768041610718,0.9738571047782898,34751,34751,34751,94839,100.0,100.0,70.0,-70.0,34751,True,
esi,data/ESI/ECO_L4T_ESI.002_ESI_20250623T081424_aid0001_32N.tif,ECO_L4T_ESI.002_ESI_20250623T081424_aid0001_32N.tif,2025-06-23T08:14:24,2025-06-23,2025,6,23,8,14,24,2,10.0,morning,20250623T081424,filename_YYYYMMDDTHHMMSS,True,EPSG:32632,32632,303,313,GTiff,float32,,"[579360.0, 5158510.0, 600570.0, 5180420.0]",0.7198704481124878,0.8247781991958618,0.003003381658345461,1.0,0.24080762267112732,0.23813706636428833,0.6076787710189819,0.8874215483665466,0.9698484539985657,29206,29206,34751,94839,84.04362464389514,84.04362464389514,70.0,-70.0,34751,True,
esi,data/ESI/ECO_L4T_ESI.002_ESI_20250624T072630_aid0001_32N.tif,ECO_L4T_ESI.002_ESI_20250624T072630_aid0001_32N.tif,2025-06-24T07:26:30,2025-06-24,2025,6,24,7,26,30,2,9.0,morning,20250624T072630,filename_YYYYMMDDTHHMMSS,True,EPSG:32632,32632,303,313,GTiff,float32,,"[579360.0, 5158510.0, 600570.0, 5180420.0]",0.7764719128608704,0.8628883957862854,0.011649983935058117,1.0,0.21566416323184967,0.2500936985015869,0.7387008666992188,0.8971480131149292,0.985256016254425,16947,16947,34751,94839,48.76694195850479,48.76694195850479,70.0,-70.0,34751,True,
et,data/ET/ECO_L3T_JET.002_ETdaily_20190604T145035_aid0001_32N.tif,ECO_L3T_JET.002_ETdaily_20190604T145035_aid0001_32N.tif,2019-06-04T14:50:35,2019-06-04,2019,6,4,14,50,35,2,16.0,evening,20190604T145035,filename_YYYYMMDDTHHMMSS,True,EPSG:32632,32632,303,313,GTiff,float32,,"[579360.0, 5158510.0, 600570.0, 5180420.0]",0.6621391177177429,0.6613723039627075,0.0,2.597302198410034,0.3277113139629364,0.09949488937854767,0.4830031991004944,0.8163555264472961,1.2066774368286133,7062,7062,34751,94839,20.32171736065149,20.32171736065149,70.0,-70.0,34751,True,
et,data/ET/ECO_L3T_JET.002_ETdaily_20190608T130928_aid0001_32N.tif,ECO_L3T_JET.002_ETdaily_20190608T130928_aid0001_32N.tif,2019-06-08T13:09:28,2019-06-08,2019,6,8,13,9,28,2,15.0,midday_afternoon,20190608T130928,filename_YYYYMMDDTHHMMSS,True,EPSG:32632,32632,303,313,GTiff,float32,,"[579360.0, 5158510.0, 600570.0, 5180420.0]",2.2086808681488037,2.0717780590057373,0.0,5.403957366943359,1.1348848342895508,0.5264390707015991,1.259176254272461,3.357530117034912,3.7798027992248535,34707,34707,34751,94839,99.87338493856292,99.87338493856292,70.0,-70.0,34751,True,
et,data/ET/ECO_L3T_JET.002_ETdaily_20190609T122043_aid0001_32N.tif,ECO_L3T_JET.002_ETdaily_20190609T122043_aid0001_32N.tif,2019-06-09T12:20:43,2019-06-09,2019,6,9,12,20,43,2,14.0,midday_afternoon,20190609T122043,filename_YYYYMMDDTHHMMSS,True,EPSG:32632,32632,303,313,GTiff,float32,,"[579360.0, 5158510.0, 600570.0, 5180420.0]",1.2045366764068604,1.281236171722412,0.18268458545207977,2.6725845336914062,0.4073609709739685,0.4550403356552124,0.9102652072906494,1.417172908782959,1.8466354608535767,6156,6156,34751,94839,17.71459814106069,17.71459814106069,70.0,-70.0,34751,True,
et,data/ET/ECO_L3T_JET.002_ETdaily_20190610T162134_aid0001_32N.tif,ECO_L3T_JET.002_ETdaily_20190610T162134_aid0001_32N.tif,2019-06-10T16:21:34,2019-06-10,2019,6,10,16,21,34,2,18.0,evening,20190610T162134,filename_YYYYMMDDTHHMMSS,True,EPSG:32632,32632,303,313,GTiff,float32,,"[579360.0, 5158510.0, 600570.0, 5180420.0]",0.80865079164505,0.6951082944869995,0.07050712406635284,2.788593053817749,0.4152003824710846,0.322975218296051,0.5137777328491211,0.9923721551895142,1.6999958753585815,18789,18789,34751,94839,54.06750884866622,54.06750884866622,70.0,-70.0,34751,True,
et,data/ET/ECO_L3T_JET.002_ETdaily_20190612T112813_aid0001_32N.tif,ECO_L3T_JET.002_ETdaily_20190612T112813_aid0001_32N.tif,2019-06-12T11:28:13,2019-06-12,2019,6,12,11,28,13,2,13.0,midday_afternoon,20190612T112813,filename_YYYYMMDDTHHMMSS,True,EPSG:32632,32632,303,313,GTiff,float32,,"[579360.0, 5158510.0, 600570.0, 5180420.0]",1.5093501806259155,1.4279441833496094,0.5030900239944458,2.7636094093322754,0.3908030390739441,0.9635668992996216,1.2644356489181519,1.682936191558838,2.285893678665161,233,233,34751,94839,0.6704843026099968,0.6704843026099968,70.0,-70.0,34751,True,
et,data/ET/ECO_L3T_JET.002_ETdaily_20190613T103920_aid0001_32N.tif,ECO_L3T_JET.002_ETdaily_20190613T103920_aid0001_32N.tif,2019-06-13T10:39:20,2019-06-13,2019,6,13,10,39,20,2,12.0,midday_afternoon,20190613T103920,filename_YYYYMMDDTHHMMSS,True,EPSG:32632,32632,303,313,GTiff,float32,,"[579360.0, 5158510.0, 600570.0, 5180420.0]",2.2195334434509277,2.318768262863159,0.03175163269042969,5.132285118103027,0.8676996231079102,0.5547289848327637,1.8183293342590332,2.9032726287841797,3.3719377517700195,34751,34751,34751,94839,100.0,100.0,70.0,-70.0,34751,True,
et,data/ET/ECO_L3T_JET.002_ETdaily_20190614T144037_aid0001_32N.tif,ECO_L3T_JET.002_ETdaily_20190614T144037_aid0001_32N.tif,2019-06-14T14:40:37,2019-06-14,2019,6,14,14,40,37,2,16.0,evening,20190614T144037,filename_YYYYMMDDTHHMMSS,True,EPSG:32632,32632,8,313,GTiff,float32,,"[600000.0, 5158510.0, 600560.0, 5180420.0]",1.7489961385726929,1.9072155952453613,1.0405189990997314,2.5346693992614746,0.4855944514274597,1.0578663349151611,1.1309186220169067,2.0338072776794434,2.3787214756011963,50,50,94,2504,53.191489361702125,53.191489361702125,70.0,-70.0,94,True,
et,data/ET/ECO_L3T_JET.002_ETdaily_20190615T103650_aid0001_32N.tif,ECO_L3T_JET.002_ETdaily_20190615T103650_aid0001_32N.tif,2019-06-15T10:36:50,2019-06-15,2019,6,15,10,36,50,2,12.0,midday_afternoon,20190615T103650,filename_YYYYMMDDTHHMMSS,True,EPSG:32632,32632,303,313,GTiff,float32,,"[579360.0, 5158510.0, 600570.0, 5180420.0]",2.3822262287139893,2.2469611167907715,0.20226673781871796,6.110996246337891,1.139837622642517,0.5398942828178406,1.6546566486358643,3.057471990585327,4.694272518157959,19801,19801,34751,94839,56.97965526171909,56.97965526171909,70.0,-70.0,34751,True,
et,data/ET/ECO_L3T_JET.002_ETdaily_20190617T134844_aid0001_32N.tif,ECO_L3T_JET.002_ETdaily_20190617T134844_aid0001_32N.tif,2019-06-17T13:48:44,2019-06-17,2019,6,17,13,48,44,2,15.0,midday_afternoon,20190617T134844,filename_YYYYMMDDTHHMMSS,True,EPSG:32632,32632,303,313,GTiff,float32,,"[579360.0, 5158510.0, 600570.0, 5180420.0]",1.4611893892288208,1.4873443841934204,0.015369169414043427,4.574817180633545,0.607545793056488,0.33297592401504517,1.0456396341323853,1.8519554138183594,2.4841208457946777,25668,25668,34751,94839,73.86262265834077,73.86262265834077,70.0,-70.0,34751,True,
et,data/ET/ECO_L3T_JET.002_ETdaily_20190619T085524_aid0001_32N.tif,ECO_L3T_JET.002_ETdaily_20190619T085524_aid0001_32N.tif,2019-06-19T08:55:24,2019-06-19,2019,6,19,8,55,24,2,10.0,morning,20190619T085524,filename_YYYYMMDDTHHMMSS,True,EPSG:32632,32632,303,313,GTiff,float32,,"[579360.0, 5158510.0, 600570.0, 5180420.0]",3.042419910430908,3.1119658946990967,0.024031996726989746,7.136004447937012,1.039345622062683,1.1681231260299683,2.382619857788086,3.6199588775634766,4.5356950759887695,34735,34735,34751,94839,99.95395815947742,99.95395815947742,70.0,-70.0,34751,True,
et,data/ET/ECO_L3T_JET.002_ETdaily_20190623T071413_aid0001_32N.tif,ECO_L3T_JET.002_ETdaily_20190623T071413_aid0001_32N.tif,2019-06-23T07:14:13,2019-06-23,2019,6,23,7,14,13,2,9.0,morning,20190623T071413,filename_YYYYMMDDTHHMMSS,True,EPSG:32632,32632,303,313,GTiff,float32,,"[579360.0, 5158510.0, 600570.0, 5180420.0]",2.6328084468841553,2.56994891166687,0.10873353481292725,5.923009395599365,0.5952271223068237,1.5879336595535278,2.391160488128662,2.8674137592315674,3.658407688140869,33475,33475,34751,94839,96.32816321832465,96.32816321832465,70.0,-70.0,34751,True,
et,data/ET/ECO_L3T_JET.002_ETdaily_20190628T093339_aid0001_32N.tif,ECO_L3T_JET.002_ETdaily_20190628T093339_aid0001_32N.tif,2019-06-28T09:33:39,2019-06-28,2019,6,28,9,33,39,2,11.0,midday_afternoon,20190628T093339,filename_YYYYMMDDTHHMMSS,True,EPSG:32632,32632,303,313,GTiff,float32,,"[579360.0, 5158510.0, 600570.0, 5180420.0]",2.8702285289764404,3.280343532562256,0.04832043498754501,5.996891021728516,0.994565486907959,0.7177600860595703,2.3993237018585205,3.559877872467041,3.987567901611328,34751,34751,34751,94839,100.0,100.0,70.0,-70.0,34751,True,
et,data/ET/ECO_L3T_JET.002_ETdaily_20190630T044036_aid0001_32N.tif,ECO_L3T_JET.002_ETdaily_20190630T044036_aid0001_32N.tif,2019-06-30T04:40:36,2019-06-30,2019,6,30,4,40,36,2,6.0,morning,20190630T044036,filename_YYYYMMDDTHHMMSS,True,EPSG:32632,32632,303,313,GTiff,float32,,"[579360.0, 5158510.0, 600570.0, 5180420.0]",1.111781120300293,1.0728645324707031,0.28144532442092896,2.8293378353118896,0.2840772867202759,0.7006033658981323,0.9193835258483887,1.282832384109497,1.6200478076934814,34751,34751,34751,94839,100.0,100.0,70.0,-70.0,34751,True,
et,data/ET/ECO_L3T_JET.002_ETdaily_20200403T141346_aid0001_32N.tif,ECO_L3T_JET.002_ETdaily_20200403T141346_aid0001_32N.tif,2020-04-03T14:13:46,2020-04-03,2020,4,3,14,13,46,2,16.0,evening,20200403T141346,filename_YYYYMMDDTHHMMSS,True,EPSG:32632,32632,303,313,GTiff,float32,,"[579360.0, 5158510.0, 600570.0, 5180420.0]",0.6809074282646179,0.6710964441299438,0.0,1.706376075744629,0.28534165024757385,0.20484596490859985,0.4880930185317993,0.8742798566818237,1.145390510559082,34751,34751,34751,94839,100.0,100.0,70.0,-70.0,34751,True,
et,data/ET/ECO_L3T_JET.002_ETdaily_20200404T132602_aid0001_32N.tif,ECO_L3T_JET.002_ETdaily_20200404T132602_aid0001_32N.tif,2020-04-04T13:26:02,2020-04-04,2020,4,4,13,26,2,2,15.0,midday_afternoon,20200404T132602,filename_YYYYMMDDTHHMMSS,True,EPSG:32632,32632,303,313,GTiff,float32,,"[579360.0, 5158510.0, 600570.0, 5180420.0]",0.7350403666496277,0.6979143023490906,0.0,2.035203218460083,0.3284009099006653,0.2373659461736679,0.5181105732917786,0.9285123348236084,1.3414945602416992,27308,27308,34751,94839,78.58191131190469,78.58191131190469,70.0,-70.0,34751,True,
et,data/ET/ECO_L3T_JET.002_ETdaily_20200404T132654_aid0001_32N.tif,ECO_L3T_JET.002_ETdaily_20200404T132654_aid0001_32N.tif,2020-04-04T13:26:54,2020-04-04,2020,4,4,13,26,54,2,15.0,midday_afternoon,20200404T132654,filename_YYYYMMDDTHHMMSS,True,EPSG:32632,32632,303,313,GTiff,float32,,"[579360.0, 5158510.0, 600570.0, 5180420.0]",0.6629940867424011,0.6380316019058228,0.0,1.6722503900527954,0.3229130208492279,0.16451901197433472,0.4144335985183716,0.9004679322242737,1.216854453086853,10862,10862,34751,94839,31.25665448476303,31.25665448476303,70.0,-70.0,34751,True,
et,data/ET/ECO_L3T_JET.002_ETdaily_20200407T124205_aid0001_32N.tif,ECO_L3T_JET.002_ETdaily_20200407T124205_aid0001_32N.tif,2020-04-07T12:42:05,2020-04-07,2020,4,7,12,42,5,2,14.0,midday_afternoon,20200407T124205,filename_YYYYMMDDTHHMMSS,True,EPSG:32632,32632,8,313,GTiff,float32,,"[600000.0, 5158510.0, 600560.0, 5180420.0]",0.6637150645256042,0.7395495176315308,0.0,1.5289087295532227,0.36646193265914917,0.0,0.43736380338668823,0.9141887426376343,1.1710565090179443,94,94,94,2504,100.0,100.0,70.0,-70.0,94,True,
et,data/ET/ECO_L3T_JET.002_ETdaily_20200408T115421_aid0001_32N.tif,ECO_L3T_JET.002_ETdaily_20200408T115421_aid0001_32N.tif,2020-04-08T11:54:21,2020-04-08,2020,4,8,11,54,21,2,13.0,midday_afternoon,20200408T115421,filename_YYYYMMDDTHHMMSS,True,EPSG:32632,32632,303,313,GTiff,float32,,"[579360.0, 5158510.0, 600570.0, 5180420.0]",0.8609800934791565,0.8917714953422546,0.0,2.644153356552124,0.46714353561401367,0.0,0.536907970905304,1.201640248298645,1.59804368019104,34751,34751,34751,94839,100.0,100.0,70.0,-70.0,34751,True,
et,data/ET/ECO_L3T_JET.002_ETdaily_20200413T142716_aid0001_32N.tif,ECO_L3T_JET.002_ETdaily_20200413T142716_aid0001_32N.tif,2020-04-13T14:27:16,2020-04-13,2020,4,13,14,27,16,2,16.0,evening,20200413T142716,filename_YYYYMMDDTHHMMSS,True,EPSG:32632,32632,303,313,GTiff,float32,,"[579360.0, 5158510.0, 600570.0, 5180420.0]",1.437249779701233,1.2673590183258057,0.0,4.294682025909424,0.8163079619407654,0.1848192662000656,0.9102528691291809,1.9396719932556152,3.01983642578125,28582,28582,34751,94839,82.24799286351472,82.24799286351472,70.0,-70.0,34751,True,
et,data/ET/ECO_L3T_JET.002_ETdaily_20200415T093837_aid0001_32N.tif,ECO_L3T_JET.002_ETdaily_20200415T093837_aid0001_32N.tif,2020-04-15T09:38:37,2020-04-15,2020,4,15,9,38,37,2,11.0,midday_afternoon,20200415T093837,filename_YYYYMMDDTHHMMSS,True,EPSG:32632,32632,303,313,GTiff,float32,,"[579360.0, 5158510.0, 600570.0, 5180420.0]",1.4006997346878052,1.3503059148788452,0.0,4.6313605308532715,0.5887472033500671,0.5158666372299194,0.9613710641860962,1.8297772407531738,2.412889003753662,34751,34751,34751,94839,100.0,100.0,70.0,-70.0,34751,True,
et,data/ET/ECO_L3T_JET.002_ETdaily_20200417T125534_aid0001_32N.tif,ECO_L3T_JET.002_ETdaily_20200417T125534_aid0001_32N.tif,2020-04-17T12:55:34,2020-04-17,2020,4,17,12,55,34,2,14.0,midday_afternoon,20200417T125534,filename_YYYYMMDDTHHMMSS,True,EPSG:32632,32632,303,313,GTiff,float32,,"[579360.0, 5158510.0, 600570.0, 5180420.0]",1.3459618091583252,1.3574609756469727,0.12837117910385132,3.531280040740967,0.47249314188957214,0.5660886764526367,1.0146050453186035,1.6646970510482788,2.12089204788208,34751,34751,34751,94839,100.0,100.0,70.0,-70.0,34751,True,
et,data/ET/ECO_L3T_JET.002_ETdaily_20200420T071859_aid0001_32N.tif,ECO_L3T_JET.002_ETdaily_20200420T071859_aid0001_32N.tif,2020-04-20T07:18:59,2020-04-20,2020,4,20,7,18,59,2,9.0,morning,20200420T071859,filename_YYYYMMDDTHHMMSS,True,EPSG:32632,32632,303,313,GTiff,float32,,"[579360.0, 5158510.0, 600570.0, 5180420.0]",0.3470277488231659,0.3134506642818451,0.0,1.2914494276046753,0.19283689558506012,0.07553836703300476,0.21157801151275635,0.45872771739959717,0.7263428568840027,34751,34751,34751,94839,100.0,100.0,70.0,-70.0,34751,True,
et,data/ET/ECO_L3T_JET.002_ETdaily_20200421T112222_aid0001_32N.tif,ECO_L3T_JET.002_ETdaily_20200421T112222_aid0001_32N.tif,2020-04-21T11:22:22,2020-04-21,2020,4,21,11,22,22,2,13.0,midday_afternoon,20200421T112222,filename_YYYYMMDDTHHMMSS,True,EPSG:32632,32632,303,313,GTiff,float32,,"[579360.0, 5158510.0, 600570.0, 5180420.0]",2.4140987396240234,2.3233261108398438,1.9194930791854858,3.4008917808532715,0.29291456937789917,2.087902069091797,2.218667507171631,2.667832374572754,2.925267457962036,367,367,34751,94839,1.0560847169865615,1.0560847169865615,70.0,-70.0,34751,True,
et,data/ET/ECO_L3T_JET.002_ETdaily_20200423T063205_aid0001_32N.tif,ECO_L3T_JET.002_ETdaily_20200423T063205_aid0001_32N.tif,2020-04-23T06:32:05,2020-04-23,2020,4,23,6,32,5,2,8.0,morning,20200423T063205,filename_YYYYMMDDTHHMMSS,True,EPSG:32632,32632,303,313,GTiff,float32,,"[579360.0, 5158510.0, 600570.0, 5180420.0]",0.9804269075393677,1.0197068452835083,0.0,2.304328680038452,0.4599156379699707,0.006928048562258482,0.6834598779678345,1.3405892848968506,1.6394047737121582,34751,34751,34751,94839,100.0,100.0,70.0,-70.0,34751,True,
et,data/ET/ECO_L3T_JET.002_ETdaily_20200424T054455_aid0001_32N.tif,ECO_L3T_JET.002_ETdaily_20200424T054455_aid0001_32N.tif,2020-04-24T05:44:55,2020-04-24,2020,4,24,5,44,55,2,7.0,morning,20200424T054455,filename_YYYYMMDDTHHMMSS,True,EPSG:32632,32632,303,313,GTiff,float32,,"[579360.0, 5158510.0, 600570.0, 5180420.0]",0.18485935032367706,0.0,0.0,2.147465705871582,0.34955117106437683,0.0,0.0,0.1891334056854248,1.041724443435669,34751,34751,34751,94839,100.0,100.0,70.0,-70.0,34751,True,
et,data/ET/ECO_L3T_JET.002_ETdaily_20200427T045824_aid0001_32N.tif,ECO_L3T_JET.002_ETdaily_20200427T045824_aid0001_32N.tif,2020-04-27T04:58:24,2020-04-27,2020,4,27,4,58,24,2,6.0,morning,20200427T045824,filename_YYYYMMDDTHHMMSS,True,EPSG:32632,32632,303,313,GTiff,float32,,"[579360.0, 5158510.0, 600570.0, 5180420.0]",0.257963627576828,0.0,0.0,2.774812936782837,0.42637431621551514,0.0,0.0,0.37517961859703064,1.2269549369812012,34751,34751,34751,94839,100.0,100.0,70.0,-70.0,34751,True,
et,data/ET/ECO_L3T_JET.002_ETdaily_20200429T081408_aid0001_32N.tif,ECO_L3T_JET.002_ETdaily_20200429T081408_aid0001_32N.tif,2020-04-29T08:14:08,2020-04-29,2020,4,29,8,14,8,2,10.0,morning,20200429T081408,filename_YYYYMMDDTHHMMSS,True,EPSG:32632,32632,303,313,GTiff,float32,,"[579360.0, 5158510.0, 600570.0, 5180420.0]",0.6980527639389038,0.6811474561691284,0.0,1.6764127016067505,0.24636533856391907,0.32015377283096313,0.5446418523788452,0.8211153745651245,1.2213454246520996,29333,29333,34751,94839,84.40908175304308,84.40908175304308,70.0,-70.0,34751,True,
et,data/ET/ECO_L3T_JET.002_ETdaily_20200503T063952_aid0001_32N.tif,ECO_L3T_JET.002_ETdaily_20200503T063952_aid0001_32N.tif,2020-05-03T06:39:52,2020-05-03,2020,5,3,6,39,52,2,8.0,morning,20200503T063952,filename_YYYYMMDDTHHMMSS,True,EPSG:32632,32632,303,313,GTiff,float32,,"[579360.0, 5158510.0, 600570.0, 5180420.0]",1.2137361764907837,1.1384409666061401,0.32204386591911316,2.2075388431549072,0.23823988437652588,0.9157661199569702,1.0463966131210327,1.392500877380371,1.6683391332626343,34751,34751,34751,94839,100.0,100.0,70.0,-70.0,34751,True,
et,data/ET/ECO_L3T_JET.002_ETdaily_20200605T131348_aid0001_32N.tif,ECO_L3T_JET.002_ETdaily_20200605T131348_aid0001_32N.tif,2020-06-05T13:13:48,2020-06-05,2020,6,5,13,13,48,2,15.0,midday_afternoon,20200605T131348,filename_YYYYMMDDTHHMMSS,True,EPSG:32632,32632,303,313,GTiff,float32,,"[579360.0, 5158510.0, 600570.0, 5180420.0]",2.1965198516845703,2.180634021759033,0.3851510286331177,5.368775844573975,0.5710400342941284,1.3189306259155273,1.779802680015564,2.5794782638549805,3.1351327896118164,19438,19438,34751,94839,55.93508100486317,55.93508100486317,70.0,-70.0,34751,True,
et,data/ET/ECO_L3T_JET.002_ETdaily_20200606T122604_aid0001_32N.tif,ECO_L3T_JET.002_ETdaily_20200606T122604_aid0001_32N.tif,2020-06-06T12:26:04,2020-06-06,2020,6,6,12,26,4,2,14.0,midday_afternoon,20200606T122604,filename_YYYYMMDDTHHMMSS,True,EPSG:32632,32632,303,313,GTiff,float32,,"[579360.0, 5158510.0, 600570.0, 5180420.0]",1.1532198190689087,1.1658811569213867,0.5607273578643799,1.6531356573104858,0.16355778276920319,0.8465331196784973,1.058121681213379,1.2650588750839233,1.3988544940948486,383,383,34751,94839,1.1021265575091364,1.1021265575091364,70.0,-70.0,34751,True,
et,data/ET/ECO_L3T_JET.002_ETdaily_20200606T171752_aid0001_32N.tif,ECO_L3T_JET.002_ETdaily_20200606T171752_aid0001_32N.tif,2020-06-06T17:17:52,2020-06-06,2020,6,6,17,17,52,2,19.0,evening,20200606T171752,filename_YYYYMMDDTHHMMSS,True,EPSG:32632,32632,303,313,GTiff,float32,,"[579360.0, 5158510.0, 600570.0, 5180420.0]",1.4890341758728027,1.564909815788269,0.044602490961551666,3.234591245651245,0.43386930227279663,0.7579930424690247,1.1885242462158203,1.8028627634048462,2.068419933319092,3837,3837,34751,94839,11.04140888031999,11.04140888031999,70.0,-70.0,34751,True,
et,data/ET/ECO_L3T_JET.002_ETdaily_20200608T122708_aid0001_32N.tif,ECO_L3T_JET.002_ETdaily_20200608T122708_aid0001_32N.tif,2020-06-08T12:27:08,2020-06-08,2020,6,8,12,27,8,2,14.0,midday_afternoon,20200608T122708,filename_YYYYMMDDTHHMMSS,True,EPSG:32632,32632,303,313,GTiff,float32,,"[579360.0, 5158510.0, 600570.0, 5180420.0]",0.6393543481826782,0.6361724138259888,0.19626568257808685,1.1656627655029297,0.1790982037782669,0.34871023893356323,0.5266996622085571,0.7483950853347778,0.9607924818992615,1132,1132,34751,94839,3.2574602169721736,3.2574602169721736,70.0,-70.0,34751,True,
et,data/ET/ECO_L3T_JET.002_ETdaily_20200610T105207_aid0001_32N.tif,ECO_L3T_JET.002_ETdaily_20200610T105207_aid0001_32N.tif,2020-06-10T10:52:07,2020-06-10,2020,6,10,10,52,7,2,12.0,midday_afternoon,20200610T105207,filename_YYYYMMDDTHHMMSS,True,EPSG:32632,32632,303,313,GTiff,float32,,"[579360.0, 5158510.0, 600570.0, 5180420.0]",0.6323300004005432,0.6197906732559204,0.050022561103105545,1.8651007413864136,0.25963133573532104,0.23739781975746155,0.43093329668045044,0.8129101991653442,1.0524557828903198,11735,11735,34751,94839,33.76881240827602,33.76881240827602,70.0,-70.0,34751,True,
et,data/ET/ECO_L3T_JET.002_ETdaily_20200611T145525_aid0001_32N.tif,ECO_L3T_JET.002_ETdaily_20200611T145525_aid0001_32N.tif,2020-06-11T14:55:25,2020-06-11,2020,6,11,14,55,25,2,16.0,evening,20200611T145525,filename_YYYYMMDDTHHMMSS,True,EPSG:32632,32632,303,313,GTiff,float32,,"[579360.0, 5158510.0, 600570.0, 5180420.0]",1.3241040706634521,1.3413132429122925,0.2473108321428299,2.831535577774048,0.3681000769138336,0.5896391868591309,1.2222349643707275,1.487487554550171,1.9559156894683838,1578,1578,34751,94839,4.540876521538949,4.540876521538949,70.0,-70.0,34751,True,
et,data/ET/ECO_L3T_JET.002_ETdaily_20200612T105304_aid0001_32N.tif,ECO_L3T_JET.002_ETdaily_20200612T105304_aid0001_32N.tif,2020-06-12T10:53:04,2020-06-12,2020,6,12,10,53,4,2,12.0,midday_afternoon,20200612T105304,filename_YYYYMMDDTHHMMSS,True,EPSG:32632,32632,303,313,GTiff,float32,,"[579360.0, 5158510.0, 600570.0, 5180420.0]",3.3777379989624023,3.440401792526245,1.6223596334457397,6.176009654998779,0.32385995984077454,2.8198459148406982,3.154970407485962,3.57633638381958,3.8238165378570557,17685,17685,34751,94839,50.890621852608554,50.890621852608554,70.0,-70.0,34751,True,
et,data/ET/ECO_L3T_JET.002_ETdaily_20200613T100451_aid0001_32N.tif,ECO_L3T_JET.002_ETdaily_20200613T100451_aid0001_32N.tif,2020-06-13T10:04:51,2020-06-13,2020,6,13,10,4,51,2,12.0,midday_afternoon,20200613T100451,filename_YYYYMMDDTHHMMSS,True,EPSG:32632,32632,303,313,GTiff,float32,,"[579360.0, 5158510.0, 600570.0, 5180420.0]",3.1293296813964844,3.156466245651245,0.5982928276062012,5.779319763183594,0.46614518761634827,2.3701789379119873,2.844038724899292,3.4730844497680664,3.7598416805267334,34003,34003,34751,94839,97.84754395556962,97.84754395556962,70.0,-70.0,34751,True,
et,data/ET/ECO_L3T_JET.002_ETdaily_20200614T091731_aid0001_32N.tif,ECO_L3T_JET.002_ETdaily_20200614T091731_aid0001_32N.tif,2020-06-14T09:17:31,2020-06-14,2020,6,14,9,17,31,2,11.0,midday_afternoon,20200614T091731,filename_YYYYMMDDTHHMMSS,True,EPSG:32632,32632,303,313,GTiff,float32,,"[579360.0, 5158510.0, 600570.0, 5180420.0]",1.311798095703125,1.3244661092758179,1.1550291776657104,1.5238587856292725,0.07172007113695145,1.2082974910736084,1.2400295734405518,1.3602219820022583,1.426598310470581,1905,1905,34751,94839,5.481856637219073,5.481856637219073,70.0,-70.0,34751,True,
et,data/ET/ECO_L3T_JET.002_ETdaily_20200616T091831_aid0001_32N.tif,ECO_L3T_JET.002_ETdaily_20200616T091831_aid0001_32N.tif,2020-06-16T09:18:31,2020-06-16,2020,6,16,9,18,31,2,11.0,midday_afternoon,20200616T091831,filename_YYYYMMDDTHHMMSS,True,EPSG:32632,32632,303,313,GTiff,float32,,"[579360.0, 5158510.0, 600570.0, 5180420.0]",1.3154851198196411,1.3252605199813843,0.902195394039154,1.5687637329101562,0.08096818625926971,1.1701284646987915,1.2727726697921753,1.3624238967895508,1.449958324432373,25296,25296,34751,94839,72.7921498661909,72.7921498661909,70.0,-70.0,34751,True,
et,data/ET/ECO_L3T_JET.002_ETdaily_20200617T083012_aid0001_32N.tif,ECO_L3T_JET.002_ETdaily_20200617T083012_aid0001_32N.tif,2020-06-17T08:30:12,2020-06-17,2020,6,17,8,30,12,2,10.0,morning,20200617T083012,filename_YYYYMMDDTHHMMSS,True,EPSG:32632,32632,303,313,GTiff,float32,,"[579360.0, 5158510.0, 600570.0, 5180420.0]",0.769088089466095,0.7580339312553406,0.2542820870876312,1.2730098962783813,0.12168079614639282,0.5959475636482239,0.6888519525527954,0.8425548076629639,0.9839405417442322,12115,12115,34751,94839,34.86230612068717,34.86230612068717,70.0,-70.0,34751,True,
et,data/ET/ECO_L3T_JET.002_ETdaily_20200625T052032_aid0001_32N.tif,ECO_L3T_JET.002_ETdaily_20200625T052032_aid0001_32N.tif,2020-06-25T05:20:32,2020-06-25,2020,6,25,5,20,32,2,7.0,morning,20200625T052032,filename_YYYYMMDDTHHMMSS,True,EPSG:32632,32632,303,313,GTiff,float32,,"[579360.0, 5158510.0, 600570.0, 5180420.0]",0.777392566204071,0.8159850239753723,0.0,4.669062614440918,0.26658356189727783,0.28944647312164307,0.6655399203300476,0.9176986217498779,1.1097631454467773,34751,34751,34751,94839,100.0,100.0,70.0,-70.0,34751,True,
et,data/ET/ECO_L3T_JET.002_ETdaily_20200627T083636_aid0001_32N.tif,ECO_L3T_JET.002_ETdaily_20200627T083636_aid0001_32N.tif,2020-06-27T08:36:36,2020-06-27,2020,6,27,8,36,36,2,10.0,morning,20200627T083636,filename_YYYYMMDDTHHMMSS,True,EPSG:32632,32632,8,313,GTiff,float32,,"[600000.0, 5158510.0, 600560.0, 5180420.0]",2.508640766143799,2.408566951751709,1.6710916757583618,3.4182205200195312,0.3956384062767029,2.05108380317688,2.176252841949463,2.71405291557312,3.2459495067596436,94,94,94,2504,100.0,100.0,70.0,-70.0,94,True,
et,data/ET/ECO_L3T_JET.002_ETdaily_20200628T043425_aid0001_32N.tif,ECO_L3T_JET.002_ETdaily_20200628T043425_aid0001_32N.tif,2020-06-28T04:34:25,2020-06-28,2020,6,28,4,34,25,2,6.0,morning,20200628T043425,filename_YYYYMMDDTHHMMSS,True,EPSG:32632,32632,303,313,GTiff,float32,,"[579360.0, 5158510.0, 600570.0, 5180420.0]",0.2380681037902832,0.10081558674573898,0.0,4.165258884429932,0.3458952307701111,0.0,0.0,0.369675874710083,0.8855352401733398,34751,34751,34751,94839,100.0,100.0,70.0,-70.0,34751,True,
et,data/ET/ECO_L3T_JET.002_ETdaily_20200630T074936_aid0001_32N.tif,ECO_L3T_JET.002_ETdaily_20200630T074936_aid0001_32N.tif,2020-06-30T07:49:36,2020-06-30,2020,6,30,7,49,36,2,9.0,morning,20200630T074936,filename_YYYYMMDDTHHMMSS,True,EPSG:32632,32632,303,313,GTiff,float32,,"[579360.0, 5158510.0, 600570.0, 5180420.0]",2.8195810317993164,2.890183925628662,0.23941056430339813,6.49369478225708,0.6040524840354919,1.7673554420471191,2.5086169242858887,3.1925597190856934,3.6104562282562256,34751,34751,34751,94839,100.0,100.0,70.0,-70.0,34751,True,
et,data/ET/ECO_L3T_JET.002_ETdaily_20210403T135515_aid0001_32N.tif,ECO_L3T_JET.002_ETdaily_20210403T135515_aid0001_32N.tif,2021-04-03T13:55:15,2021-04-03,2021,4,3,13,55,15,2,15.0,midday_afternoon,20210403T135515,filename_YYYYMMDDTHHMMSS,True,EPSG:32632,32632,303,313,GTiff,float32,,"[579360.0, 5158510.0, 600570.0, 5180420.0]",0.595469057559967,0.585140585899353,0.0,2.140105724334717,0.40399885177612305,0.0,0.26753267645835876,0.9168182015419006,1.2447147369384766,34746,34746,34751,94839,99.98561192483669,99.98561192483669,70.0,-70.0,34751,True,
et,data/ET/ECO_L3T_JET.002_ETdaily_20210404T130806_aid0001_32N.tif,ECO_L3T_JET.002_ETdaily_20210404T130806_aid0001_32N.tif,2021-04-04T13:08:06,2021-04-04,2021,4,4,13,8,6,2,15.0,midday_afternoon,20210404T130806,filename_YYYYMMDDTHHMMSS,True,EPSG:32632,32632,303,313,GTiff,float32,,"[579360.0, 5158510.0, 600570.0, 5180420.0]",0.7161665558815002,0.6815721988677979,0.0,2.2218616008758545,0.46964266896247864,0.0,0.3563486337661743,1.070599913597107,1.51662278175354,34751,34751,34751,94839,100.0,100.0,70.0,-70.0,34751,True,
et,data/ET/ECO_L3T_JET.002_ETdaily_20210407T122251_aid0001_32N.tif,ECO_L3T_JET.002_ETdaily_20210407T122251_aid0001_32N.tif,2021-04-07T12:22:51,2021-04-07,2021,4,7,12,22,51,2,14.0,midday_afternoon,20210407T122251,filename_YYYYMMDDTHHMMSS,True,EPSG:32632,32632,303,313,GTiff,float32,,"[579360.0, 5158510.0, 600570.0, 5180420.0]",0.6212289929389954,0.6402120590209961,0.0,2.015122413635254,0.3052220344543457,0.09051421284675598,0.40205085277557373,0.8338339328765869,1.0844452381134033,27931,27931,34751,94839,80.37466547725245,80.37466547725245,70.0,-70.0,34751,True,
et,data/ET/ECO_L3T_JET.002_ETdaily_20210408T113540_aid0001_32N.tif,ECO_L3T_JET.002_ETdaily_20210408T113540_aid0001_32N.tif,2021-04-08T11:35:40,2021-04-08,2021,4,8,11,35,40,2,13.0,midday_afternoon,20210408T113540,filename_YYYYMMDDTHHMMSS,True,EPSG:32632,32632,303,313,GTiff,float32,,"[579360.0, 5158510.0, 600570.0, 5180420.0]",0.69191575050354,0.7080315947532654,0.0,2.2084641456604004,0.3987080156803131,0.0,0.38324034214019775,1.0141345262527466,1.3052425384521484,34751,34751,34751,94839,100.0,100.0,70.0,-70.0,34751,True,
et,data/ET/ECO_L3T_JET.002_ETdaily_20210413T140702_aid0001_32N.tif,ECO_L3T_JET.002_ETdaily_20210413T140702_aid0001_32N.tif,2021-04-13T14:07:02,2021-04-13,2021,4,13,14,7,2,2,16.0,evening,20210413T140702,filename_YYYYMMDDTHHMMSS,True,EPSG:32632,32632,303,313,GTiff,float32,,"[579360.0, 5158510.0, 600570.0, 5180420.0]",0.5967277884483337,0.5991760492324829,0.10983739793300629,1.6525030136108398,0.15343178808689117,0.33799394965171814,0.495852530002594,0.709225594997406,0.8322772979736328,30061,30061,34751,94839,86.50398549682023,86.50398549682023,70.0,-70.0,34751,True,
et,data/ET/ECO_L3T_JET.002_ETdaily_20210415T091739_aid0001_32N.tif,ECO_L3T_JET.002_ETdaily_20210415T091739_aid0001_32N.tif,2021-04-15T09:17:39,2021-04-15,2021,4,15,9,17,39,2,11.0,midday_afternoon,20210415T091739,filename_YYYYMMDDTHHMMSS,True,EPSG:32632,32632,303,313,GTiff,float32,,"[579360.0, 5158510.0, 600570.0, 5180420.0]",0.3817577362060547,0.37227094173431396,0.0,1.3720606565475464,0.12730295956134796,0.19185525178909302,0.2924862802028656,0.46108782291412354,0.6041456460952759,33764,33764,34751,94839,97.15979396276366,97.15979396276366,70.0,-70.0,34751,True,
et,data/ET/ECO_L3T_JET.002_ETdaily_20210419T074455_aid0001_32N.tif,ECO_L3T_JET.002_ETdaily_20210419T074455_aid0001_32N.tif,2021-04-19T07:44:55,2021-04-19,2021,4,19,7,44,55,2,9.0,morning,20210419T074455,filename_YYYYMMDDTHHMMSS,True,EPSG:32632,32632,303,313,GTiff,float32,,"[579360.0, 5158510.0, 600570.0, 5180420.0]",0.803390383720398,0.8050805926322937,0.0,2.757551908493042,0.20053844153881073,0.48687541484832764,0.6647241115570068,0.9378678798675537,1.1309715509414673,33275,33275,34751,94839,95.75264021179247,95.75264021179247,70.0,-70.0,34751,True,
et,data/ET/ECO_L3T_JET.002_ETdaily_20210420T065805_aid0001_32N.tif,ECO_L3T_JET.002_ETdaily_20210420T065805_aid0001_32N.tif,2021-04-20T06:58:05,2021-04-20,2021,4,20,6,58,5,2,8.0,morning,20210420T065805,filename_YYYYMMDDTHHMMSS,True,EPSG:32632,32632,303,313,GTiff,float32,,"[579360.0, 5158510.0, 600570.0, 5180420.0]",0.2428341507911682,0.20812121033668518,0.0,1.975820541381836,0.1916249692440033,0.003937972709536552,0.11218851804733276,0.3321523666381836,0.5525355339050293,34751,34751,34751,94839,100.0,100.0,70.0,-70.0,34751,True,
et,data/ET/ECO_L3T_JET.002_ETdaily_20210422T101429_aid0001_32N.tif,ECO_L3T_JET.002_ETdaily_20210422T101429_aid0001_32N.tif,2021-04-22T10:14:29,2021-04-22,2021,4,22,10,14,29,2,12.0,midday_afternoon,20210422T101429,filename_YYYYMMDDTHHMMSS,True,EPSG:32632,32632,303,313,GTiff,float32,,"[579360.0, 5158510.0, 600570.0, 5180420.0]",1.2969075441360474,1.2452529668807983,0.7916010618209839,1.9657642841339111,0.27964121103286743,0.8932865858078003,1.0992517471313477,1.4517171382904053,1.8893448114395142,206,206,34751,94839,0.5927886967281517,0.5927886967281517,70.0,-70.0,34751,True,
et,data/ET/ECO_L3T_JET.002_ETdaily_20210423T061248_aid0001_32N.tif,ECO_L3T_JET.002_ETdaily_20210423T061248_aid0001_32N.tif,2021-04-23T06:12:48,2021-04-23,2021,4,23,6,12,48,2,8.0,morning,20210423T061248,filename_YYYYMMDDTHHMMSS,True,EPSG:32632,32632,303,313,GTiff,float32,,"[579360.0, 5158510.0, 600570.0, 5180420.0]",0.31714415550231934,0.31192436814308167,0.0,0.9457840919494629,0.15256555378437042,0.06693543493747711,0.207121342420578,0.4253939986228943,0.5709970593452454,34751,34751,34751,94839,100.0,100.0,70.0,-70.0,34751,True,
et,data/ET/ECO_L3T_JET.002_ETdaily_20210424T052525_aid0001_32N.tif,ECO_L3T_JET.002_ETdaily_20210424T052525_aid0001_32N.tif,2021-04-24T05:25:25,2021-04-24,2021,4,24,5,25,25,2,7.0,morning,20210424T052525,filename_YYYYMMDDTHHMMSS,True,EPSG:32632,32632,303,313,GTiff,float32,,"[579360.0, 5158510.0, 600570.0, 5180420.0]",0.050773680210113525,0.0,0.0,0.935829222202301,0.09711635112762451,0.0,0.0,0.06588087230920792,0.25057196617126465,34751,34751,34751,94839,100.0,100.0,70.0,-70.0,34751,True,
et,data/ET/ECO_L3T_JET.002_ETdaily_20210425T092913_aid0001_32N.tif,ECO_L3T_JET.002_ETdaily_20210425T092913_aid0001_32N.tif,2021-04-25T09:29:13,2021-04-25,2021,4,25,9,29,13,2,11.0,midday_afternoon,20210425T092913,filename_YYYYMMDDTHHMMSS,True,EPSG:32632,32632,8,313,GTiff,float32,,"[600000.0, 5158510.0, 600560.0, 5180420.0]",0.8656758069992065,0.8286173343658447,0.5870654582977295,1.154512643814087,0.12964895367622375,0.6978791356086731,0.7775483131408691,0.991385817527771,1.083940863609314,94,94,94,2504,100.0,100.0,70.0,-70.0,94,True,
et,data/ET/ECO_L3T_JET.002_ETdaily_20210426T084149_aid0001_32N.tif,ECO_L3T_JET.002_ETdaily_20210426T084149_aid0001_32N.tif,2021-04-26T08:41:49,2021-04-26,2021,4,26,8,41,49,2,10.0,morning,20210426T084149,filename_YYYYMMDDTHHMMSS,True,EPSG:32632,32632,303,313,GTiff,float32,,"[579360.0, 5158510.0, 600570.0, 5180420.0]",0.5888954401016235,0.524465024471283,0.18808819353580475,1.2990018129348755,0.2239898443222046,0.3252113163471222,0.4413710832595825,0.6747215986251831,1.0647375583648682,1470,1470,34751,94839,4.230094098011568,4.230094098011568,70.0,-70.0,34751,True,
et,data/ET/ECO_L3T_JET.002_ETdaily_20210428T084347_aid0001_32N.tif,ECO_L3T_JET.002_ETdaily_20210428T084347_aid0001_32N.tif,2021-04-28T08:43:47,2021-04-28,2021,4,28,8,43,47,2,10.0,morning,20210428T084347,filename_YYYYMMDDTHHMMSS,True,EPSG:32632,32632,303,313,GTiff,float32,,"[579360.0, 5158510.0, 600570.0, 5180420.0]",1.511972188949585,1.414896845817566,0.0,4.884455680847168,0.519347071647644,0.805079996585846,1.118748426437378,1.9227195978164673,2.386676788330078,34748,34748,34751,94839,99.99136715490202,99.99136715490202,70.0,-70.0,34751,True,
et,data/ET/ECO_L3T_JET.002_ETdaily_20210429T075625_aid0001_32N.tif,ECO_L3T_JET.002_ETdaily_20210429T075625_aid0001_32N.tif,2021-04-29T07:56:25,2021-04-29,2021,4,29,7,56,25,2,9.0,morning,20210429T075625,filename_YYYYMMDDTHHMMSS,True,EPSG:32632,32632,303,313,GTiff,float32,,"[579360.0, 5158510.0, 600570.0, 5180420.0]",0.832757830619812,0.8200121521949768,0.00020466453861445189,1.886752724647522,0.28755247592926025,0.39612632989883423,0.6285155415534973,1.0187580585479736,1.3578686714172363,34751,34751,34751,94839,100.0,100.0,70.0,-70.0,34751,True,
et,data/ET/ECO_L3T_JET.002_ETdaily_20210430T070859_aid0001_32N.tif,ECO_L3T_JET.002_ETdaily_20210430T070859_aid0001_32N.tif,2021-04-30T07:08:59,2021-04-30,2021,4,30,7,8,59,2,9.0,morning,20210430T070859,filename_YYYYMMDDTHHMMSS,True,EPSG:32632,32632,303,313,GTiff,float32,,"[579360.0, 5158510.0, 600570.0, 5180420.0]",1.335260272026062,1.3159725666046143,0.2565308213233948,4.151263236999512,0.447359561920166,0.6779230237007141,0.9870945811271667,1.591897964477539,2.1266071796417236,6624,6624,34751,94839,19.061321976346004,19.061321976346004,70.0,-70.0,34751,True,
et,data/ET/ECO_L3T_JET.002_ETdaily_20210502T071054_aid0001_32N.tif,ECO_L3T_JET.002_ETdaily_20210502T071054_aid0001_32N.tif,2021-05-02T07:10:54,2021-05-02,2021,5,2,7,10,54,2,9.0,morning,20210502T071054,filename_YYYYMMDDTHHMMSS,True,EPSG:32632,32632,303,313,GTiff,float32,,"[579360.0, 5158510.0, 600570.0, 5180420.0]",0.1009022444486618,0.0725206583738327,0.0,0.8843353390693665,0.11099659651517868,0.0,0.0,0.16666913032531738,0.2872246503829956,32600,32600,34751,94839,93.81025006474634,93.81025006474634,70.0,-70.0,34751,True,
et,data/ET/ECO_L3T_JET.002_ETdaily_20210503T062331_aid0001_32N.tif,ECO_L3T_JET.002_ETdaily_20210503T062331_aid0001_32N.tif,2021-05-03T06:23:31,2021-05-03,2021,5,3,6,23,31,2,8.0,morning,20210503T062331,filename_YYYYMMDDTHHMMSS,True,EPSG:32632,32632,303,313,GTiff,float32,,"[579360.0, 5158510.0, 600570.0, 5180420.0]",0.5744324326515198,0.5761014819145203,0.0,1.6397324800491333,0.16765964031219482,0.2709351181983948,0.4822245240211487,0.6804081797599792,0.8281354308128357,34693,34693,34751,94839,99.83309832810566,99.83309832810566,70.0,-70.0,34751,True,
et,data/ET/ECO_L3T_JET.002_ETdaily_20210504T053602_aid0001_32N.tif,ECO_L3T_JET.002_ETdaily_20210504T053602_aid0001_32N.tif,2021-05-04T05:36:02,2021-05-04,2021,5,4,5,36,2,2,7.0,morning,20210504T053602,filename_YYYYMMDDTHHMMSS,True,EPSG:32632,32632,303,313,GTiff,float32,,"[579360.0, 5158510.0, 600570.0, 5180420.0]",0.2894248366355896,0.053768858313560486,0.0,5.308125019073486,0.44819656014442444,0.0,0.0,0.5162054896354675,0.9300186634063721,12570,12570,34751,94839,36.1716209605479,36.1716209605479,70.0,-70.0,34751,True,
et,data/ET/ECO_L3T_JET.002_ETdaily_20210506T053802_aid0001_32N.tif,ECO_L3T_JET.002_ETdaily_20210506T053802_aid0001_32N.tif,2021-05-06T05:38:02,2021-05-06,2021,5,6,5,38,2,2,7.0,morning,20210506T053802,filename_YYYYMMDDTHHMMSS,True,EPSG:32632,32632,303,313,GTiff,float32,,"[579360.0, 5158510.0, 600570.0, 5180420.0]",1.2162095308303833,1.2964526414871216,0.4079340100288391,1.8673791885375977,0.24159492552280426,0.7123726606369019,1.1137410402297974,1.3822157382965088,1.4890618324279785,8973,8973,34751,94839,25.82083968806653,25.82083968806653,70.0,-70.0,34751,True,
et,data/ET/ECO_L3T_JET.002_ETdaily_20210507T045046_aid0001_32N.tif,ECO_L3T_JET.002_ETdaily_20210507T045046_aid0001_32N.tif,2021-05-07T04:50:46,2021-05-07,2021,5,7,4,50,46,2,6.0,morning,20210507T045046,filename_YYYYMMDDTHHMMSS,True,EPSG:32632,32632,303,313,GTiff,float32,,"[579360.0, 5158510.0, 600570.0, 5180420.0]",0.3136714696884155,0.26804596185684204,0.0,1.975112795829773,0.3026552200317383,0.0,0.011319510638713837,0.4846770763397217,0.8870601654052734,29452,29452,34751,94839,84.75151794192973,84.75151794192973,70.0,-70.0,34751,True,
et,data/ET/ECO_L3T_JET.002_ETdaily_20210524T174926_aid0001_32N.tif,ECO_L3T_JET.002_ETdaily_20210524T174926_aid0001_32N.tif,2021-05-24T17:49:26,2021-05-24,2021,5,24,17,49,26,2,19.0,evening,20210524T174926,filename_YYYYMMDDTHHMMSS,True,EPSG:32632,32632,303,313,GTiff,float32,,"[579360.0, 5158510.0, 600570.0, 5180420.0]",0.15064024925231934,0.1283494085073471,0.0,1.1656955480575562,0.1548512578010559,0.0,0.017886556684970856,0.22032472491264343,0.41375190019607544,20748,20748,34751,94839,59.70475669764899,59.70475669764899,70.0,-70.0,34751,True,
et,data/ET/ECO_L3T_JET.002_ETdaily_20210525T170232_aid0001_32N.tif,ECO_L3T_JET.002_ETdaily_20210525T170232_aid0001_32N.tif,2021-05-25T17:02:32,2021-05-25,2021,5,25,17,2,32,2,19.0,evening,20210525T170232,filename_YYYYMMDDTHHMMSS,True,EPSG:32632,32632,303,313,GTiff,float32,,"[579360.0, 5158510.0, 600570.0, 5180420.0]",0.915715217590332,0.9587611556053162,0.0,2.430363178253174,0.4653906226158142,0.0,0.7017616033554077,1.1799442768096924,1.7863590717315674,34739,34739,34751,94839,99.96546861960806,99.96546861960806,70.0,-70.0,34751,True,
et,data/ET/ECO_L3T_JET.002_ETdaily_20210528T161640_aid0001_32N.tif,ECO_L3T_JET.002_ETdaily_20210528T161640_aid0001_32N.tif,2021-05-28T16:16:40,2021-05-28,2021,5,28,16,16,40,2,18.0,evening,20210528T161640,filename_YYYYMMDDTHHMMSS,True,EPSG:32632,32632,303,313,GTiff,float32,,"[579360.0, 5158510.0, 600570.0, 5180420.0]",1.6519931554794312,1.4534531831741333,0.0,4.691173553466797,1.0241261720657349,0.26430201530456543,0.7802068591117859,2.536759376525879,3.2928481101989746,34751,34751,34751,94839,100.0,100.0,70.0,-70.0,34751,True,
et,data/ET/ECO_L3T_JET.002_ETdaily_20210529T152944_aid0001_32N.tif,ECO_L3T_JET.002_ETdaily_20210529T152944_aid0001_32N.tif,2021-05-29T15:29:44,2021-05-29,2021,5,29,15,29,44,2,17.0,evening,20210529T152944,filename_YYYYMMDDTHHMMSS,True,EPSG:32632,32632,303,313,GTiff,float32,,"[579360.0, 5158510.0, 600570.0, 5180420.0]",1.2473489046096802,1.1941683292388916,0.0,4.630959510803223,0.6836559176445007,0.2780686616897583,0.7106378078460693,1.6768747568130493,2.484388589859009,24244,24244,34751,94839,69.7648988518316,69.7648988518316,70.0,-70.0,34751,True,
et,data/ET/ECO_L3T_JET.002_ETdaily_20210601T144356_aid0001_32N.tif,ECO_L3T_JET.002_ETdaily_20210601T144356_aid0001_32N.tif,2021-06-01T14:43:56,2021-06-01,2021,6,1,14,43,56,2,16.0,evening,20210601T144356,filename_YYYYMMDDTHHMMSS,True,EPSG:32632,32632,303,313,GTiff,float32,,"[579360.0, 5158510.0, 600570.0, 5180420.0]",1.6783697605133057,1.4897722005844116,0.04112766310572624,6.259061336517334,0.8859885334968567,0.42428523302078247,1.0944280624389648,2.3605737686157227,3.197007656097412,32156,32156,34751,94839,92.53258899024488,92.53258899024488,70.0,-70.0,34751,True,
et,data/ET/ECO_L3T_JET.002_ETdaily_20210607T162802_aid0001_32N.tif,ECO_L3T_JET.002_ETdaily_20210607T162802_aid0001_32N.tif,2021-06-07T16:28:02,2021-06-07,2021,6,7,16,28,2,2,18.0,evening,20210607T162802,filename_YYYYMMDDTHHMMSS,True,EPSG:32632,32632,303,313,GTiff,float32,,"[579360.0, 5158510.0, 600570.0, 5180420.0]",0.12337678670883179,0.07093377411365509,0.0,1.4521150588989258,0.15127597749233246,0.0,0.0,0.2068401724100113,0.3873231112957001,1154,1154,34751,94839,3.320767747690714,3.320767747690714,70.0,-70.0,34751,True,
et,data/ET/ECO_L3T_JET.002_ETdaily_20210611T145512_aid0001_32N.tif,ECO_L3T_JET.002_ETdaily_20210611T145512_aid0001_32N.tif,2021-06-11T14:55:12,2021-06-11,2021,6,11,14,55,12,2,16.0,evening,20210611T145512,filename_YYYYMMDDTHHMMSS,True,EPSG:32632,32632,303,313,GTiff,float32,,"[579360.0, 5158510.0, 600570.0, 5180420.0]",0.9805324673652649,0.9699680209159851,0.0,3.1069912910461426,0.3835684657096863,0.29277175664901733,0.7794697284698486,1.191163182258606,1.5915237665176392,20973,20973,34751,94839,60.3522200799977,60.3522200799977,70.0,-70.0,34751,True,
et,data/ET/ECO_L3T_JET.002_ETdaily_20210612T140746_aid0001_32N.tif,ECO_L3T_JET.002_ETdaily_20210612T140746_aid0001_32N.tif,2021-06-12T14:07:46,2021-06-12,2021,6,12,14,7,46,2,16.0,evening,20210612T140746,filename_YYYYMMDDTHHMMSS,True,EPSG:32632,32632,303,313,GTiff,float32,,"[579360.0, 5158510.0, 600570.0, 5180420.0]",2.5166847705841064,2.538114547729492,0.20080991089344025,6.193124771118164,0.7030272483825684,1.3226871490478516,2.0628862380981445,2.8353617191314697,3.8247013092041016,20478,20478,34751,94839,58.92780063883054,58.92780063883054,70.0,-70.0,34751,True,
et,data/ET/ECO_L3T_JET.002_ETdaily_20210613T100603_aid0001_32N.tif,ECO_L3T_JET.002_ETdaily_20210613T100603_aid0001_32N.tif,2021-06-13T10:06:03,2021-06-13,2021,6,13,10,6,3,2,12.0,midday_afternoon,20210613T100603,filename_YYYYMMDDTHHMMSS,True,EPSG:32632,32632,8,313,GTiff,float32,,"[600000.0, 5158510.0, 600560.0, 5180420.0]",2.3097290992736816,2.297823667526245,0.3505140244960785,4.4435834884643555,0.6918919682502747,1.4794938564300537,1.7244181632995605,2.6617767810821533,3.660498857498169,94,94,94,2504,100.0,100.0,70.0,-70.0,94,True,
et,data/ET/ECO_L3T_JET.002_ETdaily_20210614T091828_aid0001_32N.tif,ECO_L3T_JET.002_ETdaily_20210614T091828_aid0001_32N.tif,2021-06-14T09:18:28,2021-06-14,2021,6,14,9,18,28,2,11.0,midday_afternoon,20210614T091828,filename_YYYYMMDDTHHMMSS,True,EPSG:32632,32632,303,313,GTiff,float32,,"[579360.0, 5158510.0, 600570.0, 5180420.0]",2.714125871658325,2.7532944679260254,0.015552332624793053,5.789803504943848,0.8526301980018616,1.1982221603393555,2.1644864082336426,3.3164732456207275,4.028713226318359,34751,34751,34751,94839,100.0,100.0,70.0,-70.0,34751,True,
et,data/ET/ECO_L3T_JET.002_ETdaily_20210617T083310_aid0001_32N.tif,ECO_L3T_JET.002_ETdaily_20210617T083310_aid0001_32N.tif,2021-06-17T08:33:10,2021-06-17,2021,6,17,8,33,10,2,10.0,morning,20210617T083310,filename_YYYYMMDDTHHMMSS,True,EPSG:32632,32632,303,313,GTiff,float32,,"[579360.0, 5158510.0, 600570.0, 5180420.0]",2.8829028606414795,3.021566867828369,0.15695902705192566,6.407258033752441,0.9821205139160156,1.1079909801483154,2.3044633865356445,3.7499098777770996,4.106995582580566,34751,34751,34751,94839,100.0,100.0,70.0,-70.0,34751,True,
et,data/ET/ECO_L3T_JET.002_ETdaily_20210621T065931_aid0001_32N.tif,ECO_L3T_JET.002_ETdaily_20210621T065931_aid0001_32N.tif,2021-06-21T06:59:31,2021-06-21,2021,6,21,6,59,31,2,8.0,morning,20210621T065931,filename_YYYYMMDDTHHMMSS,True,EPSG:32632,32632,303,313,GTiff,float32,,"[579360.0, 5158510.0, 600570.0, 5180420.0]",2.610586643218994,2.42497181892395,0.29026809334754944,5.711963653564453,0.9662187695503235,1.1617664098739624,1.881989598274231,3.41971492767334,4.211612224578857,34661,34661,34751,94839,99.74101464706051,99.74101464706051,70.0,-70.0,34751,True,
et,data/ET/ECO_L3T_JET.002_ETdaily_20210622T061157_aid0001_32N.tif,ECO_L3T_JET.002_ETdaily_20210622T061157_aid0001_32N.tif,2021-06-22T06:11:57,2021-06-22,2021,6,22,6,11,57,2,8.0,morning,20210622T061157,filename_YYYYMMDDTHHMMSS,True,EPSG:32632,32632,303,313,GTiff,float32,,"[579360.0, 5158510.0, 600570.0, 5180420.0]",1.9733480215072632,1.7823615074157715,0.3264380395412445,4.854681491851807,0.6641581058502197,1.1967140436172485,1.5106072425842285,2.3006298542022705,3.410022258758545,10772,10772,34751,94839,30.997669131823546,30.997669131823546,70.0,-70.0,34751,True,
et,data/ET/ECO_L3T_JET.002_ETdaily_20210622T061248_aid0001_32N.tif,ECO_L3T_JET.002_ETdaily_20210622T061248_aid0001_32N.tif,2021-06-22T06:12:48,2021-06-22,2021,6,22,6,12,48,2,8.0,morning,20210622T061248,filename_YYYYMMDDTHHMMSS,True,EPSG:32632,32632,303,313,GTiff,float32,,"[579360.0, 5158510.0, 600570.0, 5180420.0]",2.3830084800720215,2.425283432006836,0.09156382083892822,5.0558552742004395,0.8036441802978516,1.0232746601104736,1.8498700857162476,2.928006887435913,3.6977858543395996,27212,27212,34751,94839,78.30566026876924,78.30566026876924,70.0,-70.0,34751,True,
et,data/ET/ECO_L3T_JET.002_ETdaily_20210624T092854_aid0001_32N.tif,ECO_L3T_JET.002_ETdaily_20210624T092854_aid0001_32N.tif,2021-06-24T09:28:54,2021-06-24,2021,6,24,9,28,54,2,11.0,midday_afternoon,20210624T092854,filename_YYYYMMDDTHHMMSS,True,EPSG:32632,32632,303,313,GTiff,float32,,"[579360.0, 5158510.0, 600570.0, 5180420.0]",2.678717851638794,2.633063793182373,0.21214565634727478,6.553747177124023,0.7018902897834778,1.7298576831817627,2.1626274585723877,3.0988264083862305,3.7919671535491943,30868,30868,34751,94839,88.82622082817761,88.82622082817761,70.0,-70.0,34751,True,
et,data/ET/ECO_L3T_JET.002_ETdaily_20210625T052649_aid0001_32N.tif,ECO_L3T_JET.002_ETdaily_20210625T052649_aid0001_32N.tif,2021-06-25T05:26:49,2021-06-25,2021,6,25,5,26,49,2,7.0,morning,20210625T052649,filename_YYYYMMDDTHHMMSS,True,EPSG:32632,32632,303,313,GTiff,float32,,"[579360.0, 5158510.0, 600570.0, 5180420.0]",0.4688469469547272,0.4107697606086731,0.0,1.659010648727417,0.31880107522010803,0.036633677780628204,0.24398739635944366,0.6021845936775208,1.1186282634735107,34751,34751,34751,94839,100.0,100.0,70.0,-70.0,34751,True,
et,data/ET/ECO_L3T_JET.002_ETdaily_20210626T044020_aid0001_32N.tif,ECO_L3T_JET.002_ETdaily_20210626T044020_aid0001_32N.tif,2021-06-26T04:40:20,2021-06-26,2021,6,26,4,40,20,2,6.0,morning,20210626T044020,filename_YYYYMMDDTHHMMSS,True,EPSG:32632,32632,303,313,GTiff,float32,,"[579360.0, 5158510.0, 600570.0, 5180420.0]",0.356764554977417,0.34300512075424194,0.0,1.294041395187378,0.2312309592962265,0.0,0.18685856461524963,0.49643826484680176,0.7865577340126038,34751,34751,34751,94839,100.0,100.0,70.0,-70.0,34751,True,
et,data/ET/ECO_L3T_JET.002_ETdaily_20210628T075704_aid0001_32N.tif,ECO_L3T_JET.002_ETdaily_20210628T075704_aid0001_32N.tif,2021-06-28T07:57:04,2021-06-28,2021,6,28,7,57,4,2,9.0,morning,20210628T075704,filename_YYYYMMDDTHHMMSS,True,EPSG:32632,32632,303,313,GTiff,float32,,"[579360.0, 5158510.0, 600570.0, 5180420.0]",3.4779627323150635,3.360076904296875,0.1998433619737625,6.5951714515686035,0.8161422610282898,2.1090009212493896,3.0838637351989746,3.9705066680908203,4.832351207733154,33441,33441,34751,94839,96.23032430721418,96.23032430721418,70.0,-70.0,34751,True,
et,data/ET/ECO_L3T_JET.002_ETdaily_20220402T132741_aid0001_32N.tif,ECO_L3T_JET.002_ETdaily_20220402T132741_aid0001_32N.tif,2022-04-02T13:27:41,2022-04-02,2022,4,2,13,27,41,2,15.0,midday_afternoon,20220402T132741,filename_YYYYMMDDTHHMMSS,True,EPSG:32632,32632,303,313,GTiff,float32,,"[579360.0, 5158510.0, 600570.0, 5180420.0]",0.24627801775932312,0.22671344876289368,0.0,2.530421733856201,0.22806429862976074,0.0,0.022280318662524223,0.37283211946487427,0.6793614029884338,29289,29289,34751,94839,84.28246669160599,84.28246669160599,70.0,-70.0,34751,True,
et,data/ET/ECO_L3T_JET.002_ETdaily_20220405T123921_aid0001_32N.tif,ECO_L3T_JET.002_ETdaily_20220405T123921_aid0001_32N.tif,2022-04-05T12:39:21,2022-04-05,2022,4,5,12,39,21,2,14.0,midday_afternoon,20220405T123921,filename_YYYYMMDDTHHMMSS,True,EPSG:32632,32632,303,313,GTiff,float32,,"[579360.0, 5158510.0, 600570.0, 5180420.0]",0.5127179622650146,0.5542495846748352,0.0,1.8532644510269165,0.3178182542324066,0.0,0.26578763127326965,0.747315526008606,0.9856353998184204,29865,29865,34751,94839,85.93997295041869,85.93997295041869,70.0,-70.0,34751,True,
et,data/ET/ECO_L3T_JET.002_ETdaily_20220406T115137_aid0001_32N.tif,ECO_L3T_JET.002_ETdaily_20220406T115137_aid0001_32N.tif,2022-04-06T11:51:37,2022-04-06,2022,4,6,11,51,37,2,13.0,midday_afternoon,20220406T115137,filename_YYYYMMDDTHHMMSS,True,EPSG:32632,32632,303,313,GTiff,float32,,"[579360.0, 5158510.0, 600570.0, 5180420.0]",0.9259952902793884,0.9560579061508179,0.0,3.9836394786834717,0.5288339853286743,0.0,0.5431152582168579,1.3241117000579834,1.7397280931472778,33852,33852,34751,94839,97.41302408563783,97.41302408563783,70.0,-70.0,34751,True,
et,data/ET/ECO_L3T_JET.002_ETdaily_20220406T164256_aid0001_32N.tif,ECO_L3T_JET.002_ETdaily_20220406T164256_aid0001_32N.tif,2022-04-06T16:42:56,2022-04-06,2022,4,6,16,42,56,2,18.0,evening,20220406T164256,filename_YYYYMMDDTHHMMSS,True,EPSG:32632,32632,8,313,GTiff,float32,,"[600000.0, 5158510.0, 600560.0, 5180420.0]",0.41307953000068665,0.43726950883865356,0.10371363908052444,0.991636335849762,0.15438614785671234,0.1466326117515564,0.3351532816886902,0.5075955986976624,0.609943687915802,94,94,94,2504,100.0,100.0,70.0,-70.0,94,True,
et,data/ET/ECO_L3T_JET.002_ETdaily_20220410T150558_aid0001_32N.tif,ECO_L3T_JET.002_ETdaily_20220410T150558_aid0001_32N.tif,2022-04-10T15:05:58,2022-04-10,2022,4,10,15,5,58,2,17.0,evening,20220410T150558,filename_YYYYMMDDTHHMMSS,True,EPSG:32632,32632,303,313,GTiff,float32,,"[579360.0, 5158510.0, 600570.0, 5180420.0]",0.7144744992256165,0.7334091067314148,0.0,1.3946740627288818,0.1517105996608734,0.4437769651412964,0.6305731534957886,0.8147876858711243,0.9168238043785095,34751,34751,34751,94839,100.0,100.0,70.0,-70.0,34751,True,
et,data/ET/ECO_L3T_JET.002_ETdaily_20220411T141714_aid0001_32N.tif,ECO_L3T_JET.002_ETdaily_20220411T141714_aid0001_32N.tif,2022-04-11T14:17:14,2022-04-11,2022,4,11,14,17,14,2,16.0,evening,20220411T141714,filename_YYYYMMDDTHHMMSS,True,EPSG:32632,32632,303,313,GTiff,float32,,"[579360.0, 5158510.0, 600570.0, 5180420.0]",1.1673786640167236,1.0610077381134033,0.0,3.308684825897217,0.4794537425041199,0.3917388319969177,0.8648173809051514,1.6031968593597412,1.9219748973846436,34735,34735,34751,94839,99.95395815947742,99.95395815947742,70.0,-70.0,34751,True,
et,data/ET/ECO_L3T_JET.002_ETdaily_20220412T101425_aid0001_32N.tif,ECO_L3T_JET.002_ETdaily_20220412T101425_aid0001_32N.tif,2022-04-12T10:14:25,2022-04-12,2022,4,12,10,14,25,2,12.0,midday_afternoon,20220412T101425,filename_YYYYMMDDTHHMMSS,True,EPSG:32632,32632,303,313,GTiff,float32,,"[579360.0, 5158510.0, 600570.0, 5180420.0]",0.849362850189209,0.7848467826843262,0.0,4.108068466186523,0.6544625759124756,0.0,0.344425231218338,1.183506965637207,2.2802000045776367,8855,8855,34751,94839,25.48128111421254,25.48128111421254,70.0,-70.0,34751,True,
et,data/ET/ECO_L3T_JET.002_ETdaily_20220412T101517_aid0001_32N.tif,ECO_L3T_JET.002_ETdaily_20220412T101517_aid0001_32N.tif,2022-04-12T10:15:17,2022-04-12,2022,4,12,10,15,17,2,12.0,midday_afternoon,20220412T101517,filename_YYYYMMDDTHHMMSS,True,EPSG:32632,32632,303,313,GTiff,float32,,"[579360.0, 5158510.0, 600570.0, 5180420.0]",1.2933868169784546,1.3665324449539185,0.0,5.0446906089782715,0.7566033601760864,0.0,0.6589867472648621,1.9332926273345947,2.3258774280548096,29985,29985,34751,94839,86.285286754338,86.285286754338,70.0,-70.0,34751,True,
et,data/ET/ECO_L3T_JET.002_ETdaily_20220413T092607_aid0001_32N.tif,ECO_L3T_JET.002_ETdaily_20220413T092607_aid0001_32N.tif,2022-04-13T09:26:07,2022-04-13,2022,4,13,9,26,7,2,11.0,midday_afternoon,20220413T092607,filename_YYYYMMDDTHHMMSS,True,EPSG:32632,32632,303,313,GTiff,float32,,"[579360.0, 5158510.0, 600570.0, 5180420.0]",0.9133874177932739,0.9079245328903198,0.0,6.817012310028076,0.5158137083053589,0.03891339153051376,0.49437642097473145,1.364255666732788,1.6828925609588623,34751,34751,34751,94839,100.0,100.0,70.0,-70.0,34751,True,
et,data/ET/ECO_L3T_JET.002_ETdaily_20220414T132903_aid0001_32N.tif,ECO_L3T_JET.002_ETdaily_20220414T132903_aid0001_32N.tif,2022-04-14T13:29:03,2022-04-14,2022,4,14,13,29,3,2,15.0,midday_afternoon,20220414T132903,filename_YYYYMMDDTHHMMSS,True,EPSG:32632,32632,303,313,GTiff,float32,,"[579360.0, 5158510.0, 600570.0, 5180420.0]",1.264256238937378,1.1280522346496582,0.0,4.164436340332031,0.7918028831481934,0.01996564120054245,0.6516714096069336,1.9417614936828613,2.5073933601379395,34751,34751,34751,94839,100.0,100.0,70.0,-70.0,34751,True,
et,data/ET/ECO_L3T_JET.002_ETdaily_20220417T124039_aid0001_32N.tif,ECO_L3T_JET.002_ETdaily_20220417T124039_aid0001_32N.tif,2022-04-17T12:40:39,2022-04-17,2022,4,17,12,40,39,2,14.0,midday_afternoon,20220417T124039,filename_YYYYMMDDTHHMMSS,True,EPSG:32632,32632,303,313,GTiff,float32,,"[579360.0, 5158510.0, 600570.0, 5180420.0]",1.1579055786132812,1.0716558694839478,0.0,2.6746699810028076,0.604853630065918,0.214858740568161,0.6974352598190308,1.6989073753356934,2.151433229446411,34734,34734,34751,94839,99.95108054444476,99.95108054444476,70.0,-70.0,34751,True,
et,data/ET/ECO_L3T_JET.002_ETdaily_20220418T115201_aid0001_32N.tif,ECO_L3T_JET.002_ETdaily_20220418T115201_aid0001_32N.tif,2022-04-18T11:52:01,2022-04-18,2022,4,18,11,52,1,2,13.0,midday_afternoon,20220418T115201,filename_YYYYMMDDTHHMMSS,True,EPSG:32632,32632,303,313,GTiff,float32,,"[579360.0, 5158510.0, 600570.0, 5180420.0]",1.3317731618881226,1.3478095531463623,0.0,3.0323381423950195,0.6317521929740906,0.24602273106575012,0.7976813316345215,1.8630597591400146,2.307762384414673,34751,34751,34751,94839,100.0,100.0,70.0,-70.0,34751,True,
et,data/ET/ECO_L3T_JET.002_ETdaily_20220419T110355_aid0001_32N.tif,ECO_L3T_JET.002_ETdaily_20220419T110355_aid0001_32N.tif,2022-04-19T11:03:55,2022-04-19,2022,4,19,11,3,55,2,13.0,midday_afternoon,20220419T110355,filename_YYYYMMDDTHHMMSS,True,EPSG:32632,32632,303,313,GTiff,float32,,"[579360.0, 5158510.0, 600570.0, 5180420.0]",1.8679367303848267,2.055081605911255,0.1606384962797165,3.451882839202881,0.4794139862060547,0.9563813209533691,1.646982192993164,2.1923880577087402,2.3694756031036377,1652,1652,34751,94839,4.753820033955857,4.753820033955857,70.0,-70.0,34751,True,
et,data/ET/ECO_L3T_JET.002_ETdaily_20220420T070055_aid0001_32N.tif,ECO_L3T_JET.002_ETdaily_20220420T070055_aid0001_32N.tif,2022-04-20T07:00:55,2022-04-20,2022,4,20,7,0,55,2,9.0,morning,20220420T070055,filename_YYYYMMDDTHHMMSS,True,EPSG:32632,32632,303,313,GTiff,float32,,"[579360.0, 5158510.0, 600570.0, 5180420.0]",1.2506153583526611,1.2073287963867188,0.0,3.302363395690918,0.6391881108283997,0.1644957810640335,0.8203322887420654,1.6980020999908447,2.363677740097046,34751,34751,34751,94839,100.0,100.0,70.0,-70.0,34751,True,
et,data/ET/ECO_L3T_JET.002_ETdaily_20220421T061146_aid0001_32N.tif,ECO_L3T_JET.002_ETdaily_20220421T061146_aid0001_32N.tif,2022-04-21T06:11:46,2022-04-21,2022,4,21,6,11,46,2,8.0,morning,20220421T061146,filename_YYYYMMDDTHHMMSS,True,EPSG:32632,32632,303,313,GTiff,float32,,"[579360.0, 5158510.0, 600570.0, 5180420.0]",1.069315791130066,1.1031651496887207,0.0,3.2949185371398926,0.5839614868164062,0.0,0.652022123336792,1.4930163621902466,1.9896118640899658,34751,34751,34751,94839,100.0,100.0,70.0,-70.0,34751,True,
et,data/ET/ECO_L3T_JET.002_ETdaily_20220422T101457_aid0001_32N.tif,ECO_L3T_JET.002_ETdaily_20220422T101457_aid0001_32N.tif,2022-04-22T10:14:57,2022-04-22,2022,4,22,10,14,57,2,12.0,midday_afternoon,20220422T101457,filename_YYYYMMDDTHHMMSS,True,EPSG:32632,32632,303,313,GTiff,float32,,"[579360.0, 5158510.0, 600570.0, 5180420.0]",1.8856229782104492,1.8131049871444702,0.6778160333633423,3.9525277614593506,0.45799776911735535,1.2902429103851318,1.5456587076187134,2.172504186630249,2.6715610027313232,913,913,34751,94839,2.6272625248194297,2.6272625248194297,70.0,-70.0,34751,True,
et,data/ET/ECO_L3T_JET.002_ETdaily_20220424T052320_aid0001_32N.tif,ECO_L3T_JET.002_ETdaily_20220424T052320_aid0001_32N.tif,2022-04-24T05:23:20,2022-04-24,2022,4,24,5,23,20,2,7.0,morning,20220424T052320,filename_YYYYMMDDTHHMMSS,True,EPSG:32632,32632,303,313,GTiff,float32,,"[579360.0, 5158510.0, 600570.0, 5180420.0]",0.37041616439819336,0.2937414348125458,0.0,2.2158093452453613,0.3753567934036255,0.0,0.0,0.6809916496276855,1.0322856903076172,34751,34751,34751,94839,100.0,100.0,70.0,-70.0,34751,True,
et,data/ET/ECO_L3T_JET.002_ETdaily_20220425T092624_aid0001_32N.tif,ECO_L3T_JET.002_ETdaily_20220425T092624_aid0001_32N.tif,2022-04-25T09:26:24,2022-04-25,2022,4,25,9,26,24,2,11.0,midday_afternoon,20220425T092624,filename_YYYYMMDDTHHMMSS,True,EPSG:32632,32632,303,313,GTiff,float32,,"[579360.0, 5158510.0, 600570.0, 5180420.0]",0.2582114338874817,0.21418553590774536,0.0,1.0835256576538086,0.22433096170425415,0.0,0.07103684544563293,0.3888912498950958,0.6977705359458923,34751,34751,34751,94839,100.0,100.0,70.0,-70.0,34751,True,
et,data/ET/ECO_L3T_JET.002_ETdaily_20220426T083838_aid0001_32N.tif,ECO_L3T_JET.002_ETdaily_20220426T083838_aid0001_32N.tif,2022-04-26T08:38:38,2022-04-26,2022,4,26,8,38,38,2,10.0,morning,20220426T083838,filename_YYYYMMDDTHHMMSS,True,EPSG:32632,32632,303,313,GTiff,float32,,"[579360.0, 5158510.0, 600570.0, 5180420.0]",1.3411002159118652,1.4931938648223877,0.0,2.6203670501708984,0.4566415250301361,0.3909444510936737,1.0622061491012573,1.661058783531189,1.9054837226867676,31562,31562,34751,94839,90.82328566084429,90.82328566084429,70.0,-70.0,34751,True,
et,data/ET/ECO_L3T_JET.002_ETdaily_20220429T075044_aid0001_32N.tif,ECO_L3T_JET.002_ETdaily_20220429T075044_aid0001_32N.tif,2022-04-29T07:50:44,2022-04-29,2022,4,29,7,50,44,2,9.0,morning,20220429T075044,filename_YYYYMMDDTHHMMSS,True,EPSG:32632,32632,303,313,GTiff,float32,,"[579360.0, 5158510.0, 600570.0, 5180420.0]",1.77449369430542,1.746551275253296,0.0,5.382591247558594,0.9046177864074707,0.332165390253067,1.0864068269729614,2.4298787117004395,3.2771549224853516,34751,34751,34751,94839,100.0,100.0,70.0,-70.0,34751,True,
et,data/ET/ECO_L3T_JET.002_ETdaily_20220430T070234_aid0001_32N.tif,ECO_L3T_JET.002_ETdaily_20220430T070234_aid0001_32N.tif,2022-04-30T07:02:34,2022-04-30,2022,4,30,7,2,34,2,9.0,morning,20220430T070234,filename_YYYYMMDDTHHMMSS,True,EPSG:32632,32632,303,313,GTiff,float32,,"[579360.0, 5158510.0, 600570.0, 5180420.0]",0.347854882478714,0.3204692006111145,0.0,1.4770249128341675,0.26071682572364807,0.0,0.13424797356128693,0.5228124856948853,0.8216996192932129,33145,33145,34751,94839,95.37855025754655,95.37855025754655,70.0,-70.0,34751,True,
et,data/ET/ECO_L3T_JET.002_ETdaily_20220503T061442_aid0001_32N.tif,ECO_L3T_JET.002_ETdaily_20220503T061442_aid0001_32N.tif,2022-05-03T06:14:42,2022-05-03,2022,5,3,6,14,42,2,8.0,morning,20220503T061442,filename_YYYYMMDDTHHMMSS,True,EPSG:32632,32632,303,313,GTiff,float32,,"[579360.0, 5158510.0, 600570.0, 5180420.0]",0.2529260218143463,0.18209409713745117,0.0,2.1138646602630615,0.26805388927459717,0.0,0.0,0.43553924560546875,0.763134241104126,34751,34751,34751,94839,100.0,100.0,70.0,-70.0,34751,True,
et,data/ET/ECO_L3T_JET.002_ETdaily_20220525T163559_aid0001_32N.tif,ECO_L3T_JET.002_ETdaily_20220525T163559_aid0001_32N.tif,2022-05-25T16:35:59,2022-05-25,2022,5,25,16,35,59,2,18.0,evening,20220525T163559,filename_YYYYMMDDTHHMMSS,True,EPSG:32632,32632,303,313,GTiff,float32,,"[579360.0, 5158510.0, 600570.0, 5180420.0]",0.8827880024909973,0.8092995882034302,0.0,2.5075840950012207,0.5979626178741455,0.0,0.3983181118965149,1.3681015968322754,1.8742516040802002,29650,29650,34751,94839,85.3212857183966,85.3212857183966,70.0,-70.0,34751,True,
et,data/ET/ECO_L3T_JET.002_ETdaily_20220528T154844_aid0001_32N.tif,ECO_L3T_JET.002_ETdaily_20220528T154844_aid0001_32N.tif,2022-05-28T15:48:44,2022-05-28,2022,5,28,15,48,44,2,17.0,evening,20220528T154844,filename_YYYYMMDDTHHMMSS,True,EPSG:32632,32632,303,313,GTiff,float32,,"[579360.0, 5158510.0, 600570.0, 5180420.0]",2.0820724964141846,2.0617406368255615,0.0,5.8712944984436035,1.0404531955718994,0.45401453971862793,1.214672327041626,2.996431589126587,3.635514497756958,14911,14911,34751,94839,42.908117752007136,42.908117752007136,70.0,-70.0,34751,True,
et,data/ET/ECO_L3T_JET.002_ETdaily_20220529T150000_aid0001_32N.tif,ECO_L3T_JET.002_ETdaily_20220529T150000_aid0001_32N.tif,2022-05-29T15:00:00,2022-05-29,2022,5,29,15,0,0,2,17.0,evening,20220529T150000,filename_YYYYMMDDTHHMMSS,True,EPSG:32632,32632,303,313,GTiff,float32,,"[579360.0, 5158510.0, 600570.0, 5180420.0]",1.0655145645141602,1.0632390975952148,0.0,3.190002202987671,0.45340707898139954,0.2937026619911194,0.7563906908035278,1.3875830173492432,1.7975934743881226,10010,10010,34751,94839,28.804926476935915,28.804926476935915,70.0,-70.0,34751,True,
et,data/ET/ECO_L3T_JET.002_ETdaily_20220529T150052_aid0001_32N.tif,ECO_L3T_JET.002_ETdaily_20220529T150052_aid0001_32N.tif,2022-05-29T15:00:52,2022-05-29,2022,5,29,15,0,52,2,17.0,evening,20220529T150052,filename_YYYYMMDDTHHMMSS,True,EPSG:32632,32632,303,313,GTiff,float32,,"[579360.0, 5158510.0, 600570.0, 5180420.0]",0.993894100189209,0.9986430406570435,0.0,3.994318962097168,0.37992310523986816,0.39472126960754395,0.7451517581939697,1.2195320129394531,1.626888394355774,22199,22199,34751,94839,63.88017611004,63.88017611004,70.0,-70.0,34751,True,
et,data/ET/ECO_L3T_JET.002_ETdaily_20220601T141211_aid0001_32N.tif,ECO_L3T_JET.002_ETdaily_20220601T141211_aid0001_32N.tif,2022-06-01T14:12:11,2022-06-01,2022,6,1,14,12,11,2,16.0,evening,20220601T141211,filename_YYYYMMDDTHHMMSS,True,EPSG:32632,32632,303,313,GTiff,float32,,"[579360.0, 5158510.0, 600570.0, 5180420.0]",1.4483399391174316,1.4140396118164062,1.093422532081604,1.9154329299926758,0.190408855676651,1.1837102174758911,1.3203866481781006,1.5451115369796753,1.8553358316421509,64,64,34751,94839,0.18416736209029955,0.18416736209029955,70.0,-70.0,34751,True,
et,data/ET/ECO_L3T_JET.002_ETdaily_20220601T141303_aid0001_32N.tif,ECO_L3T_JET.002_ETdaily_20220601T141303_aid0001_32N.tif,2022-06-01T14:13:03,2022-06-01,2022,6,1,14,13,3,2,16.0,evening,20220601T141303,filename_YYYYMMDDTHHMMSS,True,EPSG:32632,32632,303,313,GTiff,float32,,"[579360.0, 5158510.0, 600570.0, 5180420.0]",1.5795806646347046,1.6065292358398438,0.23121142387390137,2.2569735050201416,0.3039325177669525,0.9303299188613892,1.4186537265777588,1.7506388425827026,2.089855432510376,744,744,34751,94839,2.140945584299732,2.140945584299732,70.0,-70.0,34751,True,
et,data/ET/ECO_L3T_JET.002_ETdaily_20220605T123628_aid0001_32N.tif,ECO_L3T_JET.002_ETdaily_20220605T123628_aid0001_32N.tif,2022-06-05T12:36:28,2022-06-05,2022,6,5,12,36,28,2,14.0,midday_afternoon,20220605T123628,filename_YYYYMMDDTHHMMSS,True,EPSG:32632,32632,303,313,GTiff,float32,,"[579360.0, 5158510.0, 600570.0, 5180420.0]",2.077772855758667,2.060218572616577,0.010549954138696194,5.414580345153809,0.7867235541343689,0.5577245950698853,1.6247186660766602,2.6405463218688965,3.185645580291748,20883,20883,34751,94839,60.09323472705821,60.09323472705821,70.0,-70.0,34751,True,
et,data/ET/ECO_L3T_JET.002_ETdaily_20220606T114746_aid0001_32N.tif,ECO_L3T_JET.002_ETdaily_20220606T114746_aid0001_32N.tif,2022-06-06T11:47:46,2022-06-06,2022,6,6,11,47,46,2,13.0,midday_afternoon,20220606T114746,filename_YYYYMMDDTHHMMSS,True,EPSG:32632,32632,303,313,GTiff,float32,,"[579360.0, 5158510.0, 600570.0, 5180420.0]",2.565898895263672,2.6698198318481445,0.2798948287963867,6.604520320892334,0.8863649964332581,0.9277045726776123,1.9733333587646484,3.239203929901123,3.840583324432373,18474,18474,34751,94839,53.161060113378035,53.161060113378035,70.0,-70.0,34751,True,
et,data/ET/ECO_L3T_JET.002_ETdaily_20220606T114838_aid0001_32N.tif,ECO_L3T_JET.002_ETdaily_20220606T114838_aid0001_32N.tif,2022-06-06T11:48:38,2022-06-06,2022,6,6,11,48,38,2,13.0,midday_afternoon,20220606T114838,filename_YYYYMMDDTHHMMSS,True,EPSG:32632,32632,303,313,GTiff,float32,,"[579360.0, 5158510.0, 600570.0, 5180420.0]",2.860780715942383,2.865346908569336,0.3433964252471924,6.628365516662598,0.7008159756660461,1.69114351272583,2.3943543434143066,3.2948098182678223,3.8961803913116455,17099,17099,34751,94839,49.20433944346925,49.20433944346925,70.0,-70.0,34751,True,
et,data/ET/ECO_L3T_JET.002_ETdaily_20220607T155034_aid0001_32N.tif,ECO_L3T_JET.002_ETdaily_20220607T155034_aid0001_32N.tif,2022-06-07T15:50:34,2022-06-07,2022,6,7,15,50,34,2,17.0,evening,20220607T155034,filename_YYYYMMDDTHHMMSS,True,EPSG:32632,32632,303,313,GTiff,float32,,"[579360.0, 5158510.0, 600570.0, 5180420.0]",1.077730655670166,1.01772141456604,0.525382936000824,2.486872673034668,0.2718261480331421,0.7191374897956848,0.8817774057388306,1.247344732284546,1.5959149599075317,298,298,34751,94839,0.8575292797329573,0.8575292797329573,70.0,-70.0,34751,True,
et,data/ET/ECO_L3T_JET.002_ETdaily_20220607T155126_aid0001_32N.tif,ECO_L3T_JET.002_ETdaily_20220607T155126_aid0001_32N.tif,2022-06-07T15:51:26,2022-06-07,2022,6,7,15,51,26,2,17.0,evening,20220607T155126,filename_YYYYMMDDTHHMMSS,True,EPSG:32632,32632,303,313,GTiff,float32,,"[579360.0, 5158510.0, 600570.0, 5180420.0]",1.1780189275741577,1.1985728740692139,0.38977953791618347,2.2269537448883057,0.20371675491333008,0.7944732308387756,1.066473364830017,1.3126821517944336,1.4846794605255127,8893,8893,34751,94839,25.59063048545366,25.59063048545366,70.0,-70.0,34751,True,
et,data/ET/ECO_L3T_JET.002_ETdaily_20220610T101130_aid0001_32N.tif,ECO_L3T_JET.002_ETdaily_20220610T101130_aid0001_32N.tif,2022-06-10T10:11:30,2022-06-10,2022,6,10,10,11,30,2,12.0,midday_afternoon,20220610T101130,filename_YYYYMMDDTHHMMSS,True,EPSG:32632,32632,303,313,GTiff,float32,,"[579360.0, 5158510.0, 600570.0, 5180420.0]",2.8909432888031006,2.8189995288848877,1.662235975265503,5.974602699279785,0.503697395324707,2.242718458175659,2.542388439178467,3.084482431411743,3.7960314750671387,33027,33027,34751,94839,95.03899168369256,95.03899168369256,70.0,-70.0,34751,True,
et,data/ET/ECO_L3T_JET.002_ETdaily_20220610T150254_aid0001_32N.tif,ECO_L3T_JET.002_ETdaily_20220610T150254_aid0001_32N.tif,2022-06-10T15:02:54,2022-06-10,2022,6,10,15,2,54,2,17.0,evening,20220610T150254,filename_YYYYMMDDTHHMMSS,True,EPSG:32632,32632,303,313,GTiff,float32,,"[579360.0, 5158510.0, 600570.0, 5180420.0]",2.0783016681671143,1.9800817966461182,0.17233248054981232,5.29044771194458,0.5937954187393188,1.2013602256774902,1.6366561651229858,2.49003005027771,3.127446413040161,31544,31544,34751,94839,90.7714885902564,90.7714885902564,70.0,-70.0,34751,True,
et,data/ET/ECO_L3T_JET.002_ETdaily_20220611T141420_aid0001_32N.tif,ECO_L3T_JET.002_ETdaily_20220611T141420_aid0001_32N.tif,2022-06-11T14:14:20,2022-06-11,2022,6,11,14,14,20,2,16.0,evening,20220611T141420,filename_YYYYMMDDTHHMMSS,True,EPSG:32632,32632,303,313,GTiff,float32,,"[579360.0, 5158510.0, 600570.0, 5180420.0]",2.5447914600372314,2.233884334564209,0.05734008923172951,5.744131088256836,0.8327596783638,1.5321098566055298,1.978763461112976,3.15281081199646,4.111610412597656,34415,34415,34751,94839,99.03312134902593,99.03312134902593,70.0,-70.0,34751,True,
et,data/ET/ECO_L3T_JET.002_ETdaily_20220612T101126_aid0001_32N.tif,ECO_L3T_JET.002_ETdaily_20220612T101126_aid0001_32N.tif,2022-06-12T10:11:26,2022-06-12,2022,6,12,10,11,26,2,12.0,midday_afternoon,20220612T101126,filename_YYYYMMDDTHHMMSS,True,EPSG:32632,32632,303,313,GTiff,float32,,"[579360.0, 5158510.0, 600570.0, 5180420.0]",2.6577913761138916,2.4629464149475098,2.403265953063965,3.159970283508301,0.3031787574291229,2.4116690158843994,2.451998233795166,3.05637788772583,3.1054999828338623,12,12,34751,94839,0.03453138039193117,0.03453138039193117,70.0,-70.0,34751,True,
et,data/ET/ECO_L3T_JET.002_ETdaily_20220613T092328_aid0001_32N.tif,ECO_L3T_JET.002_ETdaily_20220613T092328_aid0001_32N.tif,2022-06-13T09:23:28,2022-06-13,2022,6,13,9,23,28,2,11.0,midday_afternoon,20220613T092328,filename_YYYYMMDDTHHMMSS,True,EPSG:32632,32632,303,313,GTiff,float32,,"[579360.0, 5158510.0, 600570.0, 5180420.0]",2.91151762008667,2.916090965270996,0.8668404817581177,4.905220031738281,0.4448262155056,2.1993539333343506,2.619539260864258,3.166363477706909,3.67570161819458,13818,13818,34751,94839,39.76288452130874,39.76288452130874,70.0,-70.0,34751,True,
et,data/ET/ECO_L3T_JET.002_ETdaily_20220614T083516_aid0001_32N.tif,ECO_L3T_JET.002_ETdaily_20220614T083516_aid0001_32N.tif,2022-06-14T08:35:16,2022-06-14,2022,6,14,8,35,16,2,10.0,morning,20220614T083516,filename_YYYYMMDDTHHMMSS,True,EPSG:32632,32632,303,313,GTiff,float32,,"[579360.0, 5158510.0, 600570.0, 5180420.0]",2.505662441253662,2.3534178733825684,0.030647411942481995,5.5141706466674805,1.0157390832901,1.0665221214294434,1.652451515197754,3.3847739696502686,4.1611833572387695,34751,34751,34751,94839,100.0,100.0,70.0,-70.0,34751,True,
et,data/ET/ECO_L3T_JET.002_ETdaily_20220616T083449_aid0001_32N.tif,ECO_L3T_JET.002_ETdaily_20220616T083449_aid0001_32N.tif,2022-06-16T08:34:49,2022-06-16,2022,6,16,8,34,49,2,10.0,morning,20220616T083449,filename_YYYYMMDDTHHMMSS,True,EPSG:32632,32632,303,313,GTiff,float32,,"[579360.0, 5158510.0, 600570.0, 5180420.0]",3.7444355487823486,3.678253650665283,0.1730397641658783,7.110137939453125,1.0441985130310059,1.9846771955490112,3.1758413314819336,4.519282341003418,5.282050609588623,16480,16480,34751,94839,47.42309573825214,47.42309573825214,70.0,-70.0,34751,True,
et,data/ET/ECO_L3T_JET.002_ETdaily_20220618T115009_aid0001_32N.tif,ECO_L3T_JET.002_ETdaily_20220618T115009_aid0001_32N.tif,2022-06-18T11:50:09,2022-06-18,2022,6,18,11,50,9,2,13.0,midday_afternoon,20220618T115009,filename_YYYYMMDDTHHMMSS,True,EPSG:32632,32632,303,313,GTiff,float32,,"[579360.0, 5158510.0, 600570.0, 5180420.0]",2.462590217590332,2.3706488609313965,0.053886592388153076,5.999238967895508,1.1027791500091553,0.9353913068771362,1.4806926250457764,3.3461904525756836,4.310063362121582,34751,34751,34751,94839,100.0,100.0,70.0,-70.0,34751,True,
et,data/ET/ECO_L3T_JET.002_ETdaily_20220620T065825_aid0001_32N.tif,ECO_L3T_JET.002_ETdaily_20220620T065825_aid0001_32N.tif,2022-06-20T06:58:25,2022-06-20,2022,6,20,6,58,25,2,8.0,morning,20220620T065825,filename_YYYYMMDDTHHMMSS,True,EPSG:32632,32632,303,313,GTiff,float32,,"[579360.0, 5158510.0, 600570.0, 5180420.0]",2.979811191558838,2.908703565597534,0.6485015153884888,6.506359577178955,0.9270402789115906,1.517045021057129,2.2577078342437744,3.7514913082122803,4.449916839599609,34751,34751,34751,94839,100.0,100.0,70.0,-70.0,34751,True,
et,data/ET/ECO_L3T_JET.002_ETdaily_20220623T092526_aid0001_32N.tif,ECO_L3T_JET.002_ETdaily_20220623T092526_aid0001_32N.tif,2022-06-23T09:25:26,2022-06-23,2022,6,23,9,25,26,2,11.0,midday_afternoon,20220623T092526,filename_YYYYMMDDTHHMMSS,True,EPSG:32632,32632,303,313,GTiff,float32,,"[579360.0, 5158510.0, 600570.0, 5180420.0]",3.4889137744903564,3.5105628967285156,0.6160780191421509,6.701746940612793,0.8083371520042419,2.1073505878448486,2.9387128353118896,4.175357341766357,4.609532356262207,34744,34744,34751,94839,99.97985669477137,99.97985669477137,70.0,-70.0,34751,True,
et,data/ET/ECO_L3T_JET.002_ETdaily_20220624T052306_aid0001_32N.tif,ECO_L3T_JET.002_ETdaily_20220624T052306_aid0001_32N.tif,2022-06-24T05:23:06,2022-06-24,2022,6,24,5,23,6,2,7.0,morning,20220624T052306,filename_YYYYMMDDTHHMMSS,True,EPSG:32632,32632,303,313,GTiff,float32,,"[579360.0, 5158510.0, 600570.0, 5180420.0]",1.248931646347046,1.1735460758209229,0.0,4.466383457183838,0.6390811204910278,0.3262181580066681,0.7520400285720825,1.6870617866516113,2.3892011642456055,34751,34751,34751,94839,100.0,100.0,70.0,-70.0,34751,True,
et,data/ET/ECO_L3T_JET.002_ETdaily_20220625T092536_aid0001_32N.tif,ECO_L3T_JET.002_ETdaily_20220625T092536_aid0001_32N.tif,2022-06-25T09:25:36,2022-06-25,2022,6,25,9,25,36,2,11.0,midday_afternoon,20220625T092536,filename_YYYYMMDDTHHMMSS,True,EPSG:32632,32632,303,313,GTiff,float32,,"[579360.0, 5158510.0, 600570.0, 5180420.0]",3.470531463623047,3.6515650749206543,0.22009515762329102,5.938963413238525,0.7418003678321838,2.06571626663208,3.0520973205566406,3.9591219425201416,4.40834379196167,24814,24814,34751,94839,71.40513942044832,71.40513942044832,70.0,-70.0,34751,True,
et,data/ET/ECO_L3T_JET.002_ETdaily_20220627T074901_aid0001_32N.tif,ECO_L3T_JET.002_ETdaily_20220627T074901_aid0001_32N.tif,2022-06-27T07:49:01,2022-06-27,2022,6,27,7,49,1,2,9.0,morning,20220627T074901,filename_YYYYMMDDTHHMMSS,True,EPSG:32632,32632,303,313,GTiff,float32,,"[579360.0, 5158510.0, 600570.0, 5180420.0]",2.6092638969421387,2.638779401779175,0.07367930561304092,5.353671073913574,1.0805743932724,0.6921116709709167,1.9222626686096191,3.3379085063934326,4.397994041442871,2085,2085,34751,94839,5.9998273430980404,5.9998273430980404,70.0,-70.0,34751,True,
et,data/ET/ECO_L3T_JET.002_ETdaily_20220627T074953_aid0001_32N.tif,ECO_L3T_JET.002_ETdaily_20220627T074953_aid0001_32N.tif,2022-06-27T07:49:53,2022-06-27,2022,6,27,7,49,53,2,9.0,morning,20220627T074953,filename_YYYYMMDDTHHMMSS,True,EPSG:32632,32632,303,313,GTiff,float32,,"[579360.0, 5158510.0, 600570.0, 5180420.0]",2.9644699096679688,3.1802785396575928,0.10175760835409164,5.654479503631592,0.8462154865264893,1.3091864585876465,2.4147679805755615,3.61708927154541,3.9606339931488037,31327,31327,34751,94839,90.14704612816897,90.14704612816897,70.0,-70.0,34751,True,
et,data/ET/ECO_L3T_JET.002_ETdaily_20220629T074959_aid0001_32N.tif,ECO_L3T_JET.002_ETdaily_20220629T074959_aid0001_32N.tif,2022-06-29T07:49:59,2022-06-29,2022,6,29,7,49,59,2,9.0,morning,20220629T074959,filename_YYYYMMDDTHHMMSS,True,EPSG:32632,32632,303,313,GTiff,float32,,"[579360.0, 5158510.0, 600570.0, 5180420.0]",2.1514432430267334,2.1497039794921875,0.4557000696659088,4.7148332595825195,0.5005574822425842,1.3341561555862427,1.7970149517059326,2.4910800457000732,2.9963912963867188,30699,30699,34751,94839,88.33990388765791,88.33990388765791,70.0,-70.0,34751,True,
et,data/ET/ECO_L3T_JET.002_ETdaily_20230403T125822_aid0001_32N.tif,ECO_L3T_JET.002_ETdaily_20230403T125822_aid0001_32N.tif,2023-04-03T12:58:22,2023-04-03,2023,4,3,12,58,22,2,14.0,midday_afternoon,20230403T125822,filename_YYYYMMDDTHHMMSS,True,EPSG:32632,32632,303,313,GTiff,float32,,"[579360.0, 5158510.0, 600570.0, 5180420.0]",1.0516730546951294,1.0209442377090454,0.015898143872618675,2.2653040885925293,0.2959987223148346,0.5878748297691345,0.8797404766082764,1.2043678760528564,1.5971479415893555,34340,34340,34751,94839,98.81730022157636,98.81730022157636,70.0,-70.0,34751,True,
et,data/ET/ECO_L3T_JET.002_ETdaily_20230404T121017_aid0001_32N.tif,ECO_L3T_JET.002_ETdaily_20230404T121017_aid0001_32N.tif,2023-04-04T12:10:17,2023-04-04,2023,4,4,12,10,17,2,14.0,midday_afternoon,20230404T121017,filename_YYYYMMDDTHHMMSS,True,EPSG:32632,32632,303,313,GTiff,float32,,"[579360.0, 5158510.0, 600570.0, 5180420.0]",0.9491086006164551,0.9680033922195435,0.0,1.9072909355163574,0.23638547956943512,0.5567150115966797,0.8243227005004883,1.0714561939239502,1.3311469554901123,34751,34751,34751,94839,100.0,100.0,70.0,-70.0,34751,True,
et,data/ET/ECO_L3T_JET.002_ETdaily_20230405T161358_aid0001_32N.tif,ECO_L3T_JET.002_ETdaily_20230405T161358_aid0001_32N.tif,2023-04-05T16:13:58,2023-04-05,2023,4,5,16,13,58,2,18.0,evening,20230405T161358,filename_YYYYMMDDTHHMMSS,True,EPSG:32632,32632,303,313,GTiff,float32,,"[579360.0, 5158510.0, 600570.0, 5180420.0]",0.2766030430793762,0.26052916049957275,0.0,1.3467333316802979,0.22829458117485046,0.0,0.05888906121253967,0.44727879762649536,0.6709293127059937,34582,34582,34751,94839,99.5136830594803,99.5136830594803,70.0,-70.0,34751,True,
et,data/ET/ECO_L3T_JET.002_ETdaily_20230407T112342_aid0001_32N.tif,ECO_L3T_JET.002_ETdaily_20230407T112342_aid0001_32N.tif,2023-04-07T11:23:42,2023-04-07,2023,4,7,11,23,42,2,13.0,midday_afternoon,20230407T112342,filename_YYYYMMDDTHHMMSS,True,EPSG:32632,32632,303,313,GTiff,float32,,"[579360.0, 5158510.0, 600570.0, 5180420.0]",1.0618977546691895,0.9961051940917969,0.04667625203728676,3.072173595428467,0.37529876828193665,0.5543345212936401,0.7774950265884399,1.279469609260559,1.7814874649047852,33299,33299,34751,94839,95.82170297257633,95.82170297257633,70.0,-70.0,34751,True,
et,data/ET/ECO_L3T_JET.002_ETdaily_20230408T103534_aid0001_32N.tif,ECO_L3T_JET.002_ETdaily_20230408T103534_aid0001_32N.tif,2023-04-08T10:35:34,2023-04-08,2023,4,8,10,35,34,2,12.0,midday_afternoon,20230408T103534,filename_YYYYMMDDTHHMMSS,True,EPSG:32632,32632,303,313,GTiff,float32,,"[579360.0, 5158510.0, 600570.0, 5180420.0]",0.7358456254005432,0.7406349182128906,0.0,1.5135960578918457,0.17428945004940033,0.4345073699951172,0.6217441558837891,0.8571206331253052,0.9829631447792053,29365,29365,34751,94839,84.50116543408824,84.50116543408824,70.0,-70.0,34751,True,
et,data/ET/ECO_L3T_JET.002_ETdaily_20230408T152616_aid0001_32N.tif,ECO_L3T_JET.002_ETdaily_20230408T152616_aid0001_32N.tif,2023-04-08T15:26:16,2023-04-08,2023,4,8,15,26,16,2,17.0,evening,20230408T152616,filename_YYYYMMDDTHHMMSS,True,EPSG:32632,32632,303,313,GTiff,float32,,"[579360.0, 5158510.0, 600570.0, 5180420.0]",0.46035119891166687,0.43609684705734253,0.0,1.7799553871154785,0.27012497186660767,0.0016881371848285198,0.2911609411239624,0.6007425785064697,0.9811059832572937,29482,29482,34751,94839,84.83784639290955,84.83784639290955,70.0,-70.0,34751,True,
et,data/ET/ECO_L3T_JET.002_ETdaily_20230409T143814_aid0001_32N.tif,ECO_L3T_JET.002_ETdaily_20230409T143814_aid0001_32N.tif,2023-04-09T14:38:14,2023-04-09,2023,4,9,14,38,14,2,16.0,evening,20230409T143814,filename_YYYYMMDDTHHMMSS,True,EPSG:32632,32632,303,313,GTiff,float32,,"[579360.0, 5158510.0, 600570.0, 5180420.0]",0.8724442720413208,0.8361605405807495,0.0,2.426170825958252,0.3418833911418915,0.3462013304233551,0.648255467414856,1.0784649848937988,1.4689973592758179,34738,34738,34751,94839,99.9625910045754,99.9625910045754,70.0,-70.0,34751,True,
et,data/ET/ECO_L3T_JET.002_ETdaily_20230411T094752_aid0001_32N.tif,ECO_L3T_JET.002_ETdaily_20230411T094752_aid0001_32N.tif,2023-04-11T09:47:52,2023-04-11,2023,4,11,9,47,52,2,11.0,midday_afternoon,20230411T094752,filename_YYYYMMDDTHHMMSS,True,EPSG:32632,32632,303,313,GTiff,float32,,"[579360.0, 5158510.0, 600570.0, 5180420.0]",1.1769307851791382,1.2124629020690918,0.23342274129390717,2.544088125228882,0.25952696800231934,0.7845841646194458,0.9670451283454895,1.3949705362319946,1.5064548254013062,7757,7757,34751,94839,22.321659808350837,22.321659808350837,70.0,-70.0,34751,True,
et,data/ET/ECO_L3T_JET.002_ETdaily_20230412T135038_aid0001_32N.tif,ECO_L3T_JET.002_ETdaily_20230412T135038_aid0001_32N.tif,2023-04-12T13:50:38,2023-04-12,2023,4,12,13,50,38,2,15.0,midday_afternoon,20230412T135038,filename_YYYYMMDDTHHMMSS,True,EPSG:32632,32632,303,313,GTiff,float32,,"[579360.0, 5158510.0, 600570.0, 5180420.0]",1.4822988510131836,1.5241249799728394,0.28384846448898315,2.801330804824829,0.3564580976963043,0.8188526630401611,1.2871239185333252,1.6739749908447266,2.0626420974731445,7796,7796,34751,94839,22.433886794624616,22.433886794624616,70.0,-70.0,34751,True,
et,data/ET/ECO_L3T_JET.002_ETdaily_20230412T135130_aid0001_32N.tif,ECO_L3T_JET.002_ETdaily_20230412T135130_aid0001_32N.tif,2023-04-12T13:51:30,2023-04-12,2023,4,12,13,51,30,2,15.0,midday_afternoon,20230412T135130,filename_YYYYMMDDTHHMMSS,True,EPSG:32632,32632,303,313,GTiff,float32,,"[579360.0, 5158510.0, 600570.0, 5180420.0]",1.326960802078247,1.3473076820373535,0.34412264823913574,2.6182453632354736,0.32167762517929077,0.7762125730514526,1.1181704998016357,1.5386912822723389,1.8553565740585327,18307,18307,34751,94839,52.68049840292366,52.68049840292366,70.0,-70.0,34751,True,
et,data/ET/ECO_L3T_JET.002_ETdaily_20230413T130243_aid0001_32N.tif,ECO_L3T_JET.002_ETdaily_20230413T130243_aid0001_32N.tif,2023-04-13T13:02:43,2023-04-13,2023,4,13,13,2,43,2,15.0,midday_afternoon,20230413T130243,filename_YYYYMMDDTHHMMSS,True,EPSG:32632,32632,303,313,GTiff,float32,,"[579360.0, 5158510.0, 600570.0, 5180420.0]",0.39938199520111084,0.4058607816696167,0.12393516302108765,0.5499671101570129,0.08942055702209473,0.24425749480724335,0.33558398485183716,0.47810378670692444,0.5161734223365784,308,308,34751,94839,0.8863054300595666,0.8863054300595666,70.0,-70.0,34751,True,
et,data/ET/ECO_L3T_JET.002_ETdaily_20230414T090004_aid0001_32N.tif,ECO_L3T_JET.002_ETdaily_20230414T090004_aid0001_32N.tif,2023-04-14T09:00:04,2023-04-14,2023,4,14,9,0,4,2,11.0,midday_afternoon,20230414T090004,filename_YYYYMMDDTHHMMSS,True,EPSG:32632,32632,303,313,GTiff,float32,,"[579360.0, 5158510.0, 600570.0, 5180420.0]",0.4623938798904419,0.4841930866241455,0.0,1.0403492450714111,0.1515931934118271,0.19237278401851654,0.3582223653793335,0.5784918069839478,0.6751827001571655,29732,29732,34751,94839,85.5572501510748,85.5572501510748,70.0,-70.0,34751,True,
et,data/ET/ECO_L3T_JET.002_ETdaily_20230415T081223_aid0001_32N.tif,ECO_L3T_JET.002_ETdaily_20230415T081223_aid0001_32N.tif,2023-04-15T08:12:23,2023-04-15,2023,4,15,8,12,23,2,10.0,morning,20230415T081223,filename_YYYYMMDDTHHMMSS,True,EPSG:32632,32632,303,313,GTiff,float32,,"[579360.0, 5158510.0, 600570.0, 5180420.0]",0.9195135235786438,0.9312101602554321,0.28501251339912415,1.7240718603134155,0.16686740517616272,0.620000958442688,0.8142483234405518,1.0501573085784912,1.143873929977417,30039,30039,34751,94839,86.4406779661017,86.4406779661017,70.0,-70.0,34751,True,
et,data/ET/ECO_L3T_JET.002_ETdaily_20230416T121458_aid0001_32N.tif,ECO_L3T_JET.002_ETdaily_20230416T121458_aid0001_32N.tif,2023-04-16T12:14:58,2023-04-16,2023,4,16,12,14,58,2,14.0,midday_afternoon,20230416T121458,filename_YYYYMMDDTHHMMSS,True,EPSG:32632,32632,303,313,GTiff,float32,,"[579360.0, 5158510.0, 600570.0, 5180420.0]",0.3626881539821625,0.3764261305332184,0.0,0.8108419179916382,0.08362582325935364,0.2077624350786209,0.31361380219459534,0.41804879903793335,0.47963470220565796,31905,31905,34751,94839,91.81030761704699,91.81030761704699,70.0,-70.0,34751,True,
et,data/ET/ECO_L3T_JET.002_ETdaily_20230418T072400_aid0001_32N.tif,ECO_L3T_JET.002_ETdaily_20230418T072400_aid0001_32N.tif,2023-04-18T07:24:00,2023-04-18,2023,4,18,7,24,0,2,9.0,morning,20230418T072400,filename_YYYYMMDDTHHMMSS,True,EPSG:32632,32632,303,313,GTiff,float32,,"[579360.0, 5158510.0, 600570.0, 5180420.0]",0.6112094521522522,0.6111034154891968,0.0,1.88853919506073,0.32831016182899475,0.0,0.4685332179069519,0.7665509581565857,1.1832573413848877,34750,34750,34751,94839,99.99712238496734,99.99712238496734,70.0,-70.0,34751,True,
et,data/ET/ECO_L3T_JET.002_ETdaily_20230419T063527_aid0001_32N.tif,ECO_L3T_JET.002_ETdaily_20230419T063527_aid0001_32N.tif,2023-04-19T06:35:27,2023-04-19,2023,4,19,6,35,27,2,8.0,morning,20230419T063527,filename_YYYYMMDDTHHMMSS,True,EPSG:32632,32632,303,313,GTiff,float32,,"[579360.0, 5158510.0, 600570.0, 5180420.0]",0.7960024476051331,0.8117630481719971,0.0,2.051405191421509,0.2767505645751953,0.24030785262584686,0.688171923160553,0.9522805213928223,1.2114142179489136,33469,33469,34751,94839,96.31089752812869,96.31089752812869,70.0,-70.0,34751,True,
et,data/ET/ECO_L3T_JET.002_ETdaily_20230421T095013_aid0001_32N.tif,ECO_L3T_JET.002_ETdaily_20230421T095013_aid0001_32N.tif,2023-04-21T09:50:13,2023-04-21,2023,4,21,9,50,13,2,11.0,midday_afternoon,20230421T095013,filename_YYYYMMDDTHHMMSS,True,EPSG:32632,32632,303,313,GTiff,float32,,"[579360.0, 5158510.0, 600570.0, 5180420.0]",1.0930160284042358,1.1368236541748047,0.2686578035354614,2.6956868171691895,0.28133222460746765,0.6463368535041809,0.8782554864883423,1.2788915634155273,1.5773887634277344,31031,31031,34751,94839,89.29527207850134,89.29527207850134,70.0,-70.0,34751,True,
et,data/ET/ECO_L3T_JET.002_ETdaily_20230422T054730_aid0001_32N.tif,ECO_L3T_JET.002_ETdaily_20230422T054730_aid0001_32N.tif,2023-04-22T05:47:30,2023-04-22,2023,4,22,5,47,30,2,7.0,morning,20230422T054730,filename_YYYYMMDDTHHMMSS,True,EPSG:32632,32632,303,313,GTiff,float32,,"[579360.0, 5158510.0, 600570.0, 5180420.0]",1.0593392848968506,1.035187005996704,0.0,3.0705013275146484,0.5002358555793762,0.2616094946861267,0.7214505672454834,1.3640484809875488,1.9585378170013428,34751,34751,34751,94839,100.0,100.0,70.0,-70.0,34751,True,
et,data/ET/ECO_L3T_JET.002_ETdaily_20230423T045856_aid0001_32N.tif,ECO_L3T_JET.002_ETdaily_20230423T045856_aid0001_32N.tif,2023-04-23T04:58:56,2023-04-23,2023,4,23,4,58,56,2,6.0,morning,20230423T045856,filename_YYYYMMDDTHHMMSS,True,EPSG:32632,32632,303,313,GTiff,float32,,"[579360.0, 5158510.0, 600570.0, 5180420.0]",0.09165625274181366,0.0,0.0,2.646681070327759,0.2310100942850113,0.0,0.0,0.0,0.5842963457107544,34751,34751,34751,94839,100.0,100.0,70.0,-70.0,34751,True,
et,data/ET/ECO_L3T_JET.002_ETdaily_20230423T095019_aid0001_32N.tif,ECO_L3T_JET.002_ETdaily_20230423T095019_aid0001_32N.tif,2023-04-23T09:50:19,2023-04-23,2023,4,23,9,50,19,2,11.0,midday_afternoon,20230423T095019,filename_YYYYMMDDTHHMMSS,True,EPSG:32632,32632,303,313,GTiff,float32,,"[579360.0, 5158510.0, 600570.0, 5180420.0]",1.4504348039627075,1.597726821899414,0.10627373307943344,3.458350658416748,0.4120016396045685,0.5682907104492188,1.212567687034607,1.7261024713516235,1.9135141372680664,28497,28497,34751,94839,82.00339558573853,82.00339558573853,70.0,-70.0,34751,True,
et,data/ET/ECO_L3T_JET.002_ETdaily_20230424T090130_aid0001_32N.tif,ECO_L3T_JET.002_ETdaily_20230424T090130_aid0001_32N.tif,2023-04-24T09:01:30,2023-04-24,2023,4,24,9,1,30,2,11.0,midday_afternoon,20230424T090130,filename_YYYYMMDDTHHMMSS,True,EPSG:32632,32632,303,313,GTiff,float32,,"[579360.0, 5158510.0, 600570.0, 5180420.0]",0.9718539118766785,0.9936076402664185,0.23274029791355133,1.8970800638198853,0.17928607761859894,0.5944506525993347,0.928650438785553,1.036892294883728,1.2662442922592163,29094,29094,34751,94839,83.72133176023712,83.72133176023712,70.0,-70.0,34751,True,
et,data/ET/ECO_L3T_JET.002_ETdaily_20230425T081223_aid0001_32N.tif,ECO_L3T_JET.002_ETdaily_20230425T081223_aid0001_32N.tif,2023-04-25T08:12:23,2023-04-25,2023,4,25,8,12,23,2,10.0,morning,20230425T081223,filename_YYYYMMDDTHHMMSS,True,EPSG:32632,32632,303,313,GTiff,float32,,"[579360.0, 5158510.0, 600570.0, 5180420.0]",0.7919572591781616,0.7291544079780579,0.0,2.4417998790740967,0.3365628719329834,0.3191189169883728,0.5625935792922974,0.9647004008293152,1.385088324546814,2724,2724,34751,94839,7.838623348968375,7.838623348968375,70.0,-70.0,34751,True,
et,data/ET/ECO_L3T_JET.002_ETdaily_20230427T081145_aid0001_32N.tif,ECO_L3T_JET.002_ETdaily_20230427T081145_aid0001_32N.tif,2023-04-27T08:11:45,2023-04-27,2023,4,27,8,11,45,2,10.0,morning,20230427T081145,filename_YYYYMMDDTHHMMSS,True,EPSG:32632,32632,303,313,GTiff,float32,,"[579360.0, 5158510.0, 600570.0, 5180420.0]",1.1553125381469727,1.1924631595611572,0.0,3.1222152709960938,0.3769550919532776,0.4745679795742035,0.9326304197311401,1.4269142150878906,1.7059745788574219,34751,34751,34751,94839,100.0,100.0,70.0,-70.0,34751,True,
et,data/ET/ECO_L3T_JET.002_ETdaily_20230428T072334_aid0001_32N.tif,ECO_L3T_JET.002_ETdaily_20230428T072334_aid0001_32N.tif,2023-04-28T07:23:34,2023-04-28,2023,4,28,7,23,34,2,9.0,morning,20230428T072334,filename_YYYYMMDDTHHMMSS,True,EPSG:32632,32632,303,313,GTiff,float32,,"[579360.0, 5158510.0, 600570.0, 5180420.0]",1.5423312187194824,1.57626211643219,0.07986298948526382,3.0311119556427,0.503128707408905,0.5832023620605469,1.3049060106277466,1.9224028587341309,2.2577779293060303,34557,34557,34751,94839,99.44174268366378,99.44174268366378,70.0,-70.0,34751,True,
et,data/ET/ECO_L3T_JET.002_ETdaily_20230501T063446_aid0001_32N.tif,ECO_L3T_JET.002_ETdaily_20230501T063446_aid0001_32N.tif,2023-05-01T06:34:46,2023-05-01,2023,5,1,6,34,46,2,8.0,morning,20230501T063446,filename_YYYYMMDDTHHMMSS,True,EPSG:32632,32632,303,313,GTiff,float32,,"[579360.0, 5158510.0, 600570.0, 5180420.0]",0.8491554856300354,0.8528283834457397,0.38980531692504883,1.6310930252075195,0.15887169539928436,0.5616599917411804,0.7693477869033813,0.9350583553314209,1.0857038497924805,5627,5627,34751,94839,16.192339788783055,16.192339788783055,70.0,-70.0,34751,True,
et,data/ET/ECO_L3T_JET.002_ETdaily_20230502T054627_aid0001_32N.tif,ECO_L3T_JET.002_ETdaily_20230502T054627_aid0001_32N.tif,2023-05-02T05:46:27,2023-05-02,2023,5,2,5,46,27,2,7.0,morning,20230502T054627,filename_YYYYMMDDTHHMMSS,True,EPSG:32632,32632,303,313,GTiff,float32,,"[579360.0, 5158510.0, 600570.0, 5180420.0]",0.8619325160980225,0.8473941087722778,0.0,1.7215262651443481,0.31999513506889343,0.26918482780456543,0.7109357714653015,1.0671237707138062,1.385532259941101,29284,29284,34751,94839,84.2680786164427,84.2680786164427,70.0,-70.0,34751,True,
et,data/ET/ECO_L3T_JET.002_ETdaily_20230527T151231_aid0001_32N.tif,ECO_L3T_JET.002_ETdaily_20230527T151231_aid0001_32N.tif,2023-05-27T15:12:31,2023-05-27,2023,5,27,15,12,31,2,17.0,evening,20230527T151231,filename_YYYYMMDDTHHMMSS,True,EPSG:32632,32632,303,313,GTiff,float32,,"[579360.0, 5158510.0, 600570.0, 5180420.0]",1.6200238466262817,1.7245476245880127,0.01656370423734188,4.635355472564697,0.7949448823928833,0.19139856100082397,1.037010669708252,2.2349939346313477,2.7503178119659424,30631,30631,34751,94839,88.14422606543697,88.14422606543697,70.0,-70.0,34751,True,
et,data/ET/ECO_L3T_JET.002_ETdaily_20230603T124450_aid0001_32N.tif,ECO_L3T_JET.002_ETdaily_20230603T124450_aid0001_32N.tif,2023-06-03T12:44:50,2023-06-03,2023,6,3,12,44,50,2,14.0,midday_afternoon,20230603T124450,filename_YYYYMMDDTHHMMSS,True,EPSG:32632,32632,303,313,GTiff,float32,,"[579360.0, 5158510.0, 600570.0, 5180420.0]",0.37831005454063416,0.28777366876602173,0.0,1.2076481580734253,0.2757929265499115,0.04990988224744797,0.15260964632034302,0.5972957015037537,0.8789833784103394,2532,2532,34751,94839,7.286121262697476,7.286121262697476,70.0,-70.0,34751,True,
et,data/ET/ECO_L3T_JET.002_ETdaily_20230606T115505_aid0001_32N.tif,ECO_L3T_JET.002_ETdaily_20230606T115505_aid0001_32N.tif,2023-06-06T11:55:05,2023-06-06,2023,6,6,11,55,5,2,13.0,midday_afternoon,20230606T115505,filename_YYYYMMDDTHHMMSS,True,EPSG:32632,32632,303,313,GTiff,float32,,"[579360.0, 5158510.0, 600570.0, 5180420.0]",2.3360958099365234,2.3796579837799072,0.11945425719022751,5.586380958557129,0.8619811534881592,0.7296541333198547,1.8537001609802246,2.8322057723999023,3.686880588531494,17939,17939,34751,94839,51.62153607090444,51.62153607090444,70.0,-70.0,34751,True,
et,data/ET/ECO_L3T_JET.002_ETdaily_20230607T110557_aid0001_32N.tif,ECO_L3T_JET.002_ETdaily_20230607T110557_aid0001_32N.tif,2023-06-07T11:05:57,2023-06-07,2023,6,7,11,5,57,2,13.0,midday_afternoon,20230607T110557,filename_YYYYMMDDTHHMMSS,True,EPSG:32632,32632,303,313,GTiff,float32,,"[579360.0, 5158510.0, 600570.0, 5180420.0]",3.134592294692993,3.0126233100891113,0.09252326190471649,6.856480121612549,1.0631464719772339,1.3182451725006104,2.663425922393799,3.510021924972534,5.327023983001709,8795,8795,34751,94839,25.308624212252884,25.308624212252884,70.0,-70.0,34751,True,
et,data/ET/ECO_L3T_JET.002_ETdaily_20230608T150806_aid0001_32N.tif,ECO_L3T_JET.002_ETdaily_20230608T150806_aid0001_32N.tif,2023-06-08T15:08:06,2023-06-08,2023,6,8,15,8,6,2,17.0,evening,20230608T150806,filename_YYYYMMDDTHHMMSS,True,EPSG:32632,32632,303,313,GTiff,float32,,"[579360.0, 5158510.0, 600570.0, 5180420.0]",0.7114290595054626,0.6523112654685974,0.058319564908742905,2.827277660369873,0.3370271325111389,0.2599586546421051,0.46690839529037476,0.9109167456626892,1.3659676313400269,19191,19191,34751,94839,55.22431009179593,55.22431009179593,70.0,-70.0,34751,True,
et,data/ET/ECO_L3T_JET.002_ETdaily_20230609T141922_aid0001_32N.tif,ECO_L3T_JET.002_ETdaily_20230609T141922_aid0001_32N.tif,2023-06-09T14:19:22,2023-06-09,2023,6,9,14,19,22,2,16.0,evening,20230609T141922,filename_YYYYMMDDTHHMMSS,True,EPSG:32632,32632,303,313,GTiff,float32,,"[579360.0, 5158510.0, 600570.0, 5180420.0]",1.2620137929916382,1.212723731994629,0.07880721241235733,3.2091023921966553,0.4851790964603424,0.5795335173606873,0.8957040309906006,1.5496368408203125,2.1098382472991943,5296,5296,34751,94839,15.23984921297229,15.23984921297229,70.0,-70.0,34751,True,
et,data/ET/ECO_L3T_JET.002_ETdaily_20230610T101557_aid0001_32N.tif,ECO_L3T_JET.002_ETdaily_20230610T101557_aid0001_32N.tif,2023-06-10T10:15:57,2023-06-10,2023,6,10,10,15,57,2,12.0,midday_afternoon,20230610T101557,filename_YYYYMMDDTHHMMSS,True,EPSG:32632,32632,303,313,GTiff,float32,,"[579360.0, 5158510.0, 600570.0, 5180420.0]",2.297520875930786,2.2590935230255127,0.012680111452937126,6.2353925704956055,0.9414764046669006,0.5384879112243652,1.7177437543869019,2.9908854961395264,3.683993339538574,30305,30305,34751,94839,87.20612356478951,87.20612356478951,70.0,-70.0,34751,True,
et,data/ET/ECO_L3T_JET.002_ETdaily_20230611T092733_aid0001_32N.tif,ECO_L3T_JET.002_ETdaily_20230611T092733_aid0001_32N.tif,2023-06-11T09:27:33,2023-06-11,2023,6,11,9,27,33,2,11.0,midday_afternoon,20230611T092733,filename_YYYYMMDDTHHMMSS,True,EPSG:32632,32632,303,313,GTiff,float32,,"[579360.0, 5158510.0, 600570.0, 5180420.0]",3.1063764095306396,3.0881335735321045,0.15800872445106506,7.448958873748779,0.7906717658042908,1.906733751296997,2.6667914390563965,3.4529778957366943,4.461532115936279,30695,30695,34751,94839,88.32839342752726,88.32839342752726,70.0,-70.0,34751,True,
et,data/ET/ECO_L3T_JET.002_ETdaily_20230612T132855_aid0001_32N.tif,ECO_L3T_JET.002_ETdaily_20230612T132855_aid0001_32N.tif,2023-06-12T13:28:55,2023-06-12,2023,6,12,13,28,55,2,15.0,midday_afternoon,20230612T132855,filename_YYYYMMDDTHHMMSS,True,EPSG:32632,32632,303,313,GTiff,float32,,"[579360.0, 5158510.0, 600570.0, 5180420.0]",1.9479918479919434,1.9732861518859863,0.0245395265519619,5.412207126617432,0.7496310472488403,0.565025806427002,1.5122661590576172,2.3634729385375977,3.2403666973114014,10666,10666,34751,94839,30.692641938361486,30.692641938361486,70.0,-70.0,34751,True,
et,data/ET/ECO_L3T_JET.002_ETdaily_20230614T083645_aid0001_32N.tif,ECO_L3T_JET.002_ETdaily_20230614T083645_aid0001_32N.tif,2023-06-14T08:36:45,2023-06-14,2023,6,14,8,36,45,2,10.0,morning,20230614T083645,filename_YYYYMMDDTHHMMSS,True,EPSG:32632,32632,303,313,GTiff,float32,,"[579360.0, 5158510.0, 600570.0, 5180420.0]",2.1602611541748047,2.176417112350464,0.00807330384850502,5.711915969848633,0.8787956833839417,0.7041141986846924,1.5552746057510376,2.761655330657959,3.528494119644165,34591,34591,34751,94839,99.53958159477425,99.53958159477425,70.0,-70.0,34751,True,
et,data/ET/ECO_L3T_JET.002_ETdaily_20230615T074727_aid0001_32N.tif,ECO_L3T_JET.002_ETdaily_20230615T074727_aid0001_32N.tif,2023-06-15T07:47:27,2023-06-15,2023,6,15,7,47,27,2,9.0,morning,20230615T074727,filename_YYYYMMDDTHHMMSS,True,EPSG:32632,32632,303,313,GTiff,float32,,"[579360.0, 5158510.0, 600570.0, 5180420.0]",2.728910446166992,2.7275755405426025,0.5225269198417664,6.486176490783691,0.5874796509742737,1.7346515655517578,2.3839869499206543,3.0787060260772705,3.5993144512176514,34499,34499,34751,94839,99.27484101176944,99.27484101176944,70.0,-70.0,34751,True,
et,data/ET/ECO_L3T_JET.002_ETdaily_20230616T114931_aid0001_32N.tif,ECO_L3T_JET.002_ETdaily_20230616T114931_aid0001_32N.tif,2023-06-16T11:49:31,2023-06-16,2023,6,16,11,49,31,2,13.0,midday_afternoon,20230616T114931,filename_YYYYMMDDTHHMMSS,True,EPSG:32632,32632,303,313,GTiff,float32,,"[579360.0, 5158510.0, 600570.0, 5180420.0]",2.081711769104004,2.071261405944824,0.043652232736349106,5.778607368469238,0.7378373146057129,0.756700336933136,1.662340760231018,2.552745819091797,3.1636128425598145,14316,14316,34751,94839,41.19593680757389,41.19593680757389,70.0,-70.0,34751,True,
et,data/ET/ECO_L3T_JET.002_ETdaily_20230618T065818_aid0001_32N.tif,ECO_L3T_JET.002_ETdaily_20230618T065818_aid0001_32N.tif,2023-06-18T06:58:18,2023-06-18,2023,6,18,6,58,18,2,8.0,morning,20230618T065818,filename_YYYYMMDDTHHMMSS,True,EPSG:32632,32632,303,313,GTiff,float32,,"[579360.0, 5158510.0, 600570.0, 5180420.0]",2.2133703231811523,2.087228536605835,0.17936837673187256,18.061878204345703,0.741756021976471,1.1714574098587036,1.692197322845459,2.709256887435913,3.476130485534668,34751,34751,34751,94839,100.0,100.0,70.0,-70.0,34751,True,
et,data/ET/ECO_L3T_JET.002_ETdaily_20230619T060957_aid0001_32N.tif,ECO_L3T_JET.002_ETdaily_20230619T060957_aid0001_32N.tif,2023-06-19T06:09:57,2023-06-19,2023,6,19,6,9,57,2,8.0,morning,20230619T060957,filename_YYYYMMDDTHHMMSS,True,EPSG:32632,32632,303,313,GTiff,float32,,"[579360.0, 5158510.0, 600570.0, 5180420.0]",2.335336685180664,2.3349554538726807,0.4037002921104431,9.914790153503418,0.8207370042800903,1.0640029907226562,1.7269072532653809,2.8788809776306152,3.6923959255218506,34751,34751,34751,94839,100.0,100.0,70.0,-70.0,34751,True,
et,data/ET/ECO_L3T_JET.002_ETdaily_20230619T110056_aid0001_32N.tif,ECO_L3T_JET.002_ETdaily_20230619T110056_aid0001_32N.tif,2023-06-19T11:00:56,2023-06-19,2023,6,19,11,0,56,2,13.0,midday_afternoon,20230619T110056,filename_YYYYMMDDTHHMMSS,True,EPSG:32632,32632,303,313,GTiff,float32,,"[579360.0, 5158510.0, 600570.0, 5180420.0]",1.9824562072753906,1.7797175645828247,0.06355101615190506,6.222582817077637,1.29330313205719,0.20685352385044098,0.8969103097915649,2.8850395679473877,4.3064751625061035,5436,5436,34751,94839,15.64271531754482,15.64271531754482,70.0,-70.0,34751,True,
et,data/ET/ECO_L3T_JET.002_ETdaily_20230620T101211_aid0001_32N.tif,ECO_L3T_JET.002_ETdaily_20230620T101211_aid0001_32N.tif,2023-06-20T10:12:11,2023-06-20,2023,6,20,10,12,11,2,12.0,midday_afternoon,20230620T101211,filename_YYYYMMDDTHHMMSS,True,EPSG:32632,32632,303,313,GTiff,float32,,"[579360.0, 5158510.0, 600570.0, 5180420.0]",3.643554925918579,3.5384063720703125,1.0284161567687988,7.041717052459717,0.664903461933136,2.824277639389038,3.188462734222412,4.0160136222839355,4.8948893547058105,24550,24550,34751,94839,70.64544905182585,70.64544905182585,70.0,-70.0,34751,True,
et,data/ET/ECO_L3T_JET.002_ETdaily_20230621T060918_aid0001_32N.tif,ECO_L3T_JET.002_ETdaily_20230621T060918_aid0001_32N.tif,2023-06-21T06:09:18,2023-06-21,2023,6,21,6,9,18,2,8.0,morning,20230621T060918,filename_YYYYMMDDTHHMMSS,True,EPSG:32632,32632,303,313,GTiff,float32,,"[579360.0, 5158510.0, 600570.0, 5180420.0]",2.3457541465759277,2.3872909545898438,0.2906426191329956,4.314153671264648,0.5154445767402649,1.4678914546966553,2.06156587600708,2.683725118637085,3.142638921737671,3552,3552,34751,94839,10.221288596011625,10.221288596011625,70.0,-70.0,34751,True,
et,data/ET/ECO_L3T_JET.002_ETdaily_20230622T052033_aid0001_32N.tif,ECO_L3T_JET.002_ETdaily_20230622T052033_aid0001_32N.tif,2023-06-22T05:20:33,2023-06-22,2023,6,22,5,20,33,2,7.0,morning,20230622T052033,filename_YYYYMMDDTHHMMSS,True,EPSG:32632,32632,303,313,GTiff,float32,,"[579360.0, 5158510.0, 600570.0, 5180420.0]",2.4546895027160645,2.548645257949829,0.0,6.488578796386719,0.6667057275772095,1.2114183902740479,2.1202311515808105,2.809154987335205,3.414349317550659,21389,21389,34751,94839,61.54930793358464,61.54930793358464,70.0,-70.0,34751,True,
et,data/ET/ECO_L3T_JET.002_ETdaily_20230623T043153_aid0001_32N.tif,ECO_L3T_JET.002_ETdaily_20230623T043153_aid0001_32N.tif,2023-06-23T04:31:53,2023-06-23,2023,6,23,4,31,53,2,6.0,morning,20230623T043153,filename_YYYYMMDDTHHMMSS,True,EPSG:32632,32632,303,313,GTiff,float32,,"[579360.0, 5158510.0, 600570.0, 5180420.0]",3.4158008098602295,3.3811545372009277,3.2328245639801025,3.801680088043213,0.17054671049118042,3.233672618865967,3.3239409923553467,3.412349224090576,3.771960973739624,13,13,34751,94839,0.0374089954245921,0.0374089954245921,70.0,-70.0,34751,True,
et,data/ET/ECO_L3T_JET.002_ETdaily_20230623T092314_aid0001_32N.tif,ECO_L3T_JET.002_ETdaily_20230623T092314_aid0001_32N.tif,2023-06-23T09:23:14,2023-06-23,2023,6,23,9,23,14,2,11.0,midday_afternoon,20230623T092314,filename_YYYYMMDDTHHMMSS,True,EPSG:32632,32632,8,313,GTiff,float32,,"[600000.0, 5158510.0, 600560.0, 5180420.0]",2.187978982925415,2.172106981277466,1.8343405723571777,2.509204864501953,0.14842908084392548,2.0144824981689453,2.0667502880096436,2.2704105377197266,2.460427761077881,93,93,94,2504,98.93617021276596,98.93617021276596,70.0,-70.0,94,True,
et,data/ET/ECO_L3T_JET.002_ETdaily_20230627T074440_aid0001_32N.tif,ECO_L3T_JET.002_ETdaily_20230627T074440_aid0001_32N.tif,2023-06-27T07:44:40,2023-06-27,2023,6,27,7,44,40,2,9.0,morning,20230627T074440,filename_YYYYMMDDTHHMMSS,True,EPSG:32632,32632,303,313,GTiff,float32,,"[579360.0, 5158510.0, 600570.0, 5180420.0]",2.1141748428344727,2.1378061771392822,0.4385216534137726,4.318075656890869,0.6328892111778259,0.9629865288734436,1.692746639251709,2.5815718173980713,3.1028831005096436,34047,34047,34751,94839,97.9741590170067,97.9741590170067,70.0,-70.0,34751,True,
et,data/ET/ECO_L3T_JET.002_ETdaily_20230628T065603_aid0001_32N.tif,ECO_L3T_JET.002_ETdaily_20230628T065603_aid0001_32N.tif,2023-06-28T06:56:03,2023-06-28,2023,6,28,6,56,3,2,8.0,morning,20230628T065603,filename_YYYYMMDDTHHMMSS,True,EPSG:32632,32632,303,313,GTiff,float32,,"[579360.0, 5158510.0, 600570.0, 5180420.0]",2.0198252201080322,1.9910145998001099,1.2154033184051514,3.2198424339294434,0.2926638126373291,1.5669282674789429,1.8136510848999023,2.22516131401062,2.526456356048584,26463,26463,34751,94839,76.1503266093062,76.1503266093062,70.0,-70.0,34751,True,
et,data/ET/ECO_L3T_JET.002_ETdaily_20230630T065450_aid0001_32N.tif,ECO_L3T_JET.002_ETdaily_20230630T065450_aid0001_32N.tif,2023-06-30T06:54:50,2023-06-30,2023,6,30,6,54,50,2,8.0,morning,20230630T065450,filename_YYYYMMDDTHHMMSS,True,EPSG:32632,32632,303,313,GTiff,float32,,"[579360.0, 5158510.0, 600570.0, 5180420.0]",0.9104921817779541,0.8618081212043762,0.0,1.8114575147628784,0.31744328141212463,0.43947485089302063,0.6966031193733215,1.119511604309082,1.4968674182891846,29464,29464,34751,94839,84.78604932232166,84.78604932232166,70.0,-70.0,34751,True,
et,data/ET/ECO_L3T_JET.002_ETdaily_20240607T095329_aid0001_32N.tif,ECO_L3T_JET.002_ETdaily_20240607T095329_aid0001_32N.tif,2024-06-07T09:53:29,2024-06-07,2024,6,7,9,53,29,2,11.0,midday_afternoon,20240607T095329,filename_YYYYMMDDTHHMMSS,True,EPSG:32632,32632,303,313,GTiff,float32,,"[579360.0, 5158510.0, 600570.0, 5180420.0]",2.2099149227142334,2.1183958053588867,0.0,6.110135555267334,1.0324020385742188,0.7562565207481384,1.3367059230804443,3.0342142581939697,3.9361159801483154,34495,34495,34751,94839,99.2633305516388,99.2633305516388,70.0,-70.0,34751,True,
et,data/ET/ECO_L3T_JET.002_ETdaily_20240616T103858_aid0001_32N.tif,ECO_L3T_JET.002_ETdaily_20240616T103858_aid0001_32N.tif,2024-06-16T10:38:58,2024-06-16,2024,6,16,10,38,58,2,12.0,midday_afternoon,20240616T103858,filename_YYYYMMDDTHHMMSS,True,EPSG:32632,32632,303,313,GTiff,float32,,"[579360.0, 5158510.0, 600570.0, 5180420.0]",2.551067352294922,2.5198240280151367,0.8148298859596252,5.2364301681518555,0.7586643099784851,1.3357105255126953,1.9504754543304443,3.2367990016937256,3.630018711090088,4396,4396,34751,94839,12.64999568357745,12.64999568357745,70.0,-70.0,34751,True,
et,data/ET/ECO_L3T_JET.002_ETdaily_20250404T151752_aid0001_32N.tif,ECO_L3T_JET.002_ETdaily_20250404T151752_aid0001_32N.tif,2025-04-04T15:17:52,2025-04-04,2025,4,4,15,17,52,2,17.0,evening,20250404T151752,filename_YYYYMMDDTHHMMSS,True,EPSG:32632,32632,303,313,GTiff,float32,,"[579360.0, 5158510.0, 600570.0, 5180420.0]",0.7152457237243652,0.7501537203788757,0.0,2.293860912322998,0.5374162197113037,0.0,0.14595681428909302,1.2220017910003662,1.4632999897003174,34751,34751,34751,94839,100.0,100.0,70.0,-70.0,34751,True,
et,data/ET/ECO_L3T_JET.002_ETdaily_20250407T094046_aid0001_32N.tif,ECO_L3T_JET.002_ETdaily_20250407T094046_aid0001_32N.tif,2025-04-07T09:40:46,2025-04-07,2025,4,7,9,40,46,2,11.0,midday_afternoon,20250407T094046,filename_YYYYMMDDTHHMMSS,True,EPSG:32632,32632,303,313,GTiff,float32,,"[579360.0, 5158510.0, 600570.0, 5180420.0]",1.1557974815368652,1.182361364364624,0.0,2.701648712158203,0.5563286542892456,0.19568601250648499,0.7254765033721924,1.6614370346069336,1.92035973072052,34751,34751,34751,94839,100.0,100.0,70.0,-70.0,34751,True,
et,data/ET/ECO_L3T_JET.002_ETdaily_20250410T085402_aid0001_32N.tif,ECO_L3T_JET.002_ETdaily_20250410T085402_aid0001_32N.tif,2025-04-10T08:54:02,2025-04-10,2025,4,10,8,54,2,2,10.0,morning,20250410T085402,filename_YYYYMMDDTHHMMSS,True,EPSG:32632,32632,303,313,GTiff,float32,,"[579360.0, 5158510.0, 600570.0, 5180420.0]",1.3712416887283325,1.4123317003250122,0.0,3.658245325088501,0.5768241286277771,0.37422454357147217,0.9541641473770142,1.836012601852417,2.233700752258301,34751,34751,34751,94839,100.0,100.0,70.0,-70.0,34751,True,
et,data/ET/ECO_L3T_JET.002_ETdaily_20250411T080621_aid0001_32N.tif,ECO_L3T_JET.002_ETdaily_20250411T080621_aid0001_32N.tif,2025-04-11T08:06:21,2025-04-11,2025,4,11,8,6,21,2,10.0,morning,20250411T080621,filename_YYYYMMDDTHHMMSS,True,EPSG:32632,32632,303,313,GTiff,float32,,"[579360.0, 5158510.0, 600570.0, 5180420.0]",1.3222588300704956,1.3417308330535889,0.0,3.345913887023926,0.5331451892852783,0.47807538509368896,0.8846251964569092,1.7644858360290527,2.108025074005127,34751,34751,34751,94839,100.0,100.0,70.0,-70.0,34751,True,
et,data/ET/ECO_L3T_JET.002_ETdaily_20250412T120912_aid0001_32N.tif,ECO_L3T_JET.002_ETdaily_20250412T120912_aid0001_32N.tif,2025-04-12T12:09:12,2025-04-12,2025,4,12,12,9,12,2,14.0,midday_afternoon,20250412T120912,filename_YYYYMMDDTHHMMSS,True,EPSG:32632,32632,303,313,GTiff,float32,,"[579360.0, 5158510.0, 600570.0, 5180420.0]",1.823890209197998,1.8358250856399536,0.0,4.4176411628723145,0.7464948296546936,0.5726615786552429,1.2702338695526123,2.4008803367614746,2.938354253768921,34751,34751,34751,94839,100.0,100.0,70.0,-70.0,34751,True,
et,data/ET/ECO_L3T_JET.002_ETdaily_20250415T063131_aid0001_32N.tif,ECO_L3T_JET.002_ETdaily_20250415T063131_aid0001_32N.tif,2025-04-15T06:31:31,2025-04-15,2025,4,15,6,31,31,2,8.0,morning,20250415T063131,filename_YYYYMMDDTHHMMSS,True,EPSG:32632,32632,303,313,GTiff,float32,,"[579360.0, 5158510.0, 600570.0, 5180420.0]",1.309514045715332,1.1661211252212524,0.3823600113391876,3.763201951980591,0.5062095522880554,0.7771944403648376,0.9569949507713318,1.5033061504364014,2.430835485458374,29367,29367,34751,94839,84.50692066415355,84.50692066415355,70.0,-70.0,34751,True,
et,data/ET/ECO_L3T_JET.002_ETdaily_20250418T054400_aid0001_32N.tif,ECO_L3T_JET.002_ETdaily_20250418T054400_aid0001_32N.tif,2025-04-18T05:44:00,2025-04-18,2025,4,18,5,44,0,2,7.0,morning,20250418T054400,filename_YYYYMMDDTHHMMSS,True,EPSG:32632,32632,303,313,GTiff,float32,,"[579360.0, 5158510.0, 600570.0, 5180420.0]",0.2035992443561554,0.15934188663959503,0.0,1.0887246131896973,0.21374793350696564,0.0,0.0,0.34632670879364014,0.6051138639450073,34751,34751,34751,94839,100.0,100.0,70.0,-70.0,34751,True,
et,data/ET/ECO_L3T_JET.002_ETdaily_20250423T081045_aid0001_32N.tif,ECO_L3T_JET.002_ETdaily_20250423T081045_aid0001_32N.tif,2025-04-23T08:10:45,2025-04-23,2025,4,23,8,10,45,2,10.0,morning,20250423T081045,filename_YYYYMMDDTHHMMSS,True,EPSG:32632,32632,303,313,GTiff,float32,,"[579360.0, 5158510.0, 600570.0, 5180420.0]",1.6937909126281738,1.7039494514465332,0.014042350463569164,4.775057792663574,0.607891321182251,0.6661461591720581,1.2775973081588745,2.114410877227783,2.6868348121643066,34751,34751,34751,94839,100.0,100.0,70.0,-70.0,34751,True,
et,data/ET/ECO_L3T_JET.002_ETdaily_20250428T054918_aid0001_32N.tif,ECO_L3T_JET.002_ETdaily_20250428T054918_aid0001_32N.tif,2025-04-28T05:49:18,2025-04-28,2025,4,28,5,49,18,2,7.0,morning,20250428T054918,filename_YYYYMMDDTHHMMSS,True,EPSG:32632,32632,8,313,GTiff,float32,,"[600000.0, 5158510.0, 600560.0, 5180420.0]",0.33986905217170715,0.32741761207580566,0.15662479400634766,0.6391178965568542,0.07442762702703476,0.25763869285583496,0.3138256371021271,0.34277355670928955,0.5124366283416748,94,94,94,2504,100.0,100.0,70.0,-70.0,94,True,
et,data/ET/ECO_L3T_JET.002_ETdaily_20250516T175254_aid0001_32N.tif,ECO_L3T_JET.002_ETdaily_20250516T175254_aid0001_32N.tif,2025-05-16T17:52:54,2025-05-16,2025,5,16,17,52,54,2,19.0,evening,20250516T175254,filename_YYYYMMDDTHHMMSS,True,EPSG:32632,32632,303,313,GTiff,float32,,"[579360.0, 5158510.0, 600570.0, 5180420.0]",0.3231939673423767,0.3231939673423767,0.3022391200065613,0.34414881467819214,0.02095484733581543,0.3043346107006073,0.312716543674469,0.3336713910102844,0.3420533239841461,2,2,34751,94839,0.005755230065321861,0.005755230065321861,70.0,-70.0,34751,True,
et,data/ET/ECO_L3T_JET.002_ETdaily_20250530T130618_aid0001_32N.tif,ECO_L3T_JET.002_ETdaily_20250530T130618_aid0001_32N.tif,2025-05-30T13:06:18,2025-05-30,2025,5,30,13,6,18,2,15.0,midday_afternoon,20250530T130618,filename_YYYYMMDDTHHMMSS,True,EPSG:32632,32632,303,313,GTiff,float32,,"[579360.0, 5158510.0, 600570.0, 5180420.0]",2.723458766937256,3.000335693359375,0.07076238840818405,5.241898536682129,1.1841365098953247,0.8266708850860596,1.729609489440918,3.8355579376220703,4.171586990356445,34751,34751,34751,94839,100.0,100.0,70.0,-70.0,34751,True,
et,data/ET/ECO_L3T_JET.002_ETdaily_20250531T121805_aid0001_32N.tif,ECO_L3T_JET.002_ETdaily_20250531T121805_aid0001_32N.tif,2025-05-31T12:18:05,2025-05-31,2025,5,31,12,18,5,2,14.0,midday_afternoon,20250531T121805,filename_YYYYMMDDTHHMMSS,True,EPSG:32632,32632,303,313,GTiff,float32,,"[579360.0, 5158510.0, 600570.0, 5180420.0]",2.6079115867614746,2.6574630737304688,0.0,6.523406028747559,1.298898458480835,0.5173184871673584,1.4575003385543823,3.8232510089874268,4.338389873504639,34574,34574,34751,94839,99.49066213921901,99.49066213921901,70.0,-70.0,34751,True,
et,data/ET/ECO_L3T_JET.002_ETdaily_20250603T112957_aid0001_32N.tif,ECO_L3T_JET.002_ETdaily_20250603T112957_aid0001_32N.tif,2025-06-03T11:29:57,2025-06-03,2025,6,3,11,29,57,2,13.0,midday_afternoon,20250603T112957,filename_YYYYMMDDTHHMMSS,True,EPSG:32632,32632,303,313,GTiff,float32,,"[579360.0, 5158510.0, 600570.0, 5180420.0]",2.3122711181640625,2.2199809551239014,0.05093059688806534,6.1691789627075195,1.0058250427246094,0.7298670411109924,1.561159372329712,2.9948997497558594,4.004140377044678,13468,13468,34751,94839,38.75571925987742,38.75571925987742,70.0,-70.0,34751,True,
et,data/ET/ECO_L3T_JET.002_ETdaily_20250613T112956_aid0001_32N.tif,ECO_L3T_JET.002_ETdaily_20250613T112956_aid0001_32N.tif,2025-06-13T11:29:56,2025-06-13,2025,6,13,11,29,56,2,13.0,midday_afternoon,20250613T112956,filename_YYYYMMDDTHHMMSS,True,EPSG:32632,32632,303,313,GTiff,float32,,"[579360.0, 5158510.0, 600570.0, 5180420.0]",2.4054388999938965,2.3731842041015625,0.004955993965268135,6.23939847946167,1.0967961549758911,0.6593544483184814,1.485207200050354,3.29860782623291,4.008641719818115,31544,31544,34751,94839,90.7714885902564,90.7714885902564,70.0,-70.0,34751,True,
et,data/ET/ECO_L3T_JET.002_ETdaily_20250618T054920_aid0001_32N.tif,ECO_L3T_JET.002_ETdaily_20250618T054920_aid0001_32N.tif,2025-06-18T05:49:20,2025-06-18,2025,6,18,5,49,20,2,7.0,morning,20250618T054920,filename_YYYYMMDDTHHMMSS,True,EPSG:32632,32632,303,313,GTiff,float32,,"[579360.0, 5158510.0, 600570.0, 5180420.0]",2.6600584983825684,2.5443897247314453,0.7238073945045471,5.324641704559326,0.8582474589347839,1.3651039600372314,1.9591981172561646,3.404269218444824,4.050638198852539,34750,34750,34751,94839,99.99712238496734,99.99712238496734,70.0,-70.0,34751,True,
et,data/ET/ECO_L3T_JET.002_ETdaily_20250621T081446_aid0001_32N.tif,ECO_L3T_JET.002_ETdaily_20250621T081446_aid0001_32N.tif,2025-06-21T08:14:46,2025-06-21,2025,6,21,8,14,46,2,10.0,morning,20250621T081446,filename_YYYYMMDDTHHMMSS,True,EPSG:32632,32632,303,313,GTiff,float32,,"[579360.0, 5158510.0, 600570.0, 5180420.0]",2.7496352195739746,2.8433444499969482,0.0252342838793993,7.6097331047058105,1.3243805170059204,0.7059072256088257,1.5816696882247925,3.7942428588867188,4.747974395751953,34751,34751,34751,94839,100.0,100.0,70.0,-70.0,34751,True,
et,data/ET/ECO_L3T_JET.002_ETdaily_20250623T081424_aid0001_32N.tif,ECO_L3T_JET.002_ETdaily_20250623T081424_aid0001_32N.tif,2025-06-23T08:14:24,2025-06-23,2025,6,23,8,14,24,2,10.0,morning,20250623T081424,filename_YYYYMMDDTHHMMSS,True,EPSG:32632,32632,303,313,GTiff,float32,,"[579360.0, 5158510.0, 600570.0, 5180420.0]",3.238969087600708,3.2247209548950195,0.012145590037107468,6.797286510467529,1.185114860534668,1.1571502685546875,2.43890380859375,4.169888019561768,4.906681537628174,29206,29206,34751,94839,84.04362464389514,84.04362464389514,70.0,-70.0,34751,True,
et,data/ET/ECO_L3T_JET.002_ETdaily_20250624T072630_aid0001_32N.tif,ECO_L3T_JET.002_ETdaily_20250624T072630_aid0001_32N.tif,2025-06-24T07:26:30,2025-06-24,2025,6,24,7,26,30,2,9.0,morning,20250624T072630,filename_YYYYMMDDTHHMMSS,True,EPSG:32632,32632,303,313,GTiff,float32,,"[579360.0, 5158510.0, 600570.0, 5180420.0]",3.1431055068969727,3.287020444869995,0.10464068502187729,5.64599609375,0.8607842326164246,1.516449213027954,2.6015119552612305,3.8455684185028076,4.1836137771606445,16947,16947,34751,94839,48.76694195850479,48.76694195850479,70.0,-70.0,34751,True,
ndvi,data/NDVI/ECO_L2T_STARS.002_NDVI-UQ_20190608T130928_aid0001_32N.tif,ECO_L2T_STARS.002_NDVI-UQ_20190608T130928_aid0001_32N.tif,2019-06-08T13:09:28,2019-06-08,2019,6,8,13,9,28,2,15.0,midday_afternoon,20190608T130928,filename_YYYYMMDDTHHMMSS,True,EPSG:32632,32632,303,313,GTiff,float32,,"[579360.0, 5158510.0, 600570.0, 5180420.0]",0.011123528704047203,0.011260787025094032,0.0008635264239273965,0.026476236060261726,0.00903777964413166,0.0009153951541520655,0.0009390298509970307,0.01890651509165764,0.026476234197616577,34751,34751,34751,94839,100.0,100.0,70.0,-70.0,34751,True,
ndvi,data/NDVI/ECO_L2T_STARS.002_NDVI_20190608T130928_aid0001_32N.tif,ECO_L2T_STARS.002_NDVI_20190608T130928_aid0001_32N.tif,2019-06-08T13:09:28,2019-06-08,2019,6,8,13,9,28,2,15.0,midday_afternoon,20190608T130928,filename_YYYYMMDDTHHMMSS,True,EPSG:32632,32632,303,313,GTiff,float32,,"[579360.0, 5158510.0, 600570.0, 5180420.0]",0.18799984455108643,0.041214000433683395,-0.4949308931827545,0.9999916553497314,0.31887611746788025,-0.12751176953315735,-0.09373070299625397,0.49951720237731934,0.7354110479354858,34674,34674,34751,94839,99.77842364248511,99.77842364248511,70.0,-70.0,34751,True,
ndvi,data/NDVI/ECO_L2T_STARS.002_NDVI-UQ_20190609T121951_aid0001_32N.tif,ECO_L2T_STARS.002_NDVI-UQ_20190609T121951_aid0001_32N.tif,2019-06-09T12:19:51,2019-06-09,2019,6,9,12,19,51,2,14.0,midday_afternoon,20190609T121951,filename_YYYYMMDDTHHMMSS,True,EPSG:32632,32632,303,313,GTiff,float32,,"[579360.0, 5158510.0, 600570.0, 5180420.0]",0.015932505950331688,0.0147384749725461,0.0051002101972699165,0.05595242604613304,0.006833519786596298,0.007057049311697483,0.01004377007484436,0.021448463201522827,0.02830178290605545,34751,34751,34751,94839,100.0,100.0,70.0,-70.0,34751,True,
ndvi,data/NDVI/ECO_L2T_STARS.002_NDVI_20190609T121951_aid0001_32N.tif,ECO_L2T_STARS.002_NDVI_20190609T121951_aid0001_32N.tif,2019-06-09T12:19:51,2019-06-09,2019,6,9,12,19,51,2,14.0,midday_afternoon,20190609T121951,filename_YYYYMMDDTHHMMSS,True,EPSG:32632,32632,303,313,GTiff,float32,,"[579360.0, 5158510.0, 600570.0, 5180420.0]",0.1877911239862442,0.04047156125307083,-0.4945785701274872,0.9999287724494934,0.31906381249427795,-0.1275898665189743,-0.09393425285816193,0.49909305572509766,0.7351668477058411,34662,34662,34751,94839,99.74389226209318,99.74389226209318,70.0,-70.0,34751,True,
ndvi,data/NDVI/ECO_L2T_STARS.002_NDVI-UQ_20190609T122043_aid0001_32N.tif,ECO_L2T_STARS.002_NDVI-UQ_20190609T122043_aid0001_32N.tif,2019-06-09T12:20:43,2019-06-09,2019,6,9,12,20,43,2,14.0,midday_afternoon,20190609T122043,filename_YYYYMMDDTHHMMSS,True,EPSG:32632,32632,8,313,GTiff,float32,,"[600000.0, 5158510.0, 600560.0, 5180420.0]",0.010361244902014732,0.010042091831564903,0.010041809640824795,0.013788517564535141,0.0008758477633818984,0.01004181057214737,0.010041828267276287,0.010043572634458542,0.012951403856277466,94,94,94,2504,100.0,100.0,70.0,-70.0,94,True,
ndvi,data/NDVI/ECO_L2T_STARS.002_NDVI_20190609T122043_aid0001_32N.tif,ECO_L2T_STARS.002_NDVI_20190609T122043_aid0001_32N.tif,2019-06-09T12:20:43,2019-06-09,2019,6,9,12,20,43,2,14.0,midday_afternoon,20190609T122043,filename_YYYYMMDDTHHMMSS,True,EPSG:32632,32632,8,313,GTiff,float32,,"[600000.0, 5158510.0, 600560.0, 5180420.0]",-0.0909225195646286,-0.1278630495071411,-0.14657574892044067,0.5337568521499634,0.10928113013505936,-0.1405932754278183,-0.13523876667022705,-0.12066645920276642,0.1436963826417923,94,94,94,2504,100.0,100.0,70.0,-70.0,94,True,
ndvi,data/NDVI/ECO_L2T_STARS.002_NDVI-UQ_20190610T162134_aid0001_32N.tif,ECO_L2T_STARS.002_NDVI-UQ_20190610T162134_aid0001_32N.tif,2019-06-10T16:21:34,2019-06-10,2019,6,10,16,21,34,2,18.0,evening,20190610T162134,filename_YYYYMMDDTHHMMSS,True,EPSG:32632,32632,303,313,GTiff,float32,,"[579360.0, 5158510.0, 600570.0, 5180420.0]",0.019373809918761253,0.01778082177042961,0.006910423282533884,0.11561602354049683,0.007440420798957348,0.011006826534867287,0.01417296752333641,0.024152927100658417,0.03001650981605053,34751,34751,34751,94839,100.0,100.0,70.0,-70.0,34751,True,
ndvi,data/NDVI/ECO_L2T_STARS.002_NDVI_20190610T162134_aid0001_32N.tif,ECO_L2T_STARS.002_NDVI_20190610T162134_aid0001_32N.tif,2019-06-10T16:21:34,2019-06-10,2019,6,10,16,21,34,2,18.0,evening,20190610T162134,filename_YYYYMMDDTHHMMSS,True,EPSG:32632,32632,303,313,GTiff,float32,,"[579360.0, 5158510.0, 600570.0, 5180420.0]",0.18778932094573975,0.040328241884708405,-0.494041383266449,0.9990315437316895,0.3191286623477936,-0.12759989500045776,-0.09398563206195831,0.49954965710639954,0.735338568687439,34659,34659,34751,94839,99.73525941699519,99.73525941699519,70.0,-70.0,34751,True,
ndvi,data/NDVI/ECO_L2T_STARS.002_NDVI-UQ_20190611T121746_aid0001_32N.tif,ECO_L2T_STARS.002_NDVI-UQ_20190611T121746_aid0001_32N.tif,2019-06-11T12:17:46,2019-06-11,2019,6,11,12,17,46,2,14.0,midday_afternoon,20190611T121746,filename_YYYYMMDDTHHMMSS,True,EPSG:32632,32632,303,313,GTiff,float32,,"[579360.0, 5158510.0, 600570.0, 5180420.0]",0.02354167215526104,0.020811181515455246,0.008086707442998886,0.17955604195594788,0.012789063155651093,0.01345791108906269,0.017345815896987915,0.02744540572166443,0.03163843974471092,34751,34751,34751,94839,100.0,100.0,70.0,-70.0,34751,True,
ndvi,data/NDVI/ECO_L2T_STARS.002_NDVI_20190611T121746_aid0001_32N.tif,ECO_L2T_STARS.002_NDVI_20190611T121746_aid0001_32N.tif,2019-06-11T12:17:46,2019-06-11,2019,6,11,12,17,46,2,14.0,midday_afternoon,20190611T121746,filename_YYYYMMDDTHHMMSS,True,EPSG:32632,32632,303,313,GTiff,float32,,"[579360.0, 5158510.0, 600570.0, 5180420.0]",0.18667244911193848,0.04015148803591728,-0.4939872622489929,0.9996955990791321,0.3181917071342468,-0.1275719404220581,-0.09392999112606049,0.49613815546035767,0.7344197630882263,34658,34658,34751,94839,99.73238180196253,99.73238180196253,70.0,-70.0,34751,True,
ndvi,data/NDVI/ECO_L2T_STARS.002_NDVI-UQ_20190612T112813_aid0001_32N.tif,ECO_L2T_STARS.002_NDVI-UQ_20190612T112813_aid0001_32N.tif,2019-06-12T11:28:13,2019-06-12,2019,6,12,11,28,13,2,13.0,midday_afternoon,20190612T112813,filename_YYYYMMDDTHHMMSS,True,EPSG:32632,32632,303,313,GTiff,float32,,"[579360.0, 5158510.0, 600570.0, 5180420.0]",0.029686488211154938,0.024021826684474945,0.009114296175539494,0.2955086827278137,0.024928878992795944,0.017558448016643524,0.02002193033695221,0.03001285530626774,0.06444574892520905,34751,34751,34751,94839,100.0,100.0,70.0,-70.0,34751,True,
ndvi,data/NDVI/ECO_L2T_STARS.002_NDVI_20190612T112813_aid0001_32N.tif,ECO_L2T_STARS.002_NDVI_20190612T112813_aid0001_32N.tif,2019-06-12T11:28:13,2019-06-12,2019,6,12,11,28,13,2,13.0,midday_afternoon,20190612T112813,filename_YYYYMMDDTHHMMSS,True,EPSG:32632,32632,303,313,GTiff,float32,,"[579360.0, 5158510.0, 600570.0, 5180420.0]",0.17616619169712067,0.030280936509370804,-0.5444870591163635,0.9982692003250122,0.3135397434234619,-0.12832766771316528,-0.09385842084884644,0.46136021614074707,0.7323908805847168,34659,34659,34751,94839,99.73525941699519,99.73525941699519,70.0,-70.0,34751,True,
ndvi,data/NDVI/ECO_L2T_STARS.002_NDVI-UQ_20190613T103828_aid0001_32N.tif,ECO_L2T_STARS.002_NDVI-UQ_20190613T103828_aid0001_32N.tif,2019-06-13T10:38:28,2019-06-13,2019,6,13,10,38,28,2,12.0,midday_afternoon,20190613T103828,filename_YYYYMMDDTHHMMSS,True,EPSG:32632,32632,303,313,GTiff,float32,,"[579360.0, 5158510.0, 600570.0, 5180420.0]",0.02170640602707863,0.022381136193871498,0.000994982197880745,0.256326824426651,0.022235402837395668,0.000998812261968851,0.0009994625579565763,0.02836148627102375,0.045950308442115784,34751,34751,34751,94839,100.0,100.0,70.0,-70.0,34751,True,
ndvi,data/NDVI/ECO_L2T_STARS.002_NDVI_20190613T103828_aid0001_32N.tif,ECO_L2T_STARS.002_NDVI_20190613T103828_aid0001_32N.tif,2019-06-13T10:38:28,2019-06-13,2019,6,13,10,38,28,2,12.0,midday_afternoon,20190613T103828,filename_YYYYMMDDTHHMMSS,True,EPSG:32632,32632,303,313,GTiff,float32,,"[579360.0, 5158510.0, 600570.0, 5180420.0]",0.22314366698265076,0.11278870701789856,-0.7522831559181213,0.9988706707954407,0.31860804557800293,-0.12362758815288544,-0.07421303540468216,0.5521290302276611,0.7389799356460571,34612,34612,34751,94839,99.60001151046013,99.60001151046013,70.0,-70.0,34751,True,
ndvi,data/NDVI/ECO_L2T_STARS.002_NDVI-UQ_20190613T103920_aid0001_32N.tif,ECO_L2T_STARS.002_NDVI-UQ_20190613T103920_aid0001_32N.tif,2019-06-13T10:39:20,2019-06-13,2019,6,13,10,39,20,2,12.0,midday_afternoon,20190613T103920,filename_YYYYMMDDTHHMMSS,True,EPSG:32632,32632,8,313,GTiff,float32,,"[600000.0, 5158510.0, 600560.0, 5180420.0]",0.0009368279133923352,0.0009249339927919209,0.0009223166853189468,0.0009965224890038371,2.5602446839911863e-05,0.0009223178494721651,0.0009224454406648874,0.0009392793290317059,0.0009964683558791876,94,94,94,2504,100.0,100.0,70.0,-70.0,94,True,
ndvi,data/NDVI/ECO_L2T_STARS.002_NDVI_20190613T103920_aid0001_32N.tif,ECO_L2T_STARS.002_NDVI_20190613T103920_aid0001_32N.tif,2019-06-13T10:39:20,2019-06-13,2019,6,13,10,39,20,2,12.0,midday_afternoon,20190613T103920,filename_YYYYMMDDTHHMMSS,True,EPSG:32632,32632,8,313,GTiff,float32,,"[600000.0, 5158510.0, 600560.0, 5180420.0]",-0.014854265376925468,-0.07105261832475662,-0.09225601702928543,0.665433943271637,0.14801663160324097,-0.08929604291915894,-0.0745544582605362,-0.054806679487228394,0.29104456305503845,94,94,94,2504,100.0,100.0,70.0,-70.0,94,True,
ndvi,data/NDVI/ECO_L2T_STARS.002_NDVI-UQ_20190614T143945_aid0001_32N.tif,ECO_L2T_STARS.002_NDVI-UQ_20190614T143945_aid0001_32N.tif,2019-06-14T14:39:45,2019-06-14,2019,6,14,14,39,45,2,16.0,evening,20190614T143945,filename_YYYYMMDDTHHMMSS,True,EPSG:32632,32632,303,313,GTiff,float32,,"[579360.0, 5158510.0, 600570.0, 5180420.0]",0.02960055321455002,0.025096939876675606,0.0011148704215884209,0.29358944296836853,0.028316643089056015,0.010049757547676563,0.010049821808934212,0.03254740312695503,0.07834988832473755,34751,34751,34751,94839,100.0,100.0,70.0,-70.0,34751,True,
ndvi,data/NDVI/ECO_L2T_STARS.002_NDVI_20190614T143945_aid0001_32N.tif,ECO_L2T_STARS.002_NDVI_20190614T143945_aid0001_32N.tif,2019-06-14T14:39:45,2019-06-14,2019,6,14,14,39,45,2,16.0,evening,20190614T143945,filename_YYYYMMDDTHHMMSS,True,EPSG:32632,32632,303,313,GTiff,float32,,"[579360.0, 5158510.0, 600570.0, 5180420.0]",0.22595687210559845,0.11291877180337906,-0.9084662199020386,0.9996433854103088,0.32251372933387756,-0.12336854636669159,-0.07417769730091095,0.5527728796005249,0.7526079416275024,34615,34615,34751,94839,99.60864435555811,99.60864435555811,70.0,-70.0,34751,True,
ndvi,data/NDVI/ECO_L2T_STARS.002_NDVI-UQ_20190614T144037_aid0001_32N.tif,ECO_L2T_STARS.002_NDVI-UQ_20190614T144037_aid0001_32N.tif,2019-06-14T14:40:37,2019-06-14,2019,6,14,14,40,37,2,16.0,evening,20190614T144037,filename_YYYYMMDDTHHMMSS,True,EPSG:32632,32632,8,313,GTiff,float32,,"[600000.0, 5158510.0, 600560.0, 5180420.0]",0.008882693946361542,0.008720451965928078,0.006318101193755865,0.010044324211776257,0.0010106774279847741,0.007153497543185949,0.00820820964872837,0.010042455047369003,0.010044015012681484,94,94,94,2504,100.0,100.0,70.0,-70.0,94,True,
ndvi,data/NDVI/ECO_L2T_STARS.002_NDVI_20190614T144037_aid0001_32N.tif,ECO_L2T_STARS.002_NDVI_20190614T144037_aid0001_32N.tif,2019-06-14T14:40:37,2019-06-14,2019,6,14,14,40,37,2,16.0,evening,20190614T144037,filename_YYYYMMDDTHHMMSS,True,EPSG:32632,32632,8,313,GTiff,float32,,"[600000.0, 5158510.0, 600560.0, 5180420.0]",-0.019844945520162582,-0.0754433274269104,-0.09552397578954697,0.6601117849349976,0.14816193282604218,-0.09143761545419693,-0.08263864368200302,-0.0610148161649704,0.2860031723976135,94,94,94,2504,100.0,100.0,70.0,-70.0,94,True,
ndvi,data/NDVI/ECO_L2T_STARS.002_NDVI-UQ_20190615T103650_aid0001_32N.tif,ECO_L2T_STARS.002_NDVI-UQ_20190615T103650_aid0001_32N.tif,2019-06-15T10:36:50,2019-06-15,2019,6,15,10,36,50,2,12.0,midday_afternoon,20190615T103650,filename_YYYYMMDDTHHMMSS,True,EPSG:32632,32632,303,313,GTiff,float32,,"[579360.0, 5158510.0, 600570.0, 5180420.0]",0.03376346081495285,0.02699120156466961,0.001149809337221086,0.415392130613327,0.03476180508732796,0.014177363365888596,0.014177409000694752,0.03435622528195381,0.09250468015670776,34751,34751,34751,94839,100.0,100.0,70.0,-70.0,34751,True,
ndvi,data/NDVI/ECO_L2T_STARS.002_NDVI_20190615T103650_aid0001_32N.tif,ECO_L2T_STARS.002_NDVI_20190615T103650_aid0001_32N.tif,2019-06-15T10:36:50,2019-06-15,2019,6,15,10,36,50,2,12.0,midday_afternoon,20190615T103650,filename_YYYYMMDDTHHMMSS,True,EPSG:32632,32632,303,313,GTiff,float32,,"[579360.0, 5158510.0, 600570.0, 5180420.0]",0.22584792971611023,0.11303942650556564,-0.9522808790206909,0.9994723796844482,0.32274338603019714,-0.12331695109605789,-0.07394678890705109,0.5508365631103516,0.7536501288414001,34610,34610,34751,94839,99.59425628039482,99.59425628039482,70.0,-70.0,34751,True,
ndvi,data/NDVI/ECO_L2T_STARS.002_NDVI-UQ_20190617T085742_aid0001_32N.tif,ECO_L2T_STARS.002_NDVI-UQ_20190617T085742_aid0001_32N.tif,2019-06-17T08:57:42,2019-06-17,2019,6,17,8,57,42,2,10.0,morning,20190617T085742,filename_YYYYMMDDTHHMMSS,True,EPSG:32632,32632,303,313,GTiff,float32,,"[579360.0, 5158510.0, 600570.0, 5180420.0]",0.03398868814110756,0.030012575909495354,0.000936727796215564,0.44522884488105774,0.03910962492227554,0.007384877651929855,0.014246772974729538,0.034871961921453476,0.10760299861431122,34751,34751,34751,94839,100.0,100.0,70.0,-70.0,34751,True,
ndvi,data/NDVI/ECO_L2T_STARS.002_NDVI_20190617T085742_aid0001_32N.tif,ECO_L2T_STARS.002_NDVI_20190617T085742_aid0001_32N.tif,2019-06-17T08:57:42,2019-06-17,2019,6,17,8,57,42,2,10.0,morning,20190617T085742,filename_YYYYMMDDTHHMMSS,True,EPSG:32632,32632,303,313,GTiff,float32,,"[579360.0, 5158510.0, 600570.0, 5180420.0]",0.24394705891609192,0.14590105414390564,-0.8821431994438171,0.9998424649238586,0.32537639141082764,-0.12052557617425919,-0.060862619429826736,0.5537410378456116,0.7799378037452698,34494,34494,34751,94839,99.26045293660614,99.26045293660614,70.0,-70.0,34751,True,
ndvi,data/NDVI/ECO_L2T_STARS.002_NDVI-UQ_20190619T085524_aid0001_32N.tif,ECO_L2T_STARS.002_NDVI-UQ_20190619T085524_aid0001_32N.tif,2019-06-19T08:55:24,2019-06-19,2019,6,19,8,55,24,2,10.0,morning,20190619T085524,filename_YYYYMMDDTHHMMSS,True,EPSG:32632,32632,303,313,GTiff,float32,,"[579360.0, 5158510.0, 600570.0, 5180420.0]",0.0350368432700634,0.024515124037861824,0.005094858352094889,0.7935339212417603,0.050278741866350174,0.010037382133305073,0.01659977063536644,0.029999999329447746,0.12183995544910431,34751,34751,34751,94839,100.0,100.0,70.0,-70.0,34751,True,
ndvi,data/NDVI/ECO_L2T_STARS.002_NDVI_20190619T085524_aid0001_32N.tif,ECO_L2T_STARS.002_NDVI_20190619T085524_aid0001_32N.tif,2019-06-19T08:55:24,2019-06-19,2019,6,19,8,55,24,2,10.0,morning,20190619T085524,filename_YYYYMMDDTHHMMSS,True,EPSG:32632,32632,303,313,GTiff,float32,,"[579360.0, 5158510.0, 600570.0, 5180420.0]",0.35500773787498474,0.30000001192092896,-0.5469828844070435,0.9998381733894348,0.24833083152770996,-0.04952378571033478,0.2155112475156784,0.5526580810546875,0.7796141505241394,34577,34577,34751,94839,99.499294984317,99.499294984317,70.0,-70.0,34751,True,
ndvi,data/NDVI/ECO_L2T_STARS.002_NDVI-UQ_20190621T071621_aid0001_32N.tif,ECO_L2T_STARS.002_NDVI-UQ_20190621T071621_aid0001_32N.tif,2019-06-21T07:16:21,2019-06-21,2019,6,21,7,16,21,2,9.0,morning,20190621T071621,filename_YYYYMMDDTHHMMSS,True,EPSG:32632,32632,8,313,GTiff,float32,,"[600000.0, 5158510.0, 600560.0, 5180420.0]",0.03343834728002548,0.022382840514183044,0.01752183400094509,0.1316579133272171,0.026627376675605774,0.01831759139895439,0.020388798788189888,0.029999999329447746,0.10589570552110672,94,94,94,2504,100.0,100.0,70.0,-70.0,94,True,
ndvi,data/NDVI/ECO_L2T_STARS.002_NDVI_20190621T071621_aid0001_32N.tif,ECO_L2T_STARS.002_NDVI_20190621T071621_aid0001_32N.tif,2019-06-21T07:16:21,2019-06-21,2019,6,21,7,16,21,2,9.0,morning,20190621T071621,filename_YYYYMMDDTHHMMSS,True,EPSG:32632,32632,8,313,GTiff,float32,,"[600000.0, 5158510.0, 600560.0, 5180420.0]",0.09615284204483032,-0.03429423272609711,-0.07655264437198639,0.6541333198547363,0.1917639523744583,-0.06757704168558121,-0.0531579963862896,0.30000001192092896,0.37091773748397827,94,94,94,2504,100.0,100.0,70.0,-70.0,94,True,
ndvi,data/NDVI/ECO_L2T_STARS.002_NDVI-UQ_20190621T120725_aid0001_32N.tif,ECO_L2T_STARS.002_NDVI-UQ_20190621T120725_aid0001_32N.tif,2019-06-21T12:07:25,2019-06-21,2019,6,21,12,7,25,2,14.0,midday_afternoon,20190621T120725,filename_YYYYMMDDTHHMMSS,True,EPSG:32632,32632,303,313,GTiff,float32,,"[579360.0, 5158510.0, 600570.0, 5180420.0]",0.04930717498064041,0.029999999329447746,0.006738318130373955,0.6965299844741821,0.0663054957985878,0.016904469579458237,0.02167077362537384,0.029999999329447746,0.1875472068786621,34751,34751,34751,94839,100.0,100.0,70.0,-70.0,34751,True,
ndvi,data/NDVI/ECO_L2T_STARS.002_NDVI_20190621T120725_aid0001_32N.tif,ECO_L2T_STARS.002_NDVI_20190621T120725_aid0001_32N.tif,2019-06-21T12:07:25,2019-06-21,2019,6,21,12,7,25,2,14.0,midday_afternoon,20190621T120725,filename_YYYYMMDDTHHMMSS,True,EPSG:32632,32632,303,313,GTiff,float32,,"[579360.0, 5158510.0, 600570.0, 5180420.0]",0.36155444383621216,0.30000001192092896,-0.941856324672699,0.9999804496765137,0.23798921704292297,-0.03331607207655907,0.25327834486961365,0.5367323756217957,0.7823222279548645,34570,34570,34751,94839,99.47915167908837,99.47915167908837,70.0,-70.0,34751,True,
ndvi,data/NDVI/ECO_L2T_STARS.002_NDVI-UQ_20190623T071413_aid0001_32N.tif,ECO_L2T_STARS.002_NDVI-UQ_20190623T071413_aid0001_32N.tif,2019-06-23T07:14:13,2019-06-23,2019,6,23,7,14,13,2,9.0,morning,20190623T071413,filename_YYYYMMDDTHHMMSS,True,EPSG:32632,32632,303,313,GTiff,float32,,"[579360.0, 5158510.0, 600570.0, 5180420.0]",0.0531136579811573,0.02967778593301773,0.0009154260624200106,0.7057128548622131,0.07939958572387695,0.018066566437482834,0.02300354465842247,0.029999999329447746,0.2246386706829071,34751,34751,34751,94839,100.0,100.0,70.0,-70.0,34751,True,
ndvi,data/NDVI/ECO_L2T_STARS.002_NDVI_20190623T071413_aid0001_32N.tif,ECO_L2T_STARS.002_NDVI_20190623T071413_aid0001_32N.tif,2019-06-23T07:14:13,2019-06-23,2019,6,23,7,14,13,2,9.0,morning,20190623T071413,filename_YYYYMMDDTHHMMSS,True,EPSG:32632,32632,303,313,GTiff,float32,,"[579360.0, 5158510.0, 600570.0, 5180420.0]",0.35812443494796753,0.30000001192092896,-0.9546226859092712,0.9998183250427246,0.2381896674633026,-0.028654159978032112,0.24251362681388855,0.5226461887359619,0.7869523763656616,34584,34584,34751,94839,99.51943828954562,99.51943828954562,70.0,-70.0,34751,True,
ndvi,data/NDVI/ECO_L2T_STARS.002_NDVI-UQ_20200402T150023_aid0001_32N.tif,ECO_L2T_STARS.002_NDVI-UQ_20200402T150023_aid0001_32N.tif,2020-04-02T15:00:23,2020-04-02,2020,4,2,15,0,23,2,17.0,evening,20200402T150023,filename_YYYYMMDDTHHMMSS,True,EPSG:32632,32632,303,313,GTiff,float32,,"[579360.0, 5158510.0, 600570.0, 5180420.0]",0.03268763795495033,0.02481231652200222,0.0010440704645588994,0.9626036286354065,0.03636031597852707,0.008332803845405579,0.016332266852259636,0.03482500836253166,0.08283406496047974,34749,34749,34751,94839,99.99424476993468,99.99424476993468,70.0,-70.0,34751,True,
ndvi,data/NDVI/ECO_L2T_STARS.002_NDVI_20200402T150023_aid0001_32N.tif,ECO_L2T_STARS.002_NDVI_20200402T150023_aid0001_32N.tif,2020-04-02T15:00:23,2020-04-02,2020,4,2,15,0,23,2,17.0,evening,20200402T150023,filename_YYYYMMDDTHHMMSS,True,EPSG:32632,32632,303,313,GTiff,float32,,"[579360.0, 5158510.0, 600570.0, 5180420.0]",0.10523869097232819,0.03643294423818588,-0.9560020565986633,0.9988665580749512,0.20435062050819397,-0.08060690015554428,-0.038340162485837936,0.18790054321289062,0.5716987252235413,34723,34723,34751,94839,99.9194267790855,99.9194267790855,70.0,-70.0,34751,True,
ndvi,data/NDVI/ECO_L2T_STARS.002_NDVI-UQ_20200403T141254_aid0001_32N.tif,ECO_L2T_STARS.002_NDVI-UQ_20200403T141254_aid0001_32N.tif,2020-04-03T14:12:54,2020-04-03,2020,4,3,14,12,54,2,16.0,evening,20200403T141254,filename_YYYYMMDDTHHMMSS,True,EPSG:32632,32632,303,313,GTiff,float32,,"[579360.0, 5158510.0, 600570.0, 5180420.0]",0.02489708922803402,0.019179904833436012,0.0008078313549049199,0.6506971716880798,0.03445560857653618,0.0009928529616445303,0.0009982828050851822,0.02953634038567543,0.07187683880329132,34751,34751,34751,94839,100.0,100.0,70.0,-70.0,34751,True,
ndvi,data/NDVI/ECO_L2T_STARS.002_NDVI_20200403T141254_aid0001_32N.tif,ECO_L2T_STARS.002_NDVI_20200403T141254_aid0001_32N.tif,2020-04-03T14:12:54,2020-04-03,2020,4,3,14,12,54,2,16.0,evening,20200403T141254,filename_YYYYMMDDTHHMMSS,True,EPSG:32632,32632,303,313,GTiff,float32,,"[579360.0, 5158510.0, 600570.0, 5180420.0]",0.08643420040607452,0.019131803885102272,-0.8874565958976746,0.9887991547584534,0.19725963473320007,-0.07818462699651718,-0.04140853136777878,0.13090479373931885,0.5572171211242676,34746,34746,34751,94839,99.98561192483669,99.98561192483669,70.0,-70.0,34751,True,
ndvi,data/NDVI/ECO_L2T_STARS.002_NDVI-UQ_20200403T141346_aid0001_32N.tif,ECO_L2T_STARS.002_NDVI-UQ_20200403T141346_aid0001_32N.tif,2020-04-03T14:13:46,2020-04-03,2020,4,3,14,13,46,2,16.0,evening,20200403T141346,filename_YYYYMMDDTHHMMSS,True,EPSG:32632,32632,8,313,GTiff,float32,,"[600000.0, 5158510.0, 600560.0, 5180420.0]",0.032305072993040085,0.035109203308820724,0.0008814967004582286,0.053534045815467834,0.014380283653736115,0.0009023870225064456,0.030138731002807617,0.04088456556200981,0.04941752180457115,94,94,94,2504,100.0,100.0,70.0,-70.0,94,True,
ndvi,data/NDVI/ECO_L2T_STARS.002_NDVI_20200403T141346_aid0001_32N.tif,ECO_L2T_STARS.002_NDVI_20200403T141346_aid0001_32N.tif,2020-04-03T14:13:46,2020-04-03,2020,4,3,14,13,46,2,16.0,evening,20200403T141346,filename_YYYYMMDDTHHMMSS,True,EPSG:32632,32632,8,313,GTiff,float32,,"[600000.0, 5158510.0, 600560.0, 5180420.0]",-0.0021434826776385307,-0.04232005029916763,-0.13924294710159302,0.30000001192092896,0.1259109526872635,-0.12509682774543762,-0.07494798302650452,0.011072233319282532,0.30000001192092896,94,94,94,2504,100.0,100.0,70.0,-70.0,94,True,
ndvi,data/NDVI/ECO_L2T_STARS.002_NDVI-UQ_20200404T132602_aid0001_32N.tif,ECO_L2T_STARS.002_NDVI-UQ_20200404T132602_aid0001_32N.tif,2020-04-04T13:26:02,2020-04-04,2020,4,4,13,26,2,2,15.0,midday_afternoon,20200404T132602,filename_YYYYMMDDTHHMMSS,True,EPSG:32632,32632,303,313,GTiff,float32,,"[579360.0, 5158510.0, 600570.0, 5180420.0]",0.032304100692272186,0.021917831152677536,0.00114728813059628,0.6608659625053406,0.04080856963992119,0.006484204903244972,0.01440469641238451,0.034373845905065536,0.0867648720741272,34751,34751,34751,94839,100.0,100.0,70.0,-70.0,34751,True,
ndvi,data/NDVI/ECO_L2T_STARS.002_NDVI_20200404T132602_aid0001_32N.tif,ECO_L2T_STARS.002_NDVI_20200404T132602_aid0001_32N.tif,2020-04-04T13:26:02,2020-04-04,2020,4,4,13,26,2,2,15.0,midday_afternoon,20200404T132602,filename_YYYYMMDDTHHMMSS,True,EPSG:32632,32632,303,313,GTiff,float32,,"[579360.0, 5158510.0, 600570.0, 5180420.0]",0.08687184005975723,0.01927150785923004,-0.934369683265686,0.988288402557373,0.19740568101406097,-0.08025506138801575,-0.041886117309331894,0.13515640795230865,0.5544928908348083,34746,34746,34751,94839,99.98561192483669,99.98561192483669,70.0,-70.0,34751,True,
ndvi,data/NDVI/ECO_L2T_STARS.002_NDVI-UQ_20200405T173001_aid0001_32N.tif,ECO_L2T_STARS.002_NDVI-UQ_20200405T173001_aid0001_32N.tif,2020-04-05T17:30:01,2020-04-05,2020,4,5,17,30,1,2,19.0,evening,20200405T173001,filename_YYYYMMDDTHHMMSS,True,EPSG:32632,32632,303,313,GTiff,float32,,"[579360.0, 5158510.0, 600570.0, 5180420.0]",0.0387980155646801,0.02525724284350872,0.0013865749351680279,0.7733030915260315,0.04869571328163147,0.010564856231212616,0.017597980797290802,0.040654487907886505,0.10697853565216064,34751,34751,34751,94839,100.0,100.0,70.0,-70.0,34751,True,
ndvi,data/NDVI/ECO_L2T_STARS.002_NDVI_20200405T173001_aid0001_32N.tif,ECO_L2T_STARS.002_NDVI_20200405T173001_aid0001_32N.tif,2020-04-05T17:30:01,2020-04-05,2020,4,5,17,30,1,2,19.0,evening,20200405T173001,filename_YYYYMMDDTHHMMSS,True,EPSG:32632,32632,303,313,GTiff,float32,,"[579360.0, 5158510.0, 600570.0, 5180420.0]",0.08028692752122879,0.00898871012032032,-0.8841968178749084,0.9979060292243958,0.20466811954975128,-0.09353895485401154,-0.05082715302705765,0.12517952919006348,0.5684378147125244,34742,34742,34751,94839,99.97410146470605,99.97410146470605,70.0,-70.0,34751,True,
ndvi,data/NDVI/ECO_L2T_STARS.002_NDVI-UQ_20200406T132843_aid0001_32N.tif,ECO_L2T_STARS.002_NDVI-UQ_20200406T132843_aid0001_32N.tif,2020-04-06T13:28:43,2020-04-06,2020,4,6,13,28,43,2,15.0,midday_afternoon,20200406T132843,filename_YYYYMMDDTHHMMSS,True,EPSG:32632,32632,303,313,GTiff,float32,,"[579360.0, 5158510.0, 600570.0, 5180420.0]",0.01338923815637827,0.010930817574262619,0.0008532557403668761,0.20743320882320404,0.014734425581991673,0.0009223997476510704,0.0009955825516954064,0.022947613149881363,0.037471480667591095,34751,34751,34751,94839,100.0,100.0,70.0,-70.0,34751,True,
ndvi,data/NDVI/ECO_L2T_STARS.002_NDVI_20200406T132843_aid0001_32N.tif,ECO_L2T_STARS.002_NDVI_20200406T132843_aid0001_32N.tif,2020-04-06T13:28:43,2020-04-06,2020,4,6,13,28,43,2,15.0,midday_afternoon,20200406T132843,filename_YYYYMMDDTHHMMSS,True,EPSG:32632,32632,303,313,GTiff,float32,,"[579360.0, 5158510.0, 600570.0, 5180420.0]",0.08230578899383545,-0.0062494901940226555,-0.7594365477561951,0.9995136857032776,0.22434471547603607,-0.10139702260494232,-0.0649251788854599,0.13544879853725433,0.6197149157524109,34738,34738,34751,94839,99.9625910045754,99.9625910045754,70.0,-70.0,34751,True,
ndvi,data/NDVI/ECO_L2T_STARS.002_NDVI-UQ_20200406T164324_aid0001_32N.tif,ECO_L2T_STARS.002_NDVI-UQ_20200406T164324_aid0001_32N.tif,2020-04-06T16:43:24,2020-04-06,2020,4,6,16,43,24,2,18.0,evening,20200406T164324,filename_YYYYMMDDTHHMMSS,True,EPSG:32632,32632,8,313,GTiff,float32,,"[600000.0, 5158510.0, 600560.0, 5180420.0]",0.04056314378976822,0.041657447814941406,0.00099270255304873,0.06960301846265793,0.015723954886198044,0.011449742130935192,0.03669428825378418,0.052586495876312256,0.06383690983057022,94,94,94,2504,100.0,100.0,70.0,-70.0,94,True,
ndvi,data/NDVI/ECO_L2T_STARS.002_NDVI_20200406T164324_aid0001_32N.tif,ECO_L2T_STARS.002_NDVI_20200406T164324_aid0001_32N.tif,2020-04-06T16:43:24,2020-04-06,2020,4,6,16,43,24,2,18.0,evening,20200406T164324,filename_YYYYMMDDTHHMMSS,True,EPSG:32632,32632,8,313,GTiff,float32,,"[600000.0, 5158510.0, 600560.0, 5180420.0]",-0.03475809097290039,-0.06291165947914124,-0.14286251366138458,0.1623450070619583,0.08355968445539474,-0.12863796949386597,-0.0902264267206192,0.0013094749301671982,0.14775994420051575,94,94,94,2504,100.0,100.0,70.0,-70.0,94,True,
ndvi,data/NDVI/ECO_L2T_STARS.002_NDVI-UQ_20200407T124113_aid0001_32N.tif,ECO_L2T_STARS.002_NDVI-UQ_20200407T124113_aid0001_32N.tif,2020-04-07T12:41:13,2020-04-07,2020,4,7,12,41,13,2,14.0,midday_afternoon,20200407T124113,filename_YYYYMMDDTHHMMSS,True,EPSG:32632,32632,303,313,GTiff,float32,,"[579360.0, 5158510.0, 600570.0, 5180420.0]",0.009726796299219131,0.0009992162231355906,0.0007383577176369727,0.261367529630661,0.015530901961028576,0.0008395747281610966,0.0009690014412626624,0.017264684662222862,0.036010656505823135,34751,34751,34751,94839,100.0,100.0,70.0,-70.0,34751,True,
ndvi,data/NDVI/ECO_L2T_STARS.002_NDVI_20200407T124113_aid0001_32N.tif,ECO_L2T_STARS.002_NDVI_20200407T124113_aid0001_32N.tif,2020-04-07T12:41:13,2020-04-07,2020,4,7,12,41,13,2,14.0,midday_afternoon,20200407T124113,filename_YYYYMMDDTHHMMSS,True,EPSG:32632,32632,303,313,GTiff,float32,,"[579360.0, 5158510.0, 600570.0, 5180420.0]",0.06892982125282288,-0.050186511129140854,-0.7493542432785034,0.9989763498306274,0.24994580447673798,-0.12236306071281433,-0.09878750890493393,0.15148301422595978,0.6460477709770203,34653,34653,34751,94839,99.71799372679922,99.71799372679922,70.0,-70.0,34751,True,
ndvi,data/NDVI/ECO_L2T_STARS.002_NDVI-UQ_20200407T124205_aid0001_32N.tif,ECO_L2T_STARS.002_NDVI-UQ_20200407T124205_aid0001_32N.tif,2020-04-07T12:42:05,2020-04-07,2020,4,7,12,42,5,2,14.0,midday_afternoon,20200407T124205,filename_YYYYMMDDTHHMMSS,True,EPSG:32632,32632,8,313,GTiff,float32,,"[600000.0, 5158510.0, 600560.0, 5180420.0]",0.022369399666786194,0.0038284938782453537,0.0009963031625375152,0.0648920014500618,0.022846044972538948,0.0009973327396437526,0.0009996573207899928,0.04423694312572479,0.056954532861709595,94,94,94,2504,100.0,100.0,70.0,-70.0,94,True,
ndvi,data/NDVI/ECO_L2T_STARS.002_NDVI_20200407T124205_aid0001_32N.tif,ECO_L2T_STARS.002_NDVI_20200407T124205_aid0001_32N.tif,2020-04-07T12:42:05,2020-04-07,2020,4,7,12,42,5,2,14.0,midday_afternoon,20200407T124205,filename_YYYYMMDDTHHMMSS,True,EPSG:32632,32632,8,313,GTiff,float32,,"[600000.0, 5158510.0, 600560.0, 5180420.0]",-0.09561256319284439,-0.10437450557947159,-0.17741981148719788,0.029003527015447617,0.04682325944304466,-0.1626529097557068,-0.11864171922206879,-0.0812399610877037,0.008130832575261593,94,94,94,2504,100.0,100.0,70.0,-70.0,94,True,
ndvi,data/NDVI/ECO_L2T_STARS.002_NDVI-UQ_20200408T115421_aid0001_32N.tif,ECO_L2T_STARS.002_NDVI-UQ_20200408T115421_aid0001_32N.tif,2020-04-08T11:54:21,2020-04-08,2020,4,8,11,54,21,2,13.0,midday_afternoon,20200408T115421,filename_YYYYMMDDTHHMMSS,True,EPSG:32632,32632,303,313,GTiff,float32,,"[579360.0, 5158510.0, 600570.0, 5180420.0]",0.013080962002277374,0.007525372784584761,0.0007220922852866352,0.2107754498720169,0.015882836654782295,0.0008241507457569242,0.0009943509940057993,0.02025885507464409,0.04192998260259628,34751,34751,34751,94839,100.0,100.0,70.0,-70.0,34751,True,
ndvi,data/NDVI/ECO_L2T_STARS.002_NDVI_20200408T115421_aid0001_32N.tif,ECO_L2T_STARS.002_NDVI_20200408T115421_aid0001_32N.tif,2020-04-08T11:54:21,2020-04-08,2020,4,8,11,54,21,2,13.0,midday_afternoon,20200408T115421,filename_YYYYMMDDTHHMMSS,True,EPSG:32632,32632,303,313,GTiff,float32,,"[579360.0, 5158510.0, 600570.0, 5180420.0]",0.06975197792053223,-0.047503963112831116,-0.7439400553703308,0.9996042251586914,0.2460668832063675,-0.1194736510515213,-0.09271040558815002,0.14932623505592346,0.6495472192764282,34707,34707,34751,94839,99.87338493856292,99.87338493856292,70.0,-70.0,34751,True,
ndvi,data/NDVI/ECO_L2T_STARS.002_NDVI-UQ_20200408T115513_aid0001_32N.tif,ECO_L2T_STARS.002_NDVI-UQ_20200408T115513_aid0001_32N.tif,2020-04-08T11:55:13,2020-04-08,2020,4,8,11,55,13,2,13.0,midday_afternoon,20200408T115513,filename_YYYYMMDDTHHMMSS,True,EPSG:32632,32632,8,313,GTiff,float32,,"[600000.0, 5158510.0, 600560.0, 5180420.0]",0.018993418663740158,0.0009867571061477065,0.0008457266958430409,0.06470625102519989,0.023135248571634293,0.000847606745082885,0.0009521080646663904,0.0436723418533802,0.05804375186562538,94,94,94,2504,100.0,100.0,70.0,-70.0,94,True,
ndvi,data/NDVI/ECO_L2T_STARS.002_NDVI_20200408T115513_aid0001_32N.tif,ECO_L2T_STARS.002_NDVI_20200408T115513_aid0001_32N.tif,2020-04-08T11:55:13,2020-04-08,2020,4,8,11,55,13,2,13.0,midday_afternoon,20200408T115513,filename_YYYYMMDDTHHMMSS,True,EPSG:32632,32632,8,313,GTiff,float32,,"[600000.0, 5158510.0, 600560.0, 5180420.0]",-0.08276215195655823,-0.08677655458450317,-0.15713682770729065,0.09577446430921555,0.041466373950242996,-0.14672894775867462,-0.09973234683275223,-0.07514884322881699,0.011189805343747139,94,94,94,2504,100.0,100.0,70.0,-70.0,94,True,
ndvi,data/NDVI/ECO_L2T_STARS.002_NDVI-UQ_20200410T115650_aid0001_32N.tif,ECO_L2T_STARS.002_NDVI-UQ_20200410T115650_aid0001_32N.tif,2020-04-10T11:56:50,2020-04-10,2020,4,10,11,56,50,2,13.0,midday_afternoon,20200410T115650,filename_YYYYMMDDTHHMMSS,True,EPSG:32632,32632,303,313,GTiff,float32,,"[579360.0, 5158510.0, 600570.0, 5180420.0]",0.02563564106822014,0.017341123893857002,0.002193865831941366,0.45159223675727844,0.024363966658711433,0.0071386001072824,0.011715215630829334,0.03093009814620018,0.07269798219203949,34751,34751,34751,94839,100.0,100.0,70.0,-70.0,34751,True,
ndvi,data/NDVI/ECO_L2T_STARS.002_NDVI_20200410T115650_aid0001_32N.tif,ECO_L2T_STARS.002_NDVI_20200410T115650_aid0001_32N.tif,2020-04-10T11:56:50,2020-04-10,2020,4,10,11,56,50,2,13.0,midday_afternoon,20200410T115650,filename_YYYYMMDDTHHMMSS,True,EPSG:32632,32632,303,313,GTiff,float32,,"[579360.0, 5158510.0, 600570.0, 5180420.0]",0.07403682917356491,-0.0473509356379509,-0.7506700158119202,0.9981560707092285,0.25394901633262634,-0.12216640263795853,-0.0928485170006752,0.15916572511196136,0.6676203608512878,34628,34628,34751,94839,99.64605335098271,99.64605335098271,70.0,-70.0,34751,True,
ndvi,data/NDVI/ECO_L2T_STARS.002_NDVI-UQ_20200410T151152_aid0001_32N.tif,ECO_L2T_STARS.002_NDVI-UQ_20200410T151152_aid0001_32N.tif,2020-04-10T15:11:52,2020-04-10,2020,4,10,15,11,52,2,17.0,evening,20200410T151152,filename_YYYYMMDDTHHMMSS,True,EPSG:32632,32632,8,313,GTiff,float32,,"[600000.0, 5158510.0, 600560.0, 5180420.0]",0.03353248909115791,0.03186243027448654,0.007428834214806557,0.07238689064979553,0.017092980444431305,0.008770056068897247,0.02079137973487377,0.0472833625972271,0.06379225105047226,94,94,94,2504,100.0,100.0,70.0,-70.0,94,True,
ndvi,data/NDVI/ECO_L2T_STARS.002_NDVI_20200410T151152_aid0001_32N.tif,ECO_L2T_STARS.002_NDVI_20200410T151152_aid0001_32N.tif,2020-04-10T15:11:52,2020-04-10,2020,4,10,15,11,52,2,17.0,evening,20200410T151152,filename_YYYYMMDDTHHMMSS,True,EPSG:32632,32632,8,313,GTiff,float32,,"[600000.0, 5158510.0, 600560.0, 5180420.0]",-0.08187723159790039,-0.08582611382007599,-0.1526644080877304,0.09048235416412354,0.039693620055913925,-0.14225301146507263,-0.097624771296978,-0.07561658322811127,0.007621232885867357,94,94,94,2504,100.0,100.0,70.0,-70.0,94,True,
ndvi,data/NDVI/ECO_L2T_STARS.002_NDVI-UQ_20200412T102223_aid0001_32N.tif,ECO_L2T_STARS.002_NDVI-UQ_20200412T102223_aid0001_32N.tif,2020-04-12T10:22:23,2020-04-12,2020,4,12,10,22,23,2,12.0,midday_afternoon,20200412T102223,filename_YYYYMMDDTHHMMSS,True,EPSG:32632,32632,303,313,GTiff,float32,,"[579360.0, 5158510.0, 600570.0, 5180420.0]",0.033236585557460785,0.019770272076129913,0.001384419621899724,0.9028705358505249,0.04642106592655182,0.008508952334523201,0.014051292091608047,0.030554499477148056,0.1099957674741745,34751,34751,34751,94839,100.0,100.0,70.0,-70.0,34751,True,
ndvi,data/NDVI/ECO_L2T_STARS.002_NDVI_20200412T102223_aid0001_32N.tif,ECO_L2T_STARS.002_NDVI_20200412T102223_aid0001_32N.tif,2020-04-12T10:22:23,2020-04-12,2020,4,12,10,22,23,2,12.0,midday_afternoon,20200412T102223,filename_YYYYMMDDTHHMMSS,True,EPSG:32632,32632,303,313,GTiff,float32,,"[579360.0, 5158510.0, 600570.0, 5180420.0]",0.07620985060930252,-0.04065197706222534,-0.880110502243042,0.9996216297149658,0.2549756169319153,-0.12433170527219772,-0.09510795772075653,0.1595166176557541,0.6734439134597778,34557,34557,34751,94839,99.44174268366378,99.44174268366378,70.0,-70.0,34751,True,
ndvi,data/NDVI/ECO_L2T_STARS.002_NDVI-UQ_20200413T142716_aid0001_32N.tif,ECO_L2T_STARS.002_NDVI-UQ_20200413T142716_aid0001_32N.tif,2020-04-13T14:27:16,2020-04-13,2020,4,13,14,27,16,2,16.0,evening,20200413T142716,filename_YYYYMMDDTHHMMSS,True,EPSG:32632,32632,303,313,GTiff,float32,,"[579360.0, 5158510.0, 600570.0, 5180420.0]",0.033795032650232315,0.019412904977798462,0.0007105981931090355,0.9759480357170105,0.05101435258984566,0.00694875605404377,0.01291859894990921,0.029999999329447746,0.11625898629426956,34751,34751,34751,94839,100.0,100.0,70.0,-70.0,34751,True,
ndvi,data/NDVI/ECO_L2T_STARS.002_NDVI_20200413T142716_aid0001_32N.tif,ECO_L2T_STARS.002_NDVI_20200413T142716_aid0001_32N.tif,2020-04-13T14:27:16,2020-04-13,2020,4,13,14,27,16,2,16.0,evening,20200413T142716,filename_YYYYMMDDTHHMMSS,True,EPSG:32632,32632,303,313,GTiff,float32,,"[579360.0, 5158510.0, 600570.0, 5180420.0]",0.07789374142885208,-0.03581605479121208,-0.9907273650169373,0.9998489022254944,0.25487861037254333,-0.1251663863658905,-0.0950135588645935,0.16418182849884033,0.6739808320999146,34558,34558,34751,94839,99.44462029869644,99.44462029869644,70.0,-70.0,34751,True,
ndvi,data/NDVI/ECO_L2T_STARS.002_NDVI-UQ_20200414T134001_aid0001_32N.tif,ECO_L2T_STARS.002_NDVI-UQ_20200414T134001_aid0001_32N.tif,2020-04-14T13:40:01,2020-04-14,2020,4,14,13,40,1,2,15.0,midday_afternoon,20200414T134001,filename_YYYYMMDDTHHMMSS,True,EPSG:32632,32632,8,313,GTiff,float32,,"[600000.0, 5158510.0, 600560.0, 5180420.0]",0.03668283671140671,0.0359460785984993,0.011392150074243546,0.07409558445215225,0.016385991126298904,0.012658209539949894,0.024521399289369583,0.04819667711853981,0.06544729322195053,94,94,94,2504,100.0,100.0,70.0,-70.0,94,True,
ndvi,data/NDVI/ECO_L2T_STARS.002_NDVI_20200414T134001_aid0001_32N.tif,ECO_L2T_STARS.002_NDVI_20200414T134001_aid0001_32N.tif,2020-04-14T13:40:01,2020-04-14,2020,4,14,13,40,1,2,15.0,midday_afternoon,20200414T134001,filename_YYYYMMDDTHHMMSS,True,EPSG:32632,32632,8,313,GTiff,float32,,"[600000.0, 5158510.0, 600560.0, 5180420.0]",-0.08801069855690002,-0.09318128228187561,-0.16576547920703888,0.0883651003241539,0.043247368186712265,-0.15507639944553375,-0.10798467695713043,-0.07780860364437103,0.0071711414493620396,94,94,94,2504,100.0,100.0,70.0,-70.0,94,True,
ndvi,data/NDVI/ECO_L2T_STARS.002_NDVI-UQ_20200415T093745_aid0001_32N.tif,ECO_L2T_STARS.002_NDVI-UQ_20200415T093745_aid0001_32N.tif,2020-04-15T09:37:45,2020-04-15,2020,4,15,9,37,45,2,11.0,midday_afternoon,20200415T093745,filename_YYYYMMDDTHHMMSS,True,EPSG:32632,32632,303,313,GTiff,float32,,"[579360.0, 5158510.0, 600570.0, 5180420.0]",0.0418214425444603,0.023572005331516266,0.001010417123325169,0.9951272010803223,0.06084035336971283,0.010800221003592014,0.01665002480149269,0.03909386694431305,0.13200782239437103,34747,34747,34751,94839,99.98848953986935,99.98848953986935,70.0,-70.0,34751,True,
ndvi,data/NDVI/ECO_L2T_STARS.002_NDVI_20200415T093745_aid0001_32N.tif,ECO_L2T_STARS.002_NDVI_20200415T093745_aid0001_32N.tif,2020-04-15T09:37:45,2020-04-15,2020,4,15,9,37,45,2,11.0,midday_afternoon,20200415T093745,filename_YYYYMMDDTHHMMSS,True,EPSG:32632,32632,303,313,GTiff,float32,,"[579360.0, 5158510.0, 600570.0, 5180420.0]",0.08486676961183548,0.04076717048883438,-0.7130882143974304,0.9969965219497681,0.18484154343605042,-0.11351919919252396,-0.052836447954177856,0.17806246876716614,0.43115001916885376,34719,34719,34751,94839,99.90791631895485,99.90791631895485,70.0,-70.0,34751,True,
ndvi,data/NDVI/ECO_L2T_STARS.002_NDVI-UQ_20200417T080401_aid0001_32N.tif,ECO_L2T_STARS.002_NDVI-UQ_20200417T080401_aid0001_32N.tif,2020-04-17T08:04:01,2020-04-17,2020,4,17,8,4,1,2,10.0,morning,20200417T080401,filename_YYYYMMDDTHHMMSS,True,EPSG:32632,32632,8,313,GTiff,float32,,"[600000.0, 5158510.0, 600560.0, 5180420.0]",0.03940301761031151,0.03973740339279175,0.013978775590658188,0.07408251613378525,0.015300535596907139,0.015330891124904156,0.030963454395532608,0.049219757318496704,0.06564176827669144,94,94,94,2504,100.0,100.0,70.0,-70.0,94,True,
ndvi,data/NDVI/ECO_L2T_STARS.002_NDVI_20200417T080401_aid0001_32N.tif,ECO_L2T_STARS.002_NDVI_20200417T080401_aid0001_32N.tif,2020-04-17T08:04:01,2020-04-17,2020,4,17,8,4,1,2,10.0,morning,20200417T080401,filename_YYYYMMDDTHHMMSS,True,EPSG:32632,32632,8,313,GTiff,float32,,"[600000.0, 5158510.0, 600560.0, 5180420.0]",-0.07340365648269653,-0.08206561207771301,-0.1526835709810257,0.10690055042505264,0.047571394592523575,-0.14258259534835815,-0.09693589806556702,-0.0640602707862854,0.018589196726679802,94,94,94,2504,100.0,100.0,70.0,-70.0,94,True,
ndvi,data/NDVI/ECO_L2T_STARS.002_NDVI-UQ_20200417T125534_aid0001_32N.tif,ECO_L2T_STARS.002_NDVI-UQ_20200417T125534_aid0001_32N.tif,2020-04-17T12:55:34,2020-04-17,2020,4,17,12,55,34,2,14.0,midday_afternoon,20200417T125534,filename_YYYYMMDDTHHMMSS,True,EPSG:32632,32632,303,313,GTiff,float32,,"[579360.0, 5158510.0, 600570.0, 5180420.0]",0.046525128185749054,0.024348152801394463,0.0058068023063242435,0.8372739553451538,0.0663623958826065,0.011141337454319,0.017424333840608597,0.04201534390449524,0.17235207557678223,34751,34751,34751,94839,100.0,100.0,70.0,-70.0,34751,True,
ndvi,data/NDVI/ECO_L2T_STARS.002_NDVI_20200417T125534_aid0001_32N.tif,ECO_L2T_STARS.002_NDVI_20200417T125534_aid0001_32N.tif,2020-04-17T12:55:34,2020-04-17,2020,4,17,12,55,34,2,14.0,midday_afternoon,20200417T125534,filename_YYYYMMDDTHHMMSS,True,EPSG:32632,32632,303,313,GTiff,float32,,"[579360.0, 5158510.0, 600570.0, 5180420.0]",0.10720551013946533,0.07345490902662277,-0.6283868551254272,0.9979344606399536,0.15817083418369293,-0.09213678538799286,-0.010313845239579678,0.2065211534500122,0.3952532112598419,34744,34744,34751,94839,99.97985669477137,99.97985669477137,70.0,-70.0,34751,True,
ndvi,data/NDVI/ECO_L2T_STARS.002_NDVI-UQ_20200418T120825_aid0001_32N.tif,ECO_L2T_STARS.002_NDVI-UQ_20200418T120825_aid0001_32N.tif,2020-04-18T12:08:25,2020-04-18,2020,4,18,12,8,25,2,14.0,midday_afternoon,20200418T120825,filename_YYYYMMDDTHHMMSS,True,EPSG:32632,32632,303,313,GTiff,float32,,"[579360.0, 5158510.0, 600570.0, 5180420.0]",0.04519244655966759,0.02434806153178215,0.010061032138764858,0.7317285537719727,0.062102530151605606,0.011912967078387737,0.017042746767401695,0.04205145686864853,0.15737774968147278,34751,34751,34751,94839,100.0,100.0,70.0,-70.0,34751,True,
ndvi,data/NDVI/ECO_L2T_STARS.002_NDVI_20200418T120825_aid0001_32N.tif,ECO_L2T_STARS.002_NDVI_20200418T120825_aid0001_32N.tif,2020-04-18T12:08:25,2020-04-18,2020,4,18,12,8,25,2,14.0,midday_afternoon,20200418T120825,filename_YYYYMMDDTHHMMSS,True,EPSG:32632,32632,303,313,GTiff,float32,,"[579360.0, 5158510.0, 600570.0, 5180420.0]",0.1129331886768341,0.07896006107330322,-0.5579596161842346,0.9995918869972229,0.16612130403518677,-0.09228917956352234,-0.005413810722529888,0.19697239995002747,0.42965930700302124,34738,34738,34751,94839,99.9625910045754,99.9625910045754,70.0,-70.0,34751,True,
ndvi,data/NDVI/ECO_L2T_STARS.002_NDVI-UQ_20200420T071807_aid0001_32N.tif,ECO_L2T_STARS.002_NDVI-UQ_20200420T071807_aid0001_32N.tif,2020-04-20T07:18:07,2020-04-20,2020,4,20,7,18,7,2,9.0,morning,20200420T071807,filename_YYYYMMDDTHHMMSS,True,EPSG:32632,32632,303,313,GTiff,float32,,"[579360.0, 5158510.0, 600570.0, 5180420.0]",0.03978374972939491,0.023768002167344093,0.010104815475642681,0.6537919044494629,0.05345913767814636,0.011379119008779526,0.016389276832342148,0.033389199525117874,0.13414686918258667,34751,34751,34751,94839,100.0,100.0,70.0,-70.0,34751,True,
ndvi,data/NDVI/ECO_L2T_STARS.002_NDVI_20200420T071807_aid0001_32N.tif,ECO_L2T_STARS.002_NDVI_20200420T071807_aid0001_32N.tif,2020-04-20T07:18:07,2020-04-20,2020,4,20,7,18,7,2,9.0,morning,20200420T071807,filename_YYYYMMDDTHHMMSS,True,EPSG:32632,32632,303,313,GTiff,float32,,"[579360.0, 5158510.0, 600570.0, 5180420.0]",0.12328450381755829,0.09172499924898148,-0.4834321439266205,0.9938989877700806,0.16638852655887604,-0.08672904223203659,0.0019359115976840258,0.21579764783382416,0.43408647179603577,34743,34743,34751,94839,99.97697907973871,99.97697907973871,70.0,-70.0,34751,True,
ndvi,data/NDVI/ECO_L2T_STARS.002_NDVI-UQ_20200420T071859_aid0001_32N.tif,ECO_L2T_STARS.002_NDVI-UQ_20200420T071859_aid0001_32N.tif,2020-04-20T07:18:59,2020-04-20,2020,4,20,7,18,59,2,9.0,morning,20200420T071859,filename_YYYYMMDDTHHMMSS,True,EPSG:32632,32632,8,313,GTiff,float32,,"[600000.0, 5158510.0, 600560.0, 5180420.0]",0.021558664739131927,0.018412886187434196,0.013600246049463749,0.07336810231208801,0.012211629189550877,0.014054608531296253,0.016915734857320786,0.02007879875600338,0.0593850240111351,94,94,94,2504,100.0,100.0,70.0,-70.0,94,True,
ndvi,data/NDVI/ECO_L2T_STARS.002_NDVI_20200420T071859_aid0001_32N.tif,ECO_L2T_STARS.002_NDVI_20200420T071859_aid0001_32N.tif,2020-04-20T07:18:59,2020-04-20,2020,4,20,7,18,59,2,9.0,morning,20200420T071859,filename_YYYYMMDDTHHMMSS,True,EPSG:32632,32632,8,313,GTiff,float32,,"[600000.0, 5158510.0, 600560.0, 5180420.0]",0.011652437038719654,0.011109558865427971,-0.0700489804148674,0.11621146649122238,0.04554916173219681,-0.05849359184503555,-0.028744664043188095,0.049330659210681915,0.08036616444587708,94,94,94,2504,100.0,100.0,70.0,-70.0,94,True,
ndvi,data/NDVI/ECO_L2T_STARS.002_NDVI-UQ_20200421T112222_aid0001_32N.tif,ECO_L2T_STARS.002_NDVI-UQ_20200421T112222_aid0001_32N.tif,2020-04-21T11:22:22,2020-04-21,2020,4,21,11,22,22,2,13.0,midday_afternoon,20200421T112222,filename_YYYYMMDDTHHMMSS,True,EPSG:32632,32632,303,313,GTiff,float32,,"[579360.0, 5158510.0, 600570.0, 5180420.0]",0.03740619122982025,0.023768002167344093,0.010038843378424644,0.6471585631370544,0.05051351711153984,0.010702727362513542,0.016246981918811798,0.029999999329447746,0.12761297821998596,34751,34751,34751,94839,100.0,100.0,70.0,-70.0,34751,True,
ndvi,data/NDVI/ECO_L2T_STARS.002_NDVI_20200421T112222_aid0001_32N.tif,ECO_L2T_STARS.002_NDVI_20200421T112222_aid0001_32N.tif,2020-04-21T11:22:22,2020-04-21,2020,4,21,11,22,22,2,13.0,midday_afternoon,20200421T112222,filename_YYYYMMDDTHHMMSS,True,EPSG:32632,32632,303,313,GTiff,float32,,"[579360.0, 5158510.0, 600570.0, 5180420.0]",0.129466250538826,0.09896258264780045,-0.3865794539451599,0.9890037178993225,0.16583392024040222,-0.08017133921384811,0.005131118465214968,0.22749315202236176,0.4392731487751007,34739,34739,34751,94839,99.96546861960806,99.96546861960806,70.0,-70.0,34751,True,
ndvi,data/NDVI/ECO_L2T_STARS.002_NDVI-UQ_20200422T103439_aid0001_32N.tif,ECO_L2T_STARS.002_NDVI-UQ_20200422T103439_aid0001_32N.tif,2020-04-22T10:34:39,2020-04-22,2020,4,22,10,34,39,2,12.0,midday_afternoon,20200422T103439,filename_YYYYMMDDTHHMMSS,True,EPSG:32632,32632,303,313,GTiff,float32,,"[579360.0, 5158510.0, 600570.0, 5180420.0]",0.05183582752943039,0.025689376518130302,0.010026145726442337,0.7266833782196045,0.07239362597465515,0.011139456182718277,0.01941743865609169,0.04069599509239197,0.20378562808036804,34751,34751,34751,94839,100.0,100.0,70.0,-70.0,34751,True,
ndvi,data/NDVI/ECO_L2T_STARS.002_NDVI_20200422T103439_aid0001_32N.tif,ECO_L2T_STARS.002_NDVI_20200422T103439_aid0001_32N.tif,2020-04-22T10:34:39,2020-04-22,2020,4,22,10,34,39,2,12.0,midday_afternoon,20200422T103439,filename_YYYYMMDDTHHMMSS,True,EPSG:32632,32632,303,313,GTiff,float32,,"[579360.0, 5158510.0, 600570.0, 5180420.0]",0.13874606788158417,0.09165579080581665,-0.27324381470680237,0.9469203352928162,0.18815667927265167,-0.08333002030849457,-0.003708909498527646,0.2507089376449585,0.527452826499939,34751,34751,34751,94839,100.0,100.0,70.0,-70.0,34751,True,
ndvi,data/NDVI/ECO_L2T_STARS.002_NDVI-UQ_20200423T063205_aid0001_32N.tif,ECO_L2T_STARS.002_NDVI-UQ_20200423T063205_aid0001_32N.tif,2020-04-23T06:32:05,2020-04-23,2020,4,23,6,32,5,2,8.0,morning,20200423T063205,filename_YYYYMMDDTHHMMSS,True,EPSG:32632,32632,303,313,GTiff,float32,,"[579360.0, 5158510.0, 600570.0, 5180420.0]",0.01752321980893612,0.000999877811409533,0.0009951015235856175,0.5460468530654907,0.03883814811706543,0.0009965284261852503,0.0009991188999265432,0.02420342154800892,0.08676087856292725,34751,34751,34751,94839,100.0,100.0,70.0,-70.0,34751,True,
ndvi,data/NDVI/ECO_L2T_STARS.002_NDVI_20200423T063205_aid0001_32N.tif,ECO_L2T_STARS.002_NDVI_20200423T063205_aid0001_32N.tif,2020-04-23T06:32:05,2020-04-23,2020,4,23,6,32,5,2,8.0,morning,20200423T063205,filename_YYYYMMDDTHHMMSS,True,EPSG:32632,32632,303,313,GTiff,float32,,"[579360.0, 5158510.0, 600570.0, 5180420.0]",0.14043690264225006,0.043413788080215454,-0.996698796749115,0.9919674396514893,0.26766660809516907,-0.12344195693731308,-0.0826222226023674,0.30000001192092896,0.6779763102531433,34741,34741,34751,94839,99.97122384967338,99.97122384967338,70.0,-70.0,34751,True,
ndvi,data/NDVI/ECO_L2T_STARS.002_NDVI-UQ_20200424T054455_aid0001_32N.tif,ECO_L2T_STARS.002_NDVI-UQ_20200424T054455_aid0001_32N.tif,2020-04-24T05:44:55,2020-04-24,2020,4,24,5,44,55,2,7.0,morning,20200424T054455,filename_YYYYMMDDTHHMMSS,True,EPSG:32632,32632,303,313,GTiff,float32,,"[579360.0, 5158510.0, 600570.0, 5180420.0]",0.030000468716025352,0.014070861041545868,0.0010281407739967108,0.5806220173835754,0.04271499067544937,0.002177271991968155,0.010049753822386265,0.030758172273635864,0.11550377309322357,34751,34751,34751,94839,100.0,100.0,70.0,-70.0,34751,True,
ndvi,data/NDVI/ECO_L2T_STARS.002_NDVI_20200424T054455_aid0001_32N.tif,ECO_L2T_STARS.002_NDVI_20200424T054455_aid0001_32N.tif,2020-04-24T05:44:55,2020-04-24,2020,4,24,5,44,55,2,7.0,morning,20200424T054455,filename_YYYYMMDDTHHMMSS,True,EPSG:32632,32632,303,313,GTiff,float32,,"[579360.0, 5158510.0, 600570.0, 5180420.0]",0.1394750326871872,0.04237576946616173,-0.9740104675292969,0.996785044670105,0.26719096302986145,-0.12360960990190506,-0.08177536725997925,0.30000001192092896,0.6773667335510254,34733,34733,34751,94839,99.9482029294121,99.9482029294121,70.0,-70.0,34751,True,
ndvi,data/NDVI/ECO_L2T_STARS.002_NDVI-UQ_20200425T094722_aid0001_32N.tif,ECO_L2T_STARS.002_NDVI-UQ_20200425T094722_aid0001_32N.tif,2020-04-25T09:47:22,2020-04-25,2020,4,25,9,47,22,2,11.0,midday_afternoon,20200425T094722,filename_YYYYMMDDTHHMMSS,True,EPSG:32632,32632,303,313,GTiff,float32,,"[579360.0, 5158510.0, 600570.0, 5180420.0]",0.03526023030281067,0.016871599480509758,0.0010548910358920693,0.6132920980453491,0.04662718251347542,0.003709102049469948,0.014177215285599232,0.03396858647465706,0.1317969560623169,34751,34751,34751,94839,100.0,100.0,70.0,-70.0,34751,True,
ndvi,data/NDVI/ECO_L2T_STARS.002_NDVI_20200425T094722_aid0001_32N.tif,ECO_L2T_STARS.002_NDVI_20200425T094722_aid0001_32N.tif,2020-04-25T09:47:22,2020-04-25,2020,4,25,9,47,22,2,11.0,midday_afternoon,20200425T094722,filename_YYYYMMDDTHHMMSS,True,EPSG:32632,32632,303,313,GTiff,float32,,"[579360.0, 5158510.0, 600570.0, 5180420.0]",0.13952605426311493,0.041729070246219635,-0.9778974056243896,0.9994339942932129,0.26826244592666626,-0.12381193786859512,-0.0817258283495903,0.30000001192092896,0.6807519793510437,34729,34729,34751,94839,99.93669246928147,99.93669246928147,70.0,-70.0,34751,True,
ndvi,data/NDVI/ECO_L2T_STARS.002_NDVI-UQ_20200426T090028_aid0001_32N.tif,ECO_L2T_STARS.002_NDVI-UQ_20200426T090028_aid0001_32N.tif,2020-04-26T09:00:28,2020-04-26,2020,4,26,9,0,28,2,11.0,midday_afternoon,20200426T090028,filename_YYYYMMDDTHHMMSS,True,EPSG:32632,32632,303,313,GTiff,float32,,"[579360.0, 5158510.0, 600570.0, 5180420.0]",0.03952517360448837,0.018722092732787132,0.0009814138757064939,0.6460448503494263,0.05005904659628868,0.0048913778737187386,0.0173491258174181,0.035949140787124634,0.14682629704475403,34751,34751,34751,94839,100.0,100.0,70.0,-70.0,34751,True,
ndvi,data/NDVI/ECO_L2T_STARS.002_NDVI_20200426T090028_aid0001_32N.tif,ECO_L2T_STARS.002_NDVI_20200426T090028_aid0001_32N.tif,2020-04-26T09:00:28,2020-04-26,2020,4,26,9,0,28,2,11.0,midday_afternoon,20200426T090028,filename_YYYYMMDDTHHMMSS,True,EPSG:32632,32632,303,313,GTiff,float32,,"[579360.0, 5158510.0, 600570.0, 5180420.0]",0.13706208765506744,0.04198739677667618,-0.9668039679527283,0.9997239112854004,0.26511135697364807,-0.12376631051301956,-0.08105646073818207,0.2979605793952942,0.6730237007141113,34723,34723,34751,94839,99.9194267790855,99.9194267790855,70.0,-70.0,34751,True,
ndvi,data/NDVI/ECO_L2T_STARS.002_NDVI-UQ_20200427T045824_aid0001_32N.tif,ECO_L2T_STARS.002_NDVI-UQ_20200427T045824_aid0001_32N.tif,2020-04-27T04:58:24,2020-04-27,2020,4,27,4,58,24,2,6.0,morning,20200427T045824,filename_YYYYMMDDTHHMMSS,True,EPSG:32632,32632,303,313,GTiff,float32,,"[579360.0, 5158510.0, 600570.0, 5180420.0]",0.043272774666547775,0.02060452103614807,0.0014778150944039226,0.6768802404403687,0.053284063935279846,0.008616704493761063,0.020024776458740234,0.037405356764793396,0.15782153606414795,34751,34751,34751,94839,100.0,100.0,70.0,-70.0,34751,True,
ndvi,data/NDVI/ECO_L2T_STARS.002_NDVI_20200427T045824_aid0001_32N.tif,ECO_L2T_STARS.002_NDVI_20200427T045824_aid0001_32N.tif,2020-04-27T04:58:24,2020-04-27,2020,4,27,4,58,24,2,6.0,morning,20200427T045824,filename_YYYYMMDDTHHMMSS,True,EPSG:32632,32632,303,313,GTiff,float32,,"[579360.0, 5158510.0, 600570.0, 5180420.0]",0.13686667382717133,0.041352711617946625,-0.9698073863983154,0.9996145367622375,0.26573994755744934,-0.12499261647462845,-0.08106574416160583,0.297152042388916,0.674980103969574,34694,34694,34751,94839,99.83597594313832,99.83597594313832,70.0,-70.0,34751,True,
ndvi,data/NDVI/ECO_L2T_STARS.002_NDVI-UQ_20200429T081408_aid0001_32N.tif,ECO_L2T_STARS.002_NDVI-UQ_20200429T081408_aid0001_32N.tif,2020-04-29T08:14:08,2020-04-29,2020,4,29,8,14,8,2,10.0,morning,20200429T081408,filename_YYYYMMDDTHHMMSS,True,EPSG:32632,32632,303,313,GTiff,float32,,"[579360.0, 5158510.0, 600570.0, 5180420.0]",0.052217427641153336,0.024515300989151,0.003176775062456727,0.677026629447937,0.06507860124111176,0.01425699982792139,0.02451511286199093,0.03999999910593033,0.19719383120536804,34751,34751,34751,94839,100.0,100.0,70.0,-70.0,34751,True,
ndvi,data/NDVI/ECO_L2T_STARS.002_NDVI_20200429T081408_aid0001_32N.tif,ECO_L2T_STARS.002_NDVI_20200429T081408_aid0001_32N.tif,2020-04-29T08:14:08,2020-04-29,2020,4,29,8,14,8,2,10.0,morning,20200429T081408,filename_YYYYMMDDTHHMMSS,True,EPSG:32632,32632,303,313,GTiff,float32,,"[579360.0, 5158510.0, 600570.0, 5180420.0]",0.11686666309833527,0.026639923453330994,-0.9187415838241577,0.9990184307098389,0.25338509678840637,-0.1264759600162506,-0.08178090304136276,0.25159507989883423,0.6561769843101501,34707,34707,34751,94839,99.87338493856292,99.87338493856292,70.0,-70.0,34751,True,
ndvi,data/NDVI/ECO_L2T_STARS.002_NDVI-UQ_20200430T072602_aid0001_32N.tif,ECO_L2T_STARS.002_NDVI-UQ_20200430T072602_aid0001_32N.tif,2020-04-30T07:26:02,2020-04-30,2020,4,30,7,26,2,2,9.0,morning,20200430T072602,filename_YYYYMMDDTHHMMSS,True,EPSG:32632,32632,8,313,GTiff,float32,,"[600000.0, 5158510.0, 600560.0, 5180420.0]",0.019816432148218155,0.01833828166127205,0.01559824775904417,0.037301402539014816,0.004707738291472197,0.01673915982246399,0.017653776332736015,0.018850915133953094,0.03338645026087761,94,94,94,2504,100.0,100.0,70.0,-70.0,94,True,
ndvi,data/NDVI/ECO_L2T_STARS.002_NDVI_20200430T072602_aid0001_32N.tif,ECO_L2T_STARS.002_NDVI_20200430T072602_aid0001_32N.tif,2020-04-30T07:26:02,2020-04-30,2020,4,30,7,26,2,2,9.0,morning,20200430T072602,filename_YYYYMMDDTHHMMSS,True,EPSG:32632,32632,8,313,GTiff,float32,,"[600000.0, 5158510.0, 600560.0, 5180420.0]",-0.08334919065237045,-0.09644360840320587,-0.13818953931331635,0.23510752618312836,0.053998447954654694,-0.11919864267110825,-0.10245150327682495,-0.08475169539451599,-0.02006833255290985,94,94,94,2504,100.0,100.0,70.0,-70.0,94,True,
ndvi,data/NDVI/ECO_L2T_STARS.002_NDVI-UQ_20200503T063900_aid0001_32N.tif,ECO_L2T_STARS.002_NDVI-UQ_20200503T063900_aid0001_32N.tif,2020-05-03T06:39:00,2020-05-03,2020,5,3,6,39,0,2,8.0,morning,20200503T063900,filename_YYYYMMDDTHHMMSS,True,EPSG:32632,32632,303,313,GTiff,float32,,"[579360.0, 5158510.0, 600570.0, 5180420.0]",0.05102638155221939,0.03163856267929077,0.0008787171100266278,0.7915297150611877,0.06824986636638641,0.000999230076558888,0.02690315619111061,0.042730528861284256,0.18807613849639893,34751,34751,34751,94839,100.0,100.0,70.0,-70.0,34751,True,
ndvi,data/NDVI/ECO_L2T_STARS.002_NDVI_20200503T063900_aid0001_32N.tif,ECO_L2T_STARS.002_NDVI_20200503T063900_aid0001_32N.tif,2020-05-03T06:39:00,2020-05-03,2020,5,3,6,39,0,2,8.0,morning,20200503T063900,filename_YYYYMMDDTHHMMSS,True,EPSG:32632,32632,303,313,GTiff,float32,,"[579360.0, 5158510.0, 600570.0, 5180420.0]",0.13850459456443787,0.04026038572192192,-0.8879478573799133,0.9998390674591064,0.2670948803424835,-0.12493672966957092,-0.06427036225795746,0.2798822522163391,0.7004075050354004,34691,34691,34751,94839,99.82734309804034,99.82734309804034,70.0,-70.0,34751,True,
ndvi,data/NDVI/ECO_L2T_STARS.002_NDVI-UQ_20200503T063952_aid0001_32N.tif,ECO_L2T_STARS.002_NDVI-UQ_20200503T063952_aid0001_32N.tif,2020-05-03T06:39:52,2020-05-03,2020,5,3,6,39,52,2,8.0,morning,20200503T063952,filename_YYYYMMDDTHHMMSS,True,EPSG:32632,32632,8,313,GTiff,float32,,"[600000.0, 5158510.0, 600560.0, 5180420.0]",0.021280920132994652,0.024731677025556564,0.0009993220446631312,0.026270929723978043,0.008512701839208603,0.0009993435814976692,0.024294069036841393,0.025241993367671967,0.025629455223679543,94,94,94,2504,100.0,100.0,70.0,-70.0,94,True,
ndvi,data/NDVI/ECO_L2T_STARS.002_NDVI_20200503T063952_aid0001_32N.tif,ECO_L2T_STARS.002_NDVI_20200503T063952_aid0001_32N.tif,2020-05-03T06:39:52,2020-05-03,2020,5,3,6,39,52,2,8.0,morning,20200503T063952,filename_YYYYMMDDTHHMMSS,True,EPSG:32632,32632,8,313,GTiff,float32,,"[600000.0, 5158510.0, 600560.0, 5180420.0]",-0.07027092576026917,-0.09034459292888641,-0.13818953931331635,0.23685850203037262,0.06103881075978279,-0.11919864267110825,-0.10245150327682495,-0.06702470779418945,0.01869194582104683,94,94,94,2504,100.0,100.0,70.0,-70.0,94,True,
ndvi,data/NDVI/ECO_L2T_STARS.002_NDVI-UQ_20200604T140144_aid0001_32N.tif,ECO_L2T_STARS.002_NDVI-UQ_20200604T140144_aid0001_32N.tif,2020-06-04T14:01:44,2020-06-04,2020,6,4,14,1,44,2,16.0,evening,20200604T140144,filename_YYYYMMDDTHHMMSS,True,EPSG:32632,32632,303,313,GTiff,float32,,"[579360.0, 5158510.0, 600570.0, 5180420.0]",0.03461051359772682,0.02529432810842991,0.0011738404864445329,0.5727142095565796,0.04239342361688614,0.009547713212668896,0.017349116504192352,0.029999999329447746,0.11259295791387558,34751,34751,34751,94839,100.0,100.0,70.0,-70.0,34751,True,
ndvi,data/NDVI/ECO_L2T_STARS.002_NDVI_20200604T140144_aid0001_32N.tif,ECO_L2T_STARS.002_NDVI_20200604T140144_aid0001_32N.tif,2020-06-04T14:01:44,2020-06-04,2020,6,4,14,1,44,2,16.0,evening,20200604T140144,filename_YYYYMMDDTHHMMSS,True,EPSG:32632,32632,303,313,GTiff,float32,,"[579360.0, 5158510.0, 600570.0, 5180420.0]",0.35398954153060913,0.30000001192092896,-0.929511547088623,0.9988917112350464,0.21182328462600708,0.00993574783205986,0.2304736226797104,0.506424605846405,0.7201703190803528,34705,34705,34751,94839,99.8676297084976,99.8676297084976,70.0,-70.0,34751,True,
ndvi,data/NDVI/ECO_L2T_STARS.002_NDVI-UQ_20200605T131348_aid0001_32N.tif,ECO_L2T_STARS.002_NDVI-UQ_20200605T131348_aid0001_32N.tif,2020-06-05T13:13:48,2020-06-05,2020,6,5,13,13,48,2,15.0,midday_afternoon,20200605T131348,filename_YYYYMMDDTHHMMSS,True,EPSG:32632,32632,303,313,GTiff,float32,,"[579360.0, 5158510.0, 600570.0, 5180420.0]",0.03919379040598869,0.03139062225818634,0.0007495608879253268,0.8812614679336548,0.04427819699048996,0.010118933394551277,0.021612264215946198,0.03648683428764343,0.11420325934886932,34751,34751,34751,94839,100.0,100.0,70.0,-70.0,34751,True,
ndvi,data/NDVI/ECO_L2T_STARS.002_NDVI_20200605T131348_aid0001_32N.tif,ECO_L2T_STARS.002_NDVI_20200605T131348_aid0001_32N.tif,2020-06-05T13:13:48,2020-06-05,2020,6,5,13,13,48,2,15.0,midday_afternoon,20200605T131348,filename_YYYYMMDDTHHMMSS,True,EPSG:32632,32632,303,313,GTiff,float32,,"[579360.0, 5158510.0, 600570.0, 5180420.0]",0.30448880791664124,0.27221494913101196,-0.9301384091377258,0.999639630317688,0.28443995118141174,-0.07069016993045807,0.037091076374053955,0.5601983070373535,0.7523269653320312,34499,34499,34751,94839,99.27484101176944,99.27484101176944,70.0,-70.0,34751,True,
ndvi,data/NDVI/ECO_L2T_STARS.002_NDVI-UQ_20200606T122604_aid0001_32N.tif,ECO_L2T_STARS.002_NDVI-UQ_20200606T122604_aid0001_32N.tif,2020-06-06T12:26:04,2020-06-06,2020,6,6,12,26,4,2,14.0,midday_afternoon,20200606T122604,filename_YYYYMMDDTHHMMSS,True,EPSG:32632,32632,303,313,GTiff,float32,,"[579360.0, 5158510.0, 600570.0, 5180420.0]",0.0367872416973114,0.027191143482923508,0.000779525435063988,0.5807341933250427,0.04456181824207306,0.010618459433317184,0.020024776458740234,0.029999999329447746,0.11971977353096008,34751,34751,34751,94839,100.0,100.0,70.0,-70.0,34751,True,
ndvi,data/NDVI/ECO_L2T_STARS.002_NDVI_20200606T122604_aid0001_32N.tif,ECO_L2T_STARS.002_NDVI_20200606T122604_aid0001_32N.tif,2020-06-06T12:26:04,2020-06-06,2020,6,6,12,26,4,2,14.0,midday_afternoon,20200606T122604,filename_YYYYMMDDTHHMMSS,True,EPSG:32632,32632,303,313,GTiff,float32,,"[579360.0, 5158510.0, 600570.0, 5180420.0]",0.3566891849040985,0.30000001192092896,-0.49779796600341797,0.999191164970398,0.21327166259288788,0.013375318609178066,0.22910356521606445,0.5078648328781128,0.728951632976532,34681,34681,34751,94839,99.79856694771372,99.79856694771372,70.0,-70.0,34751,True,
ndvi,data/NDVI/ECO_L2T_STARS.002_NDVI-UQ_20200607T162956_aid0001_32N.tif,ECO_L2T_STARS.002_NDVI-UQ_20200607T162956_aid0001_32N.tif,2020-06-07T16:29:56,2020-06-07,2020,6,7,16,29,56,2,18.0,evening,20200607T162956,filename_YYYYMMDDTHHMMSS,True,EPSG:32632,32632,303,313,GTiff,float32,,"[579360.0, 5158510.0, 600570.0, 5180420.0]",0.042357638478279114,0.034391872584819794,0.011235092766582966,0.8813746571540833,0.04298500716686249,0.016229897737503052,0.025159385055303574,0.03896072879433632,0.11417049169540405,34751,34751,34751,94839,100.0,100.0,70.0,-70.0,34751,True,
ndvi,data/NDVI/ECO_L2T_STARS.002_NDVI_20200607T162956_aid0001_32N.tif,ECO_L2T_STARS.002_NDVI_20200607T162956_aid0001_32N.tif,2020-06-07T16:29:56,2020-06-07,2020,6,7,16,29,56,2,18.0,evening,20200607T162956,filename_YYYYMMDDTHHMMSS,True,EPSG:32632,32632,303,313,GTiff,float32,,"[579360.0, 5158510.0, 600570.0, 5180420.0]",0.3029414117336273,0.26954174041748047,-0.9324595928192139,0.9994377493858337,0.28461045026779175,-0.07087928056716919,0.03585483133792877,0.5563700795173645,0.7543312311172485,34460,34460,34751,94839,99.16261402549567,99.16261402549567,70.0,-70.0,34751,True,
ndvi,data/NDVI/ECO_L2T_STARS.002_NDVI-UQ_20200608T122708_aid0001_32N.tif,ECO_L2T_STARS.002_NDVI-UQ_20200608T122708_aid0001_32N.tif,2020-06-08T12:27:08,2020-06-08,2020,6,8,12,27,8,2,14.0,midday_afternoon,20200608T122708,filename_YYYYMMDDTHHMMSS,True,EPSG:32632,32632,303,313,GTiff,float32,,"[579360.0, 5158510.0, 600570.0, 5180420.0]",0.025418704375624657,0.02576425112783909,0.015034656971693039,0.029999999329447746,0.004114413168281317,0.0185411274433136,0.021781858056783676,0.029972871765494347,0.029999999329447746,34751,34751,34751,94839,100.0,100.0,70.0,-70.0,34751,True,
ndvi,data/NDVI/ECO_L2T_STARS.002_NDVI_20200608T122708_aid0001_32N.tif,ECO_L2T_STARS.002_NDVI_20200608T122708_aid0001_32N.tif,2020-06-08T12:27:08,2020-06-08,2020,6,8,12,27,8,2,14.0,midday_afternoon,20200608T122708,filename_YYYYMMDDTHHMMSS,True,EPSG:32632,32632,303,313,GTiff,float32,,"[579360.0, 5158510.0, 600570.0, 5180420.0]",0.3596765697002411,0.30000001192092896,-0.285158634185791,0.9957404732704163,0.20118217170238495,0.043837618082761765,0.25429534912109375,0.493792861700058,0.7240341901779175,34724,34724,34751,94839,99.92230439411816,99.92230439411816,70.0,-70.0,34751,True,
ndvi,data/NDVI/ECO_L2T_STARS.002_NDVI-UQ_20200608T122800_aid0001_32N.tif,ECO_L2T_STARS.002_NDVI-UQ_20200608T122800_aid0001_32N.tif,2020-06-08T12:28:00,2020-06-08,2020,6,8,12,28,0,2,14.0,midday_afternoon,20200608T122800,filename_YYYYMMDDTHHMMSS,True,EPSG:32632,32632,8,313,GTiff,float32,,"[600000.0, 5158510.0, 600560.0, 5180420.0]",0.02493593469262123,0.02451513335108757,0.019892996177077293,0.028782488778233528,0.0019705677404999733,0.02125975303351879,0.024515124037861824,0.02699599601328373,0.028145430609583855,94,94,94,2504,100.0,100.0,70.0,-70.0,94,True,
ndvi,data/NDVI/ECO_L2T_STARS.002_NDVI_20200608T122800_aid0001_32N.tif,ECO_L2T_STARS.002_NDVI_20200608T122800_aid0001_32N.tif,2020-06-08T12:28:00,2020-06-08,2020,6,8,12,28,0,2,14.0,midday_afternoon,20200608T122800,filename_YYYYMMDDTHHMMSS,True,EPSG:32632,32632,8,313,GTiff,float32,,"[600000.0, 5158510.0, 600560.0, 5180420.0]",0.02417123317718506,-0.028640836477279663,-0.07645582407712936,0.5949360728263855,0.13907739520072937,-0.0709746703505516,-0.056563735008239746,0.0174311101436615,0.32995325326919556,94,94,94,2504,100.0,100.0,70.0,-70.0,94,True,
ndvi,data/NDVI/ECO_L2T_STARS.002_NDVI-UQ_20200609T113922_aid0001_32N.tif,ECO_L2T_STARS.002_NDVI-UQ_20200609T113922_aid0001_32N.tif,2020-06-09T11:39:22,2020-06-09,2020,6,9,11,39,22,2,13.0,midday_afternoon,20200609T113922,filename_YYYYMMDDTHHMMSS,True,EPSG:32632,32632,8,313,GTiff,float32,,"[600000.0, 5158510.0, 600560.0, 5180420.0]",0.027030223980545998,0.026476241648197174,0.024193553254008293,0.02945752628147602,0.00123801757581532,0.02535710111260414,0.026476234197616577,0.02861480601131916,0.02916082553565502,94,94,94,2504,100.0,100.0,70.0,-70.0,94,True,
ndvi,data/NDVI/ECO_L2T_STARS.002_NDVI_20200609T113922_aid0001_32N.tif,ECO_L2T_STARS.002_NDVI_20200609T113922_aid0001_32N.tif,2020-06-09T11:39:22,2020-06-09,2020,6,9,11,39,22,2,13.0,midday_afternoon,20200609T113922,filename_YYYYMMDDTHHMMSS,True,EPSG:32632,32632,8,313,GTiff,float32,,"[600000.0, 5158510.0, 600560.0, 5180420.0]",0.031086627393960953,-0.028460845351219177,-0.0763998031616211,0.3986549377441406,0.14535929262638092,-0.07093542069196701,-0.05506015568971634,0.01958327926695347,0.3865104615688324,94,94,94,2504,100.0,100.0,70.0,-70.0,94,True,
ndvi,data/NDVI/ECO_L2T_STARS.002_NDVI-UQ_20200610T105115_aid0001_32N.tif,ECO_L2T_STARS.002_NDVI-UQ_20200610T105115_aid0001_32N.tif,2020-06-10T10:51:15,2020-06-10,2020,6,10,10,51,15,2,12.0,midday_afternoon,20200610T105115,filename_YYYYMMDDTHHMMSS,True,EPSG:32632,32632,303,313,GTiff,float32,,"[579360.0, 5158510.0, 600570.0, 5180420.0]",0.02800813876092434,0.028417710214853287,0.0206448994576931,0.029999999329447746,0.002122112549841404,0.024579312652349472,0.026003634557127953,0.029999999329447746,0.029999999329447746,34751,34751,34751,94839,100.0,100.0,70.0,-70.0,34751,True,
ndvi,data/NDVI/ECO_L2T_STARS.002_NDVI_20200610T105115_aid0001_32N.tif,ECO_L2T_STARS.002_NDVI_20200610T105115_aid0001_32N.tif,2020-06-10T10:51:15,2020-06-10,2020,6,10,10,51,15,2,12.0,midday_afternoon,20200610T105115,filename_YYYYMMDDTHHMMSS,True,EPSG:32632,32632,303,313,GTiff,float32,,"[579360.0, 5158510.0, 600570.0, 5180420.0]",0.3478194773197174,0.30000001192092896,-0.5217125415802002,0.9896401166915894,0.14985424280166626,0.13756901025772095,0.30000001192092896,0.4025637209415436,0.6535210013389587,34750,34750,34751,94839,99.99712238496734,99.99712238496734,70.0,-70.0,34751,True,
ndvi,data/NDVI/ECO_L2T_STARS.002_NDVI-UQ_20200610T105207_aid0001_32N.tif,ECO_L2T_STARS.002_NDVI-UQ_20200610T105207_aid0001_32N.tif,2020-06-10T10:52:07,2020-06-10,2020,6,10,10,52,7,2,12.0,midday_afternoon,20200610T105207,filename_YYYYMMDDTHHMMSS,True,EPSG:32632,32632,8,313,GTiff,float32,,"[600000.0, 5158510.0, 600560.0, 5180420.0]",0.02949530817568302,0.029999999329447746,0.02545628696680069,0.029999999329447746,0.0012327657314017415,0.026346249505877495,0.029999999329447746,0.029999999329447746,0.029999999329447746,94,94,94,2504,100.0,100.0,70.0,-70.0,94,True,
ndvi,data/NDVI/ECO_L2T_STARS.002_NDVI_20200610T105207_aid0001_32N.tif,ECO_L2T_STARS.002_NDVI_20200610T105207_aid0001_32N.tif,2020-06-10T10:52:07,2020-06-10,2020,6,10,10,52,7,2,12.0,midday_afternoon,20200610T105207,filename_YYYYMMDDTHHMMSS,True,EPSG:32632,32632,8,313,GTiff,float32,,"[600000.0, 5158510.0, 600560.0, 5180420.0]",0.31012651324272156,0.30000001192092896,0.30000001192092896,0.39846059679985046,0.025958819314837456,0.30000001192092896,0.30000001192092896,0.30000001192092896,0.386180579662323,94,94,94,2504,100.0,100.0,70.0,-70.0,94,True,
ndvi,data/NDVI/ECO_L2T_STARS.002_NDVI-UQ_20200611T145525_aid0001_32N.tif,ECO_L2T_STARS.002_NDVI-UQ_20200611T145525_aid0001_32N.tif,2020-06-11T14:55:25,2020-06-11,2020,6,11,14,55,25,2,16.0,evening,20200611T145525,filename_YYYYMMDDTHHMMSS,True,EPSG:32632,32632,303,313,GTiff,float32,,"[579360.0, 5158510.0, 600570.0, 5180420.0]",0.0285525880753994,0.02891557477414608,0.022939011454582214,0.029999999329447746,0.0015643337974324822,0.026035359129309654,0.0270522553473711,0.029999999329447746,0.029999999329447746,34751,34751,34751,94839,100.0,100.0,70.0,-70.0,34751,True,
ndvi,data/NDVI/ECO_L2T_STARS.002_NDVI_20200611T145525_aid0001_32N.tif,ECO_L2T_STARS.002_NDVI_20200611T145525_aid0001_32N.tif,2020-06-11T14:55:25,2020-06-11,2020,6,11,14,55,25,2,16.0,evening,20200611T145525,filename_YYYYMMDDTHHMMSS,True,EPSG:32632,32632,303,313,GTiff,float32,,"[579360.0, 5158510.0, 600570.0, 5180420.0]",0.34668228030204773,0.30000001192092896,-0.514906644821167,0.9896388649940491,0.1480853259563446,0.13916803896427155,0.30000001192092896,0.39495956897735596,0.6496994495391846,34750,34750,34751,94839,99.99712238496734,99.99712238496734,70.0,-70.0,34751,True,
ndvi,data/NDVI/ECO_L2T_STARS.002_NDVI-UQ_20200612T105212_aid0001_32N.tif,ECO_L2T_STARS.002_NDVI-UQ_20200612T105212_aid0001_32N.tif,2020-06-12T10:52:12,2020-06-12,2020,6,12,10,52,12,2,12.0,midday_afternoon,20200612T105212,filename_YYYYMMDDTHHMMSS,True,EPSG:32632,32632,303,313,GTiff,float32,,"[579360.0, 5158510.0, 600570.0, 5180420.0]",0.04935580864548683,0.04102195426821709,0.0250245351344347,0.8816582560539246,0.04130235314369202,0.02762986719608307,0.03365998715162277,0.04492146894335747,0.11633959412574768,34751,34751,34751,94839,100.0,100.0,70.0,-70.0,34751,True,
ndvi,data/NDVI/ECO_L2T_STARS.002_NDVI_20200612T105212_aid0001_32N.tif,ECO_L2T_STARS.002_NDVI_20200612T105212_aid0001_32N.tif,2020-06-12T10:52:12,2020-06-12,2020,6,12,10,52,12,2,12.0,midday_afternoon,20200612T105212,filename_YYYYMMDDTHHMMSS,True,EPSG:32632,32632,303,313,GTiff,float32,,"[579360.0, 5158510.0, 600570.0, 5180420.0]",0.3029414117336273,0.26954174041748047,-0.9324595928192139,0.9994377493858337,0.28461045026779175,-0.07087928056716919,0.03585483133792877,0.5563700795173645,0.7543312311172485,34460,34460,34751,94839,99.16261402549567,99.16261402549567,70.0,-70.0,34751,True,
ndvi,data/NDVI/ECO_L2T_STARS.002_NDVI-UQ_20200612T105304_aid0001_32N.tif,ECO_L2T_STARS.002_NDVI-UQ_20200612T105304_aid0001_32N.tif,2020-06-12T10:53:04,2020-06-12,2020,6,12,10,53,4,2,12.0,midday_afternoon,20200612T105304,filename_YYYYMMDDTHHMMSS,True,EPSG:32632,32632,8,313,GTiff,float32,,"[600000.0, 5158510.0, 600560.0, 5180420.0]",0.029754268005490303,0.029999999329447746,0.02781028114259243,0.029999999329447746,0.0005998644046485424,0.028220726177096367,0.029999999329447746,0.029999999329447746,0.029999999329447746,94,94,94,2504,100.0,100.0,70.0,-70.0,94,True,
ndvi,data/NDVI/ECO_L2T_STARS.002_NDVI_20200612T105304_aid0001_32N.tif,ECO_L2T_STARS.002_NDVI_20200612T105304_aid0001_32N.tif,2020-06-12T10:53:04,2020-06-12,2020,6,12,10,53,4,2,12.0,midday_afternoon,20200612T105304,filename_YYYYMMDDTHHMMSS,True,EPSG:32632,32632,8,313,GTiff,float32,,"[600000.0, 5158510.0, 600560.0, 5180420.0]",0.3101288974285126,0.30000001192092896,0.30000001192092896,0.3983134627342224,0.02595185674726963,0.30000001192092896,0.30000001192092896,0.30000001192092896,0.3859480321407318,94,94,94,2504,100.0,100.0,70.0,-70.0,94,True,
ndvi,data/NDVI/ECO_L2T_STARS.002_NDVI-UQ_20200613T100451_aid0001_32N.tif,ECO_L2T_STARS.002_NDVI-UQ_20200613T100451_aid0001_32N.tif,2020-06-13T10:04:51,2020-06-13,2020,6,13,10,4,51,2,12.0,midday_afternoon,20200613T100451,filename_YYYYMMDDTHHMMSS,True,EPSG:32632,32632,303,313,GTiff,float32,,"[579360.0, 5158510.0, 600570.0, 5180420.0]",0.029549460858106613,0.029999999329447746,0.028674624860286713,0.029999999329447746,0.0004927747067995369,0.028726905584335327,0.02903621643781662,0.029999999329447746,0.029999999329447746,34751,34751,34751,94839,100.0,100.0,70.0,-70.0,34751,True,
ndvi,data/NDVI/ECO_L2T_STARS.002_NDVI_20200613T100451_aid0001_32N.tif,ECO_L2T_STARS.002_NDVI_20200613T100451_aid0001_32N.tif,2020-06-13T10:04:51,2020-06-13,2020,6,13,10,4,51,2,12.0,midday_afternoon,20200613T100451,filename_YYYYMMDDTHHMMSS,True,EPSG:32632,32632,303,313,GTiff,float32,,"[579360.0, 5158510.0, 600570.0, 5180420.0]",0.3429777920246124,0.30000001192092896,-0.48637333512306213,0.9943234324455261,0.14025039970874786,0.14634710550308228,0.30000001192092896,0.37655341625213623,0.6327463388442993,34751,34751,34751,94839,100.0,100.0,70.0,-70.0,34751,True,
ndvi,data/NDVI/ECO_L2T_STARS.002_NDVI-UQ_20200614T091639_aid0001_32N.tif,ECO_L2T_STARS.002_NDVI-UQ_20200614T091639_aid0001_32N.tif,2020-06-14T09:16:39,2020-06-14,2020,6,14,9,16,39,2,11.0,midday_afternoon,20200614T091639,filename_YYYYMMDDTHHMMSS,True,EPSG:32632,32632,303,313,GTiff,float32,,"[579360.0, 5158510.0, 600570.0, 5180420.0]",0.030000001192092896,0.029999999329447746,0.029999999329447746,0.029999999329447746,1.862645149230957e-09,0.029999999329447746,0.029999999329447746,0.029999999329447746,0.029999999329447746,34751,34751,34751,94839,100.0,100.0,70.0,-70.0,34751,True,
ndvi,data/NDVI/ECO_L2T_STARS.002_NDVI_20200614T091639_aid0001_32N.tif,ECO_L2T_STARS.002_NDVI_20200614T091639_aid0001_32N.tif,2020-06-14T09:16:39,2020-06-14,2020,6,14,9,16,39,2,11.0,midday_afternoon,20200614T091639,filename_YYYYMMDDTHHMMSS,True,EPSG:32632,32632,303,313,GTiff,float32,,"[579360.0, 5158510.0, 600570.0, 5180420.0]",0.30000001192092896,0.30000001192092896,0.30000001192092896,0.30000001192092896,0.0,0.30000001192092896,0.30000001192092896,0.30000001192092896,0.30000001192092896,34751,34751,34751,94839,100.0,100.0,70.0,-70.0,34751,True,
ndvi,data/NDVI/ECO_L2T_STARS.002_NDVI-UQ_20200616T091831_aid0001_32N.tif,ECO_L2T_STARS.002_NDVI-UQ_20200616T091831_aid0001_32N.tif,2020-06-16T09:18:31,2020-06-16,2020,6,16,9,18,31,2,11.0,midday_afternoon,20200616T091831,filename_YYYYMMDDTHHMMSS,True,EPSG:32632,32632,303,313,GTiff,float32,,"[579360.0, 5158510.0, 600570.0, 5180420.0]",0.030000001192092896,0.029999999329447746,0.029999999329447746,0.029999999329447746,1.862645149230957e-09,0.029999999329447746,0.029999999329447746,0.029999999329447746,0.029999999329447746,34751,34751,34751,94839,100.0,100.0,70.0,-70.0,34751,True,
ndvi,data/NDVI/ECO_L2T_STARS.002_NDVI_20200616T091831_aid0001_32N.tif,ECO_L2T_STARS.002_NDVI_20200616T091831_aid0001_32N.tif,2020-06-16T09:18:31,2020-06-16,2020,6,16,9,18,31,2,11.0,midday_afternoon,20200616T091831,filename_YYYYMMDDTHHMMSS,True,EPSG:32632,32632,303,313,GTiff,float32,,"[579360.0, 5158510.0, 600570.0, 5180420.0]",0.30000001192092896,0.30000001192092896,0.30000001192092896,0.30000001192092896,0.0,0.30000001192092896,0.30000001192092896,0.30000001192092896,0.30000001192092896,34751,34751,34751,94839,100.0,100.0,70.0,-70.0,34751,True,
ndvi,data/NDVI/ECO_L2T_STARS.002_NDVI-UQ_20200617T083012_aid0001_32N.tif,ECO_L2T_STARS.002_NDVI-UQ_20200617T083012_aid0001_32N.tif,2020-06-17T08:30:12,2020-06-17,2020,6,17,8,30,12,2,10.0,morning,20200617T083012,filename_YYYYMMDDTHHMMSS,True,EPSG:32632,32632,303,313,GTiff,float32,,"[579360.0, 5158510.0, 600570.0, 5180420.0]",0.030000001192092896,0.029999999329447746,0.029999999329447746,0.029999999329447746,1.862645149230957e-09,0.029999999329447746,0.029999999329447746,0.029999999329447746,0.029999999329447746,34751,34751,34751,94839,100.0,100.0,70.0,-70.0,34751,True,
ndvi,data/NDVI/ECO_L2T_STARS.002_NDVI_20200617T083012_aid0001_32N.tif,ECO_L2T_STARS.002_NDVI_20200617T083012_aid0001_32N.tif,2020-06-17T08:30:12,2020-06-17,2020,6,17,8,30,12,2,10.0,morning,20200617T083012,filename_YYYYMMDDTHHMMSS,True,EPSG:32632,32632,303,313,GTiff,float32,,"[579360.0, 5158510.0, 600570.0, 5180420.0]",0.30000001192092896,0.30000001192092896,0.30000001192092896,0.30000001192092896,0.0,0.30000001192092896,0.30000001192092896,0.30000001192092896,0.30000001192092896,34751,34751,34751,94839,100.0,100.0,70.0,-70.0,34751,True,
ndvi,data/NDVI/ECO_L2T_STARS.002_NDVI-UQ_20200618T074225_aid0001_32N.tif,ECO_L2T_STARS.002_NDVI-UQ_20200618T074225_aid0001_32N.tif,2020-06-18T07:42:25,2020-06-18,2020,6,18,7,42,25,2,9.0,morning,20200618T074225,filename_YYYYMMDDTHHMMSS,True,EPSG:32632,32632,303,313,GTiff,float32,,"[579360.0, 5158510.0, 600570.0, 5180420.0]",0.03162277117371559,0.03162277489900589,0.03162277489900589,0.03162277489900589,3.725290298461914e-09,0.03162277489900589,0.03162277489900589,0.03162277489900589,0.03162277489900589,34751,34751,34751,94839,100.0,100.0,70.0,-70.0,34751,True,
ndvi,data/NDVI/ECO_L2T_STARS.002_NDVI_20200618T074225_aid0001_32N.tif,ECO_L2T_STARS.002_NDVI_20200618T074225_aid0001_32N.tif,2020-06-18T07:42:25,2020-06-18,2020,6,18,7,42,25,2,9.0,morning,20200618T074225,filename_YYYYMMDDTHHMMSS,True,EPSG:32632,32632,303,313,GTiff,float32,,"[579360.0, 5158510.0, 600570.0, 5180420.0]",0.30000001192092896,0.30000001192092896,0.30000001192092896,0.30000001192092896,0.0,0.30000001192092896,0.30000001192092896,0.30000001192092896,0.30000001192092896,34751,34751,34751,94839,100.0,100.0,70.0,-70.0,34751,True,
ndvi,data/NDVI/ECO_L2T_STARS.002_NDVI-UQ_20200619T114557_aid0001_32N.tif,ECO_L2T_STARS.002_NDVI-UQ_20200619T114557_aid0001_32N.tif,2020-06-19T11:45:57,2020-06-19,2020,6,19,11,45,57,2,13.0,midday_afternoon,20200619T114557,filename_YYYYMMDDTHHMMSS,True,EPSG:32632,32632,8,313,GTiff,float32,,"[600000.0, 5158510.0, 600560.0, 5180420.0]",0.03316624462604523,0.033166248351335526,0.033166248351335526,0.033166248351335526,3.725290298461914e-09,0.033166248351335526,0.033166248351335526,0.033166248351335526,0.033166248351335526,94,94,94,2504,100.0,100.0,70.0,-70.0,94,True,
ndvi,data/NDVI/ECO_L2T_STARS.002_NDVI_20200619T114557_aid0001_32N.tif,ECO_L2T_STARS.002_NDVI_20200619T114557_aid0001_32N.tif,2020-06-19T11:45:57,2020-06-19,2020,6,19,11,45,57,2,13.0,midday_afternoon,20200619T114557,filename_YYYYMMDDTHHMMSS,True,EPSG:32632,32632,8,313,GTiff,float32,,"[600000.0, 5158510.0, 600560.0, 5180420.0]",0.2999999225139618,0.30000001192092896,0.30000001192092896,0.30000001192092896,8.940696716308594e-08,0.30000001192092896,0.30000001192092896,0.30000001192092896,0.30000001192092896,94,94,94,2504,100.0,100.0,70.0,-70.0,94,True,
ndvi,data/NDVI/ECO_L2T_STARS.002_NDVI-UQ_20200620T074258_aid0001_32N.tif,ECO_L2T_STARS.002_NDVI-UQ_20200620T074258_aid0001_32N.tif,2020-06-20T07:42:58,2020-06-20,2020,6,20,7,42,58,2,9.0,morning,20200620T074258,filename_YYYYMMDDTHHMMSS,True,EPSG:32632,32632,303,313,GTiff,float32,,"[579360.0, 5158510.0, 600570.0, 5180420.0]",0.034641019999980927,0.03464101627469063,0.03464101627469063,0.03464101627469063,3.725290298461914e-09,0.03464101627469063,0.03464101627469063,0.03464101627469063,0.03464101627469063,34751,34751,34751,94839,100.0,100.0,70.0,-70.0,34751,True,
ndvi,data/NDVI/ECO_L2T_STARS.002_NDVI_20200620T074258_aid0001_32N.tif,ECO_L2T_STARS.002_NDVI_20200620T074258_aid0001_32N.tif,2020-06-20T07:42:58,2020-06-20,2020,6,20,7,42,58,2,9.0,morning,20200620T074258,filename_YYYYMMDDTHHMMSS,True,EPSG:32632,32632,303,313,GTiff,float32,,"[579360.0, 5158510.0, 600570.0, 5180420.0]",0.30000001192092896,0.30000001192092896,0.30000001192092896,0.30000001192092896,0.0,0.30000001192092896,0.30000001192092896,0.30000001192092896,0.30000001192092896,34751,34751,34751,94839,100.0,100.0,70.0,-70.0,34751,True,
ndvi,data/NDVI/ECO_L2T_STARS.002_NDVI-UQ_20200625T052032_aid0001_32N.tif,ECO_L2T_STARS.002_NDVI-UQ_20200625T052032_aid0001_32N.tif,2020-06-25T05:20:32,2020-06-25,2020,6,25,5,20,32,2,7.0,morning,20200625T052032,filename_YYYYMMDDTHHMMSS,True,EPSG:32632,32632,303,313,GTiff,float32,,"[579360.0, 5158510.0, 600570.0, 5180420.0]",0.03982876241207123,0.04123105853796005,0.0009996079606935382,0.04123105853796005,0.006907185073941946,0.03812088072299957,0.04123105853796005,0.04123105853796005,0.04123105853796005,34751,34751,34751,94839,100.0,100.0,70.0,-70.0,34751,True,
ndvi,data/NDVI/ECO_L2T_STARS.002_NDVI_20200625T052032_aid0001_32N.tif,ECO_L2T_STARS.002_NDVI_20200625T052032_aid0001_32N.tif,2020-06-25T05:20:32,2020-06-25,2020,6,25,5,20,32,2,7.0,morning,20200625T052032,filename_YYYYMMDDTHHMMSS,True,EPSG:32632,32632,303,313,GTiff,float32,,"[579360.0, 5158510.0, 600570.0, 5180420.0]",0.31962621212005615,0.30000001192092896,-0.35541364550590515,0.9998051524162292,0.08872101455926895,0.30000001192092896,0.30000001192092896,0.30000001192092896,0.49476832151412964,34751,34751,34751,94839,100.0,100.0,70.0,-70.0,34751,True,
ndvi,data/NDVI/ECO_L2T_STARS.002_NDVI-UQ_20200626T043258_aid0001_32N.tif,ECO_L2T_STARS.002_NDVI-UQ_20200626T043258_aid0001_32N.tif,2020-06-26T04:32:58,2020-06-26,2020,6,26,4,32,58,2,6.0,morning,20200626T043258,filename_YYYYMMDDTHHMMSS,True,EPSG:32632,32632,303,313,GTiff,float32,,"[579360.0, 5158510.0, 600570.0, 5180420.0]",0.040544554591178894,0.04242640733718872,0.0008549256599508226,0.04242640733718872,0.007680559065192938,0.037962786853313446,0.04242640733718872,0.04242640733718872,0.04242640733718872,34751,34751,34751,94839,100.0,100.0,70.0,-70.0,34751,True,
ndvi,data/NDVI/ECO_L2T_STARS.002_NDVI_20200626T043258_aid0001_32N.tif,ECO_L2T_STARS.002_NDVI_20200626T043258_aid0001_32N.tif,2020-06-26T04:32:58,2020-06-26,2020,6,26,4,32,58,2,6.0,morning,20200626T043258,filename_YYYYMMDDTHHMMSS,True,EPSG:32632,32632,303,313,GTiff,float32,,"[579360.0, 5158510.0, 600570.0, 5180420.0]",0.32853516936302185,0.30000001192092896,-0.35541364550590515,0.994756817817688,0.09989555180072784,0.30000001192092896,0.30000001192092896,0.30000001192092896,0.5518214106559753,34749,34749,34751,94839,99.99424476993468,99.99424476993468,70.0,-70.0,34751,True,
ndvi,data/NDVI/ECO_L2T_STARS.002_NDVI-UQ_20200627T083544_aid0001_32N.tif,ECO_L2T_STARS.002_NDVI-UQ_20200627T083544_aid0001_32N.tif,2020-06-27T08:35:44,2020-06-27,2020,6,27,8,35,44,2,10.0,morning,20200627T083544,filename_YYYYMMDDTHHMMSS,True,EPSG:32632,32632,303,313,GTiff,float32,,"[579360.0, 5158510.0, 600570.0, 5180420.0]",0.04186096042394638,0.043588992208242416,0.0009997275192290545,0.043588992208242416,0.006833226419985294,0.038802482187747955,0.043588992208242416,0.043588992208242416,0.043588992208242416,34751,34751,34751,94839,100.0,100.0,70.0,-70.0,34751,True,
ndvi,data/NDVI/ECO_L2T_STARS.002_NDVI_20200627T083544_aid0001_32N.tif,ECO_L2T_STARS.002_NDVI_20200627T083544_aid0001_32N.tif,2020-06-27T08:35:44,2020-06-27,2020,6,27,8,35,44,2,10.0,morning,20200627T083544,filename_YYYYMMDDTHHMMSS,True,EPSG:32632,32632,303,313,GTiff,float32,,"[579360.0, 5158510.0, 600570.0, 5180420.0]",0.3306034207344055,0.30000001192092896,-0.35541364550590515,0.994756817817688,0.10140333324670792,0.30000001192092896,0.30000001192092896,0.30000001192092896,0.5591362714767456,34749,34749,34751,94839,99.99424476993468,99.99424476993468,70.0,-70.0,34751,True,
ndvi,data/NDVI/ECO_L2T_STARS.002_NDVI-UQ_20200627T083636_aid0001_32N.tif,ECO_L2T_STARS.002_NDVI-UQ_20200627T083636_aid0001_32N.tif,2020-06-27T08:36:36,2020-06-27,2020,6,27,8,36,36,2,10.0,morning,20200627T083636,filename_YYYYMMDDTHHMMSS,True,EPSG:32632,32632,8,313,GTiff,float32,,"[600000.0, 5158510.0, 600560.0, 5180420.0]",0.043588992208242416,0.043588992208242416,0.043588992208242416,0.043588992208242416,0.0,0.043588992208242416,0.043588992208242416,0.043588992208242416,0.043588992208242416,94,94,94,2504,100.0,100.0,70.0,-70.0,94,True,
ndvi,data/NDVI/ECO_L2T_STARS.002_NDVI_20200627T083636_aid0001_32N.tif,ECO_L2T_STARS.002_NDVI_20200627T083636_aid0001_32N.tif,2020-06-27T08:36:36,2020-06-27,2020,6,27,8,36,36,2,10.0,morning,20200627T083636,filename_YYYYMMDDTHHMMSS,True,EPSG:32632,32632,8,313,GTiff,float32,,"[600000.0, 5158510.0, 600560.0, 5180420.0]",0.2999999225139618,0.30000001192092896,0.30000001192092896,0.30000001192092896,8.940696716308594e-08,0.30000001192092896,0.30000001192092896,0.30000001192092896,0.30000001192092896,94,94,94,2504,100.0,100.0,70.0,-70.0,94,True,
ndvi,data/NDVI/ECO_L2T_STARS.002_NDVI-UQ_20200628T043425_aid0001_32N.tif,ECO_L2T_STARS.002_NDVI-UQ_20200628T043425_aid0001_32N.tif,2020-06-28T04:34:25,2020-06-28,2020,6,28,4,34,25,2,6.0,morning,20200628T043425,filename_YYYYMMDDTHHMMSS,True,EPSG:32632,32632,303,313,GTiff,float32,,"[579360.0, 5158510.0, 600570.0, 5180420.0]",0.043124549090862274,0.04472136124968529,0.010049848817288876,0.04472136124968529,0.006250619888305664,0.040070343762636185,0.04472136124968529,0.04472136124968529,0.04472136124968529,34751,34751,34751,94839,100.0,100.0,70.0,-70.0,34751,True,
ndvi,data/NDVI/ECO_L2T_STARS.002_NDVI_20200628T043425_aid0001_32N.tif,ECO_L2T_STARS.002_NDVI_20200628T043425_aid0001_32N.tif,2020-06-28T04:34:25,2020-06-28,2020,6,28,4,34,25,2,6.0,morning,20200628T043425,filename_YYYYMMDDTHHMMSS,True,EPSG:32632,32632,303,313,GTiff,float32,,"[579360.0, 5158510.0, 600570.0, 5180420.0]",0.3306223750114441,0.30000001192092896,-0.35541364550590515,0.994756817817688,0.10142574459314346,0.30000001192092896,0.30000001192092896,0.30000001192092896,0.5591362714767456,34749,34749,34751,94839,99.99424476993468,99.99424476993468,70.0,-70.0,34751,True,
ndvi,data/NDVI/ECO_L2T_STARS.002_NDVI-UQ_20200630T074936_aid0001_32N.tif,ECO_L2T_STARS.002_NDVI-UQ_20200630T074936_aid0001_32N.tif,2020-06-30T07:49:36,2020-06-30,2020,6,30,7,49,36,2,9.0,morning,20200630T074936,filename_YYYYMMDDTHHMMSS,True,EPSG:32632,32632,303,313,GTiff,float32,,"[579360.0, 5158510.0, 600570.0, 5180420.0]",0.03871678560972214,0.04689598083496094,0.000995707348920405,0.04690415784716606,0.01675407588481903,0.0009997573215514421,0.04581661522388458,0.04690415784716606,0.04690415784716606,34751,34751,34751,94839,100.0,100.0,70.0,-70.0,34751,True,
ndvi,data/NDVI/ECO_L2T_STARS.002_NDVI_20200630T074936_aid0001_32N.tif,ECO_L2T_STARS.002_NDVI_20200630T074936_aid0001_32N.tif,2020-06-30T07:49:36,2020-06-30,2020,6,30,7,49,36,2,9.0,morning,20200630T074936,filename_YYYYMMDDTHHMMSS,True,EPSG:32632,32632,303,313,GTiff,float32,,"[579360.0, 5158510.0, 600570.0, 5180420.0]",0.3652181625366211,0.30000001192092896,-0.21827977895736694,0.994756817817688,0.14923547208309174,0.22622407972812653,0.30000001192092896,0.3958534598350525,0.719797670841217,34750,34750,34751,94839,99.99712238496734,99.99712238496734,70.0,-70.0,34751,True,
ndvi,data/NDVI/ECO_L2T_STARS.002_NDVI-UQ_20210403T135515_aid0001_32N.tif,ECO_L2T_STARS.002_NDVI-UQ_20210403T135515_aid0001_32N.tif,2021-04-03T13:55:15,2021-04-03,2021,4,3,13,55,15,2,15.0,midday_afternoon,20210403T135515,filename_YYYYMMDDTHHMMSS,True,EPSG:32632,32632,303,313,GTiff,float32,,"[579360.0, 5158510.0, 600570.0, 5180420.0]",0.010239549912512302,0.009548562578856945,0.0006124391802586615,0.3300301432609558,0.008432909846305847,0.0008745982777327299,0.006869519595056772,0.012754648923873901,0.022150496020913124,34751,34751,34751,94839,100.0,100.0,70.0,-70.0,34751,True,
ndvi,data/NDVI/ECO_L2T_STARS.002_NDVI_20210403T135515_aid0001_32N.tif,ECO_L2T_STARS.002_NDVI_20210403T135515_aid0001_32N.tif,2021-04-03T13:55:15,2021-04-03,2021,4,3,13,55,15,2,15.0,midday_afternoon,20210403T135515,filename_YYYYMMDDTHHMMSS,True,EPSG:32632,32632,303,313,GTiff,float32,,"[579360.0, 5158510.0, 600570.0, 5180420.0]",0.019586769863963127,-0.0733126848936081,-0.7464932799339294,0.9922662973403931,0.19673176109790802,-0.12308253347873688,-0.09420664608478546,0.0792146846652031,0.4593210816383362,34748,34748,34751,94839,99.99136715490202,99.99136715490202,70.0,-70.0,34751,True,
ndvi,data/NDVI/ECO_L2T_STARS.002_NDVI-UQ_20210404T130806_aid0001_32N.tif,ECO_L2T_STARS.002_NDVI-UQ_20210404T130806_aid0001_32N.tif,2021-04-04T13:08:06,2021-04-04,2021,4,4,13,8,6,2,15.0,midday_afternoon,20210404T130806,filename_YYYYMMDDTHHMMSS,True,EPSG:32632,32632,303,313,GTiff,float32,,"[579360.0, 5158510.0, 600570.0, 5180420.0]",0.014948004856705666,0.012392248027026653,0.0010286523029208183,0.406670480966568,0.010672248899936676,0.006298167165368795,0.00951078999787569,0.017349114641547203,0.03324437886476517,34751,34751,34751,94839,100.0,100.0,70.0,-70.0,34751,True,
ndvi,data/NDVI/ECO_L2T_STARS.002_NDVI_20210404T130806_aid0001_32N.tif,ECO_L2T_STARS.002_NDVI_20210404T130806_aid0001_32N.tif,2021-04-04T13:08:06,2021-04-04,2021,4,4,13,8,6,2,15.0,midday_afternoon,20210404T130806,filename_YYYYMMDDTHHMMSS,True,EPSG:32632,32632,303,313,GTiff,float32,,"[579360.0, 5158510.0, 600570.0, 5180420.0]",0.023083223029971123,-0.06942684948444366,-0.741166353225708,0.9915453791618347,0.19765886664390564,-0.12143806368112564,-0.09193620085716248,0.08255955576896667,0.46353399753570557,34745,34745,34751,94839,99.98273430980403,99.98273430980403,70.0,-70.0,34751,True,
ndvi,data/NDVI/ECO_L2T_STARS.002_NDVI-UQ_20210405T122034_aid0001_32N.tif,ECO_L2T_STARS.002_NDVI-UQ_20210405T122034_aid0001_32N.tif,2021-04-05T12:20:34,2021-04-05,2021,4,5,12,20,34,2,14.0,midday_afternoon,20210405T122034,filename_YYYYMMDDTHHMMSS,True,EPSG:32632,32632,8,313,GTiff,float32,,"[600000.0, 5158510.0, 600560.0, 5180420.0]",0.01698574423789978,0.01614408940076828,0.011726940050721169,0.028591828420758247,0.0038399347104132175,0.012487825006246567,0.014104718342423439,0.01915419101715088,0.024215474724769592,94,94,94,2504,100.0,100.0,70.0,-70.0,94,True,
ndvi,data/NDVI/ECO_L2T_STARS.002_NDVI_20210405T122034_aid0001_32N.tif,ECO_L2T_STARS.002_NDVI_20210405T122034_aid0001_32N.tif,2021-04-05T12:20:34,2021-04-05,2021,4,5,12,20,34,2,14.0,midday_afternoon,20210405T122034,filename_YYYYMMDDTHHMMSS,True,EPSG:32632,32632,8,313,GTiff,float32,,"[600000.0, 5158510.0, 600560.0, 5180420.0]",-0.10020384192466736,-0.10477593541145325,-0.16625133156776428,0.16667824983596802,0.03764372691512108,-0.13425710797309875,-0.1222875714302063,-0.08897444605827332,-0.07012218981981277,94,94,94,2504,100.0,100.0,70.0,-70.0,94,True,
ndvi,data/NDVI/ECO_L2T_STARS.002_NDVI-UQ_20210405T171120_aid0001_32N.tif,ECO_L2T_STARS.002_NDVI-UQ_20210405T171120_aid0001_32N.tif,2021-04-05T17:11:20,2021-04-05,2021,4,5,17,11,20,2,19.0,evening,20210405T171120,filename_YYYYMMDDTHHMMSS,True,EPSG:32632,32632,303,313,GTiff,float32,,"[579360.0, 5158510.0, 600570.0, 5180420.0]",0.01598469354212284,0.013269953429698944,0.0010014120489358902,0.1808762401342392,0.011458047665655613,0.006815772969275713,0.009990038350224495,0.018421340733766556,0.03639020770788193,34751,34751,34751,94839,100.0,100.0,70.0,-70.0,34751,True,
ndvi,data/NDVI/ECO_L2T_STARS.002_NDVI_20210405T171120_aid0001_32N.tif,ECO_L2T_STARS.002_NDVI_20210405T171120_aid0001_32N.tif,2021-04-05T17:11:20,2021-04-05,2021,4,5,17,11,20,2,19.0,evening,20210405T171120,filename_YYYYMMDDTHHMMSS,True,EPSG:32632,32632,303,313,GTiff,float32,,"[579360.0, 5158510.0, 600570.0, 5180420.0]",0.023095792159438133,-0.0692526325583458,-0.7405333518981934,0.9921333193778992,0.19736449420452118,-0.12106293439865112,-0.09170669317245483,0.08232241868972778,0.46201953291893005,34744,34744,34751,94839,99.97985669477137,99.97985669477137,70.0,-70.0,34751,True,
ndvi,data/NDVI/ECO_L2T_STARS.002_NDVI-UQ_20210406T162426_aid0001_32N.tif,ECO_L2T_STARS.002_NDVI-UQ_20210406T162426_aid0001_32N.tif,2021-04-06T16:24:26,2021-04-06,2021,4,6,16,24,26,2,18.0,evening,20210406T162426,filename_YYYYMMDDTHHMMSS,True,EPSG:32632,32632,8,313,GTiff,float32,,"[600000.0, 5158510.0, 600560.0, 5180420.0]",0.017907017841935158,0.016579879447817802,0.012115804478526115,0.033429425209760666,0.004570669960230589,0.013034312054514885,0.014963543973863125,0.01965932920575142,0.02756207250058651,94,94,94,2504,100.0,100.0,70.0,-70.0,94,True,
ndvi,data/NDVI/ECO_L2T_STARS.002_NDVI_20210406T162426_aid0001_32N.tif,ECO_L2T_STARS.002_NDVI_20210406T162426_aid0001_32N.tif,2021-04-06T16:24:26,2021-04-06,2021,4,6,16,24,26,2,18.0,evening,20210406T162426,filename_YYYYMMDDTHHMMSS,True,EPSG:32632,32632,8,313,GTiff,float32,,"[600000.0, 5158510.0, 600560.0, 5180420.0]",-0.1001497209072113,-0.10467544198036194,-0.16625811159610748,0.1676945835351944,0.03782389685511589,-0.13433875143527985,-0.1223687082529068,-0.08898936957120895,-0.06957276165485382,94,94,94,2504,100.0,100.0,70.0,-70.0,94,True,
ndvi,data/NDVI/ECO_L2T_STARS.002_NDVI-UQ_20210407T122251_aid0001_32N.tif,ECO_L2T_STARS.002_NDVI-UQ_20210407T122251_aid0001_32N.tif,2021-04-07T12:22:51,2021-04-07,2021,4,7,12,22,51,2,14.0,midday_afternoon,20210407T122251,filename_YYYYMMDDTHHMMSS,True,EPSG:32632,32632,303,313,GTiff,float32,,"[579360.0, 5158510.0, 600570.0, 5180420.0]",0.018665462732315063,0.014897012151777744,0.001297145034186542,0.4690946638584137,0.018444063141942024,0.006217727437615395,0.010233226232230663,0.02129139006137848,0.04194393754005432,34751,34751,34751,94839,100.0,100.0,70.0,-70.0,34751,True,
ndvi,data/NDVI/ECO_L2T_STARS.002_NDVI_20210407T122251_aid0001_32N.tif,ECO_L2T_STARS.002_NDVI_20210407T122251_aid0001_32N.tif,2021-04-07T12:22:51,2021-04-07,2021,4,7,12,22,51,2,14.0,midday_afternoon,20210407T122251,filename_YYYYMMDDTHHMMSS,True,EPSG:32632,32632,303,313,GTiff,float32,,"[579360.0, 5158510.0, 600570.0, 5180420.0]",0.020769981667399406,-0.06951424479484558,-0.7384935617446899,0.9971036911010742,0.19597527384757996,-0.12172557413578033,-0.09150499105453491,0.07669588923454285,0.4526159465312958,34720,34720,34751,94839,99.9107939339875,99.9107939339875,70.0,-70.0,34751,True,
ndvi,data/NDVI/ECO_L2T_STARS.002_NDVI-UQ_20210408T113448_aid0001_32N.tif,ECO_L2T_STARS.002_NDVI-UQ_20210408T113448_aid0001_32N.tif,2021-04-08T11:34:48,2021-04-08,2021,4,8,11,34,48,2,13.0,midday_afternoon,20210408T113448,filename_YYYYMMDDTHHMMSS,True,EPSG:32632,32632,303,313,GTiff,float32,,"[579360.0, 5158510.0, 600570.0, 5180420.0]",0.02362648770213127,0.019611643627285957,0.000846709415782243,0.5065333247184753,0.021297354251146317,0.004168379586189985,0.01255656499415636,0.027399035170674324,0.05462737753987312,34751,34751,34751,94839,100.0,100.0,70.0,-70.0,34751,True,
ndvi,data/NDVI/ECO_L2T_STARS.002_NDVI_20210408T113448_aid0001_32N.tif,ECO_L2T_STARS.002_NDVI_20210408T113448_aid0001_32N.tif,2021-04-08T11:34:48,2021-04-08,2021,4,8,11,34,48,2,13.0,midday_afternoon,20210408T113448,filename_YYYYMMDDTHHMMSS,True,EPSG:32632,32632,303,313,GTiff,float32,,"[579360.0, 5158510.0, 600570.0, 5180420.0]",0.028986696153879166,-0.05769995599985123,-0.7191612720489502,0.9992457628250122,0.19521476328372955,-0.1170353889465332,-0.08670993894338608,0.08963949978351593,0.4543319642543793,34726,34726,34751,94839,99.92805962418348,99.92805962418348,70.0,-70.0,34751,True,
ndvi,data/NDVI/ECO_L2T_STARS.002_NDVI-UQ_20210408T113540_aid0001_32N.tif,ECO_L2T_STARS.002_NDVI-UQ_20210408T113540_aid0001_32N.tif,2021-04-08T11:35:40,2021-04-08,2021,4,8,11,35,40,2,13.0,midday_afternoon,20210408T113540,filename_YYYYMMDDTHHMMSS,True,EPSG:32632,32632,8,313,GTiff,float32,,"[600000.0, 5158510.0, 600560.0, 5180420.0]",0.019578302279114723,0.0176495760679245,0.013166315853595734,0.04145379364490509,0.0059600211679935455,0.013979079201817513,0.015864400193095207,0.020785456523299217,0.03398126736283302,94,94,94,2504,100.0,100.0,70.0,-70.0,94,True,
ndvi,data/NDVI/ECO_L2T_STARS.002_NDVI_20210408T113540_aid0001_32N.tif,ECO_L2T_STARS.002_NDVI_20210408T113540_aid0001_32N.tif,2021-04-08T11:35:40,2021-04-08,2021,4,8,11,35,40,2,13.0,midday_afternoon,20210408T113540,filename_YYYYMMDDTHHMMSS,True,EPSG:32632,32632,8,313,GTiff,float32,,"[600000.0, 5158510.0, 600560.0, 5180420.0]",-0.09728505462408066,-0.10098065435886383,-0.15890365839004517,0.16939494013786316,0.038157157599925995,-0.12991435825824738,-0.12161055952310562,-0.0830424353480339,-0.06715847551822662,94,94,94,2504,100.0,100.0,70.0,-70.0,94,True,
ndvi,data/NDVI/ECO_L2T_STARS.002_NDVI-UQ_20210413T140702_aid0001_32N.tif,ECO_L2T_STARS.002_NDVI-UQ_20210413T140702_aid0001_32N.tif,2021-04-13T14:07:02,2021-04-13,2021,4,13,14,7,2,2,16.0,evening,20210413T140702,filename_YYYYMMDDTHHMMSS,True,EPSG:32632,32632,303,313,GTiff,float32,,"[579360.0, 5158510.0, 600570.0, 5180420.0]",0.029567424207925797,0.025902338325977325,0.0009248032001778483,0.3839389681816101,0.01875731535255909,0.0114730354398489,0.02134864404797554,0.03152421489357948,0.05609285458922386,34751,34751,34751,94839,100.0,100.0,70.0,-70.0,34751,True,
ndvi,data/NDVI/ECO_L2T_STARS.002_NDVI_20210413T140702_aid0001_32N.tif,ECO_L2T_STARS.002_NDVI_20210413T140702_aid0001_32N.tif,2021-04-13T14:07:02,2021-04-13,2021,4,13,14,7,2,2,16.0,evening,20210413T140702,filename_YYYYMMDDTHHMMSS,True,EPSG:32632,32632,303,313,GTiff,float32,,"[579360.0, 5158510.0, 600570.0, 5180420.0]",0.07856064289808273,0.04321832209825516,-0.9803687930107117,0.9881631731987,0.13963577151298523,-0.06801486015319824,-0.014529251493513584,0.13831692934036255,0.30000001192092896,34749,34749,34751,94839,99.99424476993468,99.99424476993468,70.0,-70.0,34751,True,
ndvi,data/NDVI/ECO_L2T_STARS.002_NDVI-UQ_20210414T131940_aid0001_32N.tif,ECO_L2T_STARS.002_NDVI-UQ_20210414T131940_aid0001_32N.tif,2021-04-14T13:19:40,2021-04-14,2021,4,14,13,19,40,2,15.0,midday_afternoon,20210414T131940,filename_YYYYMMDDTHHMMSS,True,EPSG:32632,32632,303,313,GTiff,float32,,"[579360.0, 5158510.0, 600570.0, 5180420.0]",0.03344722092151642,0.02768034301698208,0.008153839968144894,0.8929140567779541,0.022848600521683693,0.01758868247270584,0.023931218311190605,0.03518093377351761,0.06753479689359665,34751,34751,34751,94839,100.0,100.0,70.0,-70.0,34751,True,
ndvi,data/NDVI/ECO_L2T_STARS.002_NDVI_20210414T131940_aid0001_32N.tif,ECO_L2T_STARS.002_NDVI_20210414T131940_aid0001_32N.tif,2021-04-14T13:19:40,2021-04-14,2021,4,14,13,19,40,2,15.0,midday_afternoon,20210414T131940,filename_YYYYMMDDTHHMMSS,True,EPSG:32632,32632,303,313,GTiff,float32,,"[579360.0, 5158510.0, 600570.0, 5180420.0]",0.05830126628279686,0.0340847410261631,-0.5388554930686951,0.9906643629074097,0.11647742986679077,-0.06805958598852158,-0.020594719797372818,0.10231705009937286,0.30000001192092896,34751,34751,34751,94839,100.0,100.0,70.0,-70.0,34751,True,
ndvi,data/NDVI/ECO_L2T_STARS.002_NDVI-UQ_20210415T091739_aid0001_32N.tif,ECO_L2T_STARS.002_NDVI-UQ_20210415T091739_aid0001_32N.tif,2021-04-15T09:17:39,2021-04-15,2021,4,15,9,17,39,2,11.0,midday_afternoon,20210415T091739,filename_YYYYMMDDTHHMMSS,True,EPSG:32632,32632,303,313,GTiff,float32,,"[579360.0, 5158510.0, 600570.0, 5180420.0]",0.029654143378138542,0.026035359129309654,0.005768814589828253,0.7357915043830872,0.021223418414592743,0.013539920561015606,0.021446187049150467,0.029999999329447746,0.0576866939663887,34751,34751,34751,94839,100.0,100.0,70.0,-70.0,34751,True,
ndvi,data/NDVI/ECO_L2T_STARS.002_NDVI_20210415T091739_aid0001_32N.tif,ECO_L2T_STARS.002_NDVI_20210415T091739_aid0001_32N.tif,2021-04-15T09:17:39,2021-04-15,2021,4,15,9,17,39,2,11.0,midday_afternoon,20210415T091739,filename_YYYYMMDDTHHMMSS,True,EPSG:32632,32632,303,313,GTiff,float32,,"[579360.0, 5158510.0, 600570.0, 5180420.0]",0.07518641650676727,0.053284041583538055,-0.5388026237487793,0.9798744320869446,0.11421641707420349,-0.05746513977646828,-0.0048239100724458694,0.1221735030412674,0.30000001192092896,34751,34751,34751,94839,100.0,100.0,70.0,-70.0,34751,True,
ndvi,data/NDVI/ECO_L2T_STARS.002_NDVI-UQ_20210417T074302_aid0001_32N.tif,ECO_L2T_STARS.002_NDVI-UQ_20210417T074302_aid0001_32N.tif,2021-04-17T07:43:02,2021-04-17,2021,4,17,7,43,2,2,9.0,morning,20210417T074302,filename_YYYYMMDDTHHMMSS,True,EPSG:32632,32632,8,313,GTiff,float32,,"[600000.0, 5158510.0, 600560.0, 5180420.0]",0.03643716499209404,0.03909013792872429,0.014442683197557926,0.06285572797060013,0.014598129317164421,0.01517744455486536,0.027711942791938782,0.04887281730771065,0.058363042771816254,94,94,94,2504,100.0,100.0,70.0,-70.0,94,True,
ndvi,data/NDVI/ECO_L2T_STARS.002_NDVI_20210417T074302_aid0001_32N.tif,ECO_L2T_STARS.002_NDVI_20210417T074302_aid0001_32N.tif,2021-04-17T07:43:02,2021-04-17,2021,4,17,7,43,2,2,9.0,morning,20210417T074302,filename_YYYYMMDDTHHMMSS,True,EPSG:32632,32632,8,313,GTiff,float32,,"[600000.0, 5158510.0, 600560.0, 5180420.0]",0.0155647536739707,0.0019598251674324274,-0.08634238690137863,0.15628090500831604,0.06535939127206802,-0.07376988232135773,-0.04140039533376694,0.06838815659284592,0.13650020956993103,94,94,94,2504,100.0,100.0,70.0,-70.0,94,True,
ndvi,data/NDVI/ECO_L2T_STARS.002_NDVI-UQ_20210418T114706_aid0001_32N.tif,ECO_L2T_STARS.002_NDVI-UQ_20210418T114706_aid0001_32N.tif,2021-04-18T11:47:06,2021-04-18,2021,4,18,11,47,6,2,13.0,midday_afternoon,20210418T114706,filename_YYYYMMDDTHHMMSS,True,EPSG:32632,32632,303,313,GTiff,float32,,"[579360.0, 5158510.0, 600570.0, 5180420.0]",0.021027294918894768,0.02155936136841774,0.0022283545695245266,0.12052123993635178,0.008355125784873962,0.009191278368234634,0.014177163131535053,0.027189448475837708,0.029999999329447746,34751,34751,34751,94839,100.0,100.0,70.0,-70.0,34751,True,
ndvi,data/NDVI/ECO_L2T_STARS.002_NDVI_20210418T114706_aid0001_32N.tif,ECO_L2T_STARS.002_NDVI_20210418T114706_aid0001_32N.tif,2021-04-18T11:47:06,2021-04-18,2021,4,18,11,47,6,2,13.0,midday_afternoon,20210418T114706,filename_YYYYMMDDTHHMMSS,True,EPSG:32632,32632,303,313,GTiff,float32,,"[579360.0, 5158510.0, 600570.0, 5180420.0]",0.12032969295978546,0.07687520235776901,-0.4841637909412384,0.9988473057746887,0.15298603475093842,-0.042837224900722504,0.00893067754805088,0.19945307075977325,0.36502423882484436,34751,34751,34751,94839,100.0,100.0,70.0,-70.0,34751,True,
ndvi,data/NDVI/ECO_L2T_STARS.002_NDVI-UQ_20210419T074455_aid0001_32N.tif,ECO_L2T_STARS.002_NDVI-UQ_20210419T074455_aid0001_32N.tif,2021-04-19T07:44:55,2021-04-19,2021,4,19,7,44,55,2,9.0,morning,20210419T074455,filename_YYYYMMDDTHHMMSS,True,EPSG:32632,32632,303,313,GTiff,float32,,"[579360.0, 5158510.0, 600570.0, 5180420.0]",0.022154198959469795,0.02286117896437645,0.002628057962283492,0.09620511531829834,0.008057205937802792,0.010888068936765194,0.01603657938539982,0.02781028114259243,0.029999999329447746,34751,34751,34751,94839,100.0,100.0,70.0,-70.0,34751,True,
ndvi,data/NDVI/ECO_L2T_STARS.002_NDVI_20210419T074455_aid0001_32N.tif,ECO_L2T_STARS.002_NDVI_20210419T074455_aid0001_32N.tif,2021-04-19T07:44:55,2021-04-19,2021,4,19,7,44,55,2,9.0,morning,20210419T074455,filename_YYYYMMDDTHHMMSS,True,EPSG:32632,32632,303,313,GTiff,float32,,"[579360.0, 5158510.0, 600570.0, 5180420.0]",0.12802095711231232,0.08473905920982361,-0.48490089178085327,0.9980148673057556,0.1538909524679184,-0.04107068106532097,0.012775100767612457,0.22424627840518951,0.3639523386955261,34751,34751,34751,94839,100.0,100.0,70.0,-70.0,34751,True,
ndvi,data/NDVI/ECO_L2T_STARS.002_NDVI-UQ_20210420T065713_aid0001_32N.tif,ECO_L2T_STARS.002_NDVI-UQ_20210420T065713_aid0001_32N.tif,2021-04-20T06:57:13,2021-04-20,2021,4,20,6,57,13,2,8.0,morning,20210420T065713,filename_YYYYMMDDTHHMMSS,True,EPSG:32632,32632,303,313,GTiff,float32,,"[579360.0, 5158510.0, 600570.0, 5180420.0]",0.02329999953508377,0.02407989092171192,0.0032870741561055183,0.08987302333116531,0.007364537566900253,0.01181364431977272,0.018683314323425293,0.028602518141269684,0.029999999329447746,34751,34751,34751,94839,100.0,100.0,70.0,-70.0,34751,True,
ndvi,data/NDVI/ECO_L2T_STARS.002_NDVI_20210420T065713_aid0001_32N.tif,ECO_L2T_STARS.002_NDVI_20210420T065713_aid0001_32N.tif,2021-04-20T06:57:13,2021-04-20,2021,4,20,6,57,13,2,8.0,morning,20210420T065713,filename_YYYYMMDDTHHMMSS,True,EPSG:32632,32632,303,313,GTiff,float32,,"[579360.0, 5158510.0, 600570.0, 5180420.0]",0.1236344650387764,0.07689253240823746,-0.28938230872154236,0.9948852062225342,0.15478737652301788,-0.04198868200182915,0.007433795370161533,0.221477210521698,0.3621520400047302,34751,34751,34751,94839,100.0,100.0,70.0,-70.0,34751,True,
ndvi,data/NDVI/ECO_L2T_STARS.002_NDVI-UQ_20210420T065805_aid0001_32N.tif,ECO_L2T_STARS.002_NDVI-UQ_20210420T065805_aid0001_32N.tif,2021-04-20T06:58:05,2021-04-20,2021,4,20,6,58,5,2,8.0,morning,20210420T065805,filename_YYYYMMDDTHHMMSS,True,EPSG:32632,32632,8,313,GTiff,float32,,"[600000.0, 5158510.0, 600560.0, 5180420.0]",0.04094487428665161,0.04275557026267052,0.022551963105797768,0.06519848108291626,0.012817544862627983,0.02302943356335163,0.03267953172326088,0.05185125023126602,0.060878936201334,94,94,94,2504,100.0,100.0,70.0,-70.0,94,True,
ndvi,data/NDVI/ECO_L2T_STARS.002_NDVI_20210420T065805_aid0001_32N.tif,ECO_L2T_STARS.002_NDVI_20210420T065805_aid0001_32N.tif,2021-04-20T06:58:05,2021-04-20,2021,4,20,6,58,5,2,8.0,morning,20210420T065805,filename_YYYYMMDDTHHMMSS,True,EPSG:32632,32632,8,313,GTiff,float32,,"[600000.0, 5158510.0, 600560.0, 5180420.0]",0.0155647536739707,0.0019598251674324274,-0.08634238690137863,0.15628090500831604,0.06535939127206802,-0.07376988232135773,-0.04140039533376694,0.06838815659284592,0.13650020956993103,94,94,94,2504,100.0,100.0,70.0,-70.0,94,True,
ndvi,data/NDVI/ECO_L2T_STARS.002_NDVI-UQ_20210421T061028_aid0001_32N.tif,ECO_L2T_STARS.002_NDVI-UQ_20210421T061028_aid0001_32N.tif,2021-04-21T06:10:28,2021-04-21,2021,4,21,6,10,28,2,8.0,morning,20210421T061028,filename_YYYYMMDDTHHMMSS,True,EPSG:32632,32632,8,313,GTiff,float32,,"[600000.0, 5158510.0, 600560.0, 5180420.0]",0.04227574169635773,0.04390943795442581,0.02466963790357113,0.06596091389656067,0.012390866875648499,0.025106867775321007,0.03417531028389931,0.05280674621462822,0.06169477105140686,94,94,94,2504,100.0,100.0,70.0,-70.0,94,True,
ndvi,data/NDVI/ECO_L2T_STARS.002_NDVI_20210421T061028_aid0001_32N.tif,ECO_L2T_STARS.002_NDVI_20210421T061028_aid0001_32N.tif,2021-04-21T06:10:28,2021-04-21,2021,4,21,6,10,28,2,8.0,morning,20210421T061028,filename_YYYYMMDDTHHMMSS,True,EPSG:32632,32632,8,313,GTiff,float32,,"[600000.0, 5158510.0, 600560.0, 5180420.0]",0.0155647536739707,0.0019598251674324274,-0.08634238690137863,0.15628090500831604,0.06535939127206802,-0.07376988232135773,-0.04140039533376694,0.06838815659284592,0.13650020956993103,94,94,94,2504,100.0,100.0,70.0,-70.0,94,True,
ndvi,data/NDVI/ECO_L2T_STARS.002_NDVI-UQ_20210422T101429_aid0001_32N.tif,ECO_L2T_STARS.002_NDVI-UQ_20210422T101429_aid0001_32N.tif,2021-04-22T10:14:29,2021-04-22,2021,4,22,10,14,29,2,12.0,midday_afternoon,20210422T101429,filename_YYYYMMDDTHHMMSS,True,EPSG:32632,32632,303,313,GTiff,float32,,"[579360.0, 5158510.0, 600570.0, 5180420.0]",0.023037131875753403,0.024515124037861824,0.001376766012981534,0.08833767473697662,0.0071707917377352715,0.010046303272247314,0.019604336470365524,0.0293143168091774,0.029999999329447746,34751,34751,34751,94839,100.0,100.0,70.0,-70.0,34751,True,
ndvi,data/NDVI/ECO_L2T_STARS.002_NDVI_20210422T101429_aid0001_32N.tif,ECO_L2T_STARS.002_NDVI_20210422T101429_aid0001_32N.tif,2021-04-22T10:14:29,2021-04-22,2021,4,22,10,14,29,2,12.0,midday_afternoon,20210422T101429,filename_YYYYMMDDTHHMMSS,True,EPSG:32632,32632,303,313,GTiff,float32,,"[579360.0, 5158510.0, 600570.0, 5180420.0]",0.13957209885120392,0.09645801782608032,-0.434455543756485,0.9799415469169617,0.16608698666095734,-0.060045354068279266,5.265292202238925e-05,0.30000001192092896,0.3705288767814636,34751,34751,34751,94839,100.0,100.0,70.0,-70.0,34751,True,
ndvi,data/NDVI/ECO_L2T_STARS.002_NDVI-UQ_20210423T061156_aid0001_32N.tif,ECO_L2T_STARS.002_NDVI-UQ_20210423T061156_aid0001_32N.tif,2021-04-23T06:11:56,2021-04-23,2021,4,23,6,11,56,2,8.0,morning,20210423T061156,filename_YYYYMMDDTHHMMSS,True,EPSG:32632,32632,303,313,GTiff,float32,,"[579360.0, 5158510.0, 600570.0, 5180420.0]",0.01833174377679825,0.022420547902584076,0.0007857375894673169,0.06437741965055466,0.011043033562600613,0.0009369989857077599,0.011235054582357407,0.027626339346170425,0.029999999329447746,34751,34751,34751,94839,100.0,100.0,70.0,-70.0,34751,True,
ndvi,data/NDVI/ECO_L2T_STARS.002_NDVI_20210423T061156_aid0001_32N.tif,ECO_L2T_STARS.002_NDVI_20210423T061156_aid0001_32N.tif,2021-04-23T06:11:56,2021-04-23,2021,4,23,6,11,56,2,8.0,morning,20210423T061156,filename_YYYYMMDDTHHMMSS,True,EPSG:32632,32632,303,313,GTiff,float32,,"[579360.0, 5158510.0, 600570.0, 5180420.0]",0.1281164139509201,0.08077844232320786,-0.45875585079193115,0.9790113568305969,0.1768227070569992,-0.06705155223608017,-0.0184475127607584,0.30000001192092896,0.4193340241909027,34742,34742,34751,94839,99.97410146470605,99.97410146470605,70.0,-70.0,34751,True,
ndvi,data/NDVI/ECO_L2T_STARS.002_NDVI-UQ_20210423T061248_aid0001_32N.tif,ECO_L2T_STARS.002_NDVI-UQ_20210423T061248_aid0001_32N.tif,2021-04-23T06:12:48,2021-04-23,2021,4,23,6,12,48,2,8.0,morning,20210423T061248,filename_YYYYMMDDTHHMMSS,True,EPSG:32632,32632,8,313,GTiff,float32,,"[600000.0, 5158510.0, 600560.0, 5180420.0]",0.04475292190909386,0.046130672097206116,0.028435735031962395,0.06745992600917816,0.011686631478369236,0.028815878555178642,0.03681066632270813,0.05466765537858009,0.0632949024438858,94,94,94,2504,100.0,100.0,70.0,-70.0,94,True,
ndvi,data/NDVI/ECO_L2T_STARS.002_NDVI_20210423T061248_aid0001_32N.tif,ECO_L2T_STARS.002_NDVI_20210423T061248_aid0001_32N.tif,2021-04-23T06:12:48,2021-04-23,2021,4,23,6,12,48,2,8.0,morning,20210423T061248,filename_YYYYMMDDTHHMMSS,True,EPSG:32632,32632,8,313,GTiff,float32,,"[600000.0, 5158510.0, 600560.0, 5180420.0]",0.022814974188804626,0.0019598251674324274,-0.08634238690137863,0.16887494921684265,0.07562743872404099,-0.07376988232135773,-0.04140039533376694,0.07822014391422272,0.16394388675689697,94,94,94,2504,100.0,100.0,70.0,-70.0,94,True,
ndvi,data/NDVI/ECO_L2T_STARS.002_NDVI-UQ_20210424T052525_aid0001_32N.tif,ECO_L2T_STARS.002_NDVI-UQ_20210424T052525_aid0001_32N.tif,2021-04-24T05:25:25,2021-04-24,2021,4,24,5,25,25,2,7.0,morning,20210424T052525,filename_YYYYMMDDTHHMMSS,True,EPSG:32632,32632,303,313,GTiff,float32,,"[579360.0, 5158510.0, 600570.0, 5180420.0]",0.02117818221449852,0.0226081982254982,0.0029943822883069515,0.08322902768850327,0.008192026987671852,0.010043078102171421,0.011974474415183067,0.029112868010997772,0.029999999329447746,34751,34751,34751,94839,100.0,100.0,70.0,-70.0,34751,True,
ndvi,data/NDVI/ECO_L2T_STARS.002_NDVI_20210424T052525_aid0001_32N.tif,ECO_L2T_STARS.002_NDVI_20210424T052525_aid0001_32N.tif,2021-04-24T05:25:25,2021-04-24,2021,4,24,5,25,25,2,7.0,morning,20210424T052525,filename_YYYYMMDDTHHMMSS,True,EPSG:32632,32632,303,313,GTiff,float32,,"[579360.0, 5158510.0, 600570.0, 5180420.0]",0.1255926936864853,0.08512336015701294,-0.43407049775123596,0.980226993560791,0.16493062674999237,-0.0670834630727768,-0.012660158798098564,0.30000001192092896,0.3235475420951843,34751,34751,34751,94839,100.0,100.0,70.0,-70.0,34751,True,
ndvi,data/NDVI/ECO_L2T_STARS.002_NDVI-UQ_20210425T092913_aid0001_32N.tif,ECO_L2T_STARS.002_NDVI-UQ_20210425T092913_aid0001_32N.tif,2021-04-25T09:29:13,2021-04-25,2021,4,25,9,29,13,2,11.0,midday_afternoon,20210425T092913,filename_YYYYMMDDTHHMMSS,True,EPSG:32632,32632,8,313,GTiff,float32,,"[600000.0, 5158510.0, 600560.0, 5180420.0]",0.046695776283741,0.047742556780576706,0.031758323311805725,0.06756863743066788,0.010840428061783314,0.03209913894534111,0.03943381458520889,0.055292967706918716,0.06382516771554947,94,94,94,2504,100.0,100.0,70.0,-70.0,94,True,
ndvi,data/NDVI/ECO_L2T_STARS.002_NDVI_20210425T092913_aid0001_32N.tif,ECO_L2T_STARS.002_NDVI_20210425T092913_aid0001_32N.tif,2021-04-25T09:29:13,2021-04-25,2021,4,25,9,29,13,2,11.0,midday_afternoon,20210425T092913,filename_YYYYMMDDTHHMMSS,True,EPSG:32632,32632,8,313,GTiff,float32,,"[600000.0, 5158510.0, 600560.0, 5180420.0]",0.0060354978777468204,-0.026695938780903816,-0.11019831895828247,0.16887494921684265,0.0876293033361435,-0.09844478964805603,-0.07551465928554535,0.07822014391422272,0.16394388675689697,94,94,94,2504,100.0,100.0,70.0,-70.0,94,True,
ndvi,data/NDVI/ECO_L2T_STARS.002_NDVI-UQ_20210426T084149_aid0001_32N.tif,ECO_L2T_STARS.002_NDVI-UQ_20210426T084149_aid0001_32N.tif,2021-04-26T08:41:49,2021-04-26,2021,4,26,8,41,49,2,10.0,morning,20210426T084149,filename_YYYYMMDDTHHMMSS,True,EPSG:32632,32632,303,313,GTiff,float32,,"[579360.0, 5158510.0, 600570.0, 5180420.0]",0.02418345957994461,0.02500784769654274,0.008518385700881481,0.05780884996056557,0.005245928652584553,0.017342768609523773,0.017888380214571953,0.029999999329447746,0.029999999329447746,34751,34751,34751,94839,100.0,100.0,70.0,-70.0,34751,True,
ndvi,data/NDVI/ECO_L2T_STARS.002_NDVI_20210426T084149_aid0001_32N.tif,ECO_L2T_STARS.002_NDVI_20210426T084149_aid0001_32N.tif,2021-04-26T08:41:49,2021-04-26,2021,4,26,8,41,49,2,10.0,morning,20210426T084149,filename_YYYYMMDDTHHMMSS,True,EPSG:32632,32632,303,313,GTiff,float32,,"[579360.0, 5158510.0, 600570.0, 5180420.0]",0.13513346016407013,0.09765076637268066,-0.43355414271354675,0.9800607562065125,0.16876770555973053,-0.06846345961093903,-0.012366033159196377,0.30000001192092896,0.33072757720947266,34751,34751,34751,94839,100.0,100.0,70.0,-70.0,34751,True,
ndvi,data/NDVI/ECO_L2T_STARS.002_NDVI-UQ_20210428T084347_aid0001_32N.tif,ECO_L2T_STARS.002_NDVI-UQ_20210428T084347_aid0001_32N.tif,2021-04-28T08:43:47,2021-04-28,2021,4,28,8,43,47,2,10.0,morning,20210428T084347,filename_YYYYMMDDTHHMMSS,True,EPSG:32632,32632,303,313,GTiff,float32,,"[579360.0, 5158510.0, 600570.0, 5180420.0]",0.025761466473340988,0.02783970907330513,0.000997014343738556,0.06468098610639572,0.008979889564216137,0.0009984751231968403,0.02238284796476364,0.03266752511262894,0.033166248351335526,34751,34751,34751,94839,100.0,100.0,70.0,-70.0,34751,True,
ndvi,data/NDVI/ECO_L2T_STARS.002_NDVI_20210428T084347_aid0001_32N.tif,ECO_L2T_STARS.002_NDVI_20210428T084347_aid0001_32N.tif,2021-04-28T08:43:47,2021-04-28,2021,4,28,8,43,47,2,10.0,morning,20210428T084347,filename_YYYYMMDDTHHMMSS,True,EPSG:32632,32632,303,313,GTiff,float32,,"[579360.0, 5158510.0, 600570.0, 5180420.0]",0.12903836369514465,0.08944632112979889,-0.43355414271354675,0.9800607562065125,0.17299975454807281,-0.0751325786113739,-0.01825079321861267,0.30000001192092896,0.35740983486175537,34751,34751,34751,94839,100.0,100.0,70.0,-70.0,34751,True,
ndvi,data/NDVI/ECO_L2T_STARS.002_NDVI-UQ_20210429T075625_aid0001_32N.tif,ECO_L2T_STARS.002_NDVI-UQ_20210429T075625_aid0001_32N.tif,2021-04-29T07:56:25,2021-04-29,2021,4,29,7,56,25,2,9.0,morning,20210429T075625,filename_YYYYMMDDTHHMMSS,True,EPSG:32632,32632,303,313,GTiff,float32,,"[579360.0, 5158510.0, 600570.0, 5180420.0]",0.028115328401327133,0.02954358421266079,0.005732724443078041,0.06796999275684357,0.007140275556594133,0.010049724020063877,0.02451513521373272,0.03416911140084267,0.03464101627469063,34751,34751,34751,94839,100.0,100.0,70.0,-70.0,34751,True,
ndvi,data/NDVI/ECO_L2T_STARS.002_NDVI_20210429T075625_aid0001_32N.tif,ECO_L2T_STARS.002_NDVI_20210429T075625_aid0001_32N.tif,2021-04-29T07:56:25,2021-04-29,2021,4,29,7,56,25,2,9.0,morning,20210429T075625,filename_YYYYMMDDTHHMMSS,True,EPSG:32632,32632,303,313,GTiff,float32,,"[579360.0, 5158510.0, 600570.0, 5180420.0]",0.12885797023773193,0.0889061838388443,-0.43355414271354675,0.9800607562065125,0.1730411946773529,-0.07529759407043457,-0.01831360161304474,0.30000001192092896,0.35740983486175537,34751,34751,34751,94839,100.0,100.0,70.0,-70.0,34751,True,
ndvi,data/NDVI/ECO_L2T_STARS.002_NDVI-UQ_20210430T070859_aid0001_32N.tif,ECO_L2T_STARS.002_NDVI-UQ_20210430T070859_aid0001_32N.tif,2021-04-30T07:08:59,2021-04-30,2021,4,30,7,8,59,2,9.0,morning,20210430T070859,filename_YYYYMMDDTHHMMSS,True,EPSG:32632,32632,303,313,GTiff,float32,,"[579360.0, 5158510.0, 600570.0, 5180420.0]",0.03006361611187458,0.031193386763334274,0.008354103192687035,0.09268059581518173,0.006738890893757343,0.014177339151501656,0.02647625096142292,0.03561140596866608,0.036055512726306915,34751,34751,34751,94839,100.0,100.0,70.0,-70.0,34751,True,
ndvi,data/NDVI/ECO_L2T_STARS.002_NDVI_20210430T070859_aid0001_32N.tif,ECO_L2T_STARS.002_NDVI_20210430T070859_aid0001_32N.tif,2021-04-30T07:08:59,2021-04-30,2021,4,30,7,8,59,2,9.0,morning,20210430T070859,filename_YYYYMMDDTHHMMSS,True,EPSG:32632,32632,303,313,GTiff,float32,,"[579360.0, 5158510.0, 600570.0, 5180420.0]",0.12794986367225647,0.08935463428497314,-0.43355414271354675,0.9800607562065125,0.17298132181167603,-0.07581417262554169,-0.019100870937108994,0.30000001192092896,0.3583802580833435,34751,34751,34751,94839,100.0,100.0,70.0,-70.0,34751,True,
ndvi,data/NDVI/ECO_L2T_STARS.002_NDVI-UQ_20210502T071054_aid0001_32N.tif,ECO_L2T_STARS.002_NDVI-UQ_20210502T071054_aid0001_32N.tif,2021-05-02T07:10:54,2021-05-02,2021,5,2,7,10,54,2,9.0,morning,20210502T071054,filename_YYYYMMDDTHHMMSS,True,EPSG:32632,32632,303,313,GTiff,float32,,"[579360.0, 5158510.0, 600570.0, 5180420.0]",0.03285980969667435,0.034130893647670746,0.0012516496935859323,0.09370911121368408,0.006836671382188797,0.02002490870654583,0.030016526579856873,0.03829885646700859,0.03872983530163765,34751,34751,34751,94839,100.0,100.0,70.0,-70.0,34751,True,
ndvi,data/NDVI/ECO_L2T_STARS.002_NDVI_20210502T071054_aid0001_32N.tif,ECO_L2T_STARS.002_NDVI_20210502T071054_aid0001_32N.tif,2021-05-02T07:10:54,2021-05-02,2021,5,2,7,10,54,2,9.0,morning,20210502T071054,filename_YYYYMMDDTHHMMSS,True,EPSG:32632,32632,303,313,GTiff,float32,,"[579360.0, 5158510.0, 600570.0, 5180420.0]",0.1249268651008606,0.08438476920127869,-0.43355414271354675,0.9696172475814819,0.16984859108924866,-0.07500922679901123,-0.01881122775375843,0.30000001192092896,0.3378143310546875,34751,34751,34751,94839,100.0,100.0,70.0,-70.0,34751,True,
ndvi,data/NDVI/ECO_L2T_STARS.002_NDVI-UQ_20210503T062331_aid0001_32N.tif,ECO_L2T_STARS.002_NDVI-UQ_20210503T062331_aid0001_32N.tif,2021-05-03T06:23:31,2021-05-03,2021,5,3,6,23,31,2,8.0,morning,20210503T062331,filename_YYYYMMDDTHHMMSS,True,EPSG:32632,32632,303,313,GTiff,float32,,"[579360.0, 5158510.0, 600570.0, 5180420.0]",0.021591246128082275,0.02888745255768299,0.0007829298265278339,0.061046719551086426,0.011444405652582645,0.0009249350987374783,0.014898460358381271,0.029999999329447746,0.029999999329447746,34751,34751,34751,94839,100.0,100.0,70.0,-70.0,34751,True,
ndvi,data/NDVI/ECO_L2T_STARS.002_NDVI_20210503T062331_aid0001_32N.tif,ECO_L2T_STARS.002_NDVI_20210503T062331_aid0001_32N.tif,2021-05-03T06:23:31,2021-05-03,2021,5,3,6,23,31,2,8.0,morning,20210503T062331,filename_YYYYMMDDTHHMMSS,True,EPSG:32632,32632,303,313,GTiff,float32,,"[579360.0, 5158510.0, 600570.0, 5180420.0]",0.21366794407367706,0.30000001192092896,-0.23873178660869598,0.9937455654144287,0.16441087424755096,-0.04835529625415802,0.0710408166050911,0.30000001192092896,0.412517249584198,34709,34709,34751,94839,99.87914016862824,99.87914016862824,70.0,-70.0,34751,True,
ndvi,data/NDVI/ECO_L2T_STARS.002_NDVI-UQ_20210504T053602_aid0001_32N.tif,ECO_L2T_STARS.002_NDVI-UQ_20210504T053602_aid0001_32N.tif,2021-05-04T05:36:02,2021-05-04,2021,5,4,5,36,2,2,7.0,morning,20210504T053602,filename_YYYYMMDDTHHMMSS,True,EPSG:32632,32632,303,313,GTiff,float32,,"[579360.0, 5158510.0, 600570.0, 5180420.0]",0.024976203218102455,0.030607623979449272,0.002703153993934393,0.061860341578722,0.008674366399645805,0.010042684152722359,0.018147502094507217,0.03162277489900589,0.03162277489900589,34751,34751,34751,94839,100.0,100.0,70.0,-70.0,34751,True,
ndvi,data/NDVI/ECO_L2T_STARS.002_NDVI_20210504T053602_aid0001_32N.tif,ECO_L2T_STARS.002_NDVI_20210504T053602_aid0001_32N.tif,2021-05-04T05:36:02,2021-05-04,2021,5,4,5,36,2,2,7.0,morning,20210504T053602,filename_YYYYMMDDTHHMMSS,True,EPSG:32632,32632,303,313,GTiff,float32,,"[579360.0, 5158510.0, 600570.0, 5180420.0]",0.2136296182870865,0.30000001192092896,-0.23873178660869598,0.9937455654144287,0.1643848717212677,-0.04835529625415802,0.07096398621797562,0.30000001192092896,0.4124641716480255,34709,34709,34751,94839,99.87914016862824,99.87914016862824,70.0,-70.0,34751,True,
ndvi,data/NDVI/ECO_L2T_STARS.002_NDVI-UQ_20210506T053802_aid0001_32N.tif,ECO_L2T_STARS.002_NDVI-UQ_20210506T053802_aid0001_32N.tif,2021-05-06T05:38:02,2021-05-06,2021,5,6,5,38,2,2,7.0,morning,20210506T053802,filename_YYYYMMDDTHHMMSS,True,EPSG:32632,32632,303,313,GTiff,float32,,"[579360.0, 5158510.0, 600570.0, 5180420.0]",0.029312437400221825,0.03382355719804764,0.004505977034568787,0.16810110211372375,0.008087828755378723,0.017345113679766655,0.02308184653520584,0.03464101627469063,0.03464101627469063,34751,34751,34751,94839,100.0,100.0,70.0,-70.0,34751,True,
ndvi,data/NDVI/ECO_L2T_STARS.002_NDVI_20210506T053802_aid0001_32N.tif,ECO_L2T_STARS.002_NDVI_20210506T053802_aid0001_32N.tif,2021-05-06T05:38:02,2021-05-06,2021,5,6,5,38,2,2,7.0,morning,20210506T053802,filename_YYYYMMDDTHHMMSS,True,EPSG:32632,32632,303,313,GTiff,float32,,"[579360.0, 5158510.0, 600570.0, 5180420.0]",0.21348150074481964,0.30000001192092896,-0.23873178660869598,0.9937455654144287,0.16401897370815277,-0.04809373617172241,0.06949882209300995,0.30000001192092896,0.4106709659099579,34709,34709,34751,94839,99.87914016862824,99.87914016862824,70.0,-70.0,34751,True,
ndvi,data/NDVI/ECO_L2T_STARS.002_NDVI-UQ_20210507T045046_aid0001_32N.tif,ECO_L2T_STARS.002_NDVI-UQ_20210507T045046_aid0001_32N.tif,2021-05-07T04:50:46,2021-05-07,2021,5,7,4,50,46,2,6.0,morning,20210507T045046,filename_YYYYMMDDTHHMMSS,True,EPSG:32632,32632,303,313,GTiff,float32,,"[579360.0, 5158510.0, 600570.0, 5180420.0]",0.031127730384469032,0.035265326499938965,0.010968309827148914,0.19485168159008026,0.008063401095569134,0.02002127282321453,0.02508806809782982,0.036055512726306915,0.036055512726306915,34751,34751,34751,94839,100.0,100.0,70.0,-70.0,34751,True,
ndvi,data/NDVI/ECO_L2T_STARS.002_NDVI_20210507T045046_aid0001_32N.tif,ECO_L2T_STARS.002_NDVI_20210507T045046_aid0001_32N.tif,2021-05-07T04:50:46,2021-05-07,2021,5,7,4,50,46,2,6.0,morning,20210507T045046,filename_YYYYMMDDTHHMMSS,True,EPSG:32632,32632,303,313,GTiff,float32,,"[579360.0, 5158510.0, 600570.0, 5180420.0]",0.2133941799402237,0.30000001192092896,-0.23873178660869598,0.9937455654144287,0.1640046089887619,-0.04811416193842888,0.06937099993228912,0.30000001192092896,0.4105939567089081,34709,34709,34751,94839,99.87914016862824,99.87914016862824,70.0,-70.0,34751,True,
ndvi,data/NDVI/ECO_L2T_STARS.002_NDVI-UQ_20210522T174715_aid0001_32N.tif,ECO_L2T_STARS.002_NDVI-UQ_20210522T174715_aid0001_32N.tif,2021-05-22T17:47:15,2021-05-22,2021,5,22,17,47,15,2,19.0,evening,20210522T174715,filename_YYYYMMDDTHHMMSS,True,EPSG:32632,32632,303,313,GTiff,float32,,"[579360.0, 5158510.0, 600570.0, 5180420.0]",0.04163575917482376,0.044898778200149536,0.020024927332997322,0.1968938261270523,0.007531337905675173,0.03175829350948334,0.03730706870555878,0.04582575708627701,0.04582575708627701,34751,34751,34751,94839,100.0,100.0,70.0,-70.0,34751,True,
ndvi,data/NDVI/ECO_L2T_STARS.002_NDVI_20210522T174715_aid0001_32N.tif,ECO_L2T_STARS.002_NDVI_20210522T174715_aid0001_32N.tif,2021-05-22T17:47:15,2021-05-22,2021,5,22,17,47,15,2,19.0,evening,20210522T174715,filename_YYYYMMDDTHHMMSS,True,EPSG:32632,32632,303,313,GTiff,float32,,"[579360.0, 5158510.0, 600570.0, 5180420.0]",0.21422171592712402,0.30000001192092896,-0.23873178660869598,0.9937455654144287,0.16725389659404755,-0.0506574921309948,0.06845275312662125,0.30000001192092896,0.4437462091445923,34709,34709,34751,94839,99.87914016862824,99.87914016862824,70.0,-70.0,34751,True,
ndvi,data/NDVI/ECO_L2T_STARS.002_NDVI-UQ_20210524T174926_aid0001_32N.tif,ECO_L2T_STARS.002_NDVI-UQ_20210524T174926_aid0001_32N.tif,2021-05-24T17:49:26,2021-05-24,2021,5,24,17,49,26,2,19.0,evening,20210524T174926,filename_YYYYMMDDTHHMMSS,True,EPSG:32632,32632,303,313,GTiff,float32,,"[579360.0, 5158510.0, 600570.0, 5180420.0]",0.02673955261707306,0.029999999329447746,0.010042443871498108,0.029999999329447746,0.006646324414759874,0.010049481876194477,0.028571851551532745,0.029999999329447746,0.029999999329447746,34751,34751,34751,94839,100.0,100.0,70.0,-70.0,34751,True,
ndvi,data/NDVI/ECO_L2T_STARS.002_NDVI_20210524T174926_aid0001_32N.tif,ECO_L2T_STARS.002_NDVI_20210524T174926_aid0001_32N.tif,2021-05-24T17:49:26,2021-05-24,2021,5,24,17,49,26,2,19.0,evening,20210524T174926,filename_YYYYMMDDTHHMMSS,True,EPSG:32632,32632,303,313,GTiff,float32,,"[579360.0, 5158510.0, 600570.0, 5180420.0]",0.25160881876945496,0.30000001192092896,-0.1317831426858902,0.9811424612998962,0.12546075880527496,-0.02020261064171791,0.30000001192092896,0.30000001192092896,0.30000001192092896,34751,34751,34751,94839,100.0,100.0,70.0,-70.0,34751,True,
ndvi,data/NDVI/ECO_L2T_STARS.002_NDVI-UQ_20210525T170140_aid0001_32N.tif,ECO_L2T_STARS.002_NDVI-UQ_20210525T170140_aid0001_32N.tif,2021-05-25T17:01:40,2021-05-25,2021,5,25,17,1,40,2,19.0,evening,20210525T170140,filename_YYYYMMDDTHHMMSS,True,EPSG:32632,32632,303,313,GTiff,float32,,"[579360.0, 5158510.0, 600570.0, 5180420.0]",0.02743014134466648,0.029999999329447746,0.014172179624438286,0.029999999329447746,0.005285882856696844,0.014177163131535053,0.02916676364839077,0.029999999329447746,0.029999999329447746,34751,34751,34751,94839,100.0,100.0,70.0,-70.0,34751,True,
ndvi,data/NDVI/ECO_L2T_STARS.002_NDVI_20210525T170140_aid0001_32N.tif,ECO_L2T_STARS.002_NDVI_20210525T170140_aid0001_32N.tif,2021-05-25T17:01:40,2021-05-25,2021,5,25,17,1,40,2,19.0,evening,20210525T170140,filename_YYYYMMDDTHHMMSS,True,EPSG:32632,32632,303,313,GTiff,float32,,"[579360.0, 5158510.0, 600570.0, 5180420.0]",0.25197404623031616,0.30000001192092896,-0.13273589313030243,0.9810146689414978,0.12530231475830078,-0.020098134875297546,0.30000001192092896,0.30000001192092896,0.30000001192092896,34751,34751,34751,94839,100.0,100.0,70.0,-70.0,34751,True,
ndvi,data/NDVI/ECO_L2T_STARS.002_NDVI-UQ_20210525T170232_aid0001_32N.tif,ECO_L2T_STARS.002_NDVI-UQ_20210525T170232_aid0001_32N.tif,2021-05-25T17:02:32,2021-05-25,2021,5,25,17,2,32,2,19.0,evening,20210525T170232,filename_YYYYMMDDTHHMMSS,True,EPSG:32632,32632,8,313,GTiff,float32,,"[600000.0, 5158510.0, 600560.0, 5180420.0]",0.018746010959148407,0.019205374643206596,0.014177163131535053,0.026163307949900627,0.004044343251734972,0.014177164062857628,0.01417718455195427,0.022179363295435905,0.02474718540906906,94,94,94,2504,100.0,100.0,70.0,-70.0,94,True,
ndvi,data/NDVI/ECO_L2T_STARS.002_NDVI_20210525T170232_aid0001_32N.tif,ECO_L2T_STARS.002_NDVI_20210525T170232_aid0001_32N.tif,2021-05-25T17:02:32,2021-05-25,2021,5,25,17,2,32,2,19.0,evening,20210525T170232,filename_YYYYMMDDTHHMMSS,True,EPSG:32632,32632,8,313,GTiff,float32,,"[600000.0, 5158510.0, 600560.0, 5180420.0]",0.011152449063956738,-0.0003521866165101528,-0.035599373281002045,0.1319243311882019,0.04073265939950943,-0.03231518715620041,-0.024318456649780273,0.03990275785326958,0.08463004976511002,94,94,94,2504,100.0,100.0,70.0,-70.0,94,True,
ndvi,data/NDVI/ECO_L2T_STARS.002_NDVI-UQ_20210526T161452_aid0001_32N.tif,ECO_L2T_STARS.002_NDVI-UQ_20210526T161452_aid0001_32N.tif,2021-05-26T16:14:52,2021-05-26,2021,5,26,16,14,52,2,18.0,evening,20210526T161452,filename_YYYYMMDDTHHMMSS,True,EPSG:32632,32632,303,313,GTiff,float32,,"[579360.0, 5158510.0, 600570.0, 5180420.0]",0.0024977533612400293,0.0009960818570107222,0.0008983223233371973,0.029999999329447746,0.005484674591571093,0.0008985173190012574,0.0009960804600268602,0.0009960945462808013,0.017074134200811386,34751,34751,34751,94839,100.0,100.0,70.0,-70.0,34751,True,
ndvi,data/NDVI/ECO_L2T_STARS.002_NDVI_20210526T161452_aid0001_32N.tif,ECO_L2T_STARS.002_NDVI_20210526T161452_aid0001_32N.tif,2021-05-26T16:14:52,2021-05-26,2021,5,26,16,14,52,2,18.0,evening,20210526T161452,filename_YYYYMMDDTHHMMSS,True,EPSG:32632,32632,303,313,GTiff,float32,,"[579360.0, 5158510.0, 600570.0, 5180420.0]",0.1893807202577591,0.04271640256047249,-0.47080808877944946,0.9789504408836365,0.2921494245529175,-0.07777979969978333,-0.04984482750296593,0.41615206003189087,0.739219069480896,34751,34751,34751,94839,100.0,100.0,70.0,-70.0,34751,True,
ndvi,data/NDVI/ECO_L2T_STARS.002_NDVI-UQ_20210528T161640_aid0001_32N.tif,ECO_L2T_STARS.002_NDVI-UQ_20210528T161640_aid0001_32N.tif,2021-05-28T16:16:40,2021-05-28,2021,5,28,16,16,40,2,18.0,evening,20210528T161640,filename_YYYYMMDDTHHMMSS,True,EPSG:32632,32632,303,313,GTiff,float32,,"[579360.0, 5158510.0, 600570.0, 5180420.0]",0.008264640346169472,0.009838303551077843,0.0008653306867927313,0.029999999329447746,0.006494286470115185,0.0008694116258993745,0.0008812808664515615,0.014177163131535053,0.014177164062857628,34751,34751,34751,94839,100.0,100.0,70.0,-70.0,34751,True,
ndvi,data/NDVI/ECO_L2T_STARS.002_NDVI_20210528T161640_aid0001_32N.tif,ECO_L2T_STARS.002_NDVI_20210528T161640_aid0001_32N.tif,2021-05-28T16:16:40,2021-05-28,2021,5,28,16,16,40,2,18.0,evening,20210528T161640,filename_YYYYMMDDTHHMMSS,True,EPSG:32632,32632,303,313,GTiff,float32,,"[579360.0, 5158510.0, 600570.0, 5180420.0]",0.17040923237800598,0.028058387339115143,-0.47048667073249817,0.9707526564598083,0.299975723028183,-0.11450362950563431,-0.08334377408027649,0.4275762140750885,0.7223593592643738,34750,34750,34751,94839,99.99712238496734,99.99712238496734,70.0,-70.0,34751,True,
ndvi,data/NDVI/ECO_L2T_STARS.002_NDVI-UQ_20210529T152944_aid0001_32N.tif,ECO_L2T_STARS.002_NDVI-UQ_20210529T152944_aid0001_32N.tif,2021-05-29T15:29:44,2021-05-29,2021,5,29,15,29,44,2,17.0,evening,20210529T152944,filename_YYYYMMDDTHHMMSS,True,EPSG:32632,32632,303,313,GTiff,float32,,"[579360.0, 5158510.0, 600570.0, 5180420.0]",0.013952787034213543,0.01395769976079464,0.005097458139061928,0.03162277489900589,0.003904096083715558,0.010037685744464397,0.01003875769674778,0.01734912022948265,0.01734912022948265,34751,34751,34751,94839,100.0,100.0,70.0,-70.0,34751,True,
ndvi,data/NDVI/ECO_L2T_STARS.002_NDVI_20210529T152944_aid0001_32N.tif,ECO_L2T_STARS.002_NDVI_20210529T152944_aid0001_32N.tif,2021-05-29T15:29:44,2021-05-29,2021,5,29,15,29,44,2,17.0,evening,20210529T152944,filename_YYYYMMDDTHHMMSS,True,EPSG:32632,32632,303,313,GTiff,float32,,"[579360.0, 5158510.0, 600570.0, 5180420.0]",0.17041896283626556,0.028058387339115143,-0.47048667073249817,0.9707526564598083,0.2999880909919739,-0.11450362950563431,-0.08334377408027649,0.4276994466781616,0.7223860025405884,34750,34750,34751,94839,99.99712238496734,99.99712238496734,70.0,-70.0,34751,True,
ndvi,data/NDVI/ECO_L2T_STARS.002_NDVI-UQ_20210530T144207_aid0001_32N.tif,ECO_L2T_STARS.002_NDVI-UQ_20210530T144207_aid0001_32N.tif,2021-05-30T14:42:07,2021-05-30,2021,5,30,14,42,7,2,16.0,evening,20210530T144207,filename_YYYYMMDDTHHMMSS,True,EPSG:32632,32632,303,313,GTiff,float32,,"[579360.0, 5158510.0, 600570.0, 5180420.0]",0.017276572063565254,0.017142219468951225,0.007650064770132303,0.033166248351335526,0.0032399091869592667,0.014168808236718178,0.014169566333293915,0.02002478390932083,0.02002478390932083,34751,34751,34751,94839,100.0,100.0,70.0,-70.0,34751,True,
ndvi,data/NDVI/ECO_L2T_STARS.002_NDVI_20210530T144207_aid0001_32N.tif,ECO_L2T_STARS.002_NDVI_20210530T144207_aid0001_32N.tif,2021-05-30T14:42:07,2021-05-30,2021,5,30,14,42,7,2,16.0,evening,20210530T144207,filename_YYYYMMDDTHHMMSS,True,EPSG:32632,32632,303,313,GTiff,float32,,"[579360.0, 5158510.0, 600570.0, 5180420.0]",0.1708715409040451,0.027654247358441353,-0.47048667073249817,0.9707526564598083,0.30115455389022827,-0.11455810815095901,-0.08336766064167023,0.4276820421218872,0.72563636302948,34751,34751,34751,94839,100.0,100.0,70.0,-70.0,34751,True,
ndvi,data/NDVI/ECO_L2T_STARS.002_NDVI-UQ_20210601T144356_aid0001_32N.tif,ECO_L2T_STARS.002_NDVI-UQ_20210601T144356_aid0001_32N.tif,2021-06-01T14:43:56,2021-06-01,2021,6,1,14,43,56,2,16.0,evening,20210601T144356,filename_YYYYMMDDTHHMMSS,True,EPSG:32632,32632,303,313,GTiff,float32,,"[579360.0, 5158510.0, 600570.0, 5180420.0]",0.01054186187684536,0.010049655102193356,0.005119300913065672,0.2002524733543396,0.005823554936796427,0.0075251017697155476,0.010049644857645035,0.010049757547676563,0.018473323434591293,34751,34751,34751,94839,100.0,100.0,70.0,-70.0,34751,True,
ndvi,data/NDVI/ECO_L2T_STARS.002_NDVI_20210601T144356_aid0001_32N.tif,ECO_L2T_STARS.002_NDVI_20210601T144356_aid0001_32N.tif,2021-06-01T14:43:56,2021-06-01,2021,6,1,14,43,56,2,16.0,evening,20210601T144356,filename_YYYYMMDDTHHMMSS,True,EPSG:32632,32632,303,313,GTiff,float32,,"[579360.0, 5158510.0, 600570.0, 5180420.0]",0.19274716079235077,0.06128484010696411,-0.2940446436405182,0.9957181215286255,0.30708199739456177,-0.10783428698778152,-0.08055689185857773,0.48597678542137146,0.7351909279823303,34745,34745,34751,94839,99.98273430980403,99.98273430980403,70.0,-70.0,34751,True,
ndvi,data/NDVI/ECO_L2T_STARS.002_NDVI-UQ_20210602T135657_aid0001_32N.tif,ECO_L2T_STARS.002_NDVI-UQ_20210602T135657_aid0001_32N.tif,2021-06-02T13:56:57,2021-06-02,2021,6,2,13,56,57,2,15.0,midday_afternoon,20210602T135657,filename_YYYYMMDDTHHMMSS,True,EPSG:32632,32632,8,313,GTiff,float32,,"[600000.0, 5158510.0, 600560.0, 5180420.0]",0.014170479029417038,0.014170155860483646,0.01416993048042059,0.014171982184052467,6.797324090257462e-07,0.01416993048042059,0.01416994072496891,0.014171474613249302,0.014171714894473553,94,94,94,2504,100.0,100.0,70.0,-70.0,94,True,
ndvi,data/NDVI/ECO_L2T_STARS.002_NDVI_20210602T135657_aid0001_32N.tif,ECO_L2T_STARS.002_NDVI_20210602T135657_aid0001_32N.tif,2021-06-02T13:56:57,2021-06-02,2021,6,2,13,56,57,2,15.0,midday_afternoon,20210602T135657,filename_YYYYMMDDTHHMMSS,True,EPSG:32632,32632,8,313,GTiff,float32,,"[600000.0, 5158510.0, 600560.0, 5180420.0]",-0.060689687728881836,-0.07458542287349701,-0.10131092369556427,0.38781389594078064,0.07727451622486115,-0.096066914498806,-0.08371193706989288,-0.07206307351589203,0.006595997139811516,94,94,94,2504,100.0,100.0,70.0,-70.0,94,True,
ndvi,data/NDVI/ECO_L2T_STARS.002_NDVI-UQ_20210603T130942_aid0001_32N.tif,ECO_L2T_STARS.002_NDVI-UQ_20210603T130942_aid0001_32N.tif,2021-06-03T13:09:42,2021-06-03,2021,6,3,13,9,42,2,15.0,midday_afternoon,20210603T130942,filename_YYYYMMDDTHHMMSS,True,EPSG:32632,32632,8,313,GTiff,float32,,"[600000.0, 5158510.0, 600560.0, 5180420.0]",0.01734413020312786,0.01734393648803234,0.017343787476420403,0.017345057800412178,4.72725361078119e-07,0.017343787476420403,0.0173437912017107,0.01734488643705845,0.01734488643705845,94,94,94,2504,100.0,100.0,70.0,-70.0,94,True,
ndvi,data/NDVI/ECO_L2T_STARS.002_NDVI_20210603T130942_aid0001_32N.tif,ECO_L2T_STARS.002_NDVI_20210603T130942_aid0001_32N.tif,2021-06-03T13:09:42,2021-06-03,2021,6,3,13,9,42,2,15.0,midday_afternoon,20210603T130942,filename_YYYYMMDDTHHMMSS,True,EPSG:32632,32632,8,313,GTiff,float32,,"[600000.0, 5158510.0, 600560.0, 5180420.0]",-0.060678284615278244,-0.07452854514122009,-0.101349376142025,0.3842923939228058,0.07738225162029266,-0.09611289203166962,-0.08362343162298203,-0.07201927155256271,0.005867933854460716,94,94,94,2504,100.0,100.0,70.0,-70.0,94,True,
ndvi,data/NDVI/ECO_L2T_STARS.002_NDVI-UQ_20210605T131106_aid0001_32N.tif,ECO_L2T_STARS.002_NDVI-UQ_20210605T131106_aid0001_32N.tif,2021-06-05T13:11:06,2021-06-05,2021,6,5,13,11,6,2,15.0,midday_afternoon,20210605T131106,filename_YYYYMMDDTHHMMSS,True,EPSG:32632,32632,303,313,GTiff,float32,,"[579360.0, 5158510.0, 600570.0, 5180420.0]",0.017478687688708305,0.01802409440279007,0.0008284870418719947,0.45215803384780884,0.013116694986820221,0.007516295649111271,0.010043168440461159,0.022382838651537895,0.02238284796476364,34751,34751,34751,94839,100.0,100.0,70.0,-70.0,34751,True,
ndvi,data/NDVI/ECO_L2T_STARS.002_NDVI_20210605T131106_aid0001_32N.tif,ECO_L2T_STARS.002_NDVI_20210605T131106_aid0001_32N.tif,2021-06-05T13:11:06,2021-06-05,2021,6,5,13,11,6,2,15.0,midday_afternoon,20210605T131106,filename_YYYYMMDDTHHMMSS,True,EPSG:32632,32632,303,313,GTiff,float32,,"[579360.0, 5158510.0, 600570.0, 5180420.0]",0.1964782327413559,0.08562927693128586,-0.591782808303833,0.9984099268913269,0.30520686507225037,-0.12328597903251648,-0.07753488421440125,0.47841110825538635,0.7301151752471924,34686,34686,34751,94839,99.81295502287703,99.81295502287703,70.0,-70.0,34751,True,
ndvi,data/NDVI/ECO_L2T_STARS.002_NDVI-UQ_20210607T162802_aid0001_32N.tif,ECO_L2T_STARS.002_NDVI-UQ_20210607T162802_aid0001_32N.tif,2021-06-07T16:28:02,2021-06-07,2021,6,7,16,28,2,2,18.0,evening,20210607T162802,filename_YYYYMMDDTHHMMSS,True,EPSG:32632,32632,303,313,GTiff,float32,,"[579360.0, 5158510.0, 600570.0, 5180420.0]",0.025196311995387077,0.023819632828235626,0.0033361187670379877,0.6145296096801758,0.022868158295750618,0.015483709052205086,0.017345210537314415,0.026476234197616577,0.029271267354488373,34751,34751,34751,94839,100.0,100.0,70.0,-70.0,34751,True,
ndvi,data/NDVI/ECO_L2T_STARS.002_NDVI_20210607T162802_aid0001_32N.tif,ECO_L2T_STARS.002_NDVI_20210607T162802_aid0001_32N.tif,2021-06-07T16:28:02,2021-06-07,2021,6,7,16,28,2,2,18.0,evening,20210607T162802,filename_YYYYMMDDTHHMMSS,True,EPSG:32632,32632,303,313,GTiff,float32,,"[579360.0, 5158510.0, 600570.0, 5180420.0]",0.19465161859989166,0.08429361879825592,-0.5911054611206055,0.9978844523429871,0.30419495701789856,-0.12412228435277939,-0.07766600698232651,0.47045204043388367,0.7290091514587402,34708,34708,34751,94839,99.87626255359558,99.87626255359558,70.0,-70.0,34751,True,
ndvi,data/NDVI/ECO_L2T_STARS.002_NDVI-UQ_20210611T145512_aid0001_32N.tif,ECO_L2T_STARS.002_NDVI-UQ_20210611T145512_aid0001_32N.tif,2021-06-11T14:55:12,2021-06-11,2021,6,11,14,55,12,2,16.0,evening,20210611T145512,filename_YYYYMMDDTHHMMSS,True,EPSG:32632,32632,303,313,GTiff,float32,,"[579360.0, 5158510.0, 600570.0, 5180420.0]",0.02727433480322361,0.028778119012713432,0.010043186135590076,0.2703261971473694,0.005439769942313433,0.01907343417406082,0.026476234197616577,0.029999999329447746,0.029999999329447746,34751,34751,34751,94839,100.0,100.0,70.0,-70.0,34751,True,
ndvi,data/NDVI/ECO_L2T_STARS.002_NDVI_20210611T145512_aid0001_32N.tif,ECO_L2T_STARS.002_NDVI_20210611T145512_aid0001_32N.tif,2021-06-11T14:55:12,2021-06-11,2021,6,11,14,55,12,2,16.0,evening,20210611T145512,filename_YYYYMMDDTHHMMSS,True,EPSG:32632,32632,303,313,GTiff,float32,,"[579360.0, 5158510.0, 600570.0, 5180420.0]",0.2602759003639221,0.30000001192092896,-0.32985609769821167,0.9868778586387634,0.22424472868442535,-0.11743570864200592,0.10672540962696075,0.3316158056259155,0.6686900854110718,34731,34731,34751,94839,99.94244769934679,99.94244769934679,70.0,-70.0,34751,True,
ndvi,data/NDVI/ECO_L2T_STARS.002_NDVI-UQ_20210612T140746_aid0001_32N.tif,ECO_L2T_STARS.002_NDVI-UQ_20210612T140746_aid0001_32N.tif,2021-06-12T14:07:46,2021-06-12,2021,6,12,14,7,46,2,16.0,evening,20210612T140746,filename_YYYYMMDDTHHMMSS,True,EPSG:32632,32632,303,313,GTiff,float32,,"[579360.0, 5158510.0, 600570.0, 5180420.0]",0.02353350631892681,0.029999999329447746,0.0008784189121797681,0.029999999329447746,0.010555814020335674,0.0009960811585187912,0.02252727374434471,0.029999999329447746,0.029999999329447746,34751,34751,34751,94839,100.0,100.0,70.0,-70.0,34751,True,
ndvi,data/NDVI/ECO_L2T_STARS.002_NDVI_20210612T140746_aid0001_32N.tif,ECO_L2T_STARS.002_NDVI_20210612T140746_aid0001_32N.tif,2021-06-12T14:07:46,2021-06-12,2021,6,12,14,7,46,2,16.0,evening,20210612T140746,filename_YYYYMMDDTHHMMSS,True,EPSG:32632,32632,303,313,GTiff,float32,,"[579360.0, 5158510.0, 600570.0, 5180420.0]",0.3364982008934021,0.30000001192092896,-0.14382195472717285,0.9673576354980469,0.1781921088695526,-0.014058556407690048,0.30000001192092896,0.4003283381462097,0.6730802059173584,34751,34751,34751,94839,100.0,100.0,70.0,-70.0,34751,True,
ndvi,data/NDVI/ECO_L2T_STARS.002_NDVI-UQ_20210613T100511_aid0001_32N.tif,ECO_L2T_STARS.002_NDVI-UQ_20210613T100511_aid0001_32N.tif,2021-06-13T10:05:11,2021-06-13,2021,6,13,10,5,11,2,12.0,midday_afternoon,20210613T100511,filename_YYYYMMDDTHHMMSS,True,EPSG:32632,32632,303,313,GTiff,float32,,"[579360.0, 5158510.0, 600570.0, 5180420.0]",0.025944720953702927,0.031527016311883926,0.0008452465990558267,0.07012494653463364,0.0088047431781888,0.010044684633612633,0.02358599752187729,0.03162277489900589,0.03162277489900589,34751,34751,34751,94839,100.0,100.0,70.0,-70.0,34751,True,
ndvi,data/NDVI/ECO_L2T_STARS.002_NDVI_20210613T100511_aid0001_32N.tif,ECO_L2T_STARS.002_NDVI_20210613T100511_aid0001_32N.tif,2021-06-13T10:05:11,2021-06-13,2021,6,13,10,5,11,2,12.0,midday_afternoon,20210613T100511,filename_YYYYMMDDTHHMMSS,True,EPSG:32632,32632,303,313,GTiff,float32,,"[579360.0, 5158510.0, 600570.0, 5180420.0]",0.3428972065448761,0.30000001192092896,-0.14382195472717285,0.9911547303199768,0.18261340260505676,-0.012691015377640724,0.30000001192092896,0.43145906925201416,0.6842060089111328,34751,34751,34751,94839,100.0,100.0,70.0,-70.0,34751,True,
ndvi,data/NDVI/ECO_L2T_STARS.002_NDVI-UQ_20210613T100603_aid0001_32N.tif,ECO_L2T_STARS.002_NDVI-UQ_20210613T100603_aid0001_32N.tif,2021-06-13T10:06:03,2021-06-13,2021,6,13,10,6,3,2,12.0,midday_afternoon,20210613T100603,filename_YYYYMMDDTHHMMSS,True,EPSG:32632,32632,8,313,GTiff,float32,,"[600000.0, 5158510.0, 600560.0, 5180420.0]",0.009866846725344658,0.01003851369023323,0.004899219609797001,0.010049520060420036,0.0007155119674280286,0.008976791054010391,0.010038507170975208,0.010039047338068485,0.010049493983387947,94,94,94,2504,100.0,100.0,70.0,-70.0,94,True,
ndvi,data/NDVI/ECO_L2T_STARS.002_NDVI_20210613T100603_aid0001_32N.tif,ECO_L2T_STARS.002_NDVI_20210613T100603_aid0001_32N.tif,2021-06-13T10:06:03,2021-06-13,2021,6,13,10,6,3,2,12.0,midday_afternoon,20210613T100603,filename_YYYYMMDDTHHMMSS,True,EPSG:32632,32632,8,313,GTiff,float32,,"[600000.0, 5158510.0, 600560.0, 5180420.0]",-0.014353546313941479,-0.07639777660369873,-0.1056409552693367,0.7125014066696167,0.16380637884140015,-0.09707215428352356,-0.08290586620569229,-0.05509361997246742,0.34967267513275146,94,94,94,2504,100.0,100.0,70.0,-70.0,94,True,
ndvi,data/NDVI/ECO_L2T_STARS.002_NDVI-UQ_20210614T091828_aid0001_32N.tif,ECO_L2T_STARS.002_NDVI-UQ_20210614T091828_aid0001_32N.tif,2021-06-14T09:18:28,2021-06-14,2021,6,14,9,18,28,2,11.0,midday_afternoon,20210614T091828,filename_YYYYMMDDTHHMMSS,True,EPSG:32632,32632,303,313,GTiff,float32,,"[579360.0, 5158510.0, 600570.0, 5180420.0]",0.028125649318099022,0.03305470570921898,0.005095756147056818,0.12053684145212173,0.00772802485153079,0.014173801057040691,0.02545809932053089,0.033166248351335526,0.033166248351335526,34751,34751,34751,94839,100.0,100.0,70.0,-70.0,34751,True,
ndvi,data/NDVI/ECO_L2T_STARS.002_NDVI_20210614T091828_aid0001_32N.tif,ECO_L2T_STARS.002_NDVI_20210614T091828_aid0001_32N.tif,2021-06-14T09:18:28,2021-06-14,2021,6,14,9,18,28,2,11.0,midday_afternoon,20210614T091828,filename_YYYYMMDDTHHMMSS,True,EPSG:32632,32632,303,313,GTiff,float32,,"[579360.0, 5158510.0, 600570.0, 5180420.0]",0.3427009880542755,0.30000001192092896,-0.14382195472717285,0.9673576354980469,0.18283192813396454,-0.01280885562300682,0.30000001192092896,0.4296324849128723,0.6841409206390381,34750,34750,34751,94839,99.99712238496734,99.99712238496734,70.0,-70.0,34751,True,
ndvi,data/NDVI/ECO_L2T_STARS.002_NDVI-UQ_20210617T083218_aid0001_32N.tif,ECO_L2T_STARS.002_NDVI-UQ_20210617T083218_aid0001_32N.tif,2021-06-17T08:32:18,2021-06-17,2021,6,17,8,32,18,2,10.0,morning,20210617T083218,filename_YYYYMMDDTHHMMSS,True,EPSG:32632,32632,303,313,GTiff,float32,,"[579360.0, 5158510.0, 600570.0, 5180420.0]",0.013211250305175781,0.0141774145886302,0.0008773602312430739,0.037416573613882065,0.00582431023940444,0.0008938679238781333,0.014177133329212666,0.014177415519952774,0.014177416451275349,34751,34751,34751,94839,100.0,100.0,70.0,-70.0,34751,True,
ndvi,data/NDVI/ECO_L2T_STARS.002_NDVI_20210617T083218_aid0001_32N.tif,ECO_L2T_STARS.002_NDVI_20210617T083218_aid0001_32N.tif,2021-06-17T08:32:18,2021-06-17,2021,6,17,8,32,18,2,10.0,morning,20210617T083218,filename_YYYYMMDDTHHMMSS,True,EPSG:32632,32632,303,313,GTiff,float32,,"[579360.0, 5158510.0, 600570.0, 5180420.0]",0.32247284054756165,0.2953341603279114,-0.503620982170105,0.9979744553565979,0.29379695653915405,-0.07478482276201248,0.04131937772035599,0.6121014356613159,0.7660946846008301,34729,34729,34751,94839,99.93669246928147,99.93669246928147,70.0,-70.0,34751,True,
ndvi,data/NDVI/ECO_L2T_STARS.002_NDVI-UQ_20210617T083310_aid0001_32N.tif,ECO_L2T_STARS.002_NDVI-UQ_20210617T083310_aid0001_32N.tif,2021-06-17T08:33:10,2021-06-17,2021,6,17,8,33,10,2,10.0,morning,20210617T083310,filename_YYYYMMDDTHHMMSS,True,EPSG:32632,32632,8,313,GTiff,float32,,"[600000.0, 5158510.0, 600560.0, 5180420.0]",0.00956018827855587,0.011126969009637833,0.000883295782841742,0.014177288860082626,0.004428972955793142,0.0009048044448718429,0.006532026454806328,0.01320208702236414,0.014177288860082626,94,94,94,2504,100.0,100.0,70.0,-70.0,94,True,
ndvi,data/NDVI/ECO_L2T_STARS.002_NDVI_20210617T083310_aid0001_32N.tif,ECO_L2T_STARS.002_NDVI_20210617T083310_aid0001_32N.tif,2021-06-17T08:33:10,2021-06-17,2021,6,17,8,33,10,2,10.0,morning,20210617T083310,filename_YYYYMMDDTHHMMSS,True,EPSG:32632,32632,8,313,GTiff,float32,,"[600000.0, 5158510.0, 600560.0, 5180420.0]",0.024565448984503746,-0.061407141387462616,-0.09772009402513504,0.8798475861549377,0.20055851340293884,-0.08392677456140518,-0.07164914906024933,-0.0012983593624085188,0.5011844635009766,94,94,94,2504,100.0,100.0,70.0,-70.0,94,True,
ndvi,data/NDVI/ECO_L2T_STARS.002_NDVI-UQ_20210619T114918_aid0001_32N.tif,ECO_L2T_STARS.002_NDVI-UQ_20210619T114918_aid0001_32N.tif,2021-06-19T11:49:18,2021-06-19,2021,6,19,11,49,18,2,13.0,midday_afternoon,20210619T114918,filename_YYYYMMDDTHHMMSS,True,EPSG:32632,32632,303,313,GTiff,float32,,"[579360.0, 5158510.0, 600570.0, 5180420.0]",0.019874678924679756,0.020024960860610008,0.007020545657724142,0.0793910101056099,0.004277288448065519,0.014169810339808464,0.020024843513965607,0.020024962723255157,0.020024962723255157,34751,34751,34751,94839,100.0,100.0,70.0,-70.0,34751,True,
ndvi,data/NDVI/ECO_L2T_STARS.002_NDVI_20210619T114918_aid0001_32N.tif,ECO_L2T_STARS.002_NDVI_20210619T114918_aid0001_32N.tif,2021-06-19T11:49:18,2021-06-19,2021,6,19,11,49,18,2,13.0,midday_afternoon,20210619T114918,filename_YYYYMMDDTHHMMSS,True,EPSG:32632,32632,303,313,GTiff,float32,,"[579360.0, 5158510.0, 600570.0, 5180420.0]",0.32219362258911133,0.2950107753276825,-0.503620982170105,0.9979744553565979,0.2936303913593292,-0.07478482276201248,0.04131937772035599,0.6115471720695496,0.7657922506332397,34729,34729,34751,94839,99.93669246928147,99.93669246928147,70.0,-70.0,34751,True,
ndvi,data/NDVI/ECO_L2T_STARS.002_NDVI-UQ_20210621T065931_aid0001_32N.tif,ECO_L2T_STARS.002_NDVI-UQ_20210621T065931_aid0001_32N.tif,2021-06-21T06:59:31,2021-06-21,2021,6,21,6,59,31,2,8.0,morning,20210621T065931,filename_YYYYMMDDTHHMMSS,True,EPSG:32632,32632,303,313,GTiff,float32,,"[579360.0, 5158510.0, 600570.0, 5180420.0]",0.024494275450706482,0.02451528236269951,0.013518261723220348,0.10401427745819092,0.003924542106688023,0.020019447430968285,0.024515103548765182,0.024515284225344658,0.024515284225344658,34751,34751,34751,94839,100.0,100.0,70.0,-70.0,34751,True,
ndvi,data/NDVI/ECO_L2T_STARS.002_NDVI_20210621T065931_aid0001_32N.tif,ECO_L2T_STARS.002_NDVI_20210621T065931_aid0001_32N.tif,2021-06-21T06:59:31,2021-06-21,2021,6,21,6,59,31,2,8.0,morning,20210621T065931,filename_YYYYMMDDTHHMMSS,True,EPSG:32632,32632,303,313,GTiff,float32,,"[579360.0, 5158510.0, 600570.0, 5180420.0]",0.3216012716293335,0.29417145252227783,-0.503620982170105,0.9979744553565979,0.29378798604011536,-0.07496242225170135,0.040639959275722504,0.6112546920776367,0.7656289339065552,34714,34714,34751,94839,99.89352824379154,99.89352824379154,70.0,-70.0,34751,True,
ndvi,data/NDVI/ECO_L2T_STARS.002_NDVI-UQ_20210621T070023_aid0001_32N.tif,ECO_L2T_STARS.002_NDVI-UQ_20210621T070023_aid0001_32N.tif,2021-06-21T07:00:23,2021-06-21,2021,6,21,7,0,23,2,9.0,morning,20210621T070023,filename_YYYYMMDDTHHMMSS,True,EPSG:32632,32632,8,313,GTiff,float32,,"[600000.0, 5158510.0, 600560.0, 5180420.0]",0.022548282518982887,0.022886883467435837,0.020019495859742165,0.02451520971953869,0.0016086974646896124,0.02002045512199402,0.02104077860713005,0.023964542895555496,0.02451520971953869,94,94,94,2504,100.0,100.0,70.0,-70.0,94,True,
ndvi,data/NDVI/ECO_L2T_STARS.002_NDVI_20210621T070023_aid0001_32N.tif,ECO_L2T_STARS.002_NDVI_20210621T070023_aid0001_32N.tif,2021-06-21T07:00:23,2021-06-21,2021,6,21,7,0,23,2,9.0,morning,20210621T070023,filename_YYYYMMDDTHHMMSS,True,EPSG:32632,32632,8,313,GTiff,float32,,"[600000.0, 5158510.0, 600560.0, 5180420.0]",0.024565448984503746,-0.061407141387462616,-0.09772009402513504,0.8798475861549377,0.20055851340293884,-0.08392677456140518,-0.07164914906024933,-0.0012983593624085188,0.5011844635009766,94,94,94,2504,100.0,100.0,70.0,-70.0,94,True,
ndvi,data/NDVI/ECO_L2T_STARS.002_NDVI-UQ_20210622T061157_aid0001_32N.tif,ECO_L2T_STARS.002_NDVI-UQ_20210622T061157_aid0001_32N.tif,2021-06-22T06:11:57,2021-06-22,2021,6,22,6,11,57,2,8.0,morning,20210622T061157,filename_YYYYMMDDTHHMMSS,True,EPSG:32632,32632,303,313,GTiff,float32,,"[579360.0, 5158510.0, 600570.0, 5180420.0]",0.02100841887295246,0.026476383209228516,0.0009982124902307987,0.07934701442718506,0.011166105978190899,0.0009988554520532489,0.022377945482730865,0.026476388797163963,0.026476388797163963,34751,34751,34751,94839,100.0,100.0,70.0,-70.0,34751,True,
ndvi,data/NDVI/ECO_L2T_STARS.002_NDVI_20210622T061157_aid0001_32N.tif,ECO_L2T_STARS.002_NDVI_20210622T061157_aid0001_32N.tif,2021-06-22T06:11:57,2021-06-22,2021,6,22,6,11,57,2,8.0,morning,20210622T061157,filename_YYYYMMDDTHHMMSS,True,EPSG:32632,32632,303,313,GTiff,float32,,"[579360.0, 5158510.0, 600570.0, 5180420.0]",0.3294415771961212,0.30438655614852905,-0.503620982170105,0.996462345123291,0.29011446237564087,-0.07373495399951935,0.05934203788638115,0.611259937286377,0.7666299939155579,34719,34719,34751,94839,99.90791631895485,99.90791631895485,70.0,-70.0,34751,True,
ndvi,data/NDVI/ECO_L2T_STARS.002_NDVI-UQ_20210623T052510_aid0001_32N.tif,ECO_L2T_STARS.002_NDVI-UQ_20210623T052510_aid0001_32N.tif,2021-06-23T05:25:10,2021-06-23,2021,6,23,5,25,10,2,7.0,morning,20210623T052510,filename_YYYYMMDDTHHMMSS,True,EPSG:32632,32632,303,313,GTiff,float32,,"[579360.0, 5158510.0, 600570.0, 5180420.0]",0.02428111433982849,0.029999999329447746,0.00510738231241703,0.15299366414546967,0.009003928862512112,0.0100434934720397,0.018236124888062477,0.029999999329447746,0.029999999329447746,34751,34751,34751,94839,100.0,100.0,70.0,-70.0,34751,True,
ndvi,data/NDVI/ECO_L2T_STARS.002_NDVI_20210623T052510_aid0001_32N.tif,ECO_L2T_STARS.002_NDVI_20210623T052510_aid0001_32N.tif,2021-06-23T05:25:10,2021-06-23,2021,6,23,5,25,10,2,7.0,morning,20210623T052510,filename_YYYYMMDDTHHMMSS,True,EPSG:32632,32632,303,313,GTiff,float32,,"[579360.0, 5158510.0, 600570.0, 5180420.0]",0.34315767884254456,0.30000001192092896,-0.13521534204483032,0.9984691739082336,0.1639634519815445,0.09190744161605835,0.30000001192092896,0.3389134407043457,0.6950749754905701,34751,34751,34751,94839,100.0,100.0,70.0,-70.0,34751,True,
ndvi,data/NDVI/ECO_L2T_STARS.002_NDVI-UQ_20210624T092854_aid0001_32N.tif,ECO_L2T_STARS.002_NDVI-UQ_20210624T092854_aid0001_32N.tif,2021-06-24T09:28:54,2021-06-24,2021,6,24,9,28,54,2,11.0,midday_afternoon,20210624T092854,filename_YYYYMMDDTHHMMSS,True,EPSG:32632,32632,303,313,GTiff,float32,,"[579360.0, 5158510.0, 600570.0, 5180420.0]",0.026431754231452942,0.03162277489900589,0.007654509507119656,0.16117995977401733,0.008391737937927246,0.013149911537766457,0.019971579313278198,0.03162277489900589,0.03162277489900589,34751,34751,34751,94839,100.0,100.0,70.0,-70.0,34751,True,
ndvi,data/NDVI/ECO_L2T_STARS.002_NDVI_20210624T092854_aid0001_32N.tif,ECO_L2T_STARS.002_NDVI_20210624T092854_aid0001_32N.tif,2021-06-24T09:28:54,2021-06-24,2021,6,24,9,28,54,2,11.0,midday_afternoon,20210624T092854,filename_YYYYMMDDTHHMMSS,True,EPSG:32632,32632,303,313,GTiff,float32,,"[579360.0, 5158510.0, 600570.0, 5180420.0]",0.3447951078414917,0.30000001192092896,-0.1555970460176468,0.9998792409896851,0.16397148370742798,0.08918218314647675,0.30000001192092896,0.3798391819000244,0.6900981664657593,34741,34741,34751,94839,99.97122384967338,99.97122384967338,70.0,-70.0,34751,True,
ndvi,data/NDVI/ECO_L2T_STARS.002_NDVI-UQ_20210625T052649_aid0001_32N.tif,ECO_L2T_STARS.002_NDVI-UQ_20210625T052649_aid0001_32N.tif,2021-06-25T05:26:49,2021-06-25,2021,6,25,5,26,49,2,7.0,morning,20210625T052649,filename_YYYYMMDDTHHMMSS,True,EPSG:32632,32632,303,313,GTiff,float32,,"[579360.0, 5158510.0, 600570.0, 5180420.0]",0.026060543954372406,0.03252029791474342,0.000994196510873735,0.16387441754341125,0.010325659066438675,0.000999513897113502,0.01734912395477295,0.033166248351335526,0.033166248351335526,34751,34751,34751,94839,100.0,100.0,70.0,-70.0,34751,True,
ndvi,data/NDVI/ECO_L2T_STARS.002_NDVI_20210625T052649_aid0001_32N.tif,ECO_L2T_STARS.002_NDVI_20210625T052649_aid0001_32N.tif,2021-06-25T05:26:49,2021-06-25,2021,6,25,5,26,49,2,7.0,morning,20210625T052649,filename_YYYYMMDDTHHMMSS,True,EPSG:32632,32632,303,313,GTiff,float32,,"[579360.0, 5158510.0, 600570.0, 5180420.0]",0.3680448830127716,0.30000001192092896,-0.6151888966560364,0.999977707862854,0.19104589521884918,0.08552958816289902,0.30000001192092896,0.44972872734069824,0.756222665309906,34736,34736,34751,94839,99.95683577451008,99.95683577451008,70.0,-70.0,34751,True,
ndvi,data/NDVI/ECO_L2T_STARS.002_NDVI-UQ_20210626T043928_aid0001_32N.tif,ECO_L2T_STARS.002_NDVI-UQ_20210626T043928_aid0001_32N.tif,2021-06-26T04:39:28,2021-06-26,2021,6,26,4,39,28,2,6.0,morning,20210626T043928,filename_YYYYMMDDTHHMMSS,True,EPSG:32632,32632,303,313,GTiff,float32,,"[579360.0, 5158510.0, 600570.0, 5180420.0]",0.028089387342333794,0.033599816262722015,0.005121819209307432,0.1754152774810791,0.009310812689363956,0.008953718468546867,0.02002478763461113,0.03464101627469063,0.03464101627469063,34751,34751,34751,94839,100.0,100.0,70.0,-70.0,34751,True,
ndvi,data/NDVI/ECO_L2T_STARS.002_NDVI_20210626T043928_aid0001_32N.tif,ECO_L2T_STARS.002_NDVI_20210626T043928_aid0001_32N.tif,2021-06-26T04:39:28,2021-06-26,2021,6,26,4,39,28,2,6.0,morning,20210626T043928,filename_YYYYMMDDTHHMMSS,True,EPSG:32632,32632,303,313,GTiff,float32,,"[579360.0, 5158510.0, 600570.0, 5180420.0]",0.36793598532676697,0.30000001192092896,-0.6123144626617432,0.993281364440918,0.19107705354690552,0.08024882525205612,0.30000001192092896,0.45661282539367676,0.7529929876327515,34741,34741,34751,94839,99.97122384967338,99.97122384967338,70.0,-70.0,34751,True,
ndvi,data/NDVI/ECO_L2T_STARS.002_NDVI-UQ_20210626T044020_aid0001_32N.tif,ECO_L2T_STARS.002_NDVI-UQ_20210626T044020_aid0001_32N.tif,2021-06-26T04:40:20,2021-06-26,2021,6,26,4,40,20,2,6.0,morning,20210626T044020,filename_YYYYMMDDTHHMMSS,True,EPSG:32632,32632,8,313,GTiff,float32,,"[600000.0, 5158510.0, 600560.0, 5180420.0]",0.019936515018343925,0.02002478577196598,0.019245455041527748,0.02002480812370777,0.00021583889611065388,0.01937960274517536,0.02002406306564808,0.02002478763461113,0.020024806261062622,94,94,94,2504,100.0,100.0,70.0,-70.0,94,True,
ndvi,data/NDVI/ECO_L2T_STARS.002_NDVI_20210626T044020_aid0001_32N.tif,ECO_L2T_STARS.002_NDVI_20210626T044020_aid0001_32N.tif,2021-06-26T04:40:20,2021-06-26,2021,6,26,4,40,20,2,6.0,morning,20210626T044020,filename_YYYYMMDDTHHMMSS,True,EPSG:32632,32632,8,313,GTiff,float32,,"[600000.0, 5158510.0, 600560.0, 5180420.0]",0.07078451663255692,-0.014248335734009743,-0.062188394367694855,0.7444008588790894,0.2110191285610199,-0.05771474912762642,-0.03428894653916359,0.031183792278170586,0.5795220732688904,94,94,94,2504,100.0,100.0,70.0,-70.0,94,True,
ndvi,data/NDVI/ECO_L2T_STARS.002_NDVI-UQ_20210627T035322_aid0001_32N.tif,ECO_L2T_STARS.002_NDVI-UQ_20210627T035322_aid0001_32N.tif,2021-06-27T03:53:22,2021-06-27,2021,6,27,3,53,22,2,5.0,morning,20210627T035322,filename_YYYYMMDDTHHMMSS,True,EPSG:32632,32632,8,313,GTiff,float32,,"[600000.0, 5158510.0, 600560.0, 5180420.0]",0.021714799106121063,0.02238285169005394,0.000998802250251174,0.02238287217915058,0.0031055943109095097,0.020482078194618225,0.022382205352187157,0.02238285355269909,0.022382870316505432,94,94,94,2504,100.0,100.0,70.0,-70.0,94,True,
ndvi,data/NDVI/ECO_L2T_STARS.002_NDVI_20210627T035322_aid0001_32N.tif,ECO_L2T_STARS.002_NDVI_20210627T035322_aid0001_32N.tif,2021-06-27T03:53:22,2021-06-27,2021,6,27,3,53,22,2,5.0,morning,20210627T035322,filename_YYYYMMDDTHHMMSS,True,EPSG:32632,32632,8,313,GTiff,float32,,"[600000.0, 5158510.0, 600560.0, 5180420.0]",0.07209152728319168,-0.014248335734009743,-0.062188394367694855,0.7494491934776306,0.21417741477489471,-0.05771474912762642,-0.03428894653916359,0.031183792278170586,0.59199059009552,94,94,94,2504,100.0,100.0,70.0,-70.0,94,True,
ndvi,data/NDVI/ECO_L2T_STARS.002_NDVI-UQ_20210628T075704_aid0001_32N.tif,ECO_L2T_STARS.002_NDVI-UQ_20210628T075704_aid0001_32N.tif,2021-06-28T07:57:04,2021-06-28,2021,6,28,7,57,4,2,9.0,morning,20210628T075704,filename_YYYYMMDDTHHMMSS,True,EPSG:32632,32632,303,313,GTiff,float32,,"[579360.0, 5158510.0, 600570.0, 5180420.0]",0.03143785521388054,0.03570560738444328,0.005121184047311544,0.34349873661994934,0.013112821616232395,0.013789793476462364,0.024515138939023018,0.037416573613882065,0.037416573613882065,34751,34751,34751,94839,100.0,100.0,70.0,-70.0,34751,True,
ndvi,data/NDVI/ECO_L2T_STARS.002_NDVI_20210628T075704_aid0001_32N.tif,ECO_L2T_STARS.002_NDVI_20210628T075704_aid0001_32N.tif,2021-06-28T07:57:04,2021-06-28,2021,6,28,7,57,4,2,9.0,morning,20210628T075704,filename_YYYYMMDDTHHMMSS,True,EPSG:32632,32632,303,313,GTiff,float32,,"[579360.0, 5158510.0, 600570.0, 5180420.0]",0.3710878789424896,0.30000001192092896,-0.6111579537391663,0.999791145324707,0.19265566766262054,0.08397625386714935,0.30000001192092896,0.46510758996009827,0.7542661428451538,34739,34739,34751,94839,99.96546861960806,99.96546861960806,70.0,-70.0,34751,True,
ndvi,data/NDVI/ECO_L2T_STARS.002_NDVI-UQ_20220402T132741_aid0001_32N.tif,ECO_L2T_STARS.002_NDVI-UQ_20220402T132741_aid0001_32N.tif,2022-04-02T13:27:41,2022-04-02,2022,4,2,13,27,41,2,15.0,midday_afternoon,20220402T132741,filename_YYYYMMDDTHHMMSS,True,EPSG:32632,32632,303,313,GTiff,float32,,"[579360.0, 5158510.0, 600570.0, 5180420.0]",0.03229439631104469,0.02371416985988617,0.001010106410831213,0.45135390758514404,0.03328927233815193,0.005781346932053566,0.013069327920675278,0.03920993208885193,0.08725975453853607,34751,34751,34751,94839,100.0,100.0,70.0,-70.0,34751,True,
ndvi,data/NDVI/ECO_L2T_STARS.002_NDVI_20220402T132741_aid0001_32N.tif,ECO_L2T_STARS.002_NDVI_20220402T132741_aid0001_32N.tif,2022-04-02T13:27:41,2022-04-02,2022,4,2,13,27,41,2,15.0,midday_afternoon,20220402T132741,filename_YYYYMMDDTHHMMSS,True,EPSG:32632,32632,303,313,GTiff,float32,,"[579360.0, 5158510.0, 600570.0, 5180420.0]",0.10671967267990112,-0.024766718968749046,-0.966396689414978,0.9992770552635193,0.2754497230052948,-0.1279943883419037,-0.08119429647922516,0.24527844786643982,0.7020799517631531,34602,34602,34751,94839,99.57123536013353,99.57123536013353,70.0,-70.0,34751,True,
ndvi,data/NDVI/ECO_L2T_STARS.002_NDVI-UQ_20220405T123921_aid0001_32N.tif,ECO_L2T_STARS.002_NDVI-UQ_20220405T123921_aid0001_32N.tif,2022-04-05T12:39:21,2022-04-05,2022,4,5,12,39,21,2,14.0,midday_afternoon,20220405T123921,filename_YYYYMMDDTHHMMSS,True,EPSG:32632,32632,303,313,GTiff,float32,,"[579360.0, 5158510.0, 600570.0, 5180420.0]",0.03374747559428215,0.025141481310129166,0.0010175136849284172,0.548196017742157,0.039366334676742554,0.004256581421941519,0.013321983627974987,0.03909601643681526,0.09142526984214783,34751,34751,34751,94839,100.0,100.0,70.0,-70.0,34751,True,
ndvi,data/NDVI/ECO_L2T_STARS.002_NDVI_20220405T123921_aid0001_32N.tif,ECO_L2T_STARS.002_NDVI_20220405T123921_aid0001_32N.tif,2022-04-05T12:39:21,2022-04-05,2022,4,5,12,39,21,2,14.0,midday_afternoon,20220405T123921,filename_YYYYMMDDTHHMMSS,True,EPSG:32632,32632,303,313,GTiff,float32,,"[579360.0, 5158510.0, 600570.0, 5180420.0]",0.09689734131097794,-0.021672789007425308,-0.9664437174797058,0.9985571503639221,0.2669530510902405,-0.13615038990974426,-0.08133254945278168,0.21468622982501984,0.6842892169952393,34514,34514,34751,94839,99.31800523725936,99.31800523725936,70.0,-70.0,34751,True,
ndvi,data/NDVI/ECO_L2T_STARS.002_NDVI-UQ_20220405T124013_aid0001_32N.tif,ECO_L2T_STARS.002_NDVI-UQ_20220405T124013_aid0001_32N.tif,2022-04-05T12:40:13,2022-04-05,2022,4,5,12,40,13,2,14.0,midday_afternoon,20220405T124013,filename_YYYYMMDDTHHMMSS,True,EPSG:32632,32632,8,313,GTiff,float32,,"[600000.0, 5158510.0, 600560.0, 5180420.0]",0.012795777060091496,0.01126128900796175,0.002851351397112012,0.024240953847765923,0.005735939834266901,0.0029257049318403006,0.011140645481646061,0.016453638672828674,0.022899163886904716,94,94,94,2504,100.0,100.0,70.0,-70.0,94,True,
ndvi,data/NDVI/ECO_L2T_STARS.002_NDVI_20220405T124013_aid0001_32N.tif,ECO_L2T_STARS.002_NDVI_20220405T124013_aid0001_32N.tif,2022-04-05T12:40:13,2022-04-05,2022,4,5,12,40,13,2,14.0,midday_afternoon,20220405T124013,filename_YYYYMMDDTHHMMSS,True,EPSG:32632,32632,8,313,GTiff,float32,,"[600000.0, 5158510.0, 600560.0, 5180420.0]",0.13526886701583862,0.20910069346427917,-0.13990367949008942,0.3000674545764923,0.12950176000595093,-0.06433731317520142,0.00655417051166296,0.2419828474521637,0.300059050321579,94,94,94,2504,100.0,100.0,70.0,-70.0,94,True,
ndvi,data/NDVI/ECO_L2T_STARS.002_NDVI-UQ_20220406T164204_aid0001_32N.tif,ECO_L2T_STARS.002_NDVI-UQ_20220406T164204_aid0001_32N.tif,2022-04-06T16:42:04,2022-04-06,2022,4,6,16,42,4,2,18.0,evening,20220406T164204,filename_YYYYMMDDTHHMMSS,True,EPSG:32632,32632,303,313,GTiff,float32,,"[579360.0, 5158510.0, 600570.0, 5180420.0]",0.015828922390937805,0.0009999402100220323,0.0007671820931136608,0.45136162638664246,0.02955944649875164,0.000993901863694191,0.0009992960840463638,0.02227841317653656,0.058596644550561905,34751,34751,34751,94839,100.0,100.0,70.0,-70.0,34751,True,
ndvi,data/NDVI/ECO_L2T_STARS.002_NDVI_20220406T164204_aid0001_32N.tif,ECO_L2T_STARS.002_NDVI_20220406T164204_aid0001_32N.tif,2022-04-06T16:42:04,2022-04-06,2022,4,6,16,42,4,2,18.0,evening,20220406T164204,filename_YYYYMMDDTHHMMSS,True,EPSG:32632,32632,303,313,GTiff,float32,,"[579360.0, 5158510.0, 600570.0, 5180420.0]",0.09974359720945358,-0.027414418756961823,-0.9651145339012146,0.9980210065841675,0.25566086173057556,-0.10843361914157867,-0.059530582278966904,0.19983480870723724,0.6836817860603333,34674,34674,34751,94839,99.77842364248511,99.77842364248511,70.0,-70.0,34751,True,
ndvi,data/NDVI/ECO_L2T_STARS.002_NDVI-UQ_20220406T164256_aid0001_32N.tif,ECO_L2T_STARS.002_NDVI-UQ_20220406T164256_aid0001_32N.tif,2022-04-06T16:42:56,2022-04-06,2022,4,6,16,42,56,2,18.0,evening,20220406T164256,filename_YYYYMMDDTHHMMSS,True,EPSG:32632,32632,8,313,GTiff,float32,,"[600000.0, 5158510.0, 600560.0, 5180420.0]",0.013441493734717369,0.01161685399711132,0.0009990149410441518,0.026962582021951675,0.006286318879574537,0.0038292889948934317,0.011465335264801979,0.01615663431584835,0.02551012858748436,94,94,94,2504,100.0,100.0,70.0,-70.0,94,True,
ndvi,data/NDVI/ECO_L2T_STARS.002_NDVI_20220406T164256_aid0001_32N.tif,ECO_L2T_STARS.002_NDVI_20220406T164256_aid0001_32N.tif,2022-04-06T16:42:56,2022-04-06,2022,4,6,16,42,56,2,18.0,evening,20220406T164256,filename_YYYYMMDDTHHMMSS,True,EPSG:32632,32632,8,313,GTiff,float32,,"[600000.0, 5158510.0, 600560.0, 5180420.0]",0.13068147003650665,0.2094588577747345,-0.14020314812660217,0.3007304072380066,0.134067103266716,-0.07266136258840561,-0.02044861391186714,0.24309194087982178,0.3006395697593689,94,94,94,2504,100.0,100.0,70.0,-70.0,94,True,
ndvi,data/NDVI/ECO_L2T_STARS.002_NDVI-UQ_20220407T155406_aid0001_32N.tif,ECO_L2T_STARS.002_NDVI-UQ_20220407T155406_aid0001_32N.tif,2022-04-07T15:54:06,2022-04-07,2022,4,7,15,54,6,2,17.0,evening,20220407T155406,filename_YYYYMMDDTHHMMSS,True,EPSG:32632,32632,303,313,GTiff,float32,,"[579360.0, 5158510.0, 600570.0, 5180420.0]",0.02265494130551815,0.010049874894320965,0.0008516651578247547,0.5254101753234863,0.034842927008867264,0.0017244919436052442,0.0076351226307451725,0.027582228183746338,0.06819868087768555,34751,34751,34751,94839,100.0,100.0,70.0,-70.0,34751,True,
ndvi,data/NDVI/ECO_L2T_STARS.002_NDVI_20220407T155406_aid0001_32N.tif,ECO_L2T_STARS.002_NDVI_20220407T155406_aid0001_32N.tif,2022-04-07T15:54:06,2022-04-07,2022,4,7,15,54,6,2,17.0,evening,20220407T155406,filename_YYYYMMDDTHHMMSS,True,EPSG:32632,32632,303,313,GTiff,float32,,"[579360.0, 5158510.0, 600570.0, 5180420.0]",0.09966138005256653,-0.027817901223897934,-0.9660470485687256,0.9969777464866638,0.2573975622653961,-0.11079536378383636,-0.060768499970436096,0.20231157541275024,0.6854962110519409,34663,34663,34751,94839,99.74676987712584,99.74676987712584,70.0,-70.0,34751,True,
ndvi,data/NDVI/ECO_L2T_STARS.002_NDVI-UQ_20220409T155501_aid0001_32N.tif,ECO_L2T_STARS.002_NDVI-UQ_20220409T155501_aid0001_32N.tif,2022-04-09T15:55:01,2022-04-09,2022,4,9,15,55,1,2,17.0,evening,20220409T155501,filename_YYYYMMDDTHHMMSS,True,EPSG:32632,32632,8,313,GTiff,float32,,"[600000.0, 5158510.0, 600560.0, 5180420.0]",0.021377263590693474,0.02084619551897049,0.013099881820380688,0.03255175054073334,0.004638414829969406,0.013626756146550179,0.020754374563694,0.021453848108649254,0.0309363454580307,94,94,94,2504,100.0,100.0,70.0,-70.0,94,True,
ndvi,data/NDVI/ECO_L2T_STARS.002_NDVI_20220409T155501_aid0001_32N.tif,ECO_L2T_STARS.002_NDVI_20220409T155501_aid0001_32N.tif,2022-04-09T15:55:01,2022-04-09,2022,4,9,15,55,1,2,17.0,evening,20220409T155501,filename_YYYYMMDDTHHMMSS,True,EPSG:32632,32632,8,313,GTiff,float32,,"[600000.0, 5158510.0, 600560.0, 5180420.0]",0.13015493750572205,0.2081281542778015,-0.14046190679073334,0.3007304072380066,0.134341761469841,-0.07306288182735443,-0.021810293197631836,0.24309194087982178,0.3006395697593689,94,94,94,2504,100.0,100.0,70.0,-70.0,94,True,
ndvi,data/NDVI/ECO_L2T_STARS.002_NDVI-UQ_20220410T101424_aid0001_32N.tif,ECO_L2T_STARS.002_NDVI-UQ_20220410T101424_aid0001_32N.tif,2022-04-10T10:14:24,2022-04-10,2022,4,10,10,14,24,2,12.0,midday_afternoon,20220410T101424,filename_YYYYMMDDTHHMMSS,True,EPSG:32632,32632,303,313,GTiff,float32,,"[579360.0, 5158510.0, 600570.0, 5180420.0]",0.034408316016197205,0.02002498134970665,0.00942279864102602,0.9975363612174988,0.049132365733385086,0.01610267348587513,0.018274709582328796,0.033783841878175735,0.08556234836578369,34750,34750,34751,94839,99.99712238496734,99.99712238496734,70.0,-70.0,34751,True,
ndvi,data/NDVI/ECO_L2T_STARS.002_NDVI_20220410T101424_aid0001_32N.tif,ECO_L2T_STARS.002_NDVI_20220410T101424_aid0001_32N.tif,2022-04-10T10:14:24,2022-04-10,2022,4,10,10,14,24,2,12.0,midday_afternoon,20220410T101424,filename_YYYYMMDDTHHMMSS,True,EPSG:32632,32632,303,313,GTiff,float32,,"[579360.0, 5158510.0, 600570.0, 5180420.0]",0.09932819753885269,-0.027987826615571976,-0.965886652469635,0.998083770275116,0.2586289942264557,-0.11145880818367004,-0.06099730357527733,0.1990119367837906,0.6916390657424927,34554,34554,34751,94839,99.4331098385658,99.4331098385658,70.0,-70.0,34751,True,
ndvi,data/NDVI/ECO_L2T_STARS.002_NDVI-UQ_20220410T150558_aid0001_32N.tif,ECO_L2T_STARS.002_NDVI-UQ_20220410T150558_aid0001_32N.tif,2022-04-10T15:05:58,2022-04-10,2022,4,10,15,5,58,2,17.0,evening,20220410T150558,filename_YYYYMMDDTHHMMSS,True,EPSG:32632,32632,8,313,GTiff,float32,,"[600000.0, 5158510.0, 600560.0, 5180420.0]",0.023684794083237648,0.023120637983083725,0.016480501741170883,0.03405314311385155,0.004187253303825855,0.01690247654914856,0.023037884384393692,0.023669984191656113,0.03251243382692337,94,94,94,2504,100.0,100.0,70.0,-70.0,94,True,
ndvi,data/NDVI/ECO_L2T_STARS.002_NDVI_20220410T150558_aid0001_32N.tif,ECO_L2T_STARS.002_NDVI_20220410T150558_aid0001_32N.tif,2022-04-10T15:05:58,2022-04-10,2022,4,10,15,5,58,2,17.0,evening,20220410T150558,filename_YYYYMMDDTHHMMSS,True,EPSG:32632,32632,8,313,GTiff,float32,,"[600000.0, 5158510.0, 600560.0, 5180420.0]",0.13015493750572205,0.2081281542778015,-0.14046190679073334,0.3007304072380066,0.134341761469841,-0.07306288182735443,-0.021810293197631836,0.24309194087982178,0.3006395697593689,94,94,94,2504,100.0,100.0,70.0,-70.0,94,True,
ndvi,data/NDVI/ECO_L2T_STARS.002_NDVI-UQ_20220411T141714_aid0001_32N.tif,ECO_L2T_STARS.002_NDVI-UQ_20220411T141714_aid0001_32N.tif,2022-04-11T14:17:14,2022-04-11,2022,4,11,14,17,14,2,16.0,evening,20220411T141714,filename_YYYYMMDDTHHMMSS,True,EPSG:32632,32632,303,313,GTiff,float32,,"[579360.0, 5158510.0, 600570.0, 5180420.0]",0.001374902087263763,0.0009988289093598723,0.0009951447136700153,0.5089866518974304,0.006654439028352499,0.000998199451714754,0.0009985947981476784,0.0009995829313993454,0.0009999449830502272,34751,34751,34751,94839,100.0,100.0,70.0,-70.0,34751,True,
ndvi,data/NDVI/ECO_L2T_STARS.002_NDVI_20220411T141714_aid0001_32N.tif,ECO_L2T_STARS.002_NDVI_20220411T141714_aid0001_32N.tif,2022-04-11T14:17:14,2022-04-11,2022,4,11,14,17,14,2,16.0,evening,20220411T141714,filename_YYYYMMDDTHHMMSS,True,EPSG:32632,32632,303,313,GTiff,float32,,"[579360.0, 5158510.0, 600570.0, 5180420.0]",0.13910235464572906,-0.012544283643364906,-0.7329259514808655,0.9999276995658875,0.26271316409111023,-0.05762211233377457,-0.042444124817848206,0.2529667019844055,0.727216899394989,34724,34724,34751,94839,99.92230439411816,99.92230439411816,70.0,-70.0,34751,True,
ndvi,data/NDVI/ECO_L2T_STARS.002_NDVI-UQ_20220412T101517_aid0001_32N.tif,ECO_L2T_STARS.002_NDVI-UQ_20220412T101517_aid0001_32N.tif,2022-04-12T10:15:17,2022-04-12,2022,4,12,10,15,17,2,12.0,midday_afternoon,20220412T101517,filename_YYYYMMDDTHHMMSS,True,EPSG:32632,32632,303,313,GTiff,float32,,"[579360.0, 5158510.0, 600570.0, 5180420.0]",0.004883613437414169,0.0008478543604724109,0.0008391215233132243,0.30136752128601074,0.014004172757267952,0.0008455421775579453,0.0008456422365270555,0.010049570351839066,0.010049840435385704,34751,34751,34751,94839,100.0,100.0,70.0,-70.0,34751,True,
ndvi,data/NDVI/ECO_L2T_STARS.002_NDVI_20220412T101517_aid0001_32N.tif,ECO_L2T_STARS.002_NDVI_20220412T101517_aid0001_32N.tif,2022-04-12T10:15:17,2022-04-12,2022,4,12,10,15,17,2,12.0,midday_afternoon,20220412T101517,filename_YYYYMMDDTHHMMSS,True,EPSG:32632,32632,303,313,GTiff,float32,,"[579360.0, 5158510.0, 600570.0, 5180420.0]",0.10737229883670807,-0.011898381635546684,-0.8544701933860779,0.9968408346176147,0.2268732190132141,-0.0901898741722107,-0.06343786418437958,0.24042125046253204,0.5738824605941772,34716,34716,34751,94839,99.89928347385687,99.89928347385687,70.0,-70.0,34751,True,
ndvi,data/NDVI/ECO_L2T_STARS.002_NDVI-UQ_20220413T092607_aid0001_32N.tif,ECO_L2T_STARS.002_NDVI-UQ_20220413T092607_aid0001_32N.tif,2022-04-13T09:26:07,2022-04-13,2022,4,13,9,26,7,2,11.0,midday_afternoon,20220413T092607,filename_YYYYMMDDTHHMMSS,True,EPSG:32632,32632,303,313,GTiff,float32,,"[579360.0, 5158510.0, 600570.0, 5180420.0]",0.009980207309126854,0.010035689920186996,0.0008258381858468056,0.30153340101242065,0.01472989097237587,0.0008286186493933201,0.005998591892421246,0.010796398855745792,0.0141774145886302,34751,34751,34751,94839,100.0,100.0,70.0,-70.0,34751,True,
ndvi,data/NDVI/ECO_L2T_STARS.002_NDVI_20220413T092607_aid0001_32N.tif,ECO_L2T_STARS.002_NDVI_20220413T092607_aid0001_32N.tif,2022-04-13T09:26:07,2022-04-13,2022,4,13,9,26,7,2,11.0,midday_afternoon,20220413T092607,filename_YYYYMMDDTHHMMSS,True,EPSG:32632,32632,303,313,GTiff,float32,,"[579360.0, 5158510.0, 600570.0, 5180420.0]",0.10577196627855301,-0.013466032221913338,-0.845822811126709,0.9964913725852966,0.2348165512084961,-0.09815730154514313,-0.07344374060630798,0.2421361356973648,0.5947754383087158,34704,34704,34751,94839,99.86475209346494,99.86475209346494,70.0,-70.0,34751,True,
ndvi,data/NDVI/ECO_L2T_STARS.002_NDVI-UQ_20220414T083743_aid0001_32N.tif,ECO_L2T_STARS.002_NDVI-UQ_20220414T083743_aid0001_32N.tif,2022-04-14T08:37:43,2022-04-14,2022,4,14,8,37,43,2,10.0,morning,20220414T083743,filename_YYYYMMDDTHHMMSS,True,EPSG:32632,32632,303,313,GTiff,float32,,"[579360.0, 5158510.0, 600570.0, 5180420.0]",0.014026729390025139,0.014167367480695248,0.00923056062310934,0.34511271119117737,0.009937386028468609,0.01003353949636221,0.011200947687029839,0.01416750717908144,0.017349116504192352,34751,34751,34751,94839,100.0,100.0,70.0,-70.0,34751,True,
ndvi,data/NDVI/ECO_L2T_STARS.002_NDVI_20220414T083743_aid0001_32N.tif,ECO_L2T_STARS.002_NDVI_20220414T083743_aid0001_32N.tif,2022-04-14T08:37:43,2022-04-14,2022,4,14,8,37,43,2,10.0,morning,20220414T083743,filename_YYYYMMDDTHHMMSS,True,EPSG:32632,32632,303,313,GTiff,float32,,"[579360.0, 5158510.0, 600570.0, 5180420.0]",0.10578039288520813,-0.012636901810765266,-0.4351976215839386,0.9982375502586365,0.23492909967899323,-0.09892543405294418,-0.07397514581680298,0.24401362240314484,0.5927094221115112,34730,34730,34751,94839,99.93957008431413,99.93957008431413,70.0,-70.0,34751,True,
ndvi,data/NDVI/ECO_L2T_STARS.002_NDVI-UQ_20220414T083835_aid0001_32N.tif,ECO_L2T_STARS.002_NDVI-UQ_20220414T083835_aid0001_32N.tif,2022-04-14T08:38:35,2022-04-14,2022,4,14,8,38,35,2,10.0,morning,20220414T083835,filename_YYYYMMDDTHHMMSS,True,EPSG:32632,32632,8,313,GTiff,float32,,"[600000.0, 5158510.0, 600560.0, 5180420.0]",0.016659177839756012,0.017349116504192352,0.010041034780442715,0.017349140718579292,0.0017737825401127338,0.011641123332083225,0.017294660210609436,0.017349116504192352,0.017349136993288994,94,94,94,2504,100.0,100.0,70.0,-70.0,94,True,
ndvi,data/NDVI/ECO_L2T_STARS.002_NDVI_20220414T083835_aid0001_32N.tif,ECO_L2T_STARS.002_NDVI_20220414T083835_aid0001_32N.tif,2022-04-14T08:38:35,2022-04-14,2022,4,14,8,38,35,2,10.0,morning,20220414T083835,filename_YYYYMMDDTHHMMSS,True,EPSG:32632,32632,8,313,GTiff,float32,,"[600000.0, 5158510.0, 600560.0, 5180420.0]",-0.036336012184619904,-0.03967572748661041,-0.11365973204374313,0.22713616490364075,0.04128748178482056,-0.07100418210029602,-0.05082589015364647,-0.0331447571516037,0.007537048310041428,94,94,94,2504,100.0,100.0,70.0,-70.0,94,True,
ndvi,data/NDVI/ECO_L2T_STARS.002_NDVI-UQ_20220417T124039_aid0001_32N.tif,ECO_L2T_STARS.002_NDVI-UQ_20220417T124039_aid0001_32N.tif,2022-04-17T12:40:39,2022-04-17,2022,4,17,12,40,39,2,14.0,midday_afternoon,20220417T124039,filename_YYYYMMDDTHHMMSS,True,EPSG:32632,32632,303,313,GTiff,float32,,"[579360.0, 5158510.0, 600570.0, 5180420.0]",0.01611175946891308,0.01778065226972103,0.005120588466525078,0.31087473034858704,0.00766269164159894,0.008477284573018551,0.010049650445580482,0.020994070917367935,0.02395061030983925,34751,34751,34751,94839,100.0,100.0,70.0,-70.0,34751,True,
ndvi,data/NDVI/ECO_L2T_STARS.002_NDVI_20220417T124039_aid0001_32N.tif,ECO_L2T_STARS.002_NDVI_20220417T124039_aid0001_32N.tif,2022-04-17T12:40:39,2022-04-17,2022,4,17,12,40,39,2,14.0,midday_afternoon,20220417T124039,filename_YYYYMMDDTHHMMSS,True,EPSG:32632,32632,303,313,GTiff,float32,,"[579360.0, 5158510.0, 600570.0, 5180420.0]",0.14603744447231293,0.0027548749931156635,-0.474274218082428,0.9978429675102234,0.2779974341392517,-0.09460262209177017,-0.06705185025930405,0.3167560398578644,0.7192497253417969,34709,34709,34751,94839,99.87914016862824,99.87914016862824,70.0,-70.0,34751,True,
ndvi,data/NDVI/ECO_L2T_STARS.002_NDVI-UQ_20220418T115201_aid0001_32N.tif,ECO_L2T_STARS.002_NDVI-UQ_20220418T115201_aid0001_32N.tif,2022-04-18T11:52:01,2022-04-18,2022,4,18,11,52,1,2,13.0,midday_afternoon,20220418T115201,filename_YYYYMMDDTHHMMSS,True,EPSG:32632,32632,303,313,GTiff,float32,,"[579360.0, 5158510.0, 600570.0, 5180420.0]",0.01315193623304367,0.014177286997437477,0.0009845254244282842,0.1334518939256668,0.010164356790482998,0.0009955106070265174,0.0009990213438868523,0.022206373512744904,0.024509474635124207,34751,34751,34751,94839,100.0,100.0,70.0,-70.0,34751,True,
ndvi,data/NDVI/ECO_L2T_STARS.002_NDVI_20220418T115201_aid0001_32N.tif,ECO_L2T_STARS.002_NDVI_20220418T115201_aid0001_32N.tif,2022-04-18T11:52:01,2022-04-18,2022,4,18,11,52,1,2,13.0,midday_afternoon,20220418T115201,filename_YYYYMMDDTHHMMSS,True,EPSG:32632,32632,303,313,GTiff,float32,,"[579360.0, 5158510.0, 600570.0, 5180420.0]",0.15972208976745605,0.017539892345666885,-0.47601068019866943,0.9987519979476929,0.2816556394100189,-0.09214179962873459,-0.06316733360290527,0.35458284616470337,0.7152680158615112,34736,34736,34751,94839,99.95683577451008,99.95683577451008,70.0,-70.0,34751,True,
ndvi,data/NDVI/ECO_L2T_STARS.002_NDVI-UQ_20220419T110355_aid0001_32N.tif,ECO_L2T_STARS.002_NDVI-UQ_20220419T110355_aid0001_32N.tif,2022-04-19T11:03:55,2022-04-19,2022,4,19,11,3,55,2,13.0,midday_afternoon,20220419T110355,filename_YYYYMMDDTHHMMSS,True,EPSG:32632,32632,303,313,GTiff,float32,,"[579360.0, 5158510.0, 600570.0, 5180420.0]",0.017013484612107277,0.017349116504192352,0.005116735585033894,0.15299291908740997,0.008546132594347,0.006317932158708572,0.010049685835838318,0.0239397082477808,0.026471007615327835,34751,34751,34751,94839,100.0,100.0,70.0,-70.0,34751,True,
ndvi,data/NDVI/ECO_L2T_STARS.002_NDVI_20220419T110355_aid0001_32N.tif,ECO_L2T_STARS.002_NDVI_20220419T110355_aid0001_32N.tif,2022-04-19T11:03:55,2022-04-19,2022,4,19,11,3,55,2,13.0,midday_afternoon,20220419T110355,filename_YYYYMMDDTHHMMSS,True,EPSG:32632,32632,303,313,GTiff,float32,,"[579360.0, 5158510.0, 600570.0, 5180420.0]",0.15662389993667603,0.016454651951789856,-0.5180767774581909,0.9997369647026062,0.27728569507598877,-0.0909118503332138,-0.06154971569776535,0.34710434079170227,0.7058794498443604,34733,34733,34751,94839,99.9482029294121,99.9482029294121,70.0,-70.0,34751,True,
ndvi,data/NDVI/ECO_L2T_STARS.002_NDVI-UQ_20220420T070003_aid0001_32N.tif,ECO_L2T_STARS.002_NDVI-UQ_20220420T070003_aid0001_32N.tif,2022-04-20T07:00:03,2022-04-20,2022,4,20,7,0,3,2,9.0,morning,20220420T070003,filename_YYYYMMDDTHHMMSS,True,EPSG:32632,32632,303,313,GTiff,float32,,"[579360.0, 5158510.0, 600570.0, 5180420.0]",0.008954420685768127,0.007741778623312712,0.0008607180207036436,0.12840181589126587,0.008522015064954758,0.0008784402161836624,0.000953010399825871,0.014177163131535053,0.02516801282763481,34751,34751,34751,94839,100.0,100.0,70.0,-70.0,34751,True,
ndvi,data/NDVI/ECO_L2T_STARS.002_NDVI_20220420T070003_aid0001_32N.tif,ECO_L2T_STARS.002_NDVI_20220420T070003_aid0001_32N.tif,2022-04-20T07:00:03,2022-04-20,2022,4,20,7,0,3,2,9.0,morning,20220420T070003,filename_YYYYMMDDTHHMMSS,True,EPSG:32632,32632,303,313,GTiff,float32,,"[579360.0, 5158510.0, 600570.0, 5180420.0]",0.14991456270217896,0.06319508701562881,-0.5744354128837585,0.9974532723426819,0.25420448184013367,-0.10812713950872421,-0.06623705476522446,0.30000001192092896,0.6531723141670227,34743,34743,34751,94839,99.97697907973871,99.97697907973871,70.0,-70.0,34751,True,
ndvi,data/NDVI/ECO_L2T_STARS.002_NDVI-UQ_20220420T070055_aid0001_32N.tif,ECO_L2T_STARS.002_NDVI-UQ_20220420T070055_aid0001_32N.tif,2022-04-20T07:00:55,2022-04-20,2022,4,20,7,0,55,2,9.0,morning,20220420T070055,filename_YYYYMMDDTHHMMSS,True,EPSG:32632,32632,8,313,GTiff,float32,,"[600000.0, 5158510.0, 600560.0, 5180420.0]",0.0021112244576215744,0.0009008859633468091,0.0008630818338133395,0.008876918815076351,0.002082816092297435,0.0008634008117951453,0.0008818298811092973,0.0031836973503232002,0.006741303019225597,94,94,94,2504,100.0,100.0,70.0,-70.0,94,True,
ndvi,data/NDVI/ECO_L2T_STARS.002_NDVI_20220420T070055_aid0001_32N.tif,ECO_L2T_STARS.002_NDVI_20220420T070055_aid0001_32N.tif,2022-04-20T07:00:55,2022-04-20,2022,4,20,7,0,55,2,9.0,morning,20220420T070055,filename_YYYYMMDDTHHMMSS,True,EPSG:32632,32632,8,313,GTiff,float32,,"[600000.0, 5158510.0, 600560.0, 5180420.0]",-0.08776266127824783,-0.10403484106063843,-0.16046085953712463,0.12935176491737366,0.0423925444483757,-0.11652673780918121,-0.10799676179885864,-0.08156362920999527,-0.02264682948589325,94,94,94,2504,100.0,100.0,70.0,-70.0,94,True,
ndvi,data/NDVI/ECO_L2T_STARS.002_NDVI-UQ_20220421T061146_aid0001_32N.tif,ECO_L2T_STARS.002_NDVI-UQ_20220421T061146_aid0001_32N.tif,2022-04-21T06:11:46,2022-04-21,2022,4,21,6,11,46,2,8.0,morning,20220421T061146,filename_YYYYMMDDTHHMMSS,True,EPSG:32632,32632,303,313,GTiff,float32,,"[579360.0, 5158510.0, 600570.0, 5180420.0]",0.0024890669155865908,0.0009943203767761588,0.0008278765017166734,0.031596891582012177,0.005001222714781761,0.0008338447660207748,0.0008481029071845114,0.0009984879288822412,0.014396535232663155,34751,34751,34751,94839,100.0,100.0,70.0,-70.0,34751,True,
ndvi,data/NDVI/ECO_L2T_STARS.002_NDVI_20220421T061146_aid0001_32N.tif,ECO_L2T_STARS.002_NDVI_20220421T061146_aid0001_32N.tif,2022-04-21T06:11:46,2022-04-21,2022,4,21,6,11,46,2,8.0,morning,20220421T061146,filename_YYYYMMDDTHHMMSS,True,EPSG:32632,32632,303,313,GTiff,float32,,"[579360.0, 5158510.0, 600570.0, 5180420.0]",0.17469333112239838,0.07225968688726425,-0.5874760746955872,0.9984638094902039,0.2715873420238495,-0.09722490608692169,-0.0629916563630104,0.39194101095199585,0.6783175468444824,34751,34751,34751,94839,100.0,100.0,70.0,-70.0,34751,True,
ndvi,data/NDVI/ECO_L2T_STARS.002_NDVI-UQ_20220422T052338_aid0001_32N.tif,ECO_L2T_STARS.002_NDVI-UQ_20220422T052338_aid0001_32N.tif,2022-04-22T05:23:38,2022-04-22,2022,4,22,5,23,38,2,7.0,morning,20220422T052338,filename_YYYYMMDDTHHMMSS,True,EPSG:32632,32632,8,313,GTiff,float32,,"[600000.0, 5158510.0, 600560.0, 5180420.0]",0.006983417551964521,0.007076573558151722,0.005127349402755499,0.008712737821042538,0.0008875380153767765,0.005411147139966488,0.006295652128756046,0.0075318156741559505,0.008305631577968597,94,94,94,2504,100.0,100.0,70.0,-70.0,94,True,
ndvi,data/NDVI/ECO_L2T_STARS.002_NDVI_20220422T052338_aid0001_32N.tif,ECO_L2T_STARS.002_NDVI_20220422T052338_aid0001_32N.tif,2022-04-22T05:23:38,2022-04-22,2022,4,22,5,23,38,2,7.0,morning,20220422T052338,filename_YYYYMMDDTHHMMSS,True,EPSG:32632,32632,8,313,GTiff,float32,,"[600000.0, 5158510.0, 600560.0, 5180420.0]",-0.06971742957830429,-0.0920298770070076,-0.10720212757587433,0.35058730840682983,0.06783804297447205,-0.10570240765810013,-0.1008884459733963,-0.0722222700715065,0.03123621828854084,94,94,94,2504,100.0,100.0,70.0,-70.0,94,True,
ndvi,data/NDVI/ECO_L2T_STARS.002_NDVI-UQ_20220422T101457_aid0001_32N.tif,ECO_L2T_STARS.002_NDVI-UQ_20220422T101457_aid0001_32N.tif,2022-04-22T10:14:57,2022-04-22,2022,4,22,10,14,57,2,12.0,midday_afternoon,20220422T101457,filename_YYYYMMDDTHHMMSS,True,EPSG:32632,32632,303,313,GTiff,float32,,"[579360.0, 5158510.0, 600570.0, 5180420.0]",0.009308615699410439,0.008207729086279869,0.005085994489490986,0.0744854137301445,0.004451117478311062,0.00540414173156023,0.006837580353021622,0.010049525648355484,0.017682300880551338,34751,34751,34751,94839,100.0,100.0,70.0,-70.0,34751,True,
ndvi,data/NDVI/ECO_L2T_STARS.002_NDVI_20220422T101457_aid0001_32N.tif,ECO_L2T_STARS.002_NDVI_20220422T101457_aid0001_32N.tif,2022-04-22T10:14:57,2022-04-22,2022,4,22,10,14,57,2,12.0,midday_afternoon,20220422T101457,filename_YYYYMMDDTHHMMSS,True,EPSG:32632,32632,303,313,GTiff,float32,,"[579360.0, 5158510.0, 600570.0, 5180420.0]",0.17392924427986145,0.07200063019990921,-0.5872348546981812,0.9950118660926819,0.270779550075531,-0.09753824770450592,-0.062994584441185,0.3904169499874115,0.6757182478904724,34751,34751,34751,94839,100.0,100.0,70.0,-70.0,34751,True,
ndvi,data/NDVI/ECO_L2T_STARS.002_NDVI-UQ_20220423T092547_aid0001_32N.tif,ECO_L2T_STARS.002_NDVI-UQ_20220423T092547_aid0001_32N.tif,2022-04-23T09:25:47,2022-04-23,2022,4,23,9,25,47,2,11.0,midday_afternoon,20220423T092547,filename_YYYYMMDDTHHMMSS,True,EPSG:32632,32632,303,313,GTiff,float32,,"[579360.0, 5158510.0, 600570.0, 5180420.0]",0.013554032891988754,0.012004004791378975,0.003814007854089141,0.15358801186084747,0.009400071576237679,0.0074478862807154655,0.009538829326629639,0.014172349125146866,0.022382840514183044,34751,34751,34751,94839,100.0,100.0,70.0,-70.0,34751,True,
ndvi,data/NDVI/ECO_L2T_STARS.002_NDVI_20220423T092547_aid0001_32N.tif,ECO_L2T_STARS.002_NDVI_20220423T092547_aid0001_32N.tif,2022-04-23T09:25:47,2022-04-23,2022,4,23,9,25,47,2,11.0,midday_afternoon,20220423T092547,filename_YYYYMMDDTHHMMSS,True,EPSG:32632,32632,303,313,GTiff,float32,,"[579360.0, 5158510.0, 600570.0, 5180420.0]",0.17126233875751495,0.06811747699975967,-0.5869172811508179,0.9851611256599426,0.2692866027355194,-0.09778938442468643,-0.062480539083480835,0.3815036118030548,0.6748340725898743,34723,34723,34751,94839,99.9194267790855,99.9194267790855,70.0,-70.0,34751,True,
ndvi,data/NDVI/ECO_L2T_STARS.002_NDVI-UQ_20220424T052320_aid0001_32N.tif,ECO_L2T_STARS.002_NDVI-UQ_20220424T052320_aid0001_32N.tif,2022-04-24T05:23:20,2022-04-24,2022,4,24,5,23,20,2,7.0,morning,20220424T052320,filename_YYYYMMDDTHHMMSS,True,EPSG:32632,32632,303,313,GTiff,float32,,"[579360.0, 5158510.0, 600570.0, 5180420.0]",0.018352262675762177,0.01734033226966858,0.004248503129929304,0.27259042859077454,0.014943690039217472,0.009796001948416233,0.012323928996920586,0.01734912022948265,0.03320234268903732,34751,34751,34751,94839,100.0,100.0,70.0,-70.0,34751,True,
ndvi,data/NDVI/ECO_L2T_STARS.002_NDVI_20220424T052320_aid0001_32N.tif,ECO_L2T_STARS.002_NDVI_20220424T052320_aid0001_32N.tif,2022-04-24T05:23:20,2022-04-24,2022,4,24,5,23,20,2,7.0,morning,20220424T052320,filename_YYYYMMDDTHHMMSS,True,EPSG:32632,32632,303,313,GTiff,float32,,"[579360.0, 5158510.0, 600570.0, 5180420.0]",0.17087820172309875,0.06779506057500839,-0.5871621370315552,0.9997811317443848,0.2689170837402344,-0.09778115153312683,-0.061989352107048035,0.37976133823394775,0.6744423508644104,34719,34719,34751,94839,99.90791631895485,99.90791631895485,70.0,-70.0,34751,True,
ndvi,data/NDVI/ECO_L2T_STARS.002_NDVI-UQ_20220425T092624_aid0001_32N.tif,ECO_L2T_STARS.002_NDVI-UQ_20220425T092624_aid0001_32N.tif,2022-04-25T09:26:24,2022-04-25,2022,4,25,9,26,24,2,11.0,midday_afternoon,20220425T092624,filename_YYYYMMDDTHHMMSS,True,EPSG:32632,32632,303,313,GTiff,float32,,"[579360.0, 5158510.0, 600570.0, 5180420.0]",0.021425846964120865,0.020017364993691444,0.004252494778484106,0.3737650215625763,0.018448034301400185,0.010358603671193123,0.014183088205754757,0.02002478390932083,0.04113546758890152,34751,34751,34751,94839,100.0,100.0,70.0,-70.0,34751,True,
ndvi,data/NDVI/ECO_L2T_STARS.002_NDVI_20220425T092624_aid0001_32N.tif,ECO_L2T_STARS.002_NDVI_20220425T092624_aid0001_32N.tif,2022-04-25T09:26:24,2022-04-25,2022,4,25,9,26,24,2,11.0,midday_afternoon,20220425T092624,filename_YYYYMMDDTHHMMSS,True,EPSG:32632,32632,303,313,GTiff,float32,,"[579360.0, 5158510.0, 600570.0, 5180420.0]",0.171248197555542,0.06755933165550232,-0.5871714949607849,0.9942798614501953,0.2697049081325531,-0.09787531197071075,-0.06192523613572121,0.3802894353866577,0.6761201024055481,34713,34713,34751,94839,99.89065062875888,99.89065062875888,70.0,-70.0,34751,True,
ndvi,data/NDVI/ECO_L2T_STARS.002_NDVI-UQ_20220426T083838_aid0001_32N.tif,ECO_L2T_STARS.002_NDVI-UQ_20220426T083838_aid0001_32N.tif,2022-04-26T08:38:38,2022-04-26,2022,4,26,8,38,38,2,10.0,morning,20220426T083838,filename_YYYYMMDDTHHMMSS,True,EPSG:32632,32632,303,313,GTiff,float32,,"[579360.0, 5158510.0, 600570.0, 5180420.0]",0.020266283303499222,0.020198693498969078,0.0009900468867272139,0.4234844744205475,0.021831795573234558,0.000998235191218555,0.01167999766767025,0.022379819303750992,0.04870130121707916,34751,34751,34751,94839,100.0,100.0,70.0,-70.0,34751,True,
ndvi,data/NDVI/ECO_L2T_STARS.002_NDVI_20220426T083838_aid0001_32N.tif,ECO_L2T_STARS.002_NDVI_20220426T083838_aid0001_32N.tif,2022-04-26T08:38:38,2022-04-26,2022,4,26,8,38,38,2,10.0,morning,20220426T083838,filename_YYYYMMDDTHHMMSS,True,EPSG:32632,32632,303,313,GTiff,float32,,"[579360.0, 5158510.0, 600570.0, 5180420.0]",0.16050192713737488,0.04953061044216156,-0.5871683359146118,0.9995627999305725,0.2721634805202484,-0.0978715717792511,-0.05760516598820686,0.32493260502815247,0.7094458937644958,34584,34584,34751,94839,99.51943828954562,99.51943828954562,70.0,-70.0,34751,True,
ndvi,data/NDVI/ECO_L2T_STARS.002_NDVI-UQ_20220427T075054_aid0001_32N.tif,ECO_L2T_STARS.002_NDVI-UQ_20220427T075054_aid0001_32N.tif,2022-04-27T07:50:54,2022-04-27,2022,4,27,7,50,54,2,9.0,morning,20220427T075054,filename_YYYYMMDDTHHMMSS,True,EPSG:32632,32632,8,313,GTiff,float32,,"[600000.0, 5158510.0, 600560.0, 5180420.0]",0.015783218666911125,0.014887960627675056,0.004024446941912174,0.04970583692193031,0.01006119605153799,0.0043790084309875965,0.008628049865365028,0.018641572445631027,0.04063567519187927,94,94,94,2504,100.0,100.0,70.0,-70.0,94,True,
ndvi,data/NDVI/ECO_L2T_STARS.002_NDVI_20220427T075054_aid0001_32N.tif,ECO_L2T_STARS.002_NDVI_20220427T075054_aid0001_32N.tif,2022-04-27T07:50:54,2022-04-27,2022,4,27,7,50,54,2,9.0,morning,20220427T075054,filename_YYYYMMDDTHHMMSS,True,EPSG:32632,32632,8,313,GTiff,float32,,"[600000.0, 5158510.0, 600560.0, 5180420.0]",-0.03230782970786095,-0.05383548513054848,-0.0993988960981369,0.48063793778419495,0.09076434373855591,-0.09276730567216873,-0.06639505922794342,-0.041135940700769424,0.15907597541809082,94,94,94,2504,100.0,100.0,70.0,-70.0,94,True,
ndvi,data/NDVI/ECO_L2T_STARS.002_NDVI-UQ_20220429T075044_aid0001_32N.tif,ECO_L2T_STARS.002_NDVI-UQ_20220429T075044_aid0001_32N.tif,2022-04-29T07:50:44,2022-04-29,2022,4,29,7,50,44,2,9.0,morning,20220429T075044,filename_YYYYMMDDTHHMMSS,True,EPSG:32632,32632,303,313,GTiff,float32,,"[579360.0, 5158510.0, 600570.0, 5180420.0]",0.03153495118021965,0.02539016492664814,0.0007130361045710742,0.42648011445999146,0.035892847925424576,0.0008778132032603025,0.011694418266415596,0.031611986458301544,0.10246255248785019,34751,34751,34751,94839,100.0,100.0,70.0,-70.0,34751,True,
ndvi,data/NDVI/ECO_L2T_STARS.002_NDVI_20220429T075044_aid0001_32N.tif,ECO_L2T_STARS.002_NDVI_20220429T075044_aid0001_32N.tif,2022-04-29T07:50:44,2022-04-29,2022,4,29,7,50,44,2,9.0,morning,20220429T075044,filename_YYYYMMDDTHHMMSS,True,EPSG:32632,32632,303,313,GTiff,float32,,"[579360.0, 5158510.0, 600570.0, 5180420.0]",0.18892338871955872,0.06487700343132019,-0.913888156414032,0.9996196031570435,0.291268527507782,-0.09166643023490906,-0.053358253091573715,0.4151099920272827,0.7372457385063171,34186,34186,34751,94839,98.37414750654658,98.37414750654658,70.0,-70.0,34751,True,
ndvi,data/NDVI/ECO_L2T_STARS.002_NDVI-UQ_20220429T075135_aid0001_32N.tif,ECO_L2T_STARS.002_NDVI-UQ_20220429T075135_aid0001_32N.tif,2022-04-29T07:51:35,2022-04-29,2022,4,29,7,51,35,2,9.0,morning,20220429T075135,filename_YYYYMMDDTHHMMSS,True,EPSG:32632,32632,8,313,GTiff,float32,,"[600000.0, 5158510.0, 600560.0, 5180420.0]",0.028063368052244186,0.024891763925552368,0.007184949703514576,0.10590193420648575,0.021376609802246094,0.007749952841550112,0.014757971279323101,0.031991273164749146,0.08552415668964386,94,94,94,2504,100.0,100.0,70.0,-70.0,94,True,
ndvi,data/NDVI/ECO_L2T_STARS.002_NDVI_20220429T075135_aid0001_32N.tif,ECO_L2T_STARS.002_NDVI_20220429T075135_aid0001_32N.tif,2022-04-29T07:51:35,2022-04-29,2022,4,29,7,51,35,2,9.0,morning,20220429T075135,filename_YYYYMMDDTHHMMSS,True,EPSG:32632,32632,8,313,GTiff,float32,,"[600000.0, 5158510.0, 600560.0, 5180420.0]",-0.046313606202602386,-0.066523477435112,-0.097323477268219,0.42375800013542175,0.07866215705871582,-0.09171707928180695,-0.07624061405658722,-0.05817330628633499,0.10251946747303009,94,94,94,2504,100.0,100.0,70.0,-70.0,94,True,
ndvi,data/NDVI/ECO_L2T_STARS.002_NDVI-UQ_20220430T070234_aid0001_32N.tif,ECO_L2T_STARS.002_NDVI-UQ_20220430T070234_aid0001_32N.tif,2022-04-30T07:02:34,2022-04-30,2022,4,30,7,2,34,2,9.0,morning,20220430T070234,filename_YYYYMMDDTHHMMSS,True,EPSG:32632,32632,303,313,GTiff,float32,,"[579360.0, 5158510.0, 600570.0, 5180420.0]",0.041588764637708664,0.029034478589892387,0.0017059219535440207,0.5211037993431091,0.04427843540906906,0.010028562508523464,0.017184369266033173,0.042805224657058716,0.131687194108963,34751,34751,34751,94839,100.0,100.0,70.0,-70.0,34751,True,
ndvi,data/NDVI/ECO_L2T_STARS.002_NDVI_20220430T070234_aid0001_32N.tif,ECO_L2T_STARS.002_NDVI_20220430T070234_aid0001_32N.tif,2022-04-30T07:02:34,2022-04-30,2022,4,30,7,2,34,2,9.0,morning,20220430T070234,filename_YYYYMMDDTHHMMSS,True,EPSG:32632,32632,303,313,GTiff,float32,,"[579360.0, 5158510.0, 600570.0, 5180420.0]",0.1900264024734497,0.06337317824363708,-0.8943978548049927,0.9998329877853394,0.2944018244743347,-0.09187071025371552,-0.053252458572387695,0.41564810276031494,0.7522236704826355,34100,34100,34751,94839,98.12667261373772,98.12667261373772,70.0,-70.0,34751,True,
ndvi,data/NDVI/ECO_L2T_STARS.002_NDVI-UQ_20220501T061422_aid0001_32N.tif,ECO_L2T_STARS.002_NDVI-UQ_20220501T061422_aid0001_32N.tif,2022-05-01T06:14:22,2022-05-01,2022,5,1,6,14,22,2,8.0,morning,20220501T061422,filename_YYYYMMDDTHHMMSS,True,EPSG:32632,32632,8,313,GTiff,float32,,"[600000.0, 5158510.0, 600560.0, 5180420.0]",0.037930212914943695,0.034288447350263596,0.013255657628178596,0.14217805862426758,0.02796969562768936,0.01364760659635067,0.01949087716639042,0.04078090563416481,0.11328711360692978,94,94,94,2504,100.0,100.0,70.0,-70.0,94,True,
ndvi,data/NDVI/ECO_L2T_STARS.002_NDVI_20220501T061422_aid0001_32N.tif,ECO_L2T_STARS.002_NDVI_20220501T061422_aid0001_32N.tif,2022-05-01T06:14:22,2022-05-01,2022,5,1,6,14,22,2,8.0,morning,20220501T061422,filename_YYYYMMDDTHHMMSS,True,EPSG:32632,32632,8,313,GTiff,float32,,"[600000.0, 5158510.0, 600560.0, 5180420.0]",-0.0464591421186924,-0.06900736689567566,-0.09669790416955948,0.42888402938842773,0.08008667081594467,-0.08995220065116882,-0.07806786894798279,-0.05745190754532814,0.10716136544942856,94,94,94,2504,100.0,100.0,70.0,-70.0,94,True,
ndvi,data/NDVI/ECO_L2T_STARS.002_NDVI-UQ_20220503T061442_aid0001_32N.tif,ECO_L2T_STARS.002_NDVI-UQ_20220503T061442_aid0001_32N.tif,2022-05-03T06:14:42,2022-05-03,2022,5,3,6,14,42,2,8.0,morning,20220503T061442,filename_YYYYMMDDTHHMMSS,True,EPSG:32632,32632,303,313,GTiff,float32,,"[579360.0, 5158510.0, 600570.0, 5180420.0]",0.05720556527376175,0.034100648015737534,0.004342548083513975,0.7306665778160095,0.062488798052072525,0.01685042306780815,0.02359778806567192,0.06048207730054855,0.18848146498203278,34751,34751,34751,94839,100.0,100.0,70.0,-70.0,34751,True,
ndvi,data/NDVI/ECO_L2T_STARS.002_NDVI_20220503T061442_aid0001_32N.tif,ECO_L2T_STARS.002_NDVI_20220503T061442_aid0001_32N.tif,2022-05-03T06:14:42,2022-05-03,2022,5,3,6,14,42,2,8.0,morning,20220503T061442,filename_YYYYMMDDTHHMMSS,True,EPSG:32632,32632,303,313,GTiff,float32,,"[579360.0, 5158510.0, 600570.0, 5180420.0]",0.1893523782491684,0.06231195479631424,-0.8943422436714172,0.9995185136795044,0.2949792444705963,-0.09113266319036484,-0.0527007132768631,0.4103294014930725,0.7590054273605347,34051,34051,34751,94839,97.98566947713735,97.98566947713735,70.0,-70.0,34751,True,
ndvi,data/NDVI/ECO_L2T_STARS.002_NDVI-UQ_20220504T052646_aid0001_32N.tif,ECO_L2T_STARS.002_NDVI-UQ_20220504T052646_aid0001_32N.tif,2022-05-04T05:26:46,2022-05-04,2022,5,4,5,26,46,2,7.0,morning,20220504T052646,filename_YYYYMMDDTHHMMSS,True,EPSG:32632,32632,303,313,GTiff,float32,,"[579360.0, 5158510.0, 600570.0, 5180420.0]",0.05928237363696098,0.035558488219976425,0.007977024652063847,0.7419339418411255,0.0632951408624649,0.019278790801763535,0.02566687949001789,0.06172599643468857,0.19275879859924316,34751,34751,34751,94839,100.0,100.0,70.0,-70.0,34751,True,
ndvi,data/NDVI/ECO_L2T_STARS.002_NDVI_20220504T052646_aid0001_32N.tif,ECO_L2T_STARS.002_NDVI_20220504T052646_aid0001_32N.tif,2022-05-04T05:26:46,2022-05-04,2022,5,4,5,26,46,2,7.0,morning,20220504T052646,filename_YYYYMMDDTHHMMSS,True,EPSG:32632,32632,303,313,GTiff,float32,,"[579360.0, 5158510.0, 600570.0, 5180420.0]",0.18937277793884277,0.06172388046979904,-0.8943422436714172,0.9999745488166809,0.2955258786678314,-0.09116139262914658,-0.05269104242324829,0.4094430208206177,0.7619264125823975,34028,34028,34751,94839,97.91948433138614,97.91948433138614,70.0,-70.0,34751,True,
ndvi,data/NDVI/ECO_L2T_STARS.002_NDVI-UQ_20220507T043843_aid0001_32N.tif,ECO_L2T_STARS.002_NDVI-UQ_20220507T043843_aid0001_32N.tif,2022-05-07T04:38:43,2022-05-07,2022,5,7,4,38,43,2,6.0,morning,20220507T043843,filename_YYYYMMDDTHHMMSS,True,EPSG:32632,32632,8,313,GTiff,float32,,"[600000.0, 5158510.0, 600560.0, 5180420.0]",0.05038146302103996,0.04529435187578201,0.02423982322216034,0.1718943864107132,0.03181641176342964,0.026240333914756775,0.028527773916721344,0.05300893634557724,0.1370168924331665,94,94,94,2504,100.0,100.0,70.0,-70.0,94,True,
ndvi,data/NDVI/ECO_L2T_STARS.002_NDVI_20220507T043843_aid0001_32N.tif,ECO_L2T_STARS.002_NDVI_20220507T043843_aid0001_32N.tif,2022-05-07T04:38:43,2022-05-07,2022,5,7,4,38,43,2,6.0,morning,20220507T043843,filename_YYYYMMDDTHHMMSS,True,EPSG:32632,32632,8,313,GTiff,float32,,"[600000.0, 5158510.0, 600560.0, 5180420.0]",-0.045580796897411346,-0.06833070516586304,-0.09669790416955948,0.4272667169570923,0.07944702357053757,-0.08867929875850677,-0.07623903453350067,-0.05719832330942154,0.10556042939424515,94,94,94,2504,100.0,100.0,70.0,-70.0,94,True,
ndvi,data/NDVI/ECO_L2T_STARS.002_NDVI-UQ_20220524T172343_aid0001_32N.tif,ECO_L2T_STARS.002_NDVI-UQ_20220524T172343_aid0001_32N.tif,2022-05-24T17:23:43,2022-05-24,2022,5,24,17,23,43,2,19.0,evening,20220524T172343,filename_YYYYMMDDTHHMMSS,True,EPSG:32632,32632,303,313,GTiff,float32,,"[579360.0, 5158510.0, 600570.0, 5180420.0]",0.052276428788900375,0.040535006672143936,0.005095890257507563,0.7424356937408447,0.049638647586107254,0.010049862787127495,0.03409646451473236,0.04668701812624931,0.14716798067092896,34751,34751,34751,94839,100.0,100.0,70.0,-70.0,34751,True,
ndvi,data/NDVI/ECO_L2T_STARS.002_NDVI_20220524T172343_aid0001_32N.tif,ECO_L2T_STARS.002_NDVI_20220524T172343_aid0001_32N.tif,2022-05-24T17:23:43,2022-05-24,2022,5,24,17,23,43,2,19.0,evening,20220524T172343,filename_YYYYMMDDTHHMMSS,True,EPSG:32632,32632,303,313,GTiff,float32,,"[579360.0, 5158510.0, 600570.0, 5180420.0]",0.23132218420505524,0.13762950897216797,-0.9715229868888855,0.9993587136268616,0.2953028976917267,-0.08804847300052643,-0.039768993854522705,0.49248504638671875,0.7398611307144165,34207,34207,34751,94839,98.43457742223245,98.43457742223245,70.0,-70.0,34751,True,
ndvi,data/NDVI/ECO_L2T_STARS.002_NDVI-UQ_20220524T172435_aid0001_32N.tif,ECO_L2T_STARS.002_NDVI-UQ_20220524T172435_aid0001_32N.tif,2022-05-24T17:24:35,2022-05-24,2022,5,24,17,24,35,2,19.0,evening,20220524T172435,filename_YYYYMMDDTHHMMSS,True,EPSG:32632,32632,8,313,GTiff,float32,,"[600000.0, 5158510.0, 600560.0, 5180420.0]",0.029739990830421448,0.029999999329447746,0.025851991027593613,0.029999999329447746,0.000781869632191956,0.027855416759848595,0.029999999329447746,0.029999999329447746,0.029999999329447746,94,94,94,2504,100.0,100.0,70.0,-70.0,94,True,
ndvi,data/NDVI/ECO_L2T_STARS.002_NDVI_20220524T172435_aid0001_32N.tif,ECO_L2T_STARS.002_NDVI_20220524T172435_aid0001_32N.tif,2022-05-24T17:24:35,2022-05-24,2022,5,24,17,24,35,2,19.0,evening,20220524T172435,filename_YYYYMMDDTHHMMSS,True,EPSG:32632,32632,8,313,GTiff,float32,,"[600000.0, 5158510.0, 600560.0, 5180420.0]",0.3179836571216583,0.30000001192092896,0.30000001192092896,0.5109358429908752,0.04796014726161957,0.30000001192092896,0.30000001192092896,0.30000001192092896,0.45298850536346436,94,94,94,2504,100.0,100.0,70.0,-70.0,94,True,
ndvi,data/NDVI/ECO_L2T_STARS.002_NDVI-UQ_20220525T163559_aid0001_32N.tif,ECO_L2T_STARS.002_NDVI-UQ_20220525T163559_aid0001_32N.tif,2022-05-25T16:35:59,2022-05-25,2022,5,25,16,35,59,2,18.0,evening,20220525T163559,filename_YYYYMMDDTHHMMSS,True,EPSG:32632,32632,303,313,GTiff,float32,,"[579360.0, 5158510.0, 600570.0, 5180420.0]",0.05447445437312126,0.04209380969405174,0.00764577928930521,0.7425026893615723,0.04934505373239517,0.014169594272971153,0.03599821776151657,0.048561934381723404,0.14944422245025635,34751,34751,34751,94839,100.0,100.0,70.0,-70.0,34751,True,
ndvi,data/NDVI/ECO_L2T_STARS.002_NDVI_20220525T163559_aid0001_32N.tif,ECO_L2T_STARS.002_NDVI_20220525T163559_aid0001_32N.tif,2022-05-25T16:35:59,2022-05-25,2022,5,25,16,35,59,2,18.0,evening,20220525T163559,filename_YYYYMMDDTHHMMSS,True,EPSG:32632,32632,303,313,GTiff,float32,,"[579360.0, 5158510.0, 600570.0, 5180420.0]",0.23134838044643402,0.13768267631530762,-0.8504859209060669,0.999555230140686,0.2953997254371643,-0.08806109428405762,-0.039840634912252426,0.49100160598754883,0.7410334944725037,34196,34196,34751,94839,98.40292365687318,98.40292365687318,70.0,-70.0,34751,True,
ndvi,data/NDVI/ECO_L2T_STARS.002_NDVI-UQ_20220526T154821_aid0001_32N.tif,ECO_L2T_STARS.002_NDVI-UQ_20220526T154821_aid0001_32N.tif,2022-05-26T15:48:21,2022-05-26,2022,5,26,15,48,21,2,17.0,evening,20220526T154821,filename_YYYYMMDDTHHMMSS,True,EPSG:32632,32632,8,313,GTiff,float32,,"[600000.0, 5158510.0, 600560.0, 5180420.0]",0.059859614819288254,0.05412047356367111,0.03856901451945305,0.17446208000183105,0.02901504747569561,0.0398566834628582,0.04139917343854904,0.06037522479891777,0.1393118053674698,94,94,94,2504,100.0,100.0,70.0,-70.0,94,True,
ndvi,data/NDVI/ECO_L2T_STARS.002_NDVI_20220526T154821_aid0001_32N.tif,ECO_L2T_STARS.002_NDVI_20220526T154821_aid0001_32N.tif,2022-05-26T15:48:21,2022-05-26,2022,5,26,15,48,21,2,17.0,evening,20220526T154821,filename_YYYYMMDDTHHMMSS,True,EPSG:32632,32632,8,313,GTiff,float32,,"[600000.0, 5158510.0, 600560.0, 5180420.0]",-0.0025673615746200085,-0.06804756075143814,-0.09669790416955948,0.9632083773612976,0.20050689578056335,-0.08659479767084122,-0.07605083286762238,-0.048583611845970154,0.5849628448486328,94,94,94,2504,100.0,100.0,70.0,-70.0,94,True,
ndvi,data/NDVI/ECO_L2T_STARS.002_NDVI-UQ_20220528T154844_aid0001_32N.tif,ECO_L2T_STARS.002_NDVI-UQ_20220528T154844_aid0001_32N.tif,2022-05-28T15:48:44,2022-05-28,2022,5,28,15,48,44,2,17.0,evening,20220528T154844,filename_YYYYMMDDTHHMMSS,True,EPSG:32632,32632,303,313,GTiff,float32,,"[579360.0, 5158510.0, 600570.0, 5180420.0]",0.06313356757164001,0.04667762294411659,0.0030953139066696167,0.7426897287368774,0.05870335176587105,0.019229400902986526,0.04029698669910431,0.05701182782649994,0.16942277550697327,34751,34751,34751,94839,100.0,100.0,70.0,-70.0,34751,True,
ndvi,data/NDVI/ECO_L2T_STARS.002_NDVI_20220528T154844_aid0001_32N.tif,ECO_L2T_STARS.002_NDVI_20220528T154844_aid0001_32N.tif,2022-05-28T15:48:44,2022-05-28,2022,5,28,15,48,44,2,17.0,evening,20220528T154844,filename_YYYYMMDDTHHMMSS,True,EPSG:32632,32632,303,313,GTiff,float32,,"[579360.0, 5158510.0, 600570.0, 5180420.0]",0.24442914128303528,0.15263260900974274,-0.948395848274231,0.9999710321426392,0.30191922187805176,-0.08579997718334198,-0.03214174881577492,0.5051021575927734,0.7829058170318604,34078,34078,34751,94839,98.06336508301919,98.06336508301919,70.0,-70.0,34751,True,
ndvi,data/NDVI/ECO_L2T_STARS.002_NDVI-UQ_20220529T150052_aid0001_32N.tif,ECO_L2T_STARS.002_NDVI-UQ_20220529T150052_aid0001_32N.tif,2022-05-29T15:00:52,2022-05-29,2022,5,29,15,0,52,2,17.0,evening,20220529T150052,filename_YYYYMMDDTHHMMSS,True,EPSG:32632,32632,303,313,GTiff,float32,,"[579360.0, 5158510.0, 600570.0, 5180420.0]",0.06542821228504181,0.047837235033512115,0.010468092747032642,0.8284892439842224,0.06161609664559364,0.021674174815416336,0.041527118533849716,0.05894484743475914,0.175633504986763,34751,34751,34751,94839,100.0,100.0,70.0,-70.0,34751,True,
ndvi,data/NDVI/ECO_L2T_STARS.002_NDVI_20220529T150052_aid0001_32N.tif,ECO_L2T_STARS.002_NDVI_20220529T150052_aid0001_32N.tif,2022-05-29T15:00:52,2022-05-29,2022,5,29,15,0,52,2,17.0,evening,20220529T150052,filename_YYYYMMDDTHHMMSS,True,EPSG:32632,32632,303,313,GTiff,float32,,"[579360.0, 5158510.0, 600570.0, 5180420.0]",0.24360300600528717,0.15058591961860657,-0.948395848274231,0.9999710321426392,0.30218759179115295,-0.08590304851531982,-0.032545655965805054,0.5029365420341492,0.7859362959861755,34046,34046,34751,94839,97.97128140197404,97.97128140197404,70.0,-70.0,34751,True,
ndvi,data/NDVI/ECO_L2T_STARS.002_NDVI-UQ_20220530T141248_aid0001_32N.tif,ECO_L2T_STARS.002_NDVI-UQ_20220530T141248_aid0001_32N.tif,2022-05-30T14:12:48,2022-05-30,2022,5,30,14,12,48,2,16.0,evening,20220530T141248,filename_YYYYMMDDTHHMMSS,True,EPSG:32632,32632,8,313,GTiff,float32,,"[600000.0, 5158510.0, 600560.0, 5180420.0]",0.029353851452469826,0.029999999329447746,0.0241427980363369,0.029999999329447746,0.001579909585416317,0.025282103568315506,0.029999999329447746,0.029999999329447746,0.029999999329447746,94,94,94,2504,100.0,100.0,70.0,-70.0,94,True,
ndvi,data/NDVI/ECO_L2T_STARS.002_NDVI_20220530T141248_aid0001_32N.tif,ECO_L2T_STARS.002_NDVI_20220530T141248_aid0001_32N.tif,2022-05-30T14:12:48,2022-05-30,2022,5,30,14,12,48,2,16.0,evening,20220530T141248,filename_YYYYMMDDTHHMMSS,True,EPSG:32632,32632,8,313,GTiff,float32,,"[600000.0, 5158510.0, 600560.0, 5180420.0]",0.2789899706840515,0.30000001192092896,0.08218137919902802,0.30000001192092896,0.054819561541080475,0.12082625925540924,0.30000001192092896,0.30000001192092896,0.30000001192092896,94,94,94,2504,100.0,100.0,70.0,-70.0,94,True,
ndvi,data/NDVI/ECO_L2T_STARS.002_NDVI-UQ_20220601T141303_aid0001_32N.tif,ECO_L2T_STARS.002_NDVI-UQ_20220601T141303_aid0001_32N.tif,2022-06-01T14:13:03,2022-06-01,2022,6,1,14,13,3,2,16.0,evening,20220601T141303,filename_YYYYMMDDTHHMMSS,True,EPSG:32632,32632,303,313,GTiff,float32,,"[579360.0, 5158510.0, 600570.0, 5180420.0]",0.03836242854595184,0.02795492857694626,0.0034144038800150156,0.9358588457107544,0.06700555235147476,0.010049480944871902,0.021446192637085915,0.029999999329447746,0.10285484045743942,34751,34751,34751,94839,100.0,100.0,70.0,-70.0,34751,True,
ndvi,data/NDVI/ECO_L2T_STARS.002_NDVI_20220601T141303_aid0001_32N.tif,ECO_L2T_STARS.002_NDVI_20220601T141303_aid0001_32N.tif,2022-06-01T14:13:03,2022-06-01,2022,6,1,14,13,3,2,16.0,evening,20220601T141303,filename_YYYYMMDDTHHMMSS,True,EPSG:32632,32632,303,313,GTiff,float32,,"[579360.0, 5158510.0, 600570.0, 5180420.0]",0.3455115556716919,0.30000001192092896,-0.9597982168197632,0.9983721375465393,0.18505798280239105,0.08618253469467163,0.25927969813346863,0.42626380920410156,0.7174575328826904,34714,34714,34751,94839,99.89352824379154,99.89352824379154,70.0,-70.0,34751,True,
ndvi,data/NDVI/ECO_L2T_STARS.002_NDVI-UQ_20220604T132418_aid0001_32N.tif,ECO_L2T_STARS.002_NDVI-UQ_20220604T132418_aid0001_32N.tif,2022-06-04T13:24:18,2022-06-04,2022,6,4,13,24,18,2,15.0,midday_afternoon,20220604T132418,filename_YYYYMMDDTHHMMSS,True,EPSG:32632,32632,303,313,GTiff,float32,,"[579360.0, 5158510.0, 600570.0, 5180420.0]",0.04492049291729927,0.032951097935438156,0.017653843387961388,0.9360191226005554,0.06921041011810303,0.02002478577196598,0.02756698988378048,0.03464101627469063,0.11838579922914505,34751,34751,34751,94839,100.0,100.0,70.0,-70.0,34751,True,
ndvi,data/NDVI/ECO_L2T_STARS.002_NDVI_20220604T132418_aid0001_32N.tif,ECO_L2T_STARS.002_NDVI_20220604T132418_aid0001_32N.tif,2022-06-04T13:24:18,2022-06-04,2022,6,4,13,24,18,2,15.0,midday_afternoon,20220604T132418,filename_YYYYMMDDTHHMMSS,True,EPSG:32632,32632,303,313,GTiff,float32,,"[579360.0, 5158510.0, 600570.0, 5180420.0]",0.345839262008667,0.30000001192092896,-0.9597982168197632,0.9983721375465393,0.1842467337846756,0.08459015935659409,0.2626185417175293,0.428751677274704,0.7155328392982483,34714,34714,34751,94839,99.89352824379154,99.89352824379154,70.0,-70.0,34751,True,
ndvi,data/NDVI/ECO_L2T_STARS.002_NDVI-UQ_20220604T163858_aid0001_32N.tif,ECO_L2T_STARS.002_NDVI-UQ_20220604T163858_aid0001_32N.tif,2022-06-04T16:38:58,2022-06-04,2022,6,4,16,38,58,2,18.0,evening,20220604T163858,filename_YYYYMMDDTHHMMSS,True,EPSG:32632,32632,8,313,GTiff,float32,,"[600000.0, 5158510.0, 600560.0, 5180420.0]",0.029999997466802597,0.029999999329447746,0.029999999329447746,0.029999999329447746,1.862645149230957e-09,0.029999999329447746,0.029999999329447746,0.029999999329447746,0.029999999329447746,94,94,94,2504,100.0,100.0,70.0,-70.0,94,True,
ndvi,data/NDVI/ECO_L2T_STARS.002_NDVI_20220604T163858_aid0001_32N.tif,ECO_L2T_STARS.002_NDVI_20220604T163858_aid0001_32N.tif,2022-06-04T16:38:58,2022-06-04,2022,6,4,16,38,58,2,18.0,evening,20220604T163858,filename_YYYYMMDDTHHMMSS,True,EPSG:32632,32632,8,313,GTiff,float32,,"[600000.0, 5158510.0, 600560.0, 5180420.0]",0.2999999225139618,0.30000001192092896,0.30000001192092896,0.30000001192092896,8.940696716308594e-08,0.30000001192092896,0.30000001192092896,0.30000001192092896,0.30000001192092896,94,94,94,2504,100.0,100.0,70.0,-70.0,94,True,
ndvi,data/NDVI/ECO_L2T_STARS.002_NDVI-UQ_20220605T123628_aid0001_32N.tif,ECO_L2T_STARS.002_NDVI-UQ_20220605T123628_aid0001_32N.tif,2022-06-05T12:36:28,2022-06-05,2022,6,5,12,36,28,2,14.0,midday_afternoon,20220605T123628,filename_YYYYMMDDTHHMMSS,True,EPSG:32632,32632,303,313,GTiff,float32,,"[579360.0, 5158510.0, 600570.0, 5180420.0]",0.027786044403910637,0.029999999329447746,0.016515806317329407,0.029999999329447746,0.002915170043706894,0.022382838651537895,0.026003634557127953,0.029999999329447746,0.029999999329447746,34751,34751,34751,94839,100.0,100.0,70.0,-70.0,34751,True,
ndvi,data/NDVI/ECO_L2T_STARS.002_NDVI_20220605T123628_aid0001_32N.tif,ECO_L2T_STARS.002_NDVI_20220605T123628_aid0001_32N.tif,2022-06-05T12:36:28,2022-06-05,2022,6,5,12,36,28,2,14.0,midday_afternoon,20220605T123628,filename_YYYYMMDDTHHMMSS,True,EPSG:32632,32632,303,313,GTiff,float32,,"[579360.0, 5158510.0, 600570.0, 5180420.0]",0.3364414870738983,0.30000001192092896,-0.33511120080947876,0.9957839250564575,0.14230693876743317,0.1414732187986374,0.30000001192092896,0.33700263500213623,0.6520540714263916,34750,34750,34751,94839,99.99712238496734,99.99712238496734,70.0,-70.0,34751,True,
ndvi,data/NDVI/ECO_L2T_STARS.002_NDVI-UQ_20220606T114746_aid0001_32N.tif,ECO_L2T_STARS.002_NDVI-UQ_20220606T114746_aid0001_32N.tif,2022-06-06T11:47:46,2022-06-06,2022,6,6,11,47,46,2,13.0,midday_afternoon,20220606T114746,filename_YYYYMMDDTHHMMSS,True,EPSG:32632,32632,303,313,GTiff,float32,,"[579360.0, 5158510.0, 600570.0, 5180420.0]",0.047940049320459366,0.035857703536748886,0.02169971540570259,0.9361259341239929,0.068620465695858,0.024515138939023018,0.030982881784439087,0.037416573613882065,0.11922750622034073,34751,34751,34751,94839,100.0,100.0,70.0,-70.0,34751,True,
ndvi,data/NDVI/ECO_L2T_STARS.002_NDVI_20220606T114746_aid0001_32N.tif,ECO_L2T_STARS.002_NDVI_20220606T114746_aid0001_32N.tif,2022-06-06T11:47:46,2022-06-06,2022,6,6,11,47,46,2,13.0,midday_afternoon,20220606T114746,filename_YYYYMMDDTHHMMSS,True,EPSG:32632,32632,303,313,GTiff,float32,,"[579360.0, 5158510.0, 600570.0, 5180420.0]",0.34465330839157104,0.30000001192092896,-0.9597982168197632,0.9983721375465393,0.1839735060930252,0.08459015935659409,0.25834211707115173,0.42690780758857727,0.7147637605667114,34714,34714,34751,94839,99.89352824379154,99.89352824379154,70.0,-70.0,34751,True,
ndvi,data/NDVI/ECO_L2T_STARS.002_NDVI-UQ_20220607T155126_aid0001_32N.tif,ECO_L2T_STARS.002_NDVI-UQ_20220607T155126_aid0001_32N.tif,2022-06-07T15:51:26,2022-06-07,2022,6,7,15,51,26,2,17.0,evening,20220607T155126,filename_YYYYMMDDTHHMMSS,True,EPSG:32632,32632,303,313,GTiff,float32,,"[579360.0, 5158510.0, 600570.0, 5180420.0]",0.028922121971845627,0.029999999329447746,0.015938449651002884,0.029999999329447746,0.0017019573133438826,0.025728296488523483,0.028490306809544563,0.029999999329447746,0.029999999329447746,34751,34751,34751,94839,100.0,100.0,70.0,-70.0,34751,True,
ndvi,data/NDVI/ECO_L2T_STARS.002_NDVI_20220607T155126_aid0001_32N.tif,ECO_L2T_STARS.002_NDVI_20220607T155126_aid0001_32N.tif,2022-06-07T15:51:26,2022-06-07,2022,6,7,15,51,26,2,17.0,evening,20220607T155126,filename_YYYYMMDDTHHMMSS,True,EPSG:32632,32632,303,313,GTiff,float32,,"[579360.0, 5158510.0, 600570.0, 5180420.0]",0.332107812166214,0.30000001192092896,-0.33467042446136475,0.9952778816223145,0.13779008388519287,0.13928639888763428,0.30000001192092896,0.3271975815296173,0.6401947140693665,34751,34751,34751,94839,100.0,100.0,70.0,-70.0,34751,True,
ndvi,data/NDVI/ECO_L2T_STARS.002_NDVI-UQ_20220608T114756_aid0001_32N.tif,ECO_L2T_STARS.002_NDVI-UQ_20220608T114756_aid0001_32N.tif,2022-06-08T11:47:56,2022-06-08,2022,6,8,11,47,56,2,13.0,midday_afternoon,20220608T114756,filename_YYYYMMDDTHHMMSS,True,EPSG:32632,32632,303,313,GTiff,float32,,"[579360.0, 5158510.0, 600570.0, 5180420.0]",0.029421480372548103,0.029999999329447746,0.016884053125977516,0.029999999329447746,0.0018256325274705887,0.026193860918283463,0.029999999329447746,0.029999999329447746,0.029999999329447746,34751,34751,34751,94839,100.0,100.0,70.0,-70.0,34751,True,
ndvi,data/NDVI/ECO_L2T_STARS.002_NDVI_20220608T114756_aid0001_32N.tif,ECO_L2T_STARS.002_NDVI_20220608T114756_aid0001_32N.tif,2022-06-08T11:47:56,2022-06-08,2022,6,8,11,47,56,2,13.0,midday_afternoon,20220608T114756,filename_YYYYMMDDTHHMMSS,True,EPSG:32632,32632,303,313,GTiff,float32,,"[579360.0, 5158510.0, 600570.0, 5180420.0]",0.30906441807746887,0.30000001192092896,-0.00025467711384408176,0.8514167666435242,0.08226150274276733,0.19726049900054932,0.30000001192092896,0.30000001192092896,0.4968620538711548,34751,34751,34751,94839,100.0,100.0,70.0,-70.0,34751,True,
ndvi,data/NDVI/ECO_L2T_STARS.002_NDVI-UQ_20220609T155101_aid0001_32N.tif,ECO_L2T_STARS.002_NDVI-UQ_20220609T155101_aid0001_32N.tif,2022-06-09T15:51:01,2022-06-09,2022,6,9,15,51,1,2,17.0,evening,20220609T155101,filename_YYYYMMDDTHHMMSS,True,EPSG:32632,32632,303,313,GTiff,float32,,"[579360.0, 5158510.0, 600570.0, 5180420.0]",0.02961484156548977,0.029999999329447746,0.016884054988622665,0.029999999329447746,0.001561577315442264,0.027299579232931137,0.029999999329447746,0.029999999329447746,0.029999999329447746,34751,34751,34751,94839,100.0,100.0,70.0,-70.0,34751,True,
ndvi,data/NDVI/ECO_L2T_STARS.002_NDVI_20220609T155101_aid0001_32N.tif,ECO_L2T_STARS.002_NDVI_20220609T155101_aid0001_32N.tif,2022-06-09T15:51:01,2022-06-09,2022,6,9,15,51,1,2,17.0,evening,20220609T155101,filename_YYYYMMDDTHHMMSS,True,EPSG:32632,32632,303,313,GTiff,float32,,"[579360.0, 5158510.0, 600570.0, 5180420.0]",0.30386245250701904,0.30000001192092896,0.054326873272657394,0.8182346820831299,0.04938327893614769,0.30000001192092896,0.30000001192092896,0.30000001192092896,0.317199170589447,34751,34751,34751,94839,100.0,100.0,70.0,-70.0,34751,True,
ndvi,data/NDVI/ECO_L2T_STARS.002_NDVI-UQ_20220610T101130_aid0001_32N.tif,ECO_L2T_STARS.002_NDVI-UQ_20220610T101130_aid0001_32N.tif,2022-06-10T10:11:30,2022-06-10,2022,6,10,10,11,30,2,12.0,midday_afternoon,20220610T101130,filename_YYYYMMDDTHHMMSS,True,EPSG:32632,32632,303,313,GTiff,float32,,"[579360.0, 5158510.0, 600570.0, 5180420.0]",0.026053044945001602,0.03162277489900589,0.000998693984001875,0.03162277489900589,0.011412565596401691,0.0009994622087106109,0.030883580446243286,0.03162277489900589,0.03162277489900589,34751,34751,34751,94839,100.0,100.0,70.0,-70.0,34751,True,
ndvi,data/NDVI/ECO_L2T_STARS.002_NDVI_20220610T101130_aid0001_32N.tif,ECO_L2T_STARS.002_NDVI_20220610T101130_aid0001_32N.tif,2022-06-10T10:11:30,2022-06-10,2022,6,10,10,11,30,2,12.0,midday_afternoon,20220610T101130,filename_YYYYMMDDTHHMMSS,True,EPSG:32632,32632,303,313,GTiff,float32,,"[579360.0, 5158510.0, 600570.0, 5180420.0]",0.3793337643146515,0.30000001192092896,-0.0759744793176651,0.9649530649185181,0.15767984092235565,0.2872887849807739,0.30000001192092896,0.40693867206573486,0.7566378116607666,34751,34751,34751,94839,100.0,100.0,70.0,-70.0,34751,True,
ndvi,data/NDVI/ECO_L2T_STARS.002_NDVI-UQ_20220611T141420_aid0001_32N.tif,ECO_L2T_STARS.002_NDVI-UQ_20220611T141420_aid0001_32N.tif,2022-06-11T14:14:20,2022-06-11,2022,6,11,14,14,20,2,16.0,evening,20220611T141420,filename_YYYYMMDDTHHMMSS,True,EPSG:32632,32632,303,313,GTiff,float32,,"[579360.0, 5158510.0, 600570.0, 5180420.0]",0.024615585803985596,0.029999999329447746,0.007599652744829655,0.029999999329447746,0.007643989287316799,0.010049480944871902,0.019896019250154495,0.029999999329447746,0.029999999329447746,34751,34751,34751,94839,100.0,100.0,70.0,-70.0,34751,True,
ndvi,data/NDVI/ECO_L2T_STARS.002_NDVI_20220611T141420_aid0001_32N.tif,ECO_L2T_STARS.002_NDVI_20220611T141420_aid0001_32N.tif,2022-06-11T14:14:20,2022-06-11,2022,6,11,14,14,20,2,16.0,evening,20220611T141420,filename_YYYYMMDDTHHMMSS,True,EPSG:32632,32632,303,313,GTiff,float32,,"[579360.0, 5158510.0, 600570.0, 5180420.0]",0.38965705037117004,0.30000001192092896,-0.07467090338468552,0.9613518714904785,0.17541538178920746,0.18970724940299988,0.30000001192092896,0.4757827818393707,0.7635620832443237,34751,34751,34751,94839,100.0,100.0,70.0,-70.0,34751,True,
ndvi,data/NDVI/ECO_L2T_STARS.002_NDVI-UQ_20220612T101126_aid0001_32N.tif,ECO_L2T_STARS.002_NDVI-UQ_20220612T101126_aid0001_32N.tif,2022-06-12T10:11:26,2022-06-12,2022,6,12,10,11,26,2,12.0,midday_afternoon,20220612T101126,filename_YYYYMMDDTHHMMSS,True,EPSG:32632,32632,303,313,GTiff,float32,,"[579360.0, 5158510.0, 600570.0, 5180420.0]",0.021401509642601013,0.029861759394407272,0.0009925949852913618,0.03162277489900589,0.012480157427489758,0.0009955436689779162,0.013022040948271751,0.03162277489900589,0.03162277489900589,34751,34751,34751,94839,100.0,100.0,70.0,-70.0,34751,True,
ndvi,data/NDVI/ECO_L2T_STARS.002_NDVI_20220612T101126_aid0001_32N.tif,ECO_L2T_STARS.002_NDVI_20220612T101126_aid0001_32N.tif,2022-06-12T10:11:26,2022-06-12,2022,6,12,10,11,26,2,12.0,midday_afternoon,20220612T101126,filename_YYYYMMDDTHHMMSS,True,EPSG:32632,32632,303,313,GTiff,float32,,"[579360.0, 5158510.0, 600570.0, 5180420.0]",0.4078974425792694,0.30000001192092896,-0.07467090338468552,0.9613518714904785,0.18317022919654846,0.16882458329200745,0.30000001192092896,0.5560113191604614,0.7520732879638672,34751,34751,34751,94839,100.0,100.0,70.0,-70.0,34751,True,
ndvi,data/NDVI/ECO_L2T_STARS.002_NDVI-UQ_20220613T092328_aid0001_32N.tif,ECO_L2T_STARS.002_NDVI-UQ_20220613T092328_aid0001_32N.tif,2022-06-13T09:23:28,2022-06-13,2022,6,13,9,23,28,2,11.0,midday_afternoon,20220613T092328,filename_YYYYMMDDTHHMMSS,True,EPSG:32632,32632,303,313,GTiff,float32,,"[579360.0, 5158510.0, 600570.0, 5180420.0]",0.024900220334529877,0.031553346663713455,0.010049141943454742,0.03927764669060707,0.009597276337444782,0.010049433447420597,0.016418106853961945,0.033166248351335526,0.033166248351335526,34751,34751,34751,94839,100.0,100.0,70.0,-70.0,34751,True,
ndvi,data/NDVI/ECO_L2T_STARS.002_NDVI_20220613T092328_aid0001_32N.tif,ECO_L2T_STARS.002_NDVI_20220613T092328_aid0001_32N.tif,2022-06-13T09:23:28,2022-06-13,2022,6,13,9,23,28,2,11.0,midday_afternoon,20220613T092328,filename_YYYYMMDDTHHMMSS,True,EPSG:32632,32632,303,313,GTiff,float32,,"[579360.0, 5158510.0, 600570.0, 5180420.0]",0.40828782320022583,0.30000001192092896,-0.07467090338468552,0.9613518714904785,0.18301469087600708,0.17543812096118927,0.30000001192092896,0.5564613342285156,0.7522579431533813,34751,34751,34751,94839,100.0,100.0,70.0,-70.0,34751,True,
ndvi,data/NDVI/ECO_L2T_STARS.002_NDVI-UQ_20220614T083424_aid0001_32N.tif,ECO_L2T_STARS.002_NDVI-UQ_20220614T083424_aid0001_32N.tif,2022-06-14T08:34:24,2022-06-14,2022,6,14,8,34,24,2,10.0,morning,20220614T083424,filename_YYYYMMDDTHHMMSS,True,EPSG:32632,32632,303,313,GTiff,float32,,"[579360.0, 5158510.0, 600570.0, 5180420.0]",0.027045834809541702,0.033007148653268814,0.011525112204253674,0.0493711493909359,0.008606440387666225,0.014177131466567516,0.01864299736917019,0.03464101627469063,0.03464101627469063,34751,34751,34751,94839,100.0,100.0,70.0,-70.0,34751,True,
ndvi,data/NDVI/ECO_L2T_STARS.002_NDVI_20220614T083424_aid0001_32N.tif,ECO_L2T_STARS.002_NDVI_20220614T083424_aid0001_32N.tif,2022-06-14T08:34:24,2022-06-14,2022,6,14,8,34,24,2,10.0,morning,20220614T083424,filename_YYYYMMDDTHHMMSS,True,EPSG:32632,32632,303,313,GTiff,float32,,"[579360.0, 5158510.0, 600570.0, 5180420.0]",0.40996789932250977,0.30000001192092896,-0.07467090338468552,0.9613518714904785,0.18247011303901672,0.18072953820228577,0.30000001192092896,0.5522208213806152,0.7543661594390869,34751,34751,34751,94839,100.0,100.0,70.0,-70.0,34751,True,
ndvi,data/NDVI/ECO_L2T_STARS.002_NDVI-UQ_20220614T083516_aid0001_32N.tif,ECO_L2T_STARS.002_NDVI-UQ_20220614T083516_aid0001_32N.tif,2022-06-14T08:35:16,2022-06-14,2022,6,14,8,35,16,2,10.0,morning,20220614T083516,filename_YYYYMMDDTHHMMSS,True,EPSG:32632,32632,8,313,GTiff,float32,,"[600000.0, 5158510.0, 600560.0, 5180420.0]",0.032609641551971436,0.03464101627469063,0.018263835459947586,0.03464101627469063,0.004997879266738892,0.01906495727598667,0.03464101627469063,0.03464101627469063,0.03464101627469063,94,94,94,2504,100.0,100.0,70.0,-70.0,94,True,
ndvi,data/NDVI/ECO_L2T_STARS.002_NDVI_20220614T083516_aid0001_32N.tif,ECO_L2T_STARS.002_NDVI_20220614T083516_aid0001_32N.tif,2022-06-14T08:35:16,2022-06-14,2022,6,14,8,35,16,2,10.0,morning,20220614T083516,filename_YYYYMMDDTHHMMSS,True,EPSG:32632,32632,8,313,GTiff,float32,,"[600000.0, 5158510.0, 600560.0, 5180420.0]",0.3224520683288574,0.30000001192092896,0.2363033890724182,0.5534578561782837,0.06464407593011856,0.30000001192092896,0.30000001192092896,0.30000001192092896,0.5028329491615295,94,94,94,2504,100.0,100.0,70.0,-70.0,94,True,
ndvi,data/NDVI/ECO_L2T_STARS.002_NDVI-UQ_20220616T083449_aid0001_32N.tif,ECO_L2T_STARS.002_NDVI-UQ_20220616T083449_aid0001_32N.tif,2022-06-16T08:34:49,2022-06-16,2022,6,16,8,34,49,2,10.0,morning,20220616T083449,filename_YYYYMMDDTHHMMSS,True,EPSG:32632,32632,303,313,GTiff,float32,,"[579360.0, 5158510.0, 600570.0, 5180420.0]",0.019534705206751823,0.020024776458740234,0.0008261573384515941,0.3002356290817261,0.010628308169543743,0.0009864408057183027,0.014880913309752941,0.02640792354941368,0.029999999329447746,34751,34751,34751,94839,100.0,100.0,70.0,-70.0,34751,True,
ndvi,data/NDVI/ECO_L2T_STARS.002_NDVI_20220616T083449_aid0001_32N.tif,ECO_L2T_STARS.002_NDVI_20220616T083449_aid0001_32N.tif,2022-06-16T08:34:49,2022-06-16,2022,6,16,8,34,49,2,10.0,morning,20220616T083449,filename_YYYYMMDDTHHMMSS,True,EPSG:32632,32632,303,313,GTiff,float32,,"[579360.0, 5158510.0, 600570.0, 5180420.0]",0.4317071735858917,0.36046305298805237,-0.09598486870527267,0.9984896779060364,0.2151784598827362,0.12654821574687958,0.30000001192092896,0.6240228414535522,0.800184965133667,34715,34715,34751,94839,99.89640585882421,99.89640585882421,70.0,-70.0,34751,True,
ndvi,data/NDVI/ECO_L2T_STARS.002_NDVI-UQ_20220617T123821_aid0001_32N.tif,ECO_L2T_STARS.002_NDVI-UQ_20220617T123821_aid0001_32N.tif,2022-06-17T12:38:21,2022-06-17,2022,6,17,12,38,21,2,14.0,midday_afternoon,20220617T123821,filename_YYYYMMDDTHHMMSS,True,EPSG:32632,32632,303,313,GTiff,float32,,"[579360.0, 5158510.0, 600570.0, 5180420.0]",0.020366430282592773,0.02183215320110321,0.0008262476767413318,0.35279038548469543,0.012400246225297451,0.0009973709238693118,0.013593564741313457,0.02932499349117279,0.03162277489900589,34751,34751,34751,94839,100.0,100.0,70.0,-70.0,34751,True,
ndvi,data/NDVI/ECO_L2T_STARS.002_NDVI_20220617T123821_aid0001_32N.tif,ECO_L2T_STARS.002_NDVI_20220617T123821_aid0001_32N.tif,2022-06-17T12:38:21,2022-06-17,2022,6,17,12,38,21,2,14.0,midday_afternoon,20220617T123821,filename_YYYYMMDDTHHMMSS,True,EPSG:32632,32632,303,313,GTiff,float32,,"[579360.0, 5158510.0, 600570.0, 5180420.0]",0.42470982670783997,0.3637732267379761,-0.07423561811447144,0.9938254356384277,0.20634643733501434,0.12202959507703781,0.30000001192092896,0.6143110990524292,0.770975649356842,34739,34739,34751,94839,99.96546861960806,99.96546861960806,70.0,-70.0,34751,True,
ndvi,data/NDVI/ECO_L2T_STARS.002_NDVI-UQ_20220618T114917_aid0001_32N.tif,ECO_L2T_STARS.002_NDVI-UQ_20220618T114917_aid0001_32N.tif,2022-06-18T11:49:17,2022-06-18,2022,6,18,11,49,17,2,13.0,midday_afternoon,20220618T114917,filename_YYYYMMDDTHHMMSS,True,EPSG:32632,32632,303,313,GTiff,float32,,"[579360.0, 5158510.0, 600570.0, 5180420.0]",0.023418404161930084,0.02379223331809044,0.005086924415081739,0.4110605716705322,0.012273332104086876,0.00820779986679554,0.015986960381269455,0.031723566353321075,0.033166248351335526,34751,34751,34751,94839,100.0,100.0,70.0,-70.0,34751,True,
ndvi,data/NDVI/ECO_L2T_STARS.002_NDVI_20220618T114917_aid0001_32N.tif,ECO_L2T_STARS.002_NDVI_20220618T114917_aid0001_32N.tif,2022-06-18T11:49:17,2022-06-18,2022,6,18,11,49,17,2,13.0,midday_afternoon,20220618T114917,filename_YYYYMMDDTHHMMSS,True,EPSG:32632,32632,303,313,GTiff,float32,,"[579360.0, 5158510.0, 600570.0, 5180420.0]",0.4174995720386505,0.35895270109176636,-0.1367574781179428,0.9998226761817932,0.2086763083934784,0.1197260171175003,0.2604225277900696,0.6075023412704468,0.762548565864563,34745,34745,34751,94839,99.98273430980403,99.98273430980403,70.0,-70.0,34751,True,
ndvi,data/NDVI/ECO_L2T_STARS.002_NDVI-UQ_20220618T115009_aid0001_32N.tif,ECO_L2T_STARS.002_NDVI-UQ_20220618T115009_aid0001_32N.tif,2022-06-18T11:50:09,2022-06-18,2022,6,18,11,50,9,2,13.0,midday_afternoon,20220618T115009,filename_YYYYMMDDTHHMMSS,True,EPSG:32632,32632,8,313,GTiff,float32,,"[600000.0, 5158510.0, 600560.0, 5180420.0]",0.036555442959070206,0.03999999910593033,0.0114531135186553,0.03999999910593033,0.008636749349534512,0.013062912970781326,0.03999999910593033,0.03999999910593033,0.03999999910593033,94,94,94,2504,100.0,100.0,70.0,-70.0,94,True,
ndvi,data/NDVI/ECO_L2T_STARS.002_NDVI_20220618T115009_aid0001_32N.tif,ECO_L2T_STARS.002_NDVI_20220618T115009_aid0001_32N.tif,2022-06-18T11:50:09,2022-06-18,2022,6,18,11,50,9,2,13.0,midday_afternoon,20220618T115009,filename_YYYYMMDDTHHMMSS,True,EPSG:32632,32632,8,313,GTiff,float32,,"[600000.0, 5158510.0, 600560.0, 5180420.0]",0.3348815441131592,0.30000001192092896,0.30000001192092896,0.6024028658866882,0.08452611416578293,0.30000001192092896,0.30000001192092896,0.30000001192092896,0.5444855690002441,94,94,94,2504,100.0,100.0,70.0,-70.0,94,True,
ndvi,data/NDVI/ECO_L2T_STARS.002_NDVI-UQ_20220620T065825_aid0001_32N.tif,ECO_L2T_STARS.002_NDVI-UQ_20220620T065825_aid0001_32N.tif,2022-06-20T06:58:25,2022-06-20,2022,6,20,6,58,25,2,8.0,morning,20220620T065825,filename_YYYYMMDDTHHMMSS,True,EPSG:32632,32632,303,313,GTiff,float32,,"[579360.0, 5158510.0, 600570.0, 5180420.0]",0.0262551661580801,0.025957252830266953,0.0009868131019175053,0.5130342245101929,0.015265398658812046,0.010838016867637634,0.0178560558706522,0.033556774258613586,0.036055512726306915,34751,34751,34751,94839,100.0,100.0,70.0,-70.0,34751,True,
ndvi,data/NDVI/ECO_L2T_STARS.002_NDVI_20220620T065825_aid0001_32N.tif,ECO_L2T_STARS.002_NDVI_20220620T065825_aid0001_32N.tif,2022-06-20T06:58:25,2022-06-20,2022,6,20,6,58,25,2,8.0,morning,20220620T065825,filename_YYYYMMDDTHHMMSS,True,EPSG:32632,32632,303,313,GTiff,float32,,"[579360.0, 5158510.0, 600570.0, 5180420.0]",0.41730406880378723,0.3618886470794678,-0.35055896639823914,0.9991891980171204,0.22227737307548523,0.1208190992474556,0.23554830253124237,0.6095532178878784,0.7996821403503418,34688,34688,34751,94839,99.81871025294237,99.81871025294237,70.0,-70.0,34751,True,
ndvi,data/NDVI/ECO_L2T_STARS.002_NDVI-UQ_20220622T052302_aid0001_32N.tif,ECO_L2T_STARS.002_NDVI-UQ_20220622T052302_aid0001_32N.tif,2022-06-22T05:23:02,2022-06-22,2022,6,22,5,23,2,2,7.0,morning,20220622T052302,filename_YYYYMMDDTHHMMSS,True,EPSG:32632,32632,8,313,GTiff,float32,,"[600000.0, 5158510.0, 600560.0, 5180420.0]",0.039845243096351624,0.04472136124968529,0.007375581189990044,0.04472136124968529,0.01088731735944748,0.008071617223322392,0.04257125407457352,0.04472136124968529,0.04472136124968529,94,94,94,2504,100.0,100.0,70.0,-70.0,94,True,
ndvi,data/NDVI/ECO_L2T_STARS.002_NDVI_20220622T052302_aid0001_32N.tif,ECO_L2T_STARS.002_NDVI_20220622T052302_aid0001_32N.tif,2022-06-22T05:23:02,2022-06-22,2022,6,22,5,23,2,2,7.0,morning,20220622T052302,filename_YYYYMMDDTHHMMSS,True,EPSG:32632,32632,8,313,GTiff,float32,,"[600000.0, 5158510.0, 600560.0, 5180420.0]",0.32852935791015625,0.30000001192092896,0.2082396149635315,0.7344253659248352,0.12264996767044067,0.21319317817687988,0.30000001192092896,0.30000001192092896,0.6277718544006348,94,94,94,2504,100.0,100.0,70.0,-70.0,94,True,
ndvi,data/NDVI/ECO_L2T_STARS.002_NDVI-UQ_20220622T101412_aid0001_32N.tif,ECO_L2T_STARS.002_NDVI-UQ_20220622T101412_aid0001_32N.tif,2022-06-22T10:14:12,2022-06-22,2022,6,22,10,14,12,2,12.0,midday_afternoon,20220622T101412,filename_YYYYMMDDTHHMMSS,True,EPSG:32632,32632,303,313,GTiff,float32,,"[579360.0, 5158510.0, 600570.0, 5180420.0]",0.03713694587349892,0.03163846582174301,0.004524535965174437,0.5858772397041321,0.029786543920636177,0.015904512256383896,0.02426043525338173,0.03759860247373581,0.08269772678613663,34751,34751,34751,94839,100.0,100.0,70.0,-70.0,34751,True,
ndvi,data/NDVI/ECO_L2T_STARS.002_NDVI_20220622T101412_aid0001_32N.tif,ECO_L2T_STARS.002_NDVI_20220622T101412_aid0001_32N.tif,2022-06-22T10:14:12,2022-06-22,2022,6,22,10,14,12,2,12.0,midday_afternoon,20220622T101412,filename_YYYYMMDDTHHMMSS,True,EPSG:32632,32632,303,313,GTiff,float32,,"[579360.0, 5158510.0, 600570.0, 5180420.0]",0.4157527983188629,0.36017483472824097,-0.43089714646339417,0.9982405304908752,0.22566746175289154,0.11626620590686798,0.2332935631275177,0.6107426881790161,0.8013728260993958,34644,34644,34751,94839,99.69209519150527,99.69209519150527,70.0,-70.0,34751,True,
ndvi,data/NDVI/ECO_L2T_STARS.002_NDVI-UQ_20220623T092526_aid0001_32N.tif,ECO_L2T_STARS.002_NDVI-UQ_20220623T092526_aid0001_32N.tif,2022-06-23T09:25:26,2022-06-23,2022,6,23,9,25,26,2,11.0,midday_afternoon,20220623T092526,filename_YYYYMMDDTHHMMSS,True,EPSG:32632,32632,303,313,GTiff,float32,,"[579360.0, 5158510.0, 600570.0, 5180420.0]",0.04460364580154419,0.024348031729459763,0.0008088873000815511,0.7325538396835327,0.0645681843161583,0.008962998166680336,0.019126586616039276,0.03913941979408264,0.15109404921531677,34751,34751,34751,94839,100.0,100.0,70.0,-70.0,34751,True,
ndvi,data/NDVI/ECO_L2T_STARS.002_NDVI_20220623T092526_aid0001_32N.tif,ECO_L2T_STARS.002_NDVI_20220623T092526_aid0001_32N.tif,2022-06-23T09:25:26,2022-06-23,2022,6,23,9,25,26,2,11.0,midday_afternoon,20220623T092526,filename_YYYYMMDDTHHMMSS,True,EPSG:32632,32632,303,313,GTiff,float32,,"[579360.0, 5158510.0, 600570.0, 5180420.0]",0.3861827254295349,0.3245556950569153,-0.6166143417358398,0.9973497986793518,0.2255735844373703,0.08906355500221252,0.19784574210643768,0.57306307554245,0.7725456357002258,34660,34660,34751,94839,99.73813703202785,99.73813703202785,70.0,-70.0,34751,True,
ndvi,data/NDVI/ECO_L2T_STARS.002_NDVI-UQ_20220624T052306_aid0001_32N.tif,ECO_L2T_STARS.002_NDVI-UQ_20220624T052306_aid0001_32N.tif,2022-06-24T05:23:06,2022-06-24,2022,6,24,5,23,6,2,7.0,morning,20220624T052306,filename_YYYYMMDDTHHMMSS,True,EPSG:32632,32632,303,313,GTiff,float32,,"[579360.0, 5158510.0, 600570.0, 5180420.0]",0.049911245703697205,0.02661542035639286,0.001545353326946497,0.7789894342422485,0.06901891529560089,0.014559665694832802,0.02117413654923439,0.046093326061964035,0.16513454914093018,34751,34751,34751,94839,100.0,100.0,70.0,-70.0,34751,True,
ndvi,data/NDVI/ECO_L2T_STARS.002_NDVI_20220624T052306_aid0001_32N.tif,ECO_L2T_STARS.002_NDVI_20220624T052306_aid0001_32N.tif,2022-06-24T05:23:06,2022-06-24,2022,6,24,5,23,6,2,7.0,morning,20220624T052306,filename_YYYYMMDDTHHMMSS,True,EPSG:32632,32632,303,313,GTiff,float32,,"[579360.0, 5158510.0, 600570.0, 5180420.0]",0.3855278789997101,0.3329581320285797,-0.6111683249473572,0.9996692538261414,0.23430372774600983,0.07515516877174377,0.1907423585653305,0.5775261521339417,0.786455512046814,34618,34618,34751,94839,99.61727720065609,99.61727720065609,70.0,-70.0,34751,True,
ndvi,data/NDVI/ECO_L2T_STARS.002_NDVI-UQ_20220625T092536_aid0001_32N.tif,ECO_L2T_STARS.002_NDVI-UQ_20220625T092536_aid0001_32N.tif,2022-06-25T09:25:36,2022-06-25,2022,6,25,9,25,36,2,11.0,midday_afternoon,20220625T092536,filename_YYYYMMDDTHHMMSS,True,EPSG:32632,32632,303,313,GTiff,float32,,"[579360.0, 5158510.0, 600570.0, 5180420.0]",0.040578652173280716,0.025001583620905876,0.0009228721028193831,0.8201114535331726,0.06732816994190216,0.000998666975647211,0.0009998572058975697,0.04028996452689171,0.14906837046146393,34751,34751,34751,94839,100.0,100.0,70.0,-70.0,34751,True,
ndvi,data/NDVI/ECO_L2T_STARS.002_NDVI_20220625T092536_aid0001_32N.tif,ECO_L2T_STARS.002_NDVI_20220625T092536_aid0001_32N.tif,2022-06-25T09:25:36,2022-06-25,2022,6,25,9,25,36,2,11.0,midday_afternoon,20220625T092536,filename_YYYYMMDDTHHMMSS,True,EPSG:32632,32632,303,313,GTiff,float32,,"[579360.0, 5158510.0, 600570.0, 5180420.0]",0.41159623861312866,0.3630029857158661,-0.9677472710609436,0.999622642993927,0.2502017319202423,0.08148330450057983,0.19903187453746796,0.6340097188949585,0.8135641813278198,34648,34648,34751,94839,99.70360565163593,99.70360565163593,70.0,-70.0,34751,True,
ndvi,data/NDVI/ECO_L2T_STARS.002_NDVI-UQ_20220627T074901_aid0001_32N.tif,ECO_L2T_STARS.002_NDVI-UQ_20220627T074901_aid0001_32N.tif,2022-06-27T07:49:01,2022-06-27,2022,6,27,7,49,1,2,9.0,morning,20220627T074901,filename_YYYYMMDDTHHMMSS,True,EPSG:32632,32632,303,313,GTiff,float32,,"[579360.0, 5158510.0, 600570.0, 5180420.0]",0.05707993358373642,0.040918055921792984,0.0007333075045607984,0.7201077938079834,0.06406470388174057,0.000994242960587144,0.017158983275294304,0.07077683508396149,0.18137922883033752,34751,34751,34751,94839,100.0,100.0,70.0,-70.0,34751,True,
ndvi,data/NDVI/ECO_L2T_STARS.002_NDVI_20220627T074901_aid0001_32N.tif,ECO_L2T_STARS.002_NDVI_20220627T074901_aid0001_32N.tif,2022-06-27T07:49:01,2022-06-27,2022,6,27,7,49,1,2,9.0,morning,20220627T074901,filename_YYYYMMDDTHHMMSS,True,EPSG:32632,32632,303,313,GTiff,float32,,"[579360.0, 5158510.0, 600570.0, 5180420.0]",0.42034968733787537,0.3813383877277374,-0.8250833749771118,0.9999750256538391,0.24175535142421722,0.09069844335317612,0.21516521275043488,0.6357203722000122,0.8155359625816345,34506,34506,34751,94839,99.29498431699807,99.29498431699807,70.0,-70.0,34751,True,
ndvi,data/NDVI/ECO_L2T_STARS.002_NDVI-UQ_20220627T074953_aid0001_32N.tif,ECO_L2T_STARS.002_NDVI-UQ_20220627T074953_aid0001_32N.tif,2022-06-27T07:49:53,2022-06-27,2022,6,27,7,49,53,2,9.0,morning,20220627T074953,filename_YYYYMMDDTHHMMSS,True,EPSG:32632,32632,8,313,GTiff,float32,,"[600000.0, 5158510.0, 600560.0, 5180420.0]",0.047114048153162,0.04770959913730621,0.000999497133307159,0.06935827434062958,0.012984100729227066,0.0009998782770708203,0.04712929204106331,0.051305562257766724,0.06054122373461723,94,94,94,2504,100.0,100.0,70.0,-70.0,94,True,
ndvi,data/NDVI/ECO_L2T_STARS.002_NDVI_20220627T074953_aid0001_32N.tif,ECO_L2T_STARS.002_NDVI_20220627T074953_aid0001_32N.tif,2022-06-27T07:49:53,2022-06-27,2022,6,27,7,49,53,2,9.0,morning,20220627T074953,filename_YYYYMMDDTHHMMSS,True,EPSG:32632,32632,8,313,GTiff,float32,,"[600000.0, 5158510.0, 600560.0, 5180420.0]",0.2484462857246399,0.20025525987148285,0.16860142350196838,0.6011449098587036,0.11343622207641602,0.17660638689994812,0.19008836150169373,0.23289085924625397,0.5594963431358337,94,94,94,2504,100.0,100.0,70.0,-70.0,94,True,
ndvi,data/NDVI/ECO_L2T_STARS.002_NDVI-UQ_20220629T074959_aid0001_32N.tif,ECO_L2T_STARS.002_NDVI-UQ_20220629T074959_aid0001_32N.tif,2022-06-29T07:49:59,2022-06-29,2022,6,29,7,49,59,2,9.0,morning,20220629T074959,filename_YYYYMMDDTHHMMSS,True,EPSG:32632,32632,303,313,GTiff,float32,,"[579360.0, 5158510.0, 600570.0, 5180420.0]",0.05994236469268799,0.04238174483180046,0.007000939920544624,0.7202454209327698,0.06185625493526459,0.00990218110382557,0.020955434069037437,0.0715586394071579,0.180643230676651,34751,34751,34751,94839,100.0,100.0,70.0,-70.0,34751,True,
ndvi,data/NDVI/ECO_L2T_STARS.002_NDVI_20220629T074959_aid0001_32N.tif,ECO_L2T_STARS.002_NDVI_20220629T074959_aid0001_32N.tif,2022-06-29T07:49:59,2022-06-29,2022,6,29,7,49,59,2,9.0,morning,20220629T074959,filename_YYYYMMDDTHHMMSS,True,EPSG:32632,32632,303,313,GTiff,float32,,"[579360.0, 5158510.0, 600570.0, 5180420.0]",0.41779017448425293,0.38138318061828613,-0.929575502872467,0.9998675584793091,0.24511319398880005,0.08216501772403717,0.21155712008476257,0.6346286535263062,0.8165425658226013,34434,34434,34751,94839,99.08779603464649,99.08779603464649,70.0,-70.0,34751,True,
ndvi,data/NDVI/ECO_L2T_STARS.002_NDVI-UQ_20230402T134556_aid0001_32N.tif,ECO_L2T_STARS.002_NDVI-UQ_20230402T134556_aid0001_32N.tif,2023-04-02T13:45:56,2023-04-02,2023,4,2,13,45,56,2,15.0,midday_afternoon,20230402T134556,filename_YYYYMMDDTHHMMSS,True,EPSG:32632,32632,303,313,GTiff,float32,,"[579360.0, 5158510.0, 600570.0, 5180420.0]",0.02773413062095642,0.026483912020921707,0.007823153398931026,0.43510642647743225,0.01521142479032278,0.019584428519010544,0.023576702922582626,0.029999999329447746,0.029999999329447746,34751,34751,34751,94839,100.0,100.0,70.0,-70.0,34751,True,
ndvi,data/NDVI/ECO_L2T_STARS.002_NDVI_20230402T134556_aid0001_32N.tif,ECO_L2T_STARS.002_NDVI_20230402T134556_aid0001_32N.tif,2023-04-02T13:45:56,2023-04-02,2023,4,2,13,45,56,2,15.0,midday_afternoon,20230402T134556,filename_YYYYMMDDTHHMMSS,True,EPSG:32632,32632,303,313,GTiff,float32,,"[579360.0, 5158510.0, 600570.0, 5180420.0]",0.148554727435112,0.11091700941324234,-0.5529872179031372,0.6571192145347595,0.14012013375759125,-0.04387570917606354,0.02012908272445202,0.30000001192092896,0.30000001192092896,34751,34751,34751,94839,100.0,100.0,70.0,-70.0,34751,True,
ndvi,data/NDVI/ECO_L2T_STARS.002_NDVI-UQ_20230403T125822_aid0001_32N.tif,ECO_L2T_STARS.002_NDVI-UQ_20230403T125822_aid0001_32N.tif,2023-04-03T12:58:22,2023-04-03,2023,4,3,12,58,22,2,14.0,midday_afternoon,20230403T125822,filename_YYYYMMDDTHHMMSS,True,EPSG:32632,32632,303,313,GTiff,float32,,"[579360.0, 5158510.0, 600570.0, 5180420.0]",0.023142477497458458,0.025456290692090988,0.0008784035453572869,0.4353327453136444,0.01812489703297615,0.0009960815077647567,0.01878540590405464,0.029999999329447746,0.029999999329447746,34751,34751,34751,94839,100.0,100.0,70.0,-70.0,34751,True,
ndvi,data/NDVI/ECO_L2T_STARS.002_NDVI_20230403T125822_aid0001_32N.tif,ECO_L2T_STARS.002_NDVI_20230403T125822_aid0001_32N.tif,2023-04-03T12:58:22,2023-04-03,2023,4,3,12,58,22,2,14.0,midday_afternoon,20230403T125822,filename_YYYYMMDDTHHMMSS,True,EPSG:32632,32632,303,313,GTiff,float32,,"[579360.0, 5158510.0, 600570.0, 5180420.0]",0.20166926085948944,0.16185861825942993,-0.554214596748352,0.9946581721305847,0.21874502301216125,-0.04686388373374939,0.017635654658079147,0.30000001192092896,0.6838188171386719,34751,34751,34751,94839,100.0,100.0,70.0,-70.0,34751,True,
ndvi,data/NDVI/ECO_L2T_STARS.002_NDVI-UQ_20230404T121017_aid0001_32N.tif,ECO_L2T_STARS.002_NDVI-UQ_20230404T121017_aid0001_32N.tif,2023-04-04T12:10:17,2023-04-04,2023,4,4,12,10,17,2,14.0,midday_afternoon,20230404T121017,filename_YYYYMMDDTHHMMSS,True,EPSG:32632,32632,303,313,GTiff,float32,,"[579360.0, 5158510.0, 600570.0, 5180420.0]",0.025433309376239777,0.026659278199076653,0.005097833462059498,0.5011661648750305,0.01994876191020012,0.010049480944871902,0.019930990412831306,0.029999999329447746,0.029999999329447746,34751,34751,34751,94839,100.0,100.0,70.0,-70.0,34751,True,
ndvi,data/NDVI/ECO_L2T_STARS.002_NDVI_20230404T121017_aid0001_32N.tif,ECO_L2T_STARS.002_NDVI_20230404T121017_aid0001_32N.tif,2023-04-04T12:10:17,2023-04-04,2023,4,4,12,10,17,2,14.0,midday_afternoon,20230404T121017,filename_YYYYMMDDTHHMMSS,True,EPSG:32632,32632,303,313,GTiff,float32,,"[579360.0, 5158510.0, 600570.0, 5180420.0]",0.20695091784000397,0.19888101518154144,-0.5636111497879028,0.999808669090271,0.21883291006088257,-0.049150675535202026,0.01944494992494583,0.30000001192092896,0.6861588358879089,34744,34744,34751,94839,99.97985669477137,99.97985669477137,70.0,-70.0,34751,True,
ndvi,data/NDVI/ECO_L2T_STARS.002_NDVI-UQ_20230405T161358_aid0001_32N.tif,ECO_L2T_STARS.002_NDVI-UQ_20230405T161358_aid0001_32N.tif,2023-04-05T16:13:58,2023-04-05,2023,4,5,16,13,58,2,18.0,evening,20230405T161358,filename_YYYYMMDDTHHMMSS,True,EPSG:32632,32632,303,313,GTiff,float32,,"[579360.0, 5158510.0, 600570.0, 5180420.0]",0.024877186864614487,0.026659278199076653,0.0070196460001170635,0.33048951625823975,0.013848310336470604,0.011085618287324905,0.019253581762313843,0.029999999329447746,0.029999999329447746,34751,34751,34751,94839,100.0,100.0,70.0,-70.0,34751,True,
ndvi,data/NDVI/ECO_L2T_STARS.002_NDVI_20230405T161358_aid0001_32N.tif,ECO_L2T_STARS.002_NDVI_20230405T161358_aid0001_32N.tif,2023-04-05T16:13:58,2023-04-05,2023,4,5,16,13,58,2,18.0,evening,20230405T161358,filename_YYYYMMDDTHHMMSS,True,EPSG:32632,32632,303,313,GTiff,float32,,"[579360.0, 5158510.0, 600570.0, 5180420.0]",0.2080337554216385,0.23203915357589722,-0.5635712742805481,0.9944742321968079,0.21212144196033478,-0.04692332074046135,0.018625399097800255,0.30000001192092896,0.6575624942779541,34728,34728,34751,94839,99.93381485424881,99.93381485424881,70.0,-70.0,34751,True,
ndvi,data/NDVI/ECO_L2T_STARS.002_NDVI-UQ_20230406T121058_aid0001_32N.tif,ECO_L2T_STARS.002_NDVI-UQ_20230406T121058_aid0001_32N.tif,2023-04-06T12:10:58,2023-04-06,2023,4,6,12,10,58,2,14.0,midday_afternoon,20230406T121058,filename_YYYYMMDDTHHMMSS,True,EPSG:32632,32632,303,313,GTiff,float32,,"[579360.0, 5158510.0, 600570.0, 5180420.0]",0.01356490608304739,0.013369509018957615,0.0008871195022948086,0.23799122869968414,0.014151055365800858,0.0008983988664112985,0.0009960818570107222,0.025539739057421684,0.029999999329447746,34751,34751,34751,94839,100.0,100.0,70.0,-70.0,34751,True,
ndvi,data/NDVI/ECO_L2T_STARS.002_NDVI_20230406T121058_aid0001_32N.tif,ECO_L2T_STARS.002_NDVI_20230406T121058_aid0001_32N.tif,2023-04-06T12:10:58,2023-04-06,2023,4,6,12,10,58,2,14.0,midday_afternoon,20230406T121058,filename_YYYYMMDDTHHMMSS,True,EPSG:32632,32632,303,313,GTiff,float32,,"[579360.0, 5158510.0, 600570.0, 5180420.0]",0.23978441953659058,0.1881236881017685,-0.35258013010025024,0.9993119835853577,0.2780604362487793,-0.05544058606028557,-0.013763058930635452,0.389457106590271,0.7720129489898682,34723,34723,34751,94839,99.9194267790855,99.9194267790855,70.0,-70.0,34751,True,
ndvi,data/NDVI/ECO_L2T_STARS.002_NDVI-UQ_20230407T112342_aid0001_32N.tif,ECO_L2T_STARS.002_NDVI-UQ_20230407T112342_aid0001_32N.tif,2023-04-07T11:23:42,2023-04-07,2023,4,7,11,23,42,2,13.0,midday_afternoon,20230407T112342,filename_YYYYMMDDTHHMMSS,True,EPSG:32632,32632,303,313,GTiff,float32,,"[579360.0, 5158510.0, 600570.0, 5180420.0]",0.017473354935646057,0.015694880858063698,0.0026164271403104067,0.23643048107624054,0.011835548095405102,0.006106855347752571,0.010040272027254105,0.026139631867408752,0.029999999329447746,34751,34751,34751,94839,100.0,100.0,70.0,-70.0,34751,True,
ndvi,data/NDVI/ECO_L2T_STARS.002_NDVI_20230407T112342_aid0001_32N.tif,ECO_L2T_STARS.002_NDVI_20230407T112342_aid0001_32N.tif,2023-04-07T11:23:42,2023-04-07,2023,4,7,11,23,42,2,13.0,midday_afternoon,20230407T112342,filename_YYYYMMDDTHHMMSS,True,EPSG:32632,32632,303,313,GTiff,float32,,"[579360.0, 5158510.0, 600570.0, 5180420.0]",0.2471849024295807,0.21655519306659698,-0.3511095941066742,0.998631477355957,0.27340683341026306,-0.052273426204919815,-0.00546224182471633,0.3929261267185211,0.7715650200843811,34709,34709,34751,94839,99.87914016862824,99.87914016862824,70.0,-70.0,34751,True,
ndvi,data/NDVI/ECO_L2T_STARS.002_NDVI-UQ_20230408T152616_aid0001_32N.tif,ECO_L2T_STARS.002_NDVI-UQ_20230408T152616_aid0001_32N.tif,2023-04-08T15:26:16,2023-04-08,2023,4,8,15,26,16,2,17.0,evening,20230408T152616,filename_YYYYMMDDTHHMMSS,True,EPSG:32632,32632,303,313,GTiff,float32,,"[579360.0, 5158510.0, 600570.0, 5180420.0]",0.019780954346060753,0.01758844219148159,0.003357428591698408,0.23236066102981567,0.011065253056585789,0.008788306266069412,0.014170638285577297,0.02686418406665325,0.029999999329447746,34751,34751,34751,94839,100.0,100.0,70.0,-70.0,34751,True,
ndvi,data/NDVI/ECO_L2T_STARS.002_NDVI_20230408T152616_aid0001_32N.tif,ECO_L2T_STARS.002_NDVI_20230408T152616_aid0001_32N.tif,2023-04-08T15:26:16,2023-04-08,2023,4,8,15,26,16,2,17.0,evening,20230408T152616,filename_YYYYMMDDTHHMMSS,True,EPSG:32632,32632,303,313,GTiff,float32,,"[579360.0, 5158510.0, 600570.0, 5180420.0]",0.25343888998031616,0.23740097880363464,-0.3512003719806671,0.997338056564331,0.2707351744174957,-0.051538072526454926,0.0027493454981595278,0.3932897746562958,0.7720362544059753,34709,34709,34751,94839,99.87914016862824,99.87914016862824,70.0,-70.0,34751,True,
ndvi,data/NDVI/ECO_L2T_STARS.002_NDVI-UQ_20230409T143814_aid0001_32N.tif,ECO_L2T_STARS.002_NDVI-UQ_20230409T143814_aid0001_32N.tif,2023-04-09T14:38:14,2023-04-09,2023,4,9,14,38,14,2,16.0,evening,20230409T143814,filename_YYYYMMDDTHHMMSS,True,EPSG:32632,32632,303,313,GTiff,float32,,"[579360.0, 5158510.0, 600570.0, 5180420.0]",0.021398251876235008,0.018613742664456367,0.003980963956564665,0.30350109934806824,0.013675253838300705,0.010693645104765892,0.015545560047030449,0.02729741483926773,0.029999999329447746,34751,34751,34751,94839,100.0,100.0,70.0,-70.0,34751,True,
ndvi,data/NDVI/ECO_L2T_STARS.002_NDVI_20230409T143814_aid0001_32N.tif,ECO_L2T_STARS.002_NDVI_20230409T143814_aid0001_32N.tif,2023-04-09T14:38:14,2023-04-09,2023,4,9,14,38,14,2,16.0,evening,20230409T143814,filename_YYYYMMDDTHHMMSS,True,EPSG:32632,32632,303,313,GTiff,float32,,"[579360.0, 5158510.0, 600570.0, 5180420.0]",0.25839588046073914,0.24333325028419495,-0.3682856857776642,0.9997864961624146,0.27720922231674194,-0.05067087709903717,0.007091071456670761,0.3890666365623474,0.8050928115844727,34560,34560,34751,94839,99.45037552876175,99.45037552876175,70.0,-70.0,34751,True,
ndvi,data/NDVI/ECO_L2T_STARS.002_NDVI-UQ_20230409T143906_aid0001_32N.tif,ECO_L2T_STARS.002_NDVI-UQ_20230409T143906_aid0001_32N.tif,2023-04-09T14:39:06,2023-04-09,2023,4,9,14,39,6,2,16.0,evening,20230409T143906,filename_YYYYMMDDTHHMMSS,True,EPSG:32632,32632,8,313,GTiff,float32,,"[600000.0, 5158510.0, 600560.0, 5180420.0]",0.02840386889874935,0.029999999329447746,0.017440887168049812,0.040646959096193314,0.004378397483378649,0.019542474299669266,0.027536945417523384,0.029999999329447746,0.0346369743347168,94,94,94,2504,100.0,100.0,70.0,-70.0,94,True,
ndvi,data/NDVI/ECO_L2T_STARS.002_NDVI_20230409T143906_aid0001_32N.tif,ECO_L2T_STARS.002_NDVI_20230409T143906_aid0001_32N.tif,2023-04-09T14:39:06,2023-04-09,2023,4,9,14,39,6,2,16.0,evening,20230409T143906,filename_YYYYMMDDTHHMMSS,True,EPSG:32632,32632,8,313,GTiff,float32,,"[600000.0, 5158510.0, 600560.0, 5180420.0]",0.16172337532043457,0.22906634211540222,-0.0407293438911438,0.30000001192092896,0.14232739806175232,-0.030468953773379326,0.013916442170739174,0.30000001192092896,0.30000001192092896,94,94,94,2504,100.0,100.0,70.0,-70.0,94,True,
ndvi,data/NDVI/ECO_L2T_STARS.002_NDVI-UQ_20230411T094752_aid0001_32N.tif,ECO_L2T_STARS.002_NDVI-UQ_20230411T094752_aid0001_32N.tif,2023-04-11T09:47:52,2023-04-11,2023,4,11,9,47,52,2,11.0,midday_afternoon,20230411T094752,filename_YYYYMMDDTHHMMSS,True,EPSG:32632,32632,303,313,GTiff,float32,,"[579360.0, 5158510.0, 600570.0, 5180420.0]",0.027420319616794586,0.022382840514183044,0.003302081022411585,0.4626457691192627,0.028161821886897087,0.012568438425660133,0.017950333654880524,0.02958376519382,0.03781929239630699,34751,34751,34751,94839,100.0,100.0,70.0,-70.0,34751,True,
ndvi,data/NDVI/ECO_L2T_STARS.002_NDVI_20230411T094752_aid0001_32N.tif,ECO_L2T_STARS.002_NDVI_20230411T094752_aid0001_32N.tif,2023-04-11T09:47:52,2023-04-11,2023,4,11,9,47,52,2,11.0,midday_afternoon,20230411T094752,filename_YYYYMMDDTHHMMSS,True,EPSG:32632,32632,303,313,GTiff,float32,,"[579360.0, 5158510.0, 600570.0, 5180420.0]",0.2503601014614105,0.22180934250354767,-0.9933866262435913,0.9998388290405273,0.271572083234787,-0.050584577023983,0.012770747765898705,0.3591586649417877,0.7940948605537415,34453,34453,34751,94839,99.14247072026704,99.14247072026704,70.0,-70.0,34751,True,
ndvi,data/NDVI/ECO_L2T_STARS.002_NDVI-UQ_20230412T135038_aid0001_32N.tif,ECO_L2T_STARS.002_NDVI-UQ_20230412T135038_aid0001_32N.tif,2023-04-12T13:50:38,2023-04-12,2023,4,12,13,50,38,2,15.0,midday_afternoon,20230412T135038,filename_YYYYMMDDTHHMMSS,True,EPSG:32632,32632,303,313,GTiff,float32,,"[579360.0, 5158510.0, 600570.0, 5180420.0]",0.02928626537322998,0.024515124037861824,0.001340402290225029,0.49742749333381653,0.031303975731134415,0.012534450739622116,0.019020145758986473,0.02993432618677616,0.053899675607681274,34751,34751,34751,94839,100.0,100.0,70.0,-70.0,34751,True,
ndvi,data/NDVI/ECO_L2T_STARS.002_NDVI_20230412T135038_aid0001_32N.tif,ECO_L2T_STARS.002_NDVI_20230412T135038_aid0001_32N.tif,2023-04-12T13:50:38,2023-04-12,2023,4,12,13,50,38,2,15.0,midday_afternoon,20230412T135038,filename_YYYYMMDDTHHMMSS,True,EPSG:32632,32632,303,313,GTiff,float32,,"[579360.0, 5158510.0, 600570.0, 5180420.0]",0.2516891360282898,0.22536835074424744,-0.9619543552398682,0.9996777176856995,0.2682875394821167,-0.05004258081316948,0.019198136404156685,0.3533886671066284,0.7908754944801331,34377,34377,34751,94839,98.92377197778481,98.92377197778481,70.0,-70.0,34751,True,
ndvi,data/NDVI/ECO_L2T_STARS.002_NDVI-UQ_20230412T135130_aid0001_32N.tif,ECO_L2T_STARS.002_NDVI-UQ_20230412T135130_aid0001_32N.tif,2023-04-12T13:51:30,2023-04-12,2023,4,12,13,51,30,2,15.0,midday_afternoon,20230412T135130,filename_YYYYMMDDTHHMMSS,True,EPSG:32632,32632,8,313,GTiff,float32,,"[600000.0, 5158510.0, 600560.0, 5180420.0]",0.026915088295936584,0.029999999329447746,0.01754092052578926,0.029999999329447746,0.004301595967262983,0.01841392181813717,0.023360129445791245,0.029999999329447746,0.029999999329447746,94,94,94,2504,100.0,100.0,70.0,-70.0,94,True,
ndvi,data/NDVI/ECO_L2T_STARS.002_NDVI_20230412T135130_aid0001_32N.tif,ECO_L2T_STARS.002_NDVI_20230412T135130_aid0001_32N.tif,2023-04-12T13:51:30,2023-04-12,2023,4,12,13,51,30,2,15.0,midday_afternoon,20230412T135130,filename_YYYYMMDDTHHMMSS,True,EPSG:32632,32632,8,313,GTiff,float32,,"[600000.0, 5158510.0, 600560.0, 5180420.0]",0.19020520150661469,0.30000001192092896,-0.3074205815792084,0.30000001192092896,0.16535313427448273,-0.26265212893486023,0.08658944070339203,0.30000001192092896,0.30000001192092896,94,94,94,2504,100.0,100.0,70.0,-70.0,94,True,
ndvi,data/NDVI/ECO_L2T_STARS.002_NDVI-UQ_20230413T130243_aid0001_32N.tif,ECO_L2T_STARS.002_NDVI-UQ_20230413T130243_aid0001_32N.tif,2023-04-13T13:02:43,2023-04-13,2023,4,13,13,2,43,2,15.0,midday_afternoon,20230413T130243,filename_YYYYMMDDTHHMMSS,True,EPSG:32632,32632,303,313,GTiff,float32,,"[579360.0, 5158510.0, 600570.0, 5180420.0]",0.03174325451254845,0.026476236060261726,0.0009973036358132958,0.5358278751373291,0.03562295436859131,0.011225770227611065,0.019714053720235825,0.029999999329447746,0.07589873671531677,34751,34751,34751,94839,100.0,100.0,70.0,-70.0,34751,True,
ndvi,data/NDVI/ECO_L2T_STARS.002_NDVI_20230413T130243_aid0001_32N.tif,ECO_L2T_STARS.002_NDVI_20230413T130243_aid0001_32N.tif,2023-04-13T13:02:43,2023-04-13,2023,4,13,13,2,43,2,15.0,midday_afternoon,20230413T130243,filename_YYYYMMDDTHHMMSS,True,EPSG:32632,32632,303,313,GTiff,float32,,"[579360.0, 5158510.0, 600570.0, 5180420.0]",0.2524951994419098,0.23493242263793945,-0.9104850888252258,0.9997867345809937,0.26485633850097656,-0.05081179738044739,0.023890363052487373,0.3450161814689636,0.7873560786247253,34338,34338,34751,94839,98.81154499151104,98.81154499151104,70.0,-70.0,34751,True,
ndvi,data/NDVI/ECO_L2T_STARS.002_NDVI-UQ_20230414T090004_aid0001_32N.tif,ECO_L2T_STARS.002_NDVI-UQ_20230414T090004_aid0001_32N.tif,2023-04-14T09:00:04,2023-04-14,2023,4,14,9,0,4,2,11.0,midday_afternoon,20230414T090004,filename_YYYYMMDDTHHMMSS,True,EPSG:32632,32632,303,313,GTiff,float32,,"[579360.0, 5158510.0, 600570.0, 5180420.0]",0.03470124304294586,0.029999999329447746,0.00999624002724886,0.5373280644416809,0.04042602702975273,0.014005051925778389,0.02294941619038582,0.029999999329447746,0.07768388837575912,34751,34751,34751,94839,100.0,100.0,70.0,-70.0,34751,True,
ndvi,data/NDVI/ECO_L2T_STARS.002_NDVI_20230414T090004_aid0001_32N.tif,ECO_L2T_STARS.002_NDVI_20230414T090004_aid0001_32N.tif,2023-04-14T09:00:04,2023-04-14,2023,4,14,9,0,4,2,11.0,midday_afternoon,20230414T090004,filename_YYYYMMDDTHHMMSS,True,EPSG:32632,32632,303,313,GTiff,float32,,"[579360.0, 5158510.0, 600570.0, 5180420.0]",0.23768597841262817,0.30000001192092896,-0.06887204945087433,0.9997650980949402,0.16805337369441986,-0.0164331067353487,0.09825615584850311,0.30000001192092896,0.5214739441871643,34678,34678,34751,94839,99.78993410261575,99.78993410261575,70.0,-70.0,34751,True,
ndvi,data/NDVI/ECO_L2T_STARS.002_NDVI-UQ_20230414T090056_aid0001_32N.tif,ECO_L2T_STARS.002_NDVI-UQ_20230414T090056_aid0001_32N.tif,2023-04-14T09:00:56,2023-04-14,2023,4,14,9,0,56,2,11.0,midday_afternoon,20230414T090056,filename_YYYYMMDDTHHMMSS,True,EPSG:32632,32632,8,313,GTiff,float32,,"[600000.0, 5158510.0, 600560.0, 5180420.0]",0.027266208082437515,0.029999999329447746,0.017943784594535828,0.029999999329447746,0.003897835500538349,0.01925252005457878,0.024291478097438812,0.029999999329447746,0.029999999329447746,94,94,94,2504,100.0,100.0,70.0,-70.0,94,True,
ndvi,data/NDVI/ECO_L2T_STARS.002_NDVI_20230414T090056_aid0001_32N.tif,ECO_L2T_STARS.002_NDVI_20230414T090056_aid0001_32N.tif,2023-04-14T09:00:56,2023-04-14,2023,4,14,9,0,56,2,11.0,midday_afternoon,20230414T090056,filename_YYYYMMDDTHHMMSS,True,EPSG:32632,32632,8,313,GTiff,float32,,"[600000.0, 5158510.0, 600560.0, 5180420.0]",0.19734561443328857,0.30000001192092896,-0.059328336268663406,0.30000001192092896,0.13434062898159027,-0.03167347609996796,0.04246266186237335,0.30000001192092896,0.30000001192092896,94,94,94,2504,100.0,100.0,70.0,-70.0,94,True,
ndvi,data/NDVI/ECO_L2T_STARS.002_NDVI-UQ_20230415T081131_aid0001_32N.tif,ECO_L2T_STARS.002_NDVI-UQ_20230415T081131_aid0001_32N.tif,2023-04-15T08:11:31,2023-04-15,2023,4,15,8,11,31,2,10.0,morning,20230415T081131,filename_YYYYMMDDTHHMMSS,True,EPSG:32632,32632,303,313,GTiff,float32,,"[579360.0, 5158510.0, 600570.0, 5180420.0]",0.031076528131961823,0.029999999329447746,0.01036125235259533,0.5371106266975403,0.030470233410596848,0.019417209550738335,0.02376801334321499,0.029999999329447746,0.029999999329447746,34751,34751,34751,94839,100.0,100.0,70.0,-70.0,34751,True,
ndvi,data/NDVI/ECO_L2T_STARS.002_NDVI_20230415T081131_aid0001_32N.tif,ECO_L2T_STARS.002_NDVI_20230415T081131_aid0001_32N.tif,2023-04-15T08:11:31,2023-04-15,2023,4,15,8,11,31,2,10.0,morning,20230415T081131,filename_YYYYMMDDTHHMMSS,True,EPSG:32632,32632,303,313,GTiff,float32,,"[579360.0, 5158510.0, 600570.0, 5180420.0]",0.24014197289943695,0.30000001192092896,-0.0689561516046524,0.9997308254241943,0.16700144112110138,-0.01446673832833767,0.09715373069047928,0.30000001192092896,0.5048316121101379,34751,34751,34751,94839,100.0,100.0,70.0,-70.0,34751,True,
ndvi,data/NDVI/ECO_L2T_STARS.002_NDVI-UQ_20230415T081223_aid0001_32N.tif,ECO_L2T_STARS.002_NDVI-UQ_20230415T081223_aid0001_32N.tif,2023-04-15T08:12:23,2023-04-15,2023,4,15,8,12,23,2,10.0,morning,20230415T081223,filename_YYYYMMDDTHHMMSS,True,EPSG:32632,32632,8,313,GTiff,float32,,"[600000.0, 5158510.0, 600560.0, 5180420.0]",0.027864692732691765,0.029999999329447746,0.020214011892676353,0.030537698417901993,0.0031250359024852514,0.021361034363508224,0.02529299072921276,0.029999999329447746,0.029999999329447746,94,94,94,2504,100.0,100.0,70.0,-70.0,94,True,
ndvi,data/NDVI/ECO_L2T_STARS.002_NDVI_20230415T081223_aid0001_32N.tif,ECO_L2T_STARS.002_NDVI_20230415T081223_aid0001_32N.tif,2023-04-15T08:12:23,2023-04-15,2023,4,15,8,12,23,2,10.0,morning,20230415T081223,filename_YYYYMMDDTHHMMSS,True,EPSG:32632,32632,8,313,GTiff,float32,,"[600000.0, 5158510.0, 600560.0, 5180420.0]",0.19550198316574097,0.30000001192092896,-0.059339944273233414,0.30000001192092896,0.13558273017406464,-0.03180775046348572,0.043997954577207565,0.30000001192092896,0.30000001192092896,94,94,94,2504,100.0,100.0,70.0,-70.0,94,True,
ndvi,data/NDVI/ECO_L2T_STARS.002_NDVI-UQ_20230416T072422_aid0001_32N.tif,ECO_L2T_STARS.002_NDVI-UQ_20230416T072422_aid0001_32N.tif,2023-04-16T07:24:22,2023-04-16,2023,4,16,7,24,22,2,9.0,morning,20230416T072422,filename_YYYYMMDDTHHMMSS,True,EPSG:32632,32632,303,313,GTiff,float32,,"[579360.0, 5158510.0, 600570.0, 5180420.0]",0.028115401044487953,0.029999999329447746,0.0009960796451196074,0.2651357650756836,0.013387461192905903,0.018236126750707626,0.02419355697929859,0.029999999329447746,0.029999999329447746,34751,34751,34751,94839,100.0,100.0,70.0,-70.0,34751,True,
ndvi,data/NDVI/ECO_L2T_STARS.002_NDVI_20230416T072422_aid0001_32N.tif,ECO_L2T_STARS.002_NDVI_20230416T072422_aid0001_32N.tif,2023-04-16T07:24:22,2023-04-16,2023,4,16,7,24,22,2,9.0,morning,20230416T072422,filename_YYYYMMDDTHHMMSS,True,EPSG:32632,32632,303,313,GTiff,float32,,"[579360.0, 5158510.0, 600570.0, 5180420.0]",0.23774214088916779,0.30000001192092896,-0.06893537938594818,0.9996306300163269,0.16756698489189148,-0.014375600032508373,0.09168606996536255,0.30000001192092896,0.4975695312023163,34742,34742,34751,94839,99.97410146470605,99.97410146470605,70.0,-70.0,34751,True,
ndvi,data/NDVI/ECO_L2T_STARS.002_NDVI-UQ_20230418T072400_aid0001_32N.tif,ECO_L2T_STARS.002_NDVI-UQ_20230418T072400_aid0001_32N.tif,2023-04-18T07:24:00,2023-04-18,2023,4,18,7,24,0,2,9.0,morning,20230418T072400,filename_YYYYMMDDTHHMMSS,True,EPSG:32632,32632,303,313,GTiff,float32,,"[579360.0, 5158510.0, 600570.0, 5180420.0]",0.0218184981495142,0.026035359129309654,0.0008784253732301295,0.26561692357063293,0.015761323273181915,0.0009960811585187912,0.013508794829249382,0.029999999329447746,0.029999999329447746,34751,34751,34751,94839,100.0,100.0,70.0,-70.0,34751,True,
ndvi,data/NDVI/ECO_L2T_STARS.002_NDVI_20230418T072400_aid0001_32N.tif,ECO_L2T_STARS.002_NDVI_20230418T072400_aid0001_32N.tif,2023-04-18T07:24:00,2023-04-18,2023,4,18,7,24,0,2,9.0,morning,20230418T072400,filename_YYYYMMDDTHHMMSS,True,EPSG:32632,32632,303,313,GTiff,float32,,"[579360.0, 5158510.0, 600570.0, 5180420.0]",0.1976037621498108,0.24367520213127136,-0.10963349789381027,0.9938321113586426,0.1941063106060028,-0.05507044121623039,0.018546365201473236,0.30000001192092896,0.5721756815910339,34747,34747,34751,94839,99.98848953986935,99.98848953986935,70.0,-70.0,34751,True,
ndvi,data/NDVI/ECO_L2T_STARS.002_NDVI-UQ_20230419T063527_aid0001_32N.tif,ECO_L2T_STARS.002_NDVI-UQ_20230419T063527_aid0001_32N.tif,2023-04-19T06:35:27,2023-04-19,2023,4,19,6,35,27,2,8.0,morning,20230419T063527,filename_YYYYMMDDTHHMMSS,True,EPSG:32632,32632,303,313,GTiff,float32,,"[579360.0, 5158510.0, 600570.0, 5180420.0]",0.023925304412841797,0.02709868922829628,0.00512214470654726,0.2658841609954834,0.01363157108426094,0.010049480944871902,0.01630895584821701,0.029999999329447746,0.029999999329447746,34751,34751,34751,94839,100.0,100.0,70.0,-70.0,34751,True,
ndvi,data/NDVI/ECO_L2T_STARS.002_NDVI_20230419T063527_aid0001_32N.tif,ECO_L2T_STARS.002_NDVI_20230419T063527_aid0001_32N.tif,2023-04-19T06:35:27,2023-04-19,2023,4,19,6,35,27,2,8.0,morning,20230419T063527,filename_YYYYMMDDTHHMMSS,True,EPSG:32632,32632,303,313,GTiff,float32,,"[579360.0, 5158510.0, 600570.0, 5180420.0]",0.19719181954860687,0.24415323138237,-0.10962536931037903,0.9937778115272522,0.1928841918706894,-0.05506879463791847,0.018792059272527695,0.30000001192092896,0.5683966875076294,34747,34747,34751,94839,99.98848953986935,99.98848953986935,70.0,-70.0,34751,True,
ndvi,data/NDVI/ECO_L2T_STARS.002_NDVI-UQ_20230419T063619_aid0001_32N.tif,ECO_L2T_STARS.002_NDVI-UQ_20230419T063619_aid0001_32N.tif,2023-04-19T06:36:19,2023-04-19,2023,4,19,6,36,19,2,8.0,morning,20230419T063619,filename_YYYYMMDDTHHMMSS,True,EPSG:32632,32632,8,313,GTiff,float32,,"[600000.0, 5158510.0, 600560.0, 5180420.0]",0.014256845228374004,0.010049527511000633,0.006697401870042086,0.025525810196995735,0.0054928818717598915,0.010049481876194477,0.010049482807517052,0.01937013864517212,0.02454143948853016,94,94,94,2504,100.0,100.0,70.0,-70.0,94,True,
ndvi,data/NDVI/ECO_L2T_STARS.002_NDVI_20230419T063619_aid0001_32N.tif,ECO_L2T_STARS.002_NDVI_20230419T063619_aid0001_32N.tif,2023-04-19T06:36:19,2023-04-19,2023,4,19,6,36,19,2,8.0,morning,20230419T063619,filename_YYYYMMDDTHHMMSS,True,EPSG:32632,32632,8,313,GTiff,float32,,"[600000.0, 5158510.0, 600560.0, 5180420.0]",-0.02378382906317711,-0.042333152145147324,-0.1181717962026596,0.3531566262245178,0.07524007558822632,-0.10345673561096191,-0.055174343287944794,-0.03386346250772476,0.1328566074371338,94,94,94,2504,100.0,100.0,70.0,-70.0,94,True,
ndvi,data/NDVI/ECO_L2T_STARS.002_NDVI-UQ_20230420T054705_aid0001_32N.tif,ECO_L2T_STARS.002_NDVI-UQ_20230420T054705_aid0001_32N.tif,2023-04-20T05:47:05,2023-04-20,2023,4,20,5,47,5,2,7.0,morning,20230420T054705,filename_YYYYMMDDTHHMMSS,True,EPSG:32632,32632,303,313,GTiff,float32,,"[579360.0, 5158510.0, 600570.0, 5180420.0]",0.02482852339744568,0.027414700016379356,0.010020585730671883,0.15486711263656616,0.008385098539292812,0.014177163131535053,0.019696855917572975,0.029999999329447746,0.029999999329447746,34751,34751,34751,94839,100.0,100.0,70.0,-70.0,34751,True,
ndvi,data/NDVI/ECO_L2T_STARS.002_NDVI_20230420T054705_aid0001_32N.tif,ECO_L2T_STARS.002_NDVI_20230420T054705_aid0001_32N.tif,2023-04-20T05:47:05,2023-04-20,2023,4,20,5,47,5,2,7.0,morning,20230420T054705,filename_YYYYMMDDTHHMMSS,True,EPSG:32632,32632,303,313,GTiff,float32,,"[579360.0, 5158510.0, 600570.0, 5180420.0]",0.19194412231445312,0.22331173717975616,-0.10961621254682541,0.9937149882316589,0.19453895092010498,-0.055087197571992874,0.01226329617202282,0.30000001192092896,0.5677116513252258,34747,34747,34751,94839,99.98848953986935,99.98848953986935,70.0,-70.0,34751,True,
ndvi,data/NDVI/ECO_L2T_STARS.002_NDVI-UQ_20230421T095013_aid0001_32N.tif,ECO_L2T_STARS.002_NDVI-UQ_20230421T095013_aid0001_32N.tif,2023-04-21T09:50:13,2023-04-21,2023,4,21,9,50,13,2,11.0,midday_afternoon,20230421T095013,filename_YYYYMMDDTHHMMSS,True,EPSG:32632,32632,303,313,GTiff,float32,,"[579360.0, 5158510.0, 600570.0, 5180420.0]",0.025473996996879578,0.027634724974632263,0.0009980611503124237,0.029999999329447746,0.005018929950892925,0.017349116504192352,0.021446187049150467,0.029999999329447746,0.029999999329447746,34751,34751,34751,94839,100.0,100.0,70.0,-70.0,34751,True,
ndvi,data/NDVI/ECO_L2T_STARS.002_NDVI_20230421T095013_aid0001_32N.tif,ECO_L2T_STARS.002_NDVI_20230421T095013_aid0001_32N.tif,2023-04-21T09:50:13,2023-04-21,2023,4,21,9,50,13,2,11.0,midday_afternoon,20230421T095013,filename_YYYYMMDDTHHMMSS,True,EPSG:32632,32632,303,313,GTiff,float32,,"[579360.0, 5158510.0, 600570.0, 5180420.0]",0.20903097093105316,0.30000001192092896,-0.12625941634178162,0.9935932755470276,0.1839045137166977,-0.054751429706811905,0.03491054102778435,0.30000001192092896,0.5258734226226807,34747,34747,34751,94839,99.98848953986935,99.98848953986935,70.0,-70.0,34751,True,
ndvi,data/NDVI/ECO_L2T_STARS.002_NDVI-UQ_20230422T054638_aid0001_32N.tif,ECO_L2T_STARS.002_NDVI-UQ_20230422T054638_aid0001_32N.tif,2023-04-22T05:46:38,2023-04-22,2023,4,22,5,46,38,2,7.0,morning,20230422T054638,filename_YYYYMMDDTHHMMSS,True,EPSG:32632,32632,303,313,GTiff,float32,,"[579360.0, 5158510.0, 600570.0, 5180420.0]",0.026435252279043198,0.028234610334038734,0.010049674659967422,0.029999999329447746,0.0039969622157514095,0.020024776458740234,0.023343805223703384,0.029999999329447746,0.029999999329447746,34751,34751,34751,94839,100.0,100.0,70.0,-70.0,34751,True,
ndvi,data/NDVI/ECO_L2T_STARS.002_NDVI_20230422T054638_aid0001_32N.tif,ECO_L2T_STARS.002_NDVI_20230422T054638_aid0001_32N.tif,2023-04-22T05:46:38,2023-04-22,2023,4,22,5,46,38,2,7.0,morning,20230422T054638,filename_YYYYMMDDTHHMMSS,True,EPSG:32632,32632,303,313,GTiff,float32,,"[579360.0, 5158510.0, 600570.0, 5180420.0]",0.21293404698371887,0.30000001192092896,-0.13102886080741882,0.993492066860199,0.1792910248041153,-0.054350078105926514,0.04217362031340599,0.30000001192092896,0.5103161334991455,34747,34747,34751,94839,99.98848953986935,99.98848953986935,70.0,-70.0,34751,True,
ndvi,data/NDVI/ECO_L2T_STARS.002_NDVI-UQ_20230422T054730_aid0001_32N.tif,ECO_L2T_STARS.002_NDVI-UQ_20230422T054730_aid0001_32N.tif,2023-04-22T05:47:30,2023-04-22,2023,4,22,5,47,30,2,7.0,morning,20230422T054730,filename_YYYYMMDDTHHMMSS,True,EPSG:32632,32632,8,313,GTiff,float32,,"[600000.0, 5158510.0, 600560.0, 5180420.0]",0.02224866673350334,0.020024796947836876,0.017321594059467316,0.028226755559444427,0.0028623926918953657,0.020024776458740234,0.020024776458740234,0.024357585236430168,0.027699274942278862,94,94,94,2504,100.0,100.0,70.0,-70.0,94,True,
ndvi,data/NDVI/ECO_L2T_STARS.002_NDVI_20230422T054730_aid0001_32N.tif,ECO_L2T_STARS.002_NDVI_20230422T054730_aid0001_32N.tif,2023-04-22T05:47:30,2023-04-22,2023,4,22,5,47,30,2,7.0,morning,20230422T054730,filename_YYYYMMDDTHHMMSS,True,EPSG:32632,32632,8,313,GTiff,float32,,"[600000.0, 5158510.0, 600560.0, 5180420.0]",-0.00853104516863823,-0.037388645112514496,-0.1824142187833786,0.35100388526916504,0.07897023111581802,-0.10125294327735901,-0.04738994315266609,0.032165415585041046,0.11743264645338058,94,94,94,2504,100.0,100.0,70.0,-70.0,94,True,
ndvi,data/NDVI/ECO_L2T_STARS.002_NDVI-UQ_20230423T045856_aid0001_32N.tif,ECO_L2T_STARS.002_NDVI-UQ_20230423T045856_aid0001_32N.tif,2023-04-23T04:58:56,2023-04-23,2023,4,23,4,58,56,2,6.0,morning,20230423T045856,filename_YYYYMMDDTHHMMSS,True,EPSG:32632,32632,303,313,GTiff,float32,,"[579360.0, 5158510.0, 600570.0, 5180420.0]",0.027108607813715935,0.028661880642175674,0.0009228139533661306,0.029999999329447746,0.0036284250672906637,0.022382838651537895,0.02481381967663765,0.029999999329447746,0.029999999329447746,34751,34751,34751,94839,100.0,100.0,70.0,-70.0,34751,True,
ndvi,data/NDVI/ECO_L2T_STARS.002_NDVI_20230423T045856_aid0001_32N.tif,ECO_L2T_STARS.002_NDVI_20230423T045856_aid0001_32N.tif,2023-04-23T04:58:56,2023-04-23,2023,4,23,4,58,56,2,6.0,morning,20230423T045856,filename_YYYYMMDDTHHMMSS,True,EPSG:32632,32632,303,313,GTiff,float32,,"[579360.0, 5158510.0, 600570.0, 5180420.0]",0.21286220848560333,0.30000001192092896,-0.18130749464035034,0.993358314037323,0.17672906816005707,-0.055073611438274384,0.04764990508556366,0.30000001192092896,0.49237024784088135,34747,34747,34751,94839,99.98848953986935,99.98848953986935,70.0,-70.0,34751,True,
ndvi,data/NDVI/ECO_L2T_STARS.002_NDVI-UQ_20230424T090130_aid0001_32N.tif,ECO_L2T_STARS.002_NDVI-UQ_20230424T090130_aid0001_32N.tif,2023-04-24T09:01:30,2023-04-24,2023,4,24,9,1,30,2,11.0,midday_afternoon,20230424T090130,filename_YYYYMMDDTHHMMSS,True,EPSG:32632,32632,303,313,GTiff,float32,,"[579360.0, 5158510.0, 600570.0, 5180420.0]",0.027929555624723434,0.029314465820789337,0.01004248857498169,0.029999999329447746,0.0026398785412311554,0.024515124037861824,0.026193860918283463,0.029999999329447746,0.029999999329447746,34751,34751,34751,94839,100.0,100.0,70.0,-70.0,34751,True,
ndvi,data/NDVI/ECO_L2T_STARS.002_NDVI_20230424T090130_aid0001_32N.tif,ECO_L2T_STARS.002_NDVI_20230424T090130_aid0001_32N.tif,2023-04-24T09:01:30,2023-04-24,2023,4,24,9,1,30,2,11.0,midday_afternoon,20230424T090130,filename_YYYYMMDDTHHMMSS,True,EPSG:32632,32632,303,313,GTiff,float32,,"[579360.0, 5158510.0, 600570.0, 5180420.0]",0.21582002937793732,0.30000001192092896,-0.18121270835399628,0.9987320899963379,0.1760741025209427,-0.0549350380897522,0.05246724933385849,0.30000001192092896,0.4943576455116272,34748,34748,34751,94839,99.99136715490202,99.99136715490202,70.0,-70.0,34751,True,
ndvi,data/NDVI/ECO_L2T_STARS.002_NDVI-UQ_20230425T081223_aid0001_32N.tif,ECO_L2T_STARS.002_NDVI-UQ_20230425T081223_aid0001_32N.tif,2023-04-25T08:12:23,2023-04-25,2023,4,25,8,12,23,2,10.0,morning,20230425T081223,filename_YYYYMMDDTHHMMSS,True,EPSG:32632,32632,303,313,GTiff,float32,,"[579360.0, 5158510.0, 600570.0, 5180420.0]",0.028644556179642677,0.029704000800848007,0.014172211289405823,0.029999999329447746,0.0018713485915213823,0.026476234197616577,0.02741418033838272,0.029999999329447746,0.029999999329447746,34751,34751,34751,94839,100.0,100.0,70.0,-70.0,34751,True,
ndvi,data/NDVI/ECO_L2T_STARS.002_NDVI_20230425T081223_aid0001_32N.tif,ECO_L2T_STARS.002_NDVI_20230425T081223_aid0001_32N.tif,2023-04-25T08:12:23,2023-04-25,2023,4,25,8,12,23,2,10.0,morning,20230425T081223,filename_YYYYMMDDTHHMMSS,True,EPSG:32632,32632,303,313,GTiff,float32,,"[579360.0, 5158510.0, 600570.0, 5180420.0]",0.21615339815616608,0.30000001192092896,-0.18106196820735931,0.9973688125610352,0.17521606385707855,-0.05490417778491974,0.05529507249593735,0.30000001192092896,0.4903382658958435,34751,34751,34751,94839,100.0,100.0,70.0,-70.0,34751,True,
ndvi,data/NDVI/ECO_L2T_STARS.002_NDVI-UQ_20230427T081145_aid0001_32N.tif,ECO_L2T_STARS.002_NDVI-UQ_20230427T081145_aid0001_32N.tif,2023-04-27T08:11:45,2023-04-27,2023,4,27,8,11,45,2,10.0,morning,20230427T081145,filename_YYYYMMDDTHHMMSS,True,EPSG:32632,32632,303,313,GTiff,float32,,"[579360.0, 5158510.0, 600570.0, 5180420.0]",0.017080077901482582,0.010049483738839626,0.010040272027254105,0.029999999329447746,0.008608070202171803,0.010049480944871902,0.010049481876194477,0.02770465612411499,0.029999999329447746,34751,34751,34751,94839,100.0,100.0,70.0,-70.0,34751,True,
ndvi,data/NDVI/ECO_L2T_STARS.002_NDVI_20230427T081145_aid0001_32N.tif,ECO_L2T_STARS.002_NDVI_20230427T081145_aid0001_32N.tif,2023-04-27T08:11:45,2023-04-27,2023,4,27,8,11,45,2,10.0,morning,20230427T081145,filename_YYYYMMDDTHHMMSS,True,EPSG:32632,32632,303,313,GTiff,float32,,"[579360.0, 5158510.0, 600570.0, 5180420.0]",0.2755829691886902,0.29636648297309875,-0.8275539875030518,0.9975924491882324,0.2713570296764374,-0.04038672149181366,0.013435553759336472,0.44186073541641235,0.7725764513015747,34751,34751,34751,94839,100.0,100.0,70.0,-70.0,34751,True,
ndvi,data/NDVI/ECO_L2T_STARS.002_NDVI-UQ_20230428T072242_aid0001_32N.tif,ECO_L2T_STARS.002_NDVI-UQ_20230428T072242_aid0001_32N.tif,2023-04-28T07:22:42,2023-04-28,2023,4,28,7,22,42,2,9.0,morning,20230428T072242,filename_YYYYMMDDTHHMMSS,True,EPSG:32632,32632,303,313,GTiff,float32,,"[579360.0, 5158510.0, 600570.0, 5180420.0]",0.01972082629799843,0.014177164994180202,0.014170641079545021,0.029999999329447746,0.0068166363053023815,0.014177163131535053,0.014177163131535053,0.028109747916460037,0.029999999329447746,34751,34751,34751,94839,100.0,100.0,70.0,-70.0,34751,True,
ndvi,data/NDVI/ECO_L2T_STARS.002_NDVI_20230428T072242_aid0001_32N.tif,ECO_L2T_STARS.002_NDVI_20230428T072242_aid0001_32N.tif,2023-04-28T07:22:42,2023-04-28,2023,4,28,7,22,42,2,9.0,morning,20230428T072242,filename_YYYYMMDDTHHMMSS,True,EPSG:32632,32632,303,313,GTiff,float32,,"[579360.0, 5158510.0, 600570.0, 5180420.0]",0.27797287702560425,0.30000001192092896,-0.8273279070854187,0.9974651336669922,0.2700052559375763,-0.040098417550325394,0.017482880502939224,0.44145089387893677,0.7724211812019348,34751,34751,34751,94839,100.0,100.0,70.0,-70.0,34751,True,
ndvi,data/NDVI/ECO_L2T_STARS.002_NDVI-UQ_20230428T072334_aid0001_32N.tif,ECO_L2T_STARS.002_NDVI-UQ_20230428T072334_aid0001_32N.tif,2023-04-28T07:23:34,2023-04-28,2023,4,28,7,23,34,2,9.0,morning,20230428T072334,filename_YYYYMMDDTHHMMSS,True,EPSG:32632,32632,8,313,GTiff,float32,,"[600000.0, 5158510.0, 600560.0, 5180420.0]",0.0141771724447608,0.014177164062857628,0.014177163131535053,0.014177192933857441,1.1760412199635084e-08,0.014177163131535053,0.014177163131535053,0.014177189208567142,0.014177190139889717,94,94,94,2504,100.0,100.0,70.0,-70.0,94,True,
ndvi,data/NDVI/ECO_L2T_STARS.002_NDVI_20230428T072334_aid0001_32N.tif,ECO_L2T_STARS.002_NDVI_20230428T072334_aid0001_32N.tif,2023-04-28T07:23:34,2023-04-28,2023,4,28,7,23,34,2,9.0,morning,20230428T072334,filename_YYYYMMDDTHHMMSS,True,EPSG:32632,32632,8,313,GTiff,float32,,"[600000.0, 5158510.0, 600560.0, 5180420.0]",-0.025006288662552834,-0.03410867601633072,-0.05082710459828377,0.47869613766670227,0.06031707301735878,-0.048565711826086044,-0.040545493364334106,-0.029978599399328232,-0.0013859942555427551,94,94,94,2504,100.0,100.0,70.0,-70.0,94,True,
ndvi,data/NDVI/ECO_L2T_STARS.002_NDVI-UQ_20230429T063409_aid0001_32N.tif,ECO_L2T_STARS.002_NDVI-UQ_20230429T063409_aid0001_32N.tif,2023-04-29T06:34:09,2023-04-29,2023,4,29,6,34,9,2,8.0,morning,20230429T063409,filename_YYYYMMDDTHHMMSS,True,EPSG:32632,32632,303,313,GTiff,float32,,"[579360.0, 5158510.0, 600570.0, 5180420.0]",0.02178790047764778,0.0173491183668375,0.017343789339065552,0.029999999329447746,0.005450388882309198,0.017349114641547203,0.017349116504192352,0.028476933017373085,0.029999999329447746,34751,34751,34751,94839,100.0,100.0,70.0,-70.0,34751,True,
ndvi,data/NDVI/ECO_L2T_STARS.002_NDVI_20230429T063409_aid0001_32N.tif,ECO_L2T_STARS.002_NDVI_20230429T063409_aid0001_32N.tif,2023-04-29T06:34:09,2023-04-29,2023,4,29,6,34,9,2,8.0,morning,20230429T063409,filename_YYYYMMDDTHHMMSS,True,EPSG:32632,32632,303,313,GTiff,float32,,"[579360.0, 5158510.0, 600570.0, 5180420.0]",0.278982013463974,0.30000001192092896,-0.8270602226257324,0.9973080158233643,0.2695366144180298,-0.04007570073008537,0.018278850242495537,0.4415677487850189,0.7722417116165161,34751,34751,34751,94839,100.0,100.0,70.0,-70.0,34751,True,
ndvi,data/NDVI/ECO_L2T_STARS.002_NDVI-UQ_20230429T063501_aid0001_32N.tif,ECO_L2T_STARS.002_NDVI-UQ_20230429T063501_aid0001_32N.tif,2023-04-29T06:35:01,2023-04-29,2023,4,29,6,35,1,2,8.0,morning,20230429T063501,filename_YYYYMMDDTHHMMSS,True,EPSG:32632,32632,8,313,GTiff,float32,,"[600000.0, 5158510.0, 600560.0, 5180420.0]",0.01734912395477295,0.017349116504192352,0.017349114641547203,0.017349140718579292,9.472370443575073e-09,0.017349116504192352,0.017349116504192352,0.017349136993288994,0.017349136993288994,94,94,94,2504,100.0,100.0,70.0,-70.0,94,True,
ndvi,data/NDVI/ECO_L2T_STARS.002_NDVI_20230429T063501_aid0001_32N.tif,ECO_L2T_STARS.002_NDVI_20230429T063501_aid0001_32N.tif,2023-04-29T06:35:01,2023-04-29,2023,4,29,6,35,1,2,8.0,morning,20230429T063501,filename_YYYYMMDDTHHMMSS,True,EPSG:32632,32632,8,313,GTiff,float32,,"[600000.0, 5158510.0, 600560.0, 5180420.0]",-0.02500395104289055,-0.034105826169252396,-0.050825536251068115,0.47867074608802795,0.060314252972602844,-0.048564523458480835,-0.040546663105487823,-0.029978301376104355,-0.0013581663370132446,94,94,94,2504,100.0,100.0,70.0,-70.0,94,True,
ndvi,data/NDVI/ECO_L2T_STARS.002_NDVI-UQ_20230501T063446_aid0001_32N.tif,ECO_L2T_STARS.002_NDVI-UQ_20230501T063446_aid0001_32N.tif,2023-05-01T06:34:46,2023-05-01,2023,5,1,6,34,46,2,8.0,morning,20230501T063446,filename_YYYYMMDDTHHMMSS,True,EPSG:32632,32632,303,313,GTiff,float32,,"[579360.0, 5158510.0, 600570.0, 5180420.0]",0.02511845901608467,0.022382840514183044,0.022382838651537895,0.029999999329447746,0.0033040777780115604,0.022382838651537895,0.022382838651537895,0.029168974608182907,0.029999999329447746,34751,34751,34751,94839,100.0,100.0,70.0,-70.0,34751,True,
ndvi,data/NDVI/ECO_L2T_STARS.002_NDVI_20230501T063446_aid0001_32N.tif,ECO_L2T_STARS.002_NDVI_20230501T063446_aid0001_32N.tif,2023-05-01T06:34:46,2023-05-01,2023,5,1,6,34,46,2,8.0,morning,20230501T063446,filename_YYYYMMDDTHHMMSS,True,EPSG:32632,32632,303,313,GTiff,float32,,"[579360.0, 5158510.0, 600570.0, 5180420.0]",0.27971646189689636,0.30000001192092896,-0.826312780380249,0.9968392252922058,0.2686493694782257,-0.03998682647943497,0.021826162934303284,0.440743625164032,0.7720171809196472,34751,34751,34751,94839,100.0,100.0,70.0,-70.0,34751,True,
ndvi,data/NDVI/ECO_L2T_STARS.002_NDVI-UQ_20230502T054627_aid0001_32N.tif,ECO_L2T_STARS.002_NDVI-UQ_20230502T054627_aid0001_32N.tif,2023-05-02T05:46:27,2023-05-02,2023,5,2,5,46,27,2,7.0,morning,20230502T054627,filename_YYYYMMDDTHHMMSS,True,EPSG:32632,32632,303,313,GTiff,float32,,"[579360.0, 5158510.0, 600570.0, 5180420.0]",0.026541022583842278,0.024515125900506973,0.024515122175216675,0.029999999329447746,0.0024068376515060663,0.024515122175216675,0.024515124037861824,0.02948986552655697,0.029999999329447746,34751,34751,34751,94839,100.0,100.0,70.0,-70.0,34751,True,
ndvi,data/NDVI/ECO_L2T_STARS.002_NDVI_20230502T054627_aid0001_32N.tif,ECO_L2T_STARS.002_NDVI_20230502T054627_aid0001_32N.tif,2023-05-02T05:46:27,2023-05-02,2023,5,2,5,46,27,2,7.0,morning,20230502T054627,filename_YYYYMMDDTHHMMSS,True,EPSG:32632,32632,303,313,GTiff,float32,,"[579360.0, 5158510.0, 600570.0, 5180420.0]",0.2805449366569519,0.30000001192092896,-0.8257257342338562,0.9964491128921509,0.2678140103816986,-0.039960868656635284,0.024717237800359726,0.4404101073741913,0.7718746662139893,34751,34751,34751,94839,100.0,100.0,70.0,-70.0,34751,True,
ndvi,data/NDVI/ECO_L2T_STARS.002_NDVI-UQ_20230503T045809_aid0001_32N.tif,ECO_L2T_STARS.002_NDVI-UQ_20230503T045809_aid0001_32N.tif,2023-05-03T04:58:09,2023-05-03,2023,5,3,4,58,9,2,6.0,morning,20230503T045809,filename_YYYYMMDDTHHMMSS,True,EPSG:32632,32632,8,313,GTiff,float32,,"[600000.0, 5158510.0, 600560.0, 5180420.0]",0.010195569135248661,0.011074185371398926,0.0009367113816551864,0.023576587438583374,0.008846800774335861,0.000938319368287921,0.0009509861702099442,0.019010934978723526,0.023211153224110603,94,94,94,2504,100.0,100.0,70.0,-70.0,94,True,
ndvi,data/NDVI/ECO_L2T_STARS.002_NDVI_20230503T045809_aid0001_32N.tif,ECO_L2T_STARS.002_NDVI_20230503T045809_aid0001_32N.tif,2023-05-03T04:58:09,2023-05-03,2023,5,3,4,58,9,2,6.0,morning,20230503T045809,filename_YYYYMMDDTHHMMSS,True,EPSG:32632,32632,8,313,GTiff,float32,,"[600000.0, 5158510.0, 600560.0, 5180420.0]",-0.024093929678201675,-0.0356031134724617,-0.05808543041348457,0.4759529232978821,0.06365880370140076,-0.05174447223544121,-0.04382265731692314,-0.028112350031733513,0.021739989519119263,94,94,94,2504,100.0,100.0,70.0,-70.0,94,True,
ndvi,data/NDVI/ECO_L2T_STARS.002_NDVI-UQ_20230527T151139_aid0001_32N.tif,ECO_L2T_STARS.002_NDVI-UQ_20230527T151139_aid0001_32N.tif,2023-05-27T15:11:39,2023-05-27,2023,5,27,15,11,39,2,17.0,evening,20230527T151139,filename_YYYYMMDDTHHMMSS,True,EPSG:32632,32632,303,313,GTiff,float32,,"[579360.0, 5158510.0, 600570.0, 5180420.0]",0.01794104278087616,0.015603536739945412,0.01003578957170248,0.029999999329447746,0.00846819393336773,0.010046100243926048,0.010049481876194477,0.027649085968732834,0.029999999329447746,34751,34751,34751,94839,100.0,100.0,70.0,-70.0,34751,True,
ndvi,data/NDVI/ECO_L2T_STARS.002_NDVI_20230527T151139_aid0001_32N.tif,ECO_L2T_STARS.002_NDVI_20230527T151139_aid0001_32N.tif,2023-05-27T15:11:39,2023-05-27,2023,5,27,15,11,39,2,17.0,evening,20230527T151139,filename_YYYYMMDDTHHMMSS,True,EPSG:32632,32632,303,313,GTiff,float32,,"[579360.0, 5158510.0, 600570.0, 5180420.0]",0.2880217730998993,0.30000001192092896,-0.18153467774391174,0.9904890060424805,0.26009485125541687,-0.09644164890050888,0.06944280862808228,0.4899633228778839,0.7179476618766785,34739,34739,34751,94839,99.96546861960806,99.96546861960806,70.0,-70.0,34751,True,
ndvi,data/NDVI/ECO_L2T_STARS.002_NDVI-UQ_20230527T151231_aid0001_32N.tif,ECO_L2T_STARS.002_NDVI-UQ_20230527T151231_aid0001_32N.tif,2023-05-27T15:12:31,2023-05-27,2023,5,27,15,12,31,2,17.0,evening,20230527T151231,filename_YYYYMMDDTHHMMSS,True,EPSG:32632,32632,8,313,GTiff,float32,,"[600000.0, 5158510.0, 600560.0, 5180420.0]",0.018180109560489655,0.018425624817609787,0.010049481876194477,0.02819318324327469,0.006055095233023167,0.010049483738839626,0.010049568489193916,0.023556271567940712,0.026916788890957832,94,94,94,2504,100.0,100.0,70.0,-70.0,94,True,
ndvi,data/NDVI/ECO_L2T_STARS.002_NDVI_20230527T151231_aid0001_32N.tif,ECO_L2T_STARS.002_NDVI_20230527T151231_aid0001_32N.tif,2023-05-27T15:12:31,2023-05-27,2023,5,27,15,12,31,2,17.0,evening,20230527T151231,filename_YYYYMMDDTHHMMSS,True,EPSG:32632,32632,8,313,GTiff,float32,,"[600000.0, 5158510.0, 600560.0, 5180420.0]",0.0436825305223465,-0.029958680272102356,-0.08731012791395187,0.6146031618118286,0.173765167593956,-0.08201812952756882,-0.06779661774635315,0.06367897242307663,0.479508638381958,94,94,94,2504,100.0,100.0,70.0,-70.0,94,True,
ndvi,data/NDVI/ECO_L2T_STARS.002_NDVI-UQ_20230529T151114_aid0001_32N.tif,ECO_L2T_STARS.002_NDVI-UQ_20230529T151114_aid0001_32N.tif,2023-05-29T15:11:14,2023-05-29,2023,5,29,15,11,14,2,17.0,evening,20230529T151114,filename_YYYYMMDDTHHMMSS,True,EPSG:32632,32632,303,313,GTiff,float32,,"[579360.0, 5158510.0, 600570.0, 5180420.0]",0.022619472816586494,0.021345652639865875,0.017341194674372673,0.029999999329447746,0.005549024790525436,0.017349114641547203,0.017349116504192352,0.029596809297800064,0.029999999329447746,34751,34751,34751,94839,100.0,100.0,70.0,-70.0,34751,True,
ndvi,data/NDVI/ECO_L2T_STARS.002_NDVI_20230529T151114_aid0001_32N.tif,ECO_L2T_STARS.002_NDVI_20230529T151114_aid0001_32N.tif,2023-05-29T15:11:14,2023-05-29,2023,5,29,15,11,14,2,17.0,evening,20230529T151114,filename_YYYYMMDDTHHMMSS,True,EPSG:32632,32632,303,313,GTiff,float32,,"[579360.0, 5158510.0, 600570.0, 5180420.0]",0.3054574728012085,0.30000001192092896,-0.1803981512784958,0.9592990875244141,0.2514883577823639,-0.09597250819206238,0.12869691848754883,0.49136030673980713,0.7150354385375977,34751,34751,34751,94839,100.0,100.0,70.0,-70.0,34751,True,
ndvi,data/NDVI/ECO_L2T_STARS.002_NDVI-UQ_20230603T124450_aid0001_32N.tif,ECO_L2T_STARS.002_NDVI-UQ_20230603T124450_aid0001_32N.tif,2023-06-03T12:44:50,2023-06-03,2023,6,3,12,44,50,2,14.0,midday_afternoon,20230603T124450,filename_YYYYMMDDTHHMMSS,True,EPSG:32632,32632,8,313,GTiff,float32,,"[600000.0, 5158510.0, 600560.0, 5180420.0]",0.010388349182903767,0.010049483738839626,0.000877709942869842,0.02111644670367241,0.0036019866820424795,0.003036524634808302,0.010049481876194477,0.010049520060420036,0.01776641048491001,94,94,94,2504,100.0,100.0,70.0,-70.0,94,True,
ndvi,data/NDVI/ECO_L2T_STARS.002_NDVI_20230603T124450_aid0001_32N.tif,ECO_L2T_STARS.002_NDVI_20230603T124450_aid0001_32N.tif,2023-06-03T12:44:50,2023-06-03,2023,6,3,12,44,50,2,14.0,midday_afternoon,20230603T124450,filename_YYYYMMDDTHHMMSS,True,EPSG:32632,32632,8,313,GTiff,float32,,"[600000.0, 5158510.0, 600560.0, 5180420.0]",-0.0009367844322696328,-0.0730971172451973,-0.1291905790567398,0.6849144101142883,0.18654222786426544,-0.11912854015827179,-0.09106747806072235,-0.04937385767698288,0.44371384382247925,94,94,94,2504,100.0,100.0,70.0,-70.0,94,True,
ndvi,data/NDVI/ECO_L2T_STARS.002_NDVI-UQ_20230603T173627_aid0001_32N.tif,ECO_L2T_STARS.002_NDVI-UQ_20230603T173627_aid0001_32N.tif,2023-06-03T17:36:27,2023-06-03,2023,6,3,17,36,27,2,19.0,evening,20230603T173627,filename_YYYYMMDDTHHMMSS,True,EPSG:32632,32632,303,313,GTiff,float32,,"[579360.0, 5158510.0, 600570.0, 5180420.0]",0.019383953884243965,0.020286982879042625,0.0008451480534859002,0.029999999329447746,0.009881851263344288,0.0009961172472685575,0.010049481876194477,0.029999999329447746,0.029999999329447746,34751,34751,34751,94839,100.0,100.0,70.0,-70.0,34751,True,
ndvi,data/NDVI/ECO_L2T_STARS.002_NDVI_20230603T173627_aid0001_32N.tif,ECO_L2T_STARS.002_NDVI_20230603T173627_aid0001_32N.tif,2023-06-03T17:36:27,2023-06-03,2023,6,3,17,36,27,2,19.0,evening,20230603T173627,filename_YYYYMMDDTHHMMSS,True,EPSG:32632,32632,303,313,GTiff,float32,,"[579360.0, 5158510.0, 600570.0, 5180420.0]",0.35767579078674316,0.30000001192092896,-0.8040894269943237,0.9722188115119934,0.21664269268512726,-0.045258715748786926,0.29113543033599854,0.5161241292953491,0.7260290384292603,34751,34751,34751,94839,100.0,100.0,70.0,-70.0,34751,True,
ndvi,data/NDVI/ECO_L2T_STARS.002_NDVI-UQ_20230604T115625_aid0001_32N.tif,ECO_L2T_STARS.002_NDVI-UQ_20230604T115625_aid0001_32N.tif,2023-06-04T11:56:25,2023-06-04,2023,6,4,11,56,25,2,13.0,midday_afternoon,20230604T115625,filename_YYYYMMDDTHHMMSS,True,EPSG:32632,32632,303,313,GTiff,float32,,"[579360.0, 5158510.0, 600570.0, 5180420.0]",0.021733557805418968,0.0220215804874897,0.010035649873316288,0.029999999329447746,0.007482759188860655,0.010049484670162201,0.014177164062857628,0.029999999329447746,0.029999999329447746,34751,34751,34751,94839,100.0,100.0,70.0,-70.0,34751,True,
ndvi,data/NDVI/ECO_L2T_STARS.002_NDVI_20230604T115625_aid0001_32N.tif,ECO_L2T_STARS.002_NDVI_20230604T115625_aid0001_32N.tif,2023-06-04T11:56:25,2023-06-04,2023,6,4,11,56,25,2,13.0,midday_afternoon,20230604T115625,filename_YYYYMMDDTHHMMSS,True,EPSG:32632,32632,303,313,GTiff,float32,,"[579360.0, 5158510.0, 600570.0, 5180420.0]",0.3577601909637451,0.30000001192092896,-0.8038923740386963,0.9722244739532471,0.21633684635162354,-0.044795580208301544,0.29178136587142944,0.5161218643188477,0.7258853912353516,34751,34751,34751,94839,100.0,100.0,70.0,-70.0,34751,True,
ndvi,data/NDVI/ECO_L2T_STARS.002_NDVI-UQ_20230605T155811_aid0001_32N.tif,ECO_L2T_STARS.002_NDVI-UQ_20230605T155811_aid0001_32N.tif,2023-06-05T15:58:11,2023-06-05,2023,6,5,15,58,11,2,17.0,evening,20230605T155811,filename_YYYYMMDDTHHMMSS,True,EPSG:32632,32632,303,313,GTiff,float32,,"[579360.0, 5158510.0, 600570.0, 5180420.0]",0.023400306701660156,0.02361191436648369,0.014167366549372673,0.029999999329447746,0.005966467317193747,0.014177164994180202,0.017349116504192352,0.029999999329447746,0.029999999329447746,34751,34751,34751,94839,100.0,100.0,70.0,-70.0,34751,True,
ndvi,data/NDVI/ECO_L2T_STARS.002_NDVI_20230605T155811_aid0001_32N.tif,ECO_L2T_STARS.002_NDVI_20230605T155811_aid0001_32N.tif,2023-06-05T15:58:11,2023-06-05,2023,6,5,15,58,11,2,17.0,evening,20230605T155811,filename_YYYYMMDDTHHMMSS,True,EPSG:32632,32632,303,313,GTiff,float32,,"[579360.0, 5158510.0, 600570.0, 5180420.0]",0.35786664485931396,0.30000001192092896,-0.8036628365516663,0.9722358584403992,0.21595779061317444,-0.04372873902320862,0.29251915216445923,0.5156364440917969,0.7256399989128113,34751,34751,34751,94839,100.0,100.0,70.0,-70.0,34751,True,
ndvi,data/NDVI/ECO_L2T_STARS.002_NDVI-UQ_20230606T115505_aid0001_32N.tif,ECO_L2T_STARS.002_NDVI-UQ_20230606T115505_aid0001_32N.tif,2023-06-06T11:55:05,2023-06-06,2023,6,6,11,55,5,2,13.0,midday_afternoon,20230606T115505,filename_YYYYMMDDTHHMMSS,True,EPSG:32632,32632,303,313,GTiff,float32,,"[579360.0, 5158510.0, 600570.0, 5180420.0]",0.02475956827402115,0.02505389042198658,0.010794324800372124,0.029999999329447746,0.004786540288478136,0.017349116504192352,0.020024776458740234,0.029999999329447746,0.029999999329447746,34751,34751,34751,94839,100.0,100.0,70.0,-70.0,34751,True,
ndvi,data/NDVI/ECO_L2T_STARS.002_NDVI_20230606T115505_aid0001_32N.tif,ECO_L2T_STARS.002_NDVI_20230606T115505_aid0001_32N.tif,2023-06-06T11:55:05,2023-06-06,2023,6,6,11,55,5,2,13.0,midday_afternoon,20230606T115505,filename_YYYYMMDDTHHMMSS,True,EPSG:32632,32632,303,313,GTiff,float32,,"[579360.0, 5158510.0, 600570.0, 5180420.0]",0.3573235869407654,0.30000001192092896,-0.8033891320228577,0.9722563028335571,0.2150045931339264,-0.04306675121188164,0.29238954186439514,0.511208176612854,0.7251613140106201,34751,34751,34751,94839,100.0,100.0,70.0,-70.0,34751,True,
ndvi,data/NDVI/ECO_L2T_STARS.002_NDVI-UQ_20230607T110557_aid0001_32N.tif,ECO_L2T_STARS.002_NDVI-UQ_20230607T110557_aid0001_32N.tif,2023-06-07T11:05:57,2023-06-07,2023,6,7,11,5,57,2,13.0,midday_afternoon,20230607T110557,filename_YYYYMMDDTHHMMSS,True,EPSG:32632,32632,303,313,GTiff,float32,,"[579360.0, 5158510.0, 600570.0, 5180420.0]",0.025224987417459488,0.026354454457759857,0.0009223166271112859,0.029999999329447746,0.005618846509605646,0.017842264845967293,0.022382838651537895,0.029999999329447746,0.029999999329447746,34751,34751,34751,94839,100.0,100.0,70.0,-70.0,34751,True,
ndvi,data/NDVI/ECO_L2T_STARS.002_NDVI_20230607T110557_aid0001_32N.tif,ECO_L2T_STARS.002_NDVI_20230607T110557_aid0001_32N.tif,2023-06-07T11:05:57,2023-06-07,2023,6,7,11,5,57,2,13.0,midday_afternoon,20230607T110557,filename_YYYYMMDDTHHMMSS,True,EPSG:32632,32632,303,313,GTiff,float32,,"[579360.0, 5158510.0, 600570.0, 5180420.0]",0.35985538363456726,0.30000001192092896,-0.8030521869659424,0.972291886806488,0.2156824767589569,-0.03938184678554535,0.29591628909111023,0.5172260403633118,0.729453444480896,34751,34751,34751,94839,100.0,100.0,70.0,-70.0,34751,True,
ndvi,data/NDVI/ECO_L2T_STARS.002_NDVI-UQ_20230608T150858_aid0001_32N.tif,ECO_L2T_STARS.002_NDVI-UQ_20230608T150858_aid0001_32N.tif,2023-06-08T15:08:58,2023-06-08,2023,6,8,15,8,58,2,17.0,evening,20230608T150858,filename_YYYYMMDDTHHMMSS,True,EPSG:32632,32632,303,313,GTiff,float32,,"[579360.0, 5158510.0, 600570.0, 5180420.0]",0.026462804526090622,0.027680767700076103,0.009405015036463737,0.029999999329447746,0.0042486172169446945,0.01818155124783516,0.024515124037861824,0.029999999329447746,0.029999999329447746,34751,34751,34751,94839,100.0,100.0,70.0,-70.0,34751,True,
ndvi,data/NDVI/ECO_L2T_STARS.002_NDVI_20230608T150858_aid0001_32N.tif,ECO_L2T_STARS.002_NDVI_20230608T150858_aid0001_32N.tif,2023-06-08T15:08:58,2023-06-08,2023,6,8,15,8,58,2,17.0,evening,20230608T150858,filename_YYYYMMDDTHHMMSS,True,EPSG:32632,32632,303,313,GTiff,float32,,"[579360.0, 5158510.0, 600570.0, 5180420.0]",0.3572019934654236,0.30000001192092896,-0.8026168346405029,0.9723541736602783,0.21533137559890747,-0.03890381380915642,0.2873135209083557,0.5102211236953735,0.7280882000923157,34751,34751,34751,94839,100.0,100.0,70.0,-70.0,34751,True,
ndvi,data/NDVI/ECO_L2T_STARS.002_NDVI-UQ_20230609T141922_aid0001_32N.tif,ECO_L2T_STARS.002_NDVI-UQ_20230609T141922_aid0001_32N.tif,2023-06-09T14:19:22,2023-06-09,2023,6,9,14,19,22,2,16.0,evening,20230609T141922,filename_YYYYMMDDTHHMMSS,True,EPSG:32632,32632,303,313,GTiff,float32,,"[579360.0, 5158510.0, 600570.0, 5180420.0]",0.027256393805146217,0.028909334912896156,0.00958702340722084,0.029999999329447746,0.003842074889689684,0.017429105937480927,0.026476234197616577,0.029999999329447746,0.029999999329447746,34751,34751,34751,94839,100.0,100.0,70.0,-70.0,34751,True,
ndvi,data/NDVI/ECO_L2T_STARS.002_NDVI_20230609T141922_aid0001_32N.tif,ECO_L2T_STARS.002_NDVI_20230609T141922_aid0001_32N.tif,2023-06-09T14:19:22,2023-06-09,2023,6,9,14,19,22,2,16.0,evening,20230609T141922,filename_YYYYMMDDTHHMMSS,True,EPSG:32632,32632,303,313,GTiff,float32,,"[579360.0, 5158510.0, 600570.0, 5180420.0]",0.35032808780670166,0.30000001192092896,-0.8020059466362,0.9724640846252441,0.21206893026828766,-0.03871781378984451,0.2788577079772949,0.4833570718765259,0.7273033857345581,34750,34750,34751,94839,99.99712238496734,99.99712238496734,70.0,-70.0,34751,True,
ndvi,data/NDVI/ECO_L2T_STARS.002_NDVI-UQ_20230610T101557_aid0001_32N.tif,ECO_L2T_STARS.002_NDVI-UQ_20230610T101557_aid0001_32N.tif,2023-06-10T10:15:57,2023-06-10,2023,6,10,10,15,57,2,12.0,midday_afternoon,20230610T101557,filename_YYYYMMDDTHHMMSS,True,EPSG:32632,32632,303,313,GTiff,float32,,"[579360.0, 5158510.0, 600570.0, 5180420.0]",0.02249854989349842,0.0289091095328331,0.0008983195293694735,0.029999999329447746,0.010480192489922047,0.0009960818570107222,0.017734762281179428,0.029999999329447746,0.029999999329447746,34751,34751,34751,94839,100.0,100.0,70.0,-70.0,34751,True,
ndvi,data/NDVI/ECO_L2T_STARS.002_NDVI_20230610T101557_aid0001_32N.tif,ECO_L2T_STARS.002_NDVI_20230610T101557_aid0001_32N.tif,2023-06-10T10:15:57,2023-06-10,2023,6,10,10,15,57,2,12.0,midday_afternoon,20230610T101557,filename_YYYYMMDDTHHMMSS,True,EPSG:32632,32632,303,313,GTiff,float32,,"[579360.0, 5158510.0, 600570.0, 5180420.0]",0.3850660026073456,0.30000001192092896,-0.7652691602706909,0.9994701147079468,0.2033524513244629,0.08692300319671631,0.30000001192092896,0.5153601169586182,0.7698476314544678,34684,34684,34751,94839,99.80719979281172,99.80719979281172,70.0,-70.0,34751,True,
ndvi,data/NDVI/ECO_L2T_STARS.002_NDVI-UQ_20230611T092733_aid0001_32N.tif,ECO_L2T_STARS.002_NDVI-UQ_20230611T092733_aid0001_32N.tif,2023-06-11T09:27:33,2023-06-11,2023,6,11,9,27,33,2,11.0,midday_afternoon,20230611T092733,filename_YYYYMMDDTHHMMSS,True,EPSG:32632,32632,303,313,GTiff,float32,,"[579360.0, 5158510.0, 600570.0, 5180420.0]",0.02408808283507824,0.02936089038848877,0.0009960804600268602,0.029999999329447746,0.007714762818068266,0.010042458772659302,0.019179005175828934,0.029999999329447746,0.029999999329447746,34751,34751,34751,94839,100.0,100.0,70.0,-70.0,34751,True,
ndvi,data/NDVI/ECO_L2T_STARS.002_NDVI_20230611T092733_aid0001_32N.tif,ECO_L2T_STARS.002_NDVI_20230611T092733_aid0001_32N.tif,2023-06-11T09:27:33,2023-06-11,2023,6,11,9,27,33,2,11.0,midday_afternoon,20230611T092733,filename_YYYYMMDDTHHMMSS,True,EPSG:32632,32632,303,313,GTiff,float32,,"[579360.0, 5158510.0, 600570.0, 5180420.0]",0.3743443787097931,0.30000001192092896,-0.5605056881904602,0.9991760849952698,0.19248251616954803,0.10196006298065186,0.30000001192092896,0.4610901474952698,0.7670419812202454,34530,34530,34751,94839,99.36404707778193,99.36404707778193,70.0,-70.0,34751,True,
ndvi,data/NDVI/ECO_L2T_STARS.002_NDVI-UQ_20230612T083817_aid0001_32N.tif,ECO_L2T_STARS.002_NDVI-UQ_20230612T083817_aid0001_32N.tif,2023-06-12T08:38:17,2023-06-12,2023,6,12,8,38,17,2,10.0,morning,20230612T083817,filename_YYYYMMDDTHHMMSS,True,EPSG:32632,32632,8,313,GTiff,float32,,"[600000.0, 5158510.0, 600560.0, 5180420.0]",0.014777807518839836,0.014177190139889717,0.0008812435553409159,0.026153607293963432,0.006731340195983648,0.000902209198102355,0.014177164994180202,0.01957940310239792,0.02403244748711586,94,94,94,2504,100.0,100.0,70.0,-70.0,94,True,
ndvi,data/NDVI/ECO_L2T_STARS.002_NDVI_20230612T083817_aid0001_32N.tif,ECO_L2T_STARS.002_NDVI_20230612T083817_aid0001_32N.tif,2023-06-12T08:38:17,2023-06-12,2023,6,12,8,38,17,2,10.0,morning,20230612T083817,filename_YYYYMMDDTHHMMSS,True,EPSG:32632,32632,8,313,GTiff,float32,,"[600000.0, 5158510.0, 600560.0, 5180420.0]",0.03775447607040405,-0.03325085714459419,-0.09594206511974335,0.6966734528541565,0.19340364634990692,-0.08519674092531204,-0.06642895191907883,-0.0009971747640520334,0.48629236221313477,94,94,94,2504,100.0,100.0,70.0,-70.0,94,True,
ndvi,data/NDVI/ECO_L2T_STARS.002_NDVI-UQ_20230612T132855_aid0001_32N.tif,ECO_L2T_STARS.002_NDVI-UQ_20230612T132855_aid0001_32N.tif,2023-06-12T13:28:55,2023-06-12,2023,6,12,13,28,55,2,15.0,midday_afternoon,20230612T132855,filename_YYYYMMDDTHHMMSS,True,EPSG:32632,32632,303,313,GTiff,float32,,"[579360.0, 5158510.0, 600570.0, 5180420.0]",0.02204403467476368,0.027902811765670776,0.0008653225959278643,0.029999999329447746,0.010160131379961967,0.0009960527531802654,0.014177286066114902,0.029999999329447746,0.029999999329447746,34751,34751,34751,94839,100.0,100.0,70.0,-70.0,34751,True,
ndvi,data/NDVI/ECO_L2T_STARS.002_NDVI_20230612T132855_aid0001_32N.tif,ECO_L2T_STARS.002_NDVI_20230612T132855_aid0001_32N.tif,2023-06-12T13:28:55,2023-06-12,2023,6,12,13,28,55,2,15.0,midday_afternoon,20230612T132855,filename_YYYYMMDDTHHMMSS,True,EPSG:32632,32632,303,313,GTiff,float32,,"[579360.0, 5158510.0, 600570.0, 5180420.0]",0.394856333732605,0.30000001192092896,-0.5603874325752258,0.9967345595359802,0.1984836608171463,0.11864805221557617,0.30000001192092896,0.5295214653015137,0.7665508389472961,34717,34717,34751,94839,99.90216108888953,99.90216108888953,70.0,-70.0,34751,True,
ndvi,data/NDVI/ECO_L2T_STARS.002_NDVI-UQ_20230613T124005_aid0001_32N.tif,ECO_L2T_STARS.002_NDVI-UQ_20230613T124005_aid0001_32N.tif,2023-06-13T12:40:05,2023-06-13,2023,6,13,12,40,5,2,14.0,midday_afternoon,20230613T124005,filename_YYYYMMDDTHHMMSS,True,EPSG:32632,32632,8,313,GTiff,float32,,"[600000.0, 5158510.0, 600560.0, 5180420.0]",0.01793709211051464,0.017349136993288994,0.0063010454177856445,0.026880821213126183,0.005212742835283279,0.007141017820686102,0.017349116504192352,0.021771302446722984,0.025188766419887543,94,94,94,2504,100.0,100.0,70.0,-70.0,94,True,
ndvi,data/NDVI/ECO_L2T_STARS.002_NDVI_20230613T124005_aid0001_32N.tif,ECO_L2T_STARS.002_NDVI_20230613T124005_aid0001_32N.tif,2023-06-13T12:40:05,2023-06-13,2023,6,13,12,40,5,2,14.0,midday_afternoon,20230613T124005,filename_YYYYMMDDTHHMMSS,True,EPSG:32632,32632,8,313,GTiff,float32,,"[600000.0, 5158510.0, 600560.0, 5180420.0]",0.0444820299744606,-0.03273411840200424,-0.09593772888183594,0.7098857760429382,0.20656313002109528,-0.08518452942371368,-0.06643263250589371,0.00013085838872939348,0.5472702980041504,94,94,94,2504,100.0,100.0,70.0,-70.0,94,True,
ndvi,data/NDVI/ECO_L2T_STARS.002_NDVI-UQ_20230614T083645_aid0001_32N.tif,ECO_L2T_STARS.002_NDVI-UQ_20230614T083645_aid0001_32N.tif,2023-06-14T08:36:45,2023-06-14,2023,6,14,8,36,45,2,10.0,morning,20230614T083645,filename_YYYYMMDDTHHMMSS,True,EPSG:32632,32632,303,313,GTiff,float32,,"[579360.0, 5158510.0, 600570.0, 5180420.0]",0.025592172518372536,0.02835400588810444,0.007017473690211773,0.6147558093070984,0.01744729094207287,0.012322686612606049,0.020024776458740234,0.029999999329447746,0.029999999329447746,34751,34751,34751,94839,100.0,100.0,70.0,-70.0,34751,True,
ndvi,data/NDVI/ECO_L2T_STARS.002_NDVI_20230614T083645_aid0001_32N.tif,ECO_L2T_STARS.002_NDVI_20230614T083645_aid0001_32N.tif,2023-06-14T08:36:45,2023-06-14,2023,6,14,8,36,45,2,10.0,morning,20230614T083645,filename_YYYYMMDDTHHMMSS,True,EPSG:32632,32632,303,313,GTiff,float32,,"[579360.0, 5158510.0, 600570.0, 5180420.0]",0.39286521077156067,0.30000001192092896,-0.5600923895835876,0.9999078512191772,0.20054349303245544,0.11189717799425125,0.30000001192092896,0.518070638179779,0.7750027775764465,34530,34530,34751,94839,99.36404707778193,99.36404707778193,70.0,-70.0,34751,True,
ndvi,data/NDVI/ECO_L2T_STARS.002_NDVI-UQ_20230615T074727_aid0001_32N.tif,ECO_L2T_STARS.002_NDVI-UQ_20230615T074727_aid0001_32N.tif,2023-06-15T07:47:27,2023-06-15,2023,6,15,7,47,27,2,9.0,morning,20230615T074727,filename_YYYYMMDDTHHMMSS,True,EPSG:32632,32632,303,313,GTiff,float32,,"[579360.0, 5158510.0, 600570.0, 5180420.0]",0.0263903196901083,0.028427204117178917,0.000887088302988559,0.9764454364776611,0.02700711227953434,0.01164184045046568,0.021299008280038834,0.029999999329447746,0.029999999329447746,34750,34750,34751,94839,99.99712238496734,99.99712238496734,70.0,-70.0,34751,True,
ndvi,data/NDVI/ECO_L2T_STARS.002_NDVI_20230615T074727_aid0001_32N.tif,ECO_L2T_STARS.002_NDVI_20230615T074727_aid0001_32N.tif,2023-06-15T07:47:27,2023-06-15,2023,6,15,7,47,27,2,9.0,morning,20230615T074727,filename_YYYYMMDDTHHMMSS,True,EPSG:32632,32632,303,313,GTiff,float32,,"[579360.0, 5158510.0, 600570.0, 5180420.0]",0.39808204770088196,0.30000001192092896,-0.5598970055580139,0.9997807145118713,0.20208200812339783,0.12211815267801285,0.30000001192092896,0.5284397602081299,0.7881642580032349,34527,34527,34751,94839,99.35541423268394,99.35541423268394,70.0,-70.0,34751,True,
ndvi,data/NDVI/ECO_L2T_STARS.002_NDVI-UQ_20230616T114931_aid0001_32N.tif,ECO_L2T_STARS.002_NDVI-UQ_20230616T114931_aid0001_32N.tif,2023-06-16T11:49:31,2023-06-16,2023,6,16,11,49,31,2,13.0,midday_afternoon,20230616T114931,filename_YYYYMMDDTHHMMSS,True,EPSG:32632,32632,303,313,GTiff,float32,,"[579360.0, 5158510.0, 600570.0, 5180420.0]",0.030403897166252136,0.029309606179594994,0.005099808797240257,0.9941784739494324,0.03645693138241768,0.014815941452980042,0.023552943021059036,0.029999999329447746,0.029999999329447746,34750,34750,34751,94839,99.99712238496734,99.99712238496734,70.0,-70.0,34751,True,
ndvi,data/NDVI/ECO_L2T_STARS.002_NDVI_20230616T114931_aid0001_32N.tif,ECO_L2T_STARS.002_NDVI_20230616T114931_aid0001_32N.tif,2023-06-16T11:49:31,2023-06-16,2023,6,16,11,49,31,2,13.0,midday_afternoon,20230616T114931,filename_YYYYMMDDTHHMMSS,True,EPSG:32632,32632,303,313,GTiff,float32,,"[579360.0, 5158510.0, 600570.0, 5180420.0]",0.3958948254585266,0.30000001192092896,-0.9869446754455566,0.9999586939811707,0.2041536420583725,0.11730176210403442,0.30000001192092896,0.5231669545173645,0.7922096252441406,34451,34451,34751,94839,99.13671549020172,99.13671549020172,70.0,-70.0,34751,True,
ndvi,data/NDVI/ECO_L2T_STARS.002_NDVI-UQ_20230616T115022_aid0001_32N.tif,ECO_L2T_STARS.002_NDVI-UQ_20230616T115022_aid0001_32N.tif,2023-06-16T11:50:22,2023-06-16,2023,6,16,11,50,22,2,13.0,midday_afternoon,20230616T115022,filename_YYYYMMDDTHHMMSS,True,EPSG:32632,32632,8,313,GTiff,float32,,"[600000.0, 5158510.0, 600560.0, 5180420.0]",0.023101933300495148,0.02451513521373272,0.00630071060732007,0.028909957036376,0.006747036706656218,0.0071409884840250015,0.024515124037861824,0.027228398248553276,0.028321830555796623,94,94,94,2504,100.0,100.0,70.0,-70.0,94,True,
ndvi,data/NDVI/ECO_L2T_STARS.002_NDVI_20230616T115022_aid0001_32N.tif,ECO_L2T_STARS.002_NDVI_20230616T115022_aid0001_32N.tif,2023-06-16T11:50:22,2023-06-16,2023,6,16,11,50,22,2,13.0,midday_afternoon,20230616T115022,filename_YYYYMMDDTHHMMSS,True,EPSG:32632,32632,8,313,GTiff,float32,,"[600000.0, 5158510.0, 600560.0, 5180420.0]",0.055591896176338196,-0.030548471957445145,-0.09591564536094666,0.7195191383361816,0.2228017896413803,-0.0851028710603714,-0.06645597517490387,0.012292523868381977,0.6102067232131958,94,94,94,2504,100.0,100.0,70.0,-70.0,94,True,
ndvi,data/NDVI/ECO_L2T_STARS.002_NDVI-UQ_20230618T065818_aid0001_32N.tif,ECO_L2T_STARS.002_NDVI-UQ_20230618T065818_aid0001_32N.tif,2023-06-18T06:58:18,2023-06-18,2023,6,18,6,58,18,2,8.0,morning,20230618T065818,filename_YYYYMMDDTHHMMSS,True,EPSG:32632,32632,303,313,GTiff,float32,,"[579360.0, 5158510.0, 600570.0, 5180420.0]",0.03585168719291687,0.029999999329447746,0.0009347126469947398,0.9213956594467163,0.05308830365538597,0.010042751207947731,0.023496875539422035,0.029999999329447746,0.07762966305017471,34749,34749,34751,94839,99.99424476993468,99.99424476993468,70.0,-70.0,34751,True,
ndvi,data/NDVI/ECO_L2T_STARS.002_NDVI_20230618T065818_aid0001_32N.tif,ECO_L2T_STARS.002_NDVI_20230618T065818_aid0001_32N.tif,2023-06-18T06:58:18,2023-06-18,2023,6,18,6,58,18,2,8.0,morning,20230618T065818,filename_YYYYMMDDTHHMMSS,True,EPSG:32632,32632,303,313,GTiff,float32,,"[579360.0, 5158510.0, 600570.0, 5180420.0]",0.37905558943748474,0.30000001192092896,-0.7274071574211121,0.9996859431266785,0.16541805863380432,0.20634683966636658,0.30000001192092896,0.44830211997032166,0.7271562814712524,34593,34593,34751,94839,99.54533682483957,99.54533682483957,70.0,-70.0,34751,True,
ndvi,data/NDVI/ECO_L2T_STARS.002_NDVI-UQ_20230619T060957_aid0001_32N.tif,ECO_L2T_STARS.002_NDVI-UQ_20230619T060957_aid0001_32N.tif,2023-06-19T06:09:57,2023-06-19,2023,6,19,6,9,57,2,8.0,morning,20230619T060957,filename_YYYYMMDDTHHMMSS,True,EPSG:32632,32632,303,313,GTiff,float32,,"[579360.0, 5158510.0, 600570.0, 5180420.0]",0.033796656876802444,0.029999999329447746,0.0008504827274009585,0.6446300148963928,0.046925488859415054,0.000996332848444581,0.020985716953873634,0.029999999329447746,0.08474071323871613,34751,34751,34751,94839,100.0,100.0,70.0,-70.0,34751,True,
ndvi,data/NDVI/ECO_L2T_STARS.002_NDVI_20230619T060957_aid0001_32N.tif,ECO_L2T_STARS.002_NDVI_20230619T060957_aid0001_32N.tif,2023-06-19T06:09:57,2023-06-19,2023,6,19,6,9,57,2,8.0,morning,20230619T060957,filename_YYYYMMDDTHHMMSS,True,EPSG:32632,32632,303,313,GTiff,float32,,"[579360.0, 5158510.0, 600570.0, 5180420.0]",0.380813866853714,0.30000001192092896,-0.6927821040153503,0.9967490434646606,0.17394506931304932,0.16534724831581116,0.30000001192092896,0.4778902530670166,0.7289072275161743,34567,34567,34751,94839,99.47051883399038,99.47051883399038,70.0,-70.0,34751,True,
ndvi,data/NDVI/ECO_L2T_STARS.002_NDVI-UQ_20230619T110056_aid0001_32N.tif,ECO_L2T_STARS.002_NDVI-UQ_20230619T110056_aid0001_32N.tif,2023-06-19T11:00:56,2023-06-19,2023,6,19,11,0,56,2,13.0,midday_afternoon,20230619T110056,filename_YYYYMMDDTHHMMSS,True,EPSG:32632,32632,8,313,GTiff,float32,,"[600000.0, 5158510.0, 600560.0, 5180420.0]",0.036466386169195175,0.029999999329447746,0.029999999329447746,0.10189890116453171,0.016932595521211624,0.029999999329447746,0.029999999329447746,0.029999999329447746,0.0819699615240097,94,94,94,2504,100.0,100.0,70.0,-70.0,94,True,
ndvi,data/NDVI/ECO_L2T_STARS.002_NDVI_20230619T110056_aid0001_32N.tif,ECO_L2T_STARS.002_NDVI_20230619T110056_aid0001_32N.tif,2023-06-19T11:00:56,2023-06-19,2023,6,19,11,0,56,2,13.0,midday_afternoon,20230619T110056,filename_YYYYMMDDTHHMMSS,True,EPSG:32632,32632,8,313,GTiff,float32,,"[600000.0, 5158510.0, 600560.0, 5180420.0]",0.3441498577594757,0.30000001192092896,0.30000001192092896,0.9594335556030273,0.12141603976488113,0.30000001192092896,0.30000001192092896,0.30000001192092896,0.5925175547599792,94,94,94,2504,100.0,100.0,70.0,-70.0,94,True,
ndvi,data/NDVI/ECO_L2T_STARS.002_NDVI-UQ_20230620T101211_aid0001_32N.tif,ECO_L2T_STARS.002_NDVI-UQ_20230620T101211_aid0001_32N.tif,2023-06-20T10:12:11,2023-06-20,2023,6,20,10,12,11,2,12.0,midday_afternoon,20230620T101211,filename_YYYYMMDDTHHMMSS,True,EPSG:32632,32632,303,313,GTiff,float32,,"[579360.0, 5158510.0, 600570.0, 5180420.0]",0.0356733575463295,0.029999999329447746,0.005097081884741783,0.7565056681632996,0.048981089144945145,0.010049487464129925,0.02252727933228016,0.029999999329447746,0.09295541048049927,34751,34751,34751,94839,100.0,100.0,70.0,-70.0,34751,True,
ndvi,data/NDVI/ECO_L2T_STARS.002_NDVI_20230620T101211_aid0001_32N.tif,ECO_L2T_STARS.002_NDVI_20230620T101211_aid0001_32N.tif,2023-06-20T10:12:11,2023-06-20,2023,6,20,10,12,11,2,12.0,midday_afternoon,20230620T101211,filename_YYYYMMDDTHHMMSS,True,EPSG:32632,32632,303,313,GTiff,float32,,"[579360.0, 5158510.0, 600570.0, 5180420.0]",0.37288814783096313,0.30000001192092896,-0.6768845319747925,0.9587909579277039,0.1651533842086792,0.16516277194023132,0.30000001192092896,0.4501478672027588,0.7158331274986267,34677,34677,34751,94839,99.78705648758309,99.78705648758309,70.0,-70.0,34751,True,
ndvi,data/NDVI/ECO_L2T_STARS.002_NDVI-UQ_20230621T060918_aid0001_32N.tif,ECO_L2T_STARS.002_NDVI-UQ_20230621T060918_aid0001_32N.tif,2023-06-21T06:09:18,2023-06-21,2023,6,21,6,9,18,2,8.0,morning,20230621T060918,filename_YYYYMMDDTHHMMSS,True,EPSG:32632,32632,303,313,GTiff,float32,,"[579360.0, 5158510.0, 600570.0, 5180420.0]",0.036651860922575,0.029999999329447746,0.003497494850307703,0.8759660720825195,0.0521710105240345,0.014177164062857628,0.023768018931150436,0.029999999329447746,0.08460240066051483,34751,34751,34751,94839,100.0,100.0,70.0,-70.0,34751,True,
ndvi,data/NDVI/ECO_L2T_STARS.002_NDVI_20230621T060918_aid0001_32N.tif,ECO_L2T_STARS.002_NDVI_20230621T060918_aid0001_32N.tif,2023-06-21T06:09:18,2023-06-21,2023,6,21,6,9,18,2,8.0,morning,20230621T060918,filename_YYYYMMDDTHHMMSS,True,EPSG:32632,32632,303,313,GTiff,float32,,"[579360.0, 5158510.0, 600570.0, 5180420.0]",0.3728860020637512,0.30000001192092896,-0.6766554713249207,0.9976555109024048,0.16557703912258148,0.1651274561882019,0.30000001192092896,0.4482075572013855,0.7170246839523315,34678,34678,34751,94839,99.78993410261575,99.78993410261575,70.0,-70.0,34751,True,
ndvi,data/NDVI/ECO_L2T_STARS.002_NDVI-UQ_20230622T052033_aid0001_32N.tif,ECO_L2T_STARS.002_NDVI-UQ_20230622T052033_aid0001_32N.tif,2023-06-22T05:20:33,2023-06-22,2023,6,22,5,20,33,2,7.0,morning,20230622T052033,filename_YYYYMMDDTHHMMSS,True,EPSG:32632,32632,303,313,GTiff,float32,,"[579360.0, 5158510.0, 600570.0, 5180420.0]",0.03886432945728302,0.029999999329447746,0.00851647462695837,0.9887964725494385,0.05910361185669899,0.017349116504192352,0.024870026856660843,0.029999999329447746,0.0938677042722702,34751,34751,34751,94839,100.0,100.0,70.0,-70.0,34751,True,
ndvi,data/NDVI/ECO_L2T_STARS.002_NDVI_20230622T052033_aid0001_32N.tif,ECO_L2T_STARS.002_NDVI_20230622T052033_aid0001_32N.tif,2023-06-22T05:20:33,2023-06-22,2023,6,22,5,20,33,2,7.0,morning,20230622T052033,filename_YYYYMMDDTHHMMSS,True,EPSG:32632,32632,303,313,GTiff,float32,,"[579360.0, 5158510.0, 600570.0, 5180420.0]",0.3716740906238556,0.30000001192092896,-0.9560598134994507,0.9988332390785217,0.1652492731809616,0.16615723073482513,0.30000001192092896,0.4429827928543091,0.7163198590278625,34672,34672,34751,94839,99.77266841241979,99.77266841241979,70.0,-70.0,34751,True,
ndvi,data/NDVI/ECO_L2T_STARS.002_NDVI-UQ_20230623T043153_aid0001_32N.tif,ECO_L2T_STARS.002_NDVI-UQ_20230623T043153_aid0001_32N.tif,2023-06-23T04:31:53,2023-06-23,2023,6,23,4,31,53,2,6.0,morning,20230623T043153,filename_YYYYMMDDTHHMMSS,True,EPSG:32632,32632,303,313,GTiff,float32,,"[579360.0, 5158510.0, 600570.0, 5180420.0]",0.03398606926202774,0.029999999329447746,0.012606153264641762,0.9680612683296204,0.04903554543852806,0.020019404590129852,0.02500135637819767,0.029999999329447746,0.029999999329447746,34748,34748,34751,94839,99.99136715490202,99.99136715490202,70.0,-70.0,34751,True,
ndvi,data/NDVI/ECO_L2T_STARS.002_NDVI_20230623T043153_aid0001_32N.tif,ECO_L2T_STARS.002_NDVI_20230623T043153_aid0001_32N.tif,2023-06-23T04:31:53,2023-06-23,2023,6,23,4,31,53,2,6.0,morning,20230623T043153,filename_YYYYMMDDTHHMMSS,True,EPSG:32632,32632,303,313,GTiff,float32,,"[579360.0, 5158510.0, 600570.0, 5180420.0]",0.3685001730918884,0.30000001192092896,-0.219016432762146,0.9903803467750549,0.15822577476501465,0.16942811012268066,0.30000001192092896,0.4318503141403198,0.7105881571769714,34751,34751,34751,94839,100.0,100.0,70.0,-70.0,34751,True,
ndvi,data/NDVI/ECO_L2T_STARS.002_NDVI-UQ_20230624T083501_aid0001_32N.tif,ECO_L2T_STARS.002_NDVI-UQ_20230624T083501_aid0001_32N.tif,2023-06-24T08:35:01,2023-06-24,2023,6,24,8,35,1,2,10.0,morning,20230624T083501,filename_YYYYMMDDTHHMMSS,True,EPSG:32632,32632,303,313,GTiff,float32,,"[579360.0, 5158510.0, 600570.0, 5180420.0]",0.03450809419155121,0.029999999329447746,0.011940156109631062,0.6492804884910583,0.03931824490427971,0.0199311263859272,0.026476234197616577,0.029999999329447746,0.03872917592525482,34751,34751,34751,94839,100.0,100.0,70.0,-70.0,34751,True,
ndvi,data/NDVI/ECO_L2T_STARS.002_NDVI_20230624T083501_aid0001_32N.tif,ECO_L2T_STARS.002_NDVI_20230624T083501_aid0001_32N.tif,2023-06-24T08:35:01,2023-06-24,2023,6,24,8,35,1,2,10.0,morning,20230624T083501,filename_YYYYMMDDTHHMMSS,True,EPSG:32632,32632,303,313,GTiff,float32,,"[579360.0, 5158510.0, 600570.0, 5180420.0]",0.3749169111251831,0.30000001192092896,-0.21711552143096924,0.9991044402122498,0.1598438024520874,0.1919221132993698,0.30000001192092896,0.44156041741371155,0.7188042998313904,34627,34627,34751,94839,99.64317573595004,99.64317573595004,70.0,-70.0,34751,True,
ndvi,data/NDVI/ECO_L2T_STARS.002_NDVI-UQ_20230626T083339_aid0001_32N.tif,ECO_L2T_STARS.002_NDVI-UQ_20230626T083339_aid0001_32N.tif,2023-06-26T08:33:39,2023-06-26,2023,6,26,8,33,39,2,10.0,morning,20230626T083339,filename_YYYYMMDDTHHMMSS,True,EPSG:32632,32632,303,313,GTiff,float32,,"[579360.0, 5158510.0, 600570.0, 5180420.0]",0.006931510288268328,0.005400317721068859,0.0008281443733721972,0.10794278979301453,0.007735886611044407,0.0008451443281956017,0.0008475568611174822,0.010049480944871902,0.025478387251496315,34751,34751,34751,94839,100.0,100.0,70.0,-70.0,34751,True,
ndvi,data/NDVI/ECO_L2T_STARS.002_NDVI_20230626T083339_aid0001_32N.tif,ECO_L2T_STARS.002_NDVI_20230626T083339_aid0001_32N.tif,2023-06-26T08:33:39,2023-06-26,2023,6,26,8,33,39,2,10.0,morning,20230626T083339,filename_YYYYMMDDTHHMMSS,True,EPSG:32632,32632,303,313,GTiff,float32,,"[579360.0, 5158510.0, 600570.0, 5180420.0]",0.4072040617465973,0.37319695949554443,-0.5206354856491089,0.9992247223854065,0.24249665439128876,0.06325693428516388,0.2001711130142212,0.6432281732559204,0.7703700661659241,34735,34735,34751,94839,99.95395815947742,99.95395815947742,70.0,-70.0,34751,True,
ndvi,data/NDVI/ECO_L2T_STARS.002_NDVI-UQ_20230627T025344_aid0001_32N.tif,ECO_L2T_STARS.002_NDVI-UQ_20230627T025344_aid0001_32N.tif,2023-06-27T02:53:44,2023-06-27,2023,6,27,2,53,44,2,4.0,night,20230627T025344,filename_YYYYMMDDTHHMMSS,True,EPSG:32632,32632,303,313,GTiff,float32,,"[579360.0, 5158510.0, 600570.0, 5180420.0]",0.012829354964196682,0.01126654539257288,0.010035648010671139,0.029999999329447746,0.004486603196710348,0.010035650804638863,0.010035845451056957,0.014177163131535053,0.025128211826086044,34751,34751,34751,94839,100.0,100.0,70.0,-70.0,34751,True,
ndvi,data/NDVI/ECO_L2T_STARS.002_NDVI_20230627T025344_aid0001_32N.tif,ECO_L2T_STARS.002_NDVI_20230627T025344_aid0001_32N.tif,2023-06-27T02:53:44,2023-06-27,2023,6,27,2,53,44,2,4.0,night,20230627T025344,filename_YYYYMMDDTHHMMSS,True,EPSG:32632,32632,303,313,GTiff,float32,,"[579360.0, 5158510.0, 600570.0, 5180420.0]",0.407514750957489,0.37397244572639465,-0.5205112099647522,0.9987375736236572,0.24203719198703766,0.06319885700941086,0.20185989141464233,0.6432598829269409,0.7694942355155945,34747,34747,34751,94839,99.98848953986935,99.98848953986935,70.0,-70.0,34751,True,
ndvi,data/NDVI/ECO_L2T_STARS.002_NDVI-UQ_20230628T065603_aid0001_32N.tif,ECO_L2T_STARS.002_NDVI-UQ_20230628T065603_aid0001_32N.tif,2023-06-28T06:56:03,2023-06-28,2023,6,28,6,56,3,2,8.0,morning,20230628T065603,filename_YYYYMMDDTHHMMSS,True,EPSG:32632,32632,303,313,GTiff,float32,,"[579360.0, 5158510.0, 600570.0, 5180420.0]",0.017033206298947334,0.014706390909850597,0.006777131464332342,0.21149083971977234,0.010170034132897854,0.010524959303438663,0.014167368412017822,0.017349116504192352,0.029710523784160614,34751,34751,34751,94839,100.0,100.0,70.0,-70.0,34751,True,
ndvi,data/NDVI/ECO_L2T_STARS.002_NDVI_20230628T065603_aid0001_32N.tif,ECO_L2T_STARS.002_NDVI_20230628T065603_aid0001_32N.tif,2023-06-28T06:56:03,2023-06-28,2023,6,28,6,56,3,2,8.0,morning,20230628T065603,filename_YYYYMMDDTHHMMSS,True,EPSG:32632,32632,303,313,GTiff,float32,,"[579360.0, 5158510.0, 600570.0, 5180420.0]",0.40789541602134705,0.3740469217300415,-0.5203691124916077,0.9985146522521973,0.24307650327682495,0.062375929206609726,0.20176176726818085,0.6440905332565308,0.7723580598831177,34744,34744,34751,94839,99.97985669477137,99.97985669477137,70.0,-70.0,34751,True,
ndvi,data/NDVI/ECO_L2T_STARS.002_NDVI-UQ_20230630T065450_aid0001_32N.tif,ECO_L2T_STARS.002_NDVI-UQ_20230630T065450_aid0001_32N.tif,2023-06-30T06:54:50,2023-06-30,2023,6,30,6,54,50,2,8.0,morning,20230630T065450,filename_YYYYMMDDTHHMMSS,True,EPSG:32632,32632,303,313,GTiff,float32,,"[579360.0, 5158510.0, 600570.0, 5180420.0]",0.02301759459078312,0.02029339410364628,0.009782754816114902,0.39435529708862305,0.017225435003638268,0.013400631956756115,0.020017847418785095,0.022382838651537895,0.029999999329447746,34751,34751,34751,94839,100.0,100.0,70.0,-70.0,34751,True,
ndvi,data/NDVI/ECO_L2T_STARS.002_NDVI_20230630T065450_aid0001_32N.tif,ECO_L2T_STARS.002_NDVI_20230630T065450_aid0001_32N.tif,2023-06-30T06:54:50,2023-06-30,2023,6,30,6,54,50,2,8.0,morning,20230630T065450,filename_YYYYMMDDTHHMMSS,True,EPSG:32632,32632,303,313,GTiff,float32,,"[579360.0, 5158510.0, 600570.0, 5180420.0]",0.4048400819301605,0.36701804399490356,-0.5200010538101196,0.9992368221282959,0.24660418927669525,0.05447152256965637,0.19992339611053467,0.6357710957527161,0.7804373502731323,34526,34526,34751,94839,99.35253661765128,99.35253661765128,70.0,-70.0,34751,True,
ndvi,data/NDVI/ECO_L2T_STARS.002_NDVI-UQ_20230630T065541_aid0001_32N.tif,ECO_L2T_STARS.002_NDVI-UQ_20230630T065541_aid0001_32N.tif,2023-06-30T06:55:41,2023-06-30,2023,6,30,6,55,41,2,8.0,morning,20230630T065541,filename_YYYYMMDDTHHMMSS,True,EPSG:32632,32632,8,313,GTiff,float32,,"[600000.0, 5158510.0, 600560.0, 5180420.0]",0.022160550579428673,0.022382838651537895,0.020017944276332855,0.025717470794916153,0.0010864846408367157,0.020019015297293663,0.022382838651537895,0.022382840514183044,0.022382864728569984,94,94,94,2504,100.0,100.0,70.0,-70.0,94,True,
ndvi,data/NDVI/ECO_L2T_STARS.002_NDVI_20230630T065541_aid0001_32N.tif,ECO_L2T_STARS.002_NDVI_20230630T065541_aid0001_32N.tif,2023-06-30T06:55:41,2023-06-30,2023,6,30,6,55,41,2,8.0,morning,20230630T065541,filename_YYYYMMDDTHHMMSS,True,EPSG:32632,32632,8,313,GTiff,float32,,"[600000.0, 5158510.0, 600560.0, 5180420.0]",0.11338436603546143,0.037848010659217834,-0.060858502984046936,0.7376387119293213,0.18553504347801208,-0.009820825420320034,0.01901889592409134,0.08697259426116943,0.5614216327667236,94,94,94,2504,100.0,100.0,70.0,-70.0,94,True,
ndvi,data/NDVI/ECO_L2T_STARS.002_NDVI-UQ_20240401T122946_aid0001_32N.tif,ECO_L2T_STARS.002_NDVI-UQ_20240401T122946_aid0001_32N.tif,2024-04-01T12:29:46,2024-04-01,2024,4,1,12,29,46,2,14.0,midday_afternoon,20240401T122946,filename_YYYYMMDDTHHMMSS,True,EPSG:32632,32632,8,313,GTiff,float32,,"[600000.0, 5158510.0, 600560.0, 5180420.0]",0.02715022675693035,0.02712085098028183,0.021371662616729736,0.029999999329447746,0.002089553512632847,0.02286117896437645,0.026076890528202057,0.028910689055919647,0.029999999329447746,94,94,94,2504,100.0,100.0,70.0,-70.0,94,True,
ndvi,data/NDVI/ECO_L2T_STARS.002_NDVI_20240401T122946_aid0001_32N.tif,ECO_L2T_STARS.002_NDVI_20240401T122946_aid0001_32N.tif,2024-04-01T12:29:46,2024-04-01,2024,4,1,12,29,46,2,14.0,midday_afternoon,20240401T122946,filename_YYYYMMDDTHHMMSS,True,EPSG:32632,32632,8,313,GTiff,float32,,"[600000.0, 5158510.0, 600560.0, 5180420.0]",0.06888162344694138,0.022340988740324974,-0.05065141245722771,0.30000001192092896,0.11141982674598694,-0.041627153754234314,-0.01579589955508709,0.1056957095861435,0.30000001192092896,94,94,94,2504,100.0,100.0,70.0,-70.0,94,True,
ndvi,data/NDVI/ECO_L2T_STARS.002_NDVI-UQ_20240404T114108_aid0001_32N.tif,ECO_L2T_STARS.002_NDVI-UQ_20240404T114108_aid0001_32N.tif,2024-04-04T11:41:08,2024-04-04,2024,4,4,11,41,8,2,13.0,midday_afternoon,20240404T114108,filename_YYYYMMDDTHHMMSS,True,EPSG:32632,32632,303,313,GTiff,float32,,"[579360.0, 5158510.0, 600570.0, 5180420.0]",0.03588094189763069,0.044253863394260406,0.007037889678031206,0.06039661541581154,0.015227949246764183,0.014177164994180202,0.014177425764501095,0.049540504813194275,0.05000000074505806,34751,34751,34751,94839,100.0,100.0,70.0,-70.0,34751,True,
ndvi,data/NDVI/ECO_L2T_STARS.002_NDVI_20240404T114108_aid0001_32N.tif,ECO_L2T_STARS.002_NDVI_20240404T114108_aid0001_32N.tif,2024-04-04T11:41:08,2024-04-04,2024,4,4,11,41,8,2,13.0,midday_afternoon,20240404T114108,filename_YYYYMMDDTHHMMSS,True,EPSG:32632,32632,303,313,GTiff,float32,,"[579360.0, 5158510.0, 600570.0, 5180420.0]",0.14541113376617432,0.10695794969797134,-0.8266182541847229,0.99989914894104,0.1943369358778,-0.08127309381961823,-0.02077506296336651,0.30000001192092896,0.4998209774494171,34747,34747,34751,94839,99.98848953986935,99.98848953986935,70.0,-70.0,34751,True,
ndvi,data/NDVI/ECO_L2T_STARS.002_NDVI-UQ_20240407T105324_aid0001_32N.tif,ECO_L2T_STARS.002_NDVI-UQ_20240407T105324_aid0001_32N.tif,2024-04-07T10:53:24,2024-04-07,2024,4,7,10,53,24,2,12.0,midday_afternoon,20240407T105324,filename_YYYYMMDDTHHMMSS,True,EPSG:32632,32632,303,313,GTiff,float32,,"[579360.0, 5158510.0, 600570.0, 5180420.0]",0.01415763609111309,0.014177429489791393,0.007036875933408737,0.039239492267370224,0.00040731497574597597,0.014177283272147179,0.014177285134792328,0.014177433215081692,0.014177433215081692,34751,34751,34751,94839,100.0,100.0,70.0,-70.0,34751,True,
ndvi,data/NDVI/ECO_L2T_STARS.002_NDVI_20240407T105324_aid0001_32N.tif,ECO_L2T_STARS.002_NDVI_20240407T105324_aid0001_32N.tif,2024-04-07T10:53:24,2024-04-07,2024,4,7,10,53,24,2,12.0,midday_afternoon,20240407T105324,filename_YYYYMMDDTHHMMSS,True,EPSG:32632,32632,303,313,GTiff,float32,,"[579360.0, 5158510.0, 600570.0, 5180420.0]",0.0031103980727493763,-0.0685470923781395,-0.34799131751060486,0.9951660633087158,0.16599041223526,-0.09562471508979797,-0.08205114305019379,0.009988242760300636,0.38938993215560913,34751,34751,34751,94839,100.0,100.0,70.0,-70.0,34751,True,
ndvi,data/NDVI/ECO_L2T_STARS.002_NDVI-UQ_20240416T114146_aid0001_32N.tif,ECO_L2T_STARS.002_NDVI-UQ_20240416T114146_aid0001_32N.tif,2024-04-16T11:41:46,2024-04-16,2024,4,16,11,41,46,2,13.0,midday_afternoon,20240416T114146,filename_YYYYMMDDTHHMMSS,True,EPSG:32632,32632,8,313,GTiff,float32,,"[600000.0, 5158510.0, 600560.0, 5180420.0]",0.016025474295020103,0.01570633053779602,0.012609701603651047,0.02002488449215889,0.0019931055139750242,0.01367279700934887,0.014775337651371956,0.01693674549460411,0.02002488262951374,94,94,94,2504,100.0,100.0,70.0,-70.0,94,True,
ndvi,data/NDVI/ECO_L2T_STARS.002_NDVI_20240416T114146_aid0001_32N.tif,ECO_L2T_STARS.002_NDVI_20240416T114146_aid0001_32N.tif,2024-04-16T11:41:46,2024-04-16,2024,4,16,11,41,46,2,13.0,midday_afternoon,20240416T114146,filename_YYYYMMDDTHHMMSS,True,EPSG:32632,32632,8,313,GTiff,float32,,"[600000.0, 5158510.0, 600560.0, 5180420.0]",-0.06946582347154617,-0.06882303953170776,-0.10826773196458817,0.08151032030582428,0.021271437406539917,-0.09737630188465118,-0.07820774614810944,-0.06109631061553955,-0.05346443131566048,94,94,94,2504,100.0,100.0,70.0,-70.0,94,True,
ndvi,data/NDVI/ECO_L2T_STARS.002_NDVI-UQ_20240418T100342_aid0001_32N.tif,ECO_L2T_STARS.002_NDVI-UQ_20240418T100342_aid0001_32N.tif,2024-04-18T10:03:42,2024-04-18,2024,4,18,10,3,42,2,12.0,midday_afternoon,20240418T100342,filename_YYYYMMDDTHHMMSS,True,EPSG:32632,32632,303,313,GTiff,float32,,"[579360.0, 5158510.0, 600570.0, 5180420.0]",0.023437893018126488,0.024515124037861824,0.005107458680868149,0.029999999329447746,0.005785600747913122,0.013242073357105255,0.019469769671559334,0.029999999329447746,0.029999999329447746,34751,34751,34751,94839,100.0,100.0,70.0,-70.0,34751,True,
ndvi,data/NDVI/ECO_L2T_STARS.002_NDVI_20240418T100342_aid0001_32N.tif,ECO_L2T_STARS.002_NDVI_20240418T100342_aid0001_32N.tif,2024-04-18T10:03:42,2024-04-18,2024,4,18,10,3,42,2,12.0,midday_afternoon,20240418T100342,filename_YYYYMMDDTHHMMSS,True,EPSG:32632,32632,303,313,GTiff,float32,,"[579360.0, 5158510.0, 600570.0, 5180420.0]",0.12696346640586853,0.06948956847190857,-0.35622695088386536,0.9889782071113586,0.1979006975889206,-0.09827083349227905,-0.05441364645957947,0.30000001192092896,0.4055808186531067,34743,34743,34751,94839,99.97697907973871,99.97697907973871,70.0,-70.0,34751,True,
ndvi,data/NDVI/ECO_L2T_STARS.002_NDVI-UQ_20240420T051148_aid0001_32N.tif,ECO_L2T_STARS.002_NDVI-UQ_20240420T051148_aid0001_32N.tif,2024-04-20T05:11:48,2024-04-20,2024,4,20,5,11,48,2,7.0,morning,20240420T051148,filename_YYYYMMDDTHHMMSS,True,EPSG:32632,32632,303,313,GTiff,float32,,"[579360.0, 5158510.0, 600570.0, 5180420.0]",0.023719390854239464,0.027132797986268997,0.0009854184463620186,0.04776602238416672,0.009738673456013203,0.0009992106352001429,0.01987077109515667,0.03164563328027725,0.033166248351335526,34751,34751,34751,94839,100.0,100.0,70.0,-70.0,34751,True,
ndvi,data/NDVI/ECO_L2T_STARS.002_NDVI_20240420T051148_aid0001_32N.tif,ECO_L2T_STARS.002_NDVI_20240420T051148_aid0001_32N.tif,2024-04-20T05:11:48,2024-04-20,2024,4,20,5,11,48,2,7.0,morning,20240420T051148,filename_YYYYMMDDTHHMMSS,True,EPSG:32632,32632,303,313,GTiff,float32,,"[579360.0, 5158510.0, 600570.0, 5180420.0]",0.09512554109096527,0.03597093001008034,-0.4095710813999176,0.9889782071113586,0.18432272970676422,-0.09955623745918274,-0.059900302439928055,0.26898133754730225,0.36124587059020996,34743,34743,34751,94839,99.97697907973871,99.97697907973871,70.0,-70.0,34751,True,
ndvi,data/NDVI/ECO_L2T_STARS.002_NDVI-UQ_20240421T091358_aid0001_32N.tif,ECO_L2T_STARS.002_NDVI-UQ_20240421T091358_aid0001_32N.tif,2024-04-21T09:13:58,2024-04-21,2024,4,21,9,13,58,2,11.0,midday_afternoon,20240421T091358,filename_YYYYMMDDTHHMMSS,True,EPSG:32632,32632,303,313,GTiff,float32,,"[579360.0, 5158510.0, 600570.0, 5180420.0]",0.02603270672261715,0.02879437431693077,0.0009984510252252221,0.05814562365412712,0.008218859322369099,0.010049822740256786,0.02055155485868454,0.033449262380599976,0.03464101627469063,34751,34751,34751,94839,100.0,100.0,70.0,-70.0,34751,True,
ndvi,data/NDVI/ECO_L2T_STARS.002_NDVI_20240421T091358_aid0001_32N.tif,ECO_L2T_STARS.002_NDVI_20240421T091358_aid0001_32N.tif,2024-04-21T09:13:58,2024-04-21,2024,4,21,9,13,58,2,11.0,midday_afternoon,20240421T091358,filename_YYYYMMDDTHHMMSS,True,EPSG:32632,32632,303,313,GTiff,float32,,"[579360.0, 5158510.0, 600570.0, 5180420.0]",0.09526856243610382,0.03574757277965546,-0.418594092130661,0.9889782071113586,0.18441490828990936,-0.09956952929496765,-0.060143135488033295,0.2691798508167267,0.3622174561023712,34743,34743,34751,94839,99.97697907973871,99.97697907973871,70.0,-70.0,34751,True,
ndvi,data/NDVI/ECO_L2T_STARS.002_NDVI-UQ_20240422T082517_aid0001_32N.tif,ECO_L2T_STARS.002_NDVI-UQ_20240422T082517_aid0001_32N.tif,2024-04-22T08:25:17,2024-04-22,2024,4,22,8,25,17,2,10.0,morning,20240422T082517,filename_YYYYMMDDTHHMMSS,True,EPSG:32632,32632,8,313,GTiff,float32,,"[600000.0, 5158510.0, 600560.0, 5180420.0]",0.022151317447423935,0.02148279920220375,0.014177393168210983,0.03162955120205879,0.004080546088516712,0.017189716920256615,0.019457172602415085,0.023772863671183586,0.031613074243068695,94,94,94,2504,100.0,100.0,70.0,-70.0,94,True,
ndvi,data/NDVI/ECO_L2T_STARS.002_NDVI_20240422T082517_aid0001_32N.tif,ECO_L2T_STARS.002_NDVI_20240422T082517_aid0001_32N.tif,2024-04-22T08:25:17,2024-04-22,2024,4,22,8,25,17,2,10.0,morning,20240422T082517,filename_YYYYMMDDTHHMMSS,True,EPSG:32632,32632,8,313,GTiff,float32,,"[600000.0, 5158510.0, 600560.0, 5180420.0]",-0.06575487554073334,-0.06599189341068268,-0.10904456675052643,0.09166858345270157,0.022948114201426506,-0.09816909581422806,-0.07427110522985458,-0.059583134949207306,-0.04477224126458168,94,94,94,2504,100.0,100.0,70.0,-70.0,94,True,
ndvi,data/NDVI/ECO_L2T_STARS.002_NDVI-UQ_20240522T163250_aid0001_32N.tif,ECO_L2T_STARS.002_NDVI-UQ_20240522T163250_aid0001_32N.tif,2024-05-22T16:32:50,2024-05-22,2024,5,22,16,32,50,2,18.0,evening,20240522T163250,filename_YYYYMMDDTHHMMSS,True,EPSG:32632,32632,303,313,GTiff,float32,,"[579360.0, 5158510.0, 600570.0, 5180420.0]",0.026068979874253273,0.02803265117108822,0.0008785990648902953,0.064659982919693,0.012976236641407013,0.0009995135478675365,0.01417741272598505,0.038261041045188904,0.044031884521245956,34751,34751,34751,94839,100.0,100.0,70.0,-70.0,34751,True,
ndvi,data/NDVI/ECO_L2T_STARS.002_NDVI_20240522T163250_aid0001_32N.tif,ECO_L2T_STARS.002_NDVI_20240522T163250_aid0001_32N.tif,2024-05-22T16:32:50,2024-05-22,2024,5,22,16,32,50,2,18.0,evening,20240522T163250,filename_YYYYMMDDTHHMMSS,True,EPSG:32632,32632,303,313,GTiff,float32,,"[579360.0, 5158510.0, 600570.0, 5180420.0]",0.1780797839164734,0.051507800817489624,-0.9955820441246033,0.9994290471076965,0.28103765845298767,-0.09646035730838776,-0.05426875874400139,0.37737077474594116,0.7124522924423218,34737,34737,34751,94839,99.95971338954274,99.95971338954274,70.0,-70.0,34751,True,
ndvi,data/NDVI/ECO_L2T_STARS.002_NDVI-UQ_20240524T194322_aid0001_32N.tif,ECO_L2T_STARS.002_NDVI-UQ_20240524T194322_aid0001_32N.tif,2024-05-24T19:43:22,2024-05-24,2024,5,24,19,43,22,2,21.0,night,20240524T194322,filename_YYYYMMDDTHHMMSS,True,EPSG:32632,32632,303,313,GTiff,float32,,"[579360.0, 5158510.0, 600570.0, 5180420.0]",0.030526788905262947,0.031397923827171326,0.014169401489198208,0.06618846952915192,0.010774489492177963,0.01417741272598505,0.020024960860610008,0.040791019797325134,0.04624723643064499,34751,34751,34751,94839,100.0,100.0,70.0,-70.0,34751,True,
ndvi,data/NDVI/ECO_L2T_STARS.002_NDVI_20240524T194322_aid0001_32N.tif,ECO_L2T_STARS.002_NDVI_20240524T194322_aid0001_32N.tif,2024-05-24T19:43:22,2024-05-24,2024,5,24,19,43,22,2,21.0,night,20240524T194322,filename_YYYYMMDDTHHMMSS,True,EPSG:32632,32632,303,313,GTiff,float32,,"[579360.0, 5158510.0, 600570.0, 5180420.0]",0.1780797839164734,0.051507800817489624,-0.9955820441246033,0.9994290471076965,0.28103765845298767,-0.09646035730838776,-0.05426875874400139,0.37737077474594116,0.7124522924423218,34737,34737,34751,94839,99.95971338954274,99.95971338954274,70.0,-70.0,34751,True,
ndvi,data/NDVI/ECO_L2T_STARS.002_NDVI-UQ_20240607T095329_aid0001_32N.tif,ECO_L2T_STARS.002_NDVI-UQ_20240607T095329_aid0001_32N.tif,2024-06-07T09:53:29,2024-06-07,2024,6,7,9,53,29,2,11.0,midday_afternoon,20240607T095329,filename_YYYYMMDDTHHMMSS,True,EPSG:32632,32632,303,313,GTiff,float32,,"[579360.0, 5158510.0, 600570.0, 5180420.0]",0.04227293282747269,0.04225907847285271,0.03163497895002365,0.07197856158018112,0.007808564696460962,0.03163857012987137,0.034655433148145676,0.04963776096701622,0.054210763424634933,34751,34751,34751,94839,100.0,100.0,70.0,-70.0,34751,True,
ndvi,data/NDVI/ECO_L2T_STARS.002_NDVI_20240607T095329_aid0001_32N.tif,ECO_L2T_STARS.002_NDVI_20240607T095329_aid0001_32N.tif,2024-06-07T09:53:29,2024-06-07,2024,6,7,9,53,29,2,11.0,midday_afternoon,20240607T095329,filename_YYYYMMDDTHHMMSS,True,EPSG:32632,32632,303,313,GTiff,float32,,"[579360.0, 5158510.0, 600570.0, 5180420.0]",0.1780797839164734,0.051507800817489624,-0.9955820441246033,0.9994290471076965,0.28103765845298767,-0.09646035730838776,-0.05426875874400139,0.37737077474594116,0.7124522924423218,34737,34737,34751,94839,99.95971338954274,99.95971338954274,70.0,-70.0,34751,True,
ndvi,data/NDVI/ECO_L2T_STARS.002_NDVI-UQ_20240610T090327_aid0001_32N.tif,ECO_L2T_STARS.002_NDVI-UQ_20240610T090327_aid0001_32N.tif,2024-06-10T09:03:27,2024-06-10,2024,6,10,9,3,27,2,11.0,midday_afternoon,20240610T090327,filename_YYYYMMDDTHHMMSS,True,EPSG:32632,32632,303,313,GTiff,float32,,"[579360.0, 5158510.0, 600570.0, 5180420.0]",0.01583806611597538,0.010049482807517052,0.010038812644779682,0.029999999329447746,0.007499986328184605,0.010041533038020134,0.010049480944871902,0.022522777318954468,0.029999999329447746,34751,34751,34751,94839,100.0,100.0,70.0,-70.0,34751,True,
ndvi,data/NDVI/ECO_L2T_STARS.002_NDVI_20240610T090327_aid0001_32N.tif,ECO_L2T_STARS.002_NDVI_20240610T090327_aid0001_32N.tif,2024-06-10T09:03:27,2024-06-10,2024,6,10,9,3,27,2,11.0,midday_afternoon,20240610T090327,filename_YYYYMMDDTHHMMSS,True,EPSG:32632,32632,303,313,GTiff,float32,,"[579360.0, 5158510.0, 600570.0, 5180420.0]",0.30790528655052185,0.30000001192092896,-0.2556796073913574,0.9798756241798401,0.29637324810028076,-0.10016200691461563,0.014281053096055984,0.6213534474372864,0.7256808876991272,34749,34749,34751,94839,99.99424476993468,99.99424476993468,70.0,-70.0,34751,True,
ndvi,data/NDVI/ECO_L2T_STARS.002_NDVI-UQ_20240611T081450_aid0001_32N.tif,ECO_L2T_STARS.002_NDVI-UQ_20240611T081450_aid0001_32N.tif,2024-06-11T08:14:50,2024-06-11,2024,6,11,8,14,50,2,10.0,morning,20240611T081450,filename_YYYYMMDDTHHMMSS,True,EPSG:32632,32632,303,313,GTiff,float32,,"[579360.0, 5158510.0, 600570.0, 5180420.0]",0.018897494301199913,0.014177164062857628,0.005649720784276724,0.029999999329447746,0.006112358532845974,0.014171531423926353,0.014177163131535053,0.024543877691030502,0.029999999329447746,34751,34751,34751,94839,100.0,100.0,70.0,-70.0,34751,True,
ndvi,data/NDVI/ECO_L2T_STARS.002_NDVI_20240611T081450_aid0001_32N.tif,ECO_L2T_STARS.002_NDVI_20240611T081450_aid0001_32N.tif,2024-06-11T08:14:50,2024-06-11,2024,6,11,8,14,50,2,10.0,morning,20240611T081450,filename_YYYYMMDDTHHMMSS,True,EPSG:32632,32632,303,313,GTiff,float32,,"[579360.0, 5158510.0, 600570.0, 5180420.0]",0.30857548117637634,0.30000001192092896,-0.2557750344276428,0.986342191696167,0.2957002520561218,-0.10015545785427094,0.016109289601445198,0.620808482170105,0.7255948185920715,34749,34749,34751,94839,99.99424476993468,99.99424476993468,70.0,-70.0,34751,True,
ndvi,data/NDVI/ECO_L2T_STARS.002_NDVI-UQ_20240612T121629_aid0001_32N.tif,ECO_L2T_STARS.002_NDVI-UQ_20240612T121629_aid0001_32N.tif,2024-06-12T12:16:29,2024-06-12,2024,6,12,12,16,29,2,14.0,midday_afternoon,20240612T121629,filename_YYYYMMDDTHHMMSS,True,EPSG:32632,32632,303,313,GTiff,float32,,"[579360.0, 5158510.0, 600570.0, 5180420.0]",0.02142617665231228,0.017349116504192352,0.0008983457810245454,0.029999999329447746,0.005575659219175577,0.017344512045383453,0.017349116504192352,0.02654324844479561,0.029999999329447746,34751,34751,34751,94839,100.0,100.0,70.0,-70.0,34751,True,
ndvi,data/NDVI/ECO_L2T_STARS.002_NDVI_20240612T121629_aid0001_32N.tif,ECO_L2T_STARS.002_NDVI_20240612T121629_aid0001_32N.tif,2024-06-12T12:16:29,2024-06-12,2024,6,12,12,16,29,2,14.0,midday_afternoon,20240612T121629,filename_YYYYMMDDTHHMMSS,True,EPSG:32632,32632,303,313,GTiff,float32,,"[579360.0, 5158510.0, 600570.0, 5180420.0]",0.33334070444107056,0.30000001192092896,-0.23230592906475067,0.9979640245437622,0.27350273728370667,-0.08606144785881042,0.10095859318971634,0.6157128810882568,0.7261818051338196,34745,34745,34751,94839,99.98273430980403,99.98273430980403,70.0,-70.0,34751,True,
ndvi,data/NDVI/ECO_L2T_STARS.002_NDVI-UQ_20240616T103858_aid0001_32N.tif,ECO_L2T_STARS.002_NDVI-UQ_20240616T103858_aid0001_32N.tif,2024-06-16T10:38:58,2024-06-16,2024,6,16,10,38,58,2,12.0,midday_afternoon,20240616T103858,filename_YYYYMMDDTHHMMSS,True,EPSG:32632,32632,303,313,GTiff,float32,,"[579360.0, 5158510.0, 600570.0, 5180420.0]",0.035346195101737976,0.02647639811038971,0.000936816562898457,0.07375217229127884,0.015524378046393394,0.009086823090910912,0.026476388797163963,0.050216712057590485,0.05916917324066162,34751,34751,34751,94839,100.0,100.0,70.0,-70.0,34751,True,
ndvi,data/NDVI/ECO_L2T_STARS.002_NDVI_20240616T103858_aid0001_32N.tif,ECO_L2T_STARS.002_NDVI_20240616T103858_aid0001_32N.tif,2024-06-16T10:38:58,2024-06-16,2024,6,16,10,38,58,2,12.0,midday_afternoon,20240616T103858,filename_YYYYMMDDTHHMMSS,True,EPSG:32632,32632,303,313,GTiff,float32,,"[579360.0, 5158510.0, 600570.0, 5180420.0]",0.2797538638114929,0.22197939455509186,-0.42022767663002014,0.9994290471076965,0.3127106726169586,-0.09128264337778091,-0.02940554916858673,0.6167801022529602,0.7414698004722595,34705,34705,34751,94839,99.8676297084976,99.8676297084976,70.0,-70.0,34751,True,
ndvi,data/NDVI/ECO_L2T_STARS.002_NDVI-UQ_20240617T063631_aid0001_32N.tif,ECO_L2T_STARS.002_NDVI-UQ_20240617T063631_aid0001_32N.tif,2024-06-17T06:36:31,2024-06-17,2024,6,17,6,36,31,2,8.0,morning,20240617T063631,filename_YYYYMMDDTHHMMSS,True,EPSG:32632,32632,303,313,GTiff,float32,,"[579360.0, 5158510.0, 600570.0, 5180420.0]",0.028708606958389282,0.029999999329447746,0.010049480944871902,0.029999999329447746,0.004318607971072197,0.01779911294579506,0.029999999329447746,0.029999999329447746,0.029999999329447746,34751,34751,34751,94839,100.0,100.0,70.0,-70.0,34751,True,
ndvi,data/NDVI/ECO_L2T_STARS.002_NDVI_20240617T063631_aid0001_32N.tif,ECO_L2T_STARS.002_NDVI_20240617T063631_aid0001_32N.tif,2024-06-17T06:36:31,2024-06-17,2024,6,17,6,36,31,2,8.0,morning,20240617T063631,filename_YYYYMMDDTHHMMSS,True,EPSG:32632,32632,303,313,GTiff,float32,,"[579360.0, 5158510.0, 600570.0, 5180420.0]",0.31943368911743164,0.30000001192092896,-0.06816235184669495,0.9925054311752319,0.09356699138879776,0.30000001192092896,0.30000001192092896,0.30000001192092896,0.529395580291748,34751,34751,34751,94839,100.0,100.0,70.0,-70.0,34751,True,
ndvi,data/NDVI/ECO_L2T_STARS.002_NDVI-UQ_20240617T063723_aid0001_32N.tif,ECO_L2T_STARS.002_NDVI-UQ_20240617T063723_aid0001_32N.tif,2024-06-17T06:37:23,2024-06-17,2024,6,17,6,37,23,2,8.0,morning,20240617T063723,filename_YYYYMMDDTHHMMSS,True,EPSG:32632,32632,8,313,GTiff,float32,,"[600000.0, 5158510.0, 600560.0, 5180420.0]",0.029999997466802597,0.029999999329447746,0.029999999329447746,0.029999999329447746,1.862645149230957e-09,0.029999999329447746,0.029999999329447746,0.029999999329447746,0.029999999329447746,94,94,94,2504,100.0,100.0,70.0,-70.0,94,True,
ndvi,data/NDVI/ECO_L2T_STARS.002_NDVI_20240617T063723_aid0001_32N.tif,ECO_L2T_STARS.002_NDVI_20240617T063723_aid0001_32N.tif,2024-06-17T06:37:23,2024-06-17,2024,6,17,6,37,23,2,8.0,morning,20240617T063723,filename_YYYYMMDDTHHMMSS,True,EPSG:32632,32632,8,313,GTiff,float32,,"[600000.0, 5158510.0, 600560.0, 5180420.0]",0.2999999225139618,0.30000001192092896,0.30000001192092896,0.30000001192092896,8.940696716308594e-08,0.30000001192092896,0.30000001192092896,0.30000001192092896,0.30000001192092896,94,94,94,2504,100.0,100.0,70.0,-70.0,94,True,
ndvi,data/NDVI/ECO_L2T_STARS.002_NDVI-UQ_20240618T054827_aid0001_32N.tif,ECO_L2T_STARS.002_NDVI-UQ_20240618T054827_aid0001_32N.tif,2024-06-18T05:48:27,2024-06-18,2024,6,18,5,48,27,2,7.0,morning,20240618T054827,filename_YYYYMMDDTHHMMSS,True,EPSG:32632,32632,303,313,GTiff,float32,,"[579360.0, 5158510.0, 600570.0, 5180420.0]",0.028973031789064407,0.029999999329447746,0.014177163131535053,0.029999999329447746,0.003436220344156027,0.020143406465649605,0.029999999329447746,0.029999999329447746,0.029999999329447746,34751,34751,34751,94839,100.0,100.0,70.0,-70.0,34751,True,
ndvi,data/NDVI/ECO_L2T_STARS.002_NDVI_20240618T054827_aid0001_32N.tif,ECO_L2T_STARS.002_NDVI_20240618T054827_aid0001_32N.tif,2024-06-18T05:48:27,2024-06-18,2024,6,18,5,48,27,2,7.0,morning,20240618T054827,filename_YYYYMMDDTHHMMSS,True,EPSG:32632,32632,303,313,GTiff,float32,,"[579360.0, 5158510.0, 600570.0, 5180420.0]",0.31934505701065063,0.30000001192092896,-0.06814651936292648,0.9924618005752563,0.09292853623628616,0.30000001192092896,0.30000001192092896,0.30000001192092896,0.5274230241775513,34751,34751,34751,94839,100.0,100.0,70.0,-70.0,34751,True,
ndvi,data/NDVI/ECO_L2T_STARS.002_NDVI-UQ_20240619T050048_aid0001_32N.tif,ECO_L2T_STARS.002_NDVI-UQ_20240619T050048_aid0001_32N.tif,2024-06-19T05:00:48,2024-06-19,2024,6,19,5,0,48,2,7.0,morning,20240619T050048,filename_YYYYMMDDTHHMMSS,True,EPSG:32632,32632,8,313,GTiff,float32,,"[600000.0, 5158510.0, 600560.0, 5180420.0]",0.025680309161543846,0.029999999329447746,0.0009960946626961231,0.029999999329447746,0.010326031595468521,0.0009964845376089215,0.029999999329447746,0.029999999329447746,0.029999999329447746,94,94,94,2504,100.0,100.0,70.0,-70.0,94,True,
ndvi,data/NDVI/ECO_L2T_STARS.002_NDVI_20240619T050048_aid0001_32N.tif,ECO_L2T_STARS.002_NDVI_20240619T050048_aid0001_32N.tif,2024-06-19T05:00:48,2024-06-19,2024,6,19,5,0,48,2,7.0,morning,20240619T050048,filename_YYYYMMDDTHHMMSS,True,EPSG:32632,32632,8,313,GTiff,float32,,"[600000.0, 5158510.0, 600560.0, 5180420.0]",0.32334253191947937,0.30000001192092896,0.2004975527524948,0.6819825172424316,0.07155460119247437,0.30000001192092896,0.30000001192092896,0.30000001192092896,0.4696350693702698,94,94,94,2504,100.0,100.0,70.0,-70.0,94,True,
ndvi,data/NDVI/ECO_L2T_STARS.002_NDVI-UQ_20240628T023833_aid0001_32N.tif,ECO_L2T_STARS.002_NDVI-UQ_20240628T023833_aid0001_32N.tif,2024-06-28T02:38:33,2024-06-28,2024,6,28,2,38,33,2,4.0,night,20240628T023833,filename_YYYYMMDDTHHMMSS,True,EPSG:32632,32632,303,313,GTiff,float32,,"[579360.0, 5158510.0, 600570.0, 5180420.0]",0.026392871513962746,0.029999999329447746,0.0009120824979618192,0.029999999329447746,0.00849554967135191,0.000996091403067112,0.029574114829301834,0.029999999329447746,0.029999999329447746,34751,34751,34751,94839,100.0,100.0,70.0,-70.0,34751,True,
ndvi,data/NDVI/ECO_L2T_STARS.002_NDVI_20240628T023833_aid0001_32N.tif,ECO_L2T_STARS.002_NDVI_20240628T023833_aid0001_32N.tif,2024-06-28T02:38:33,2024-06-28,2024,6,28,2,38,33,2,4.0,night,20240628T023833,filename_YYYYMMDDTHHMMSS,True,EPSG:32632,32632,303,313,GTiff,float32,,"[579360.0, 5158510.0, 600570.0, 5180420.0]",0.35566189885139465,0.30000001192092896,-0.23038478195667267,0.9999730587005615,0.14560697972774506,0.30000001192092896,0.30000001192092896,0.30000001192092896,0.7274988889694214,34743,34743,34751,94839,99.97697907973871,99.97697907973871,70.0,-70.0,34751,True,
ndvi,data/NDVI/ECO_L2T_STARS.002_NDVI-UQ_20240628T055252_aid0001_32N.tif,ECO_L2T_STARS.002_NDVI-UQ_20240628T055252_aid0001_32N.tif,2024-06-28T05:52:52,2024-06-28,2024,6,28,5,52,52,2,7.0,morning,20240628T055252,filename_YYYYMMDDTHHMMSS,True,EPSG:32632,32632,8,313,GTiff,float32,,"[600000.0, 5158510.0, 600560.0, 5180420.0]",0.02992011047899723,0.029999999329447746,0.02877793461084366,0.029999999329447746,0.0002702640776988119,0.02916657365858555,0.029999999329447746,0.029999999329447746,0.029999999329447746,94,94,94,2504,100.0,100.0,70.0,-70.0,94,True,
ndvi,data/NDVI/ECO_L2T_STARS.002_NDVI_20240628T055252_aid0001_32N.tif,ECO_L2T_STARS.002_NDVI_20240628T055252_aid0001_32N.tif,2024-06-28T05:52:52,2024-06-28,2024,6,28,5,52,52,2,7.0,morning,20240628T055252,filename_YYYYMMDDTHHMMSS,True,EPSG:32632,32632,8,313,GTiff,float32,,"[600000.0, 5158510.0, 600560.0, 5180420.0]",0.3072754740715027,0.30000001192092896,0.30000001192092896,0.4312945306301117,0.025302564725279808,0.30000001192092896,0.30000001192092896,0.30000001192092896,0.3676449656486511,94,94,94,2504,100.0,100.0,70.0,-70.0,94,True,
ndvi,data/NDVI/ECO_L2T_STARS.002_NDVI-UQ_20240629T015041_aid0001_32N.tif,ECO_L2T_STARS.002_NDVI-UQ_20240629T015041_aid0001_32N.tif,2024-06-29T01:50:41,2024-06-29,2024,6,29,1,50,41,2,3.0,night,20240629T015041,filename_YYYYMMDDTHHMMSS,True,EPSG:32632,32632,303,313,GTiff,float32,,"[579360.0, 5158510.0, 600570.0, 5180420.0]",0.02875337563455105,0.03162277489900589,0.010041508823633194,0.03162277489900589,0.00648082559928298,0.010049487464129925,0.031219037249684334,0.03162277489900589,0.03162277489900589,34751,34751,34751,94839,100.0,100.0,70.0,-70.0,34751,True,
ndvi,data/NDVI/ECO_L2T_STARS.002_NDVI_20240629T015041_aid0001_32N.tif,ECO_L2T_STARS.002_NDVI_20240629T015041_aid0001_32N.tif,2024-06-29T01:50:41,2024-06-29,2024,6,29,1,50,41,2,3.0,night,20240629T015041,filename_YYYYMMDDTHHMMSS,True,EPSG:32632,32632,303,313,GTiff,float32,,"[579360.0, 5158510.0, 600570.0, 5180420.0]",0.35566282272338867,0.30000001192092896,-0.23038478195667267,0.9999730587005615,0.1456068754196167,0.30000001192092896,0.30000001192092896,0.30000001192092896,0.7274988889694214,34743,34743,34751,94839,99.97697907973871,99.97697907973871,70.0,-70.0,34751,True,
ndvi,data/NDVI/ECO_L2T_STARS.002_NDVI-UQ_20250402T120128_aid0001_32N.tif,ECO_L2T_STARS.002_NDVI-UQ_20250402T120128_aid0001_32N.tif,2025-04-02T12:01:28,2025-04-02,2025,4,2,12,1,28,2,14.0,midday_afternoon,20250402T120128,filename_YYYYMMDDTHHMMSS,True,EPSG:32632,32632,303,313,GTiff,float32,,"[579360.0, 5158510.0, 600570.0, 5180420.0]",0.022449398413300514,0.022382838651537895,0.0009120312170125544,0.2776038944721222,0.011570337228477001,0.011174149811267853,0.018480289727449417,0.024515124037861824,0.029999999329447746,34751,34751,34751,94839,100.0,100.0,70.0,-70.0,34751,True,
ndvi,data/NDVI/ECO_L2T_STARS.002_NDVI_20250402T120128_aid0001_32N.tif,ECO_L2T_STARS.002_NDVI_20250402T120128_aid0001_32N.tif,2025-04-02T12:01:28,2025-04-02,2025,4,2,12,1,28,2,14.0,midday_afternoon,20250402T120128,filename_YYYYMMDDTHHMMSS,True,EPSG:32632,32632,303,313,GTiff,float32,,"[579360.0, 5158510.0, 600570.0, 5180420.0]",0.09404871612787247,-0.000997065450064838,-0.5620557069778442,0.9937382936477661,0.20754042267799377,-0.08752282708883286,-0.05047355964779854,0.21325497329235077,0.5297285318374634,34729,34729,34751,94839,99.93669246928147,99.93669246928147,70.0,-70.0,34751,True,
ndvi,data/NDVI/ECO_L2T_STARS.002_NDVI-UQ_20250404T151752_aid0001_32N.tif,ECO_L2T_STARS.002_NDVI-UQ_20250404T151752_aid0001_32N.tif,2025-04-04T15:17:52,2025-04-04,2025,4,4,15,17,52,2,17.0,evening,20250404T151752,filename_YYYYMMDDTHHMMSS,True,EPSG:32632,32632,303,313,GTiff,float32,,"[579360.0, 5158510.0, 600570.0, 5180420.0]",0.00621842173859477,0.000996085931546986,0.0008682553889229894,0.43358519673347473,0.022484011948108673,0.0009367041639052331,0.0009958971058949828,0.0009964259807020426,0.023076169192790985,34751,34751,34751,94839,100.0,100.0,70.0,-70.0,34751,True,
ndvi,data/NDVI/ECO_L2T_STARS.002_NDVI_20250404T151752_aid0001_32N.tif,ECO_L2T_STARS.002_NDVI_20250404T151752_aid0001_32N.tif,2025-04-04T15:17:52,2025-04-04,2025,4,4,15,17,52,2,17.0,evening,20250404T151752,filename_YYYYMMDDTHHMMSS,True,EPSG:32632,32632,303,313,GTiff,float32,,"[579360.0, 5158510.0, 600570.0, 5180420.0]",0.09849855303764343,-0.029581787064671516,-0.9917520880699158,0.9980063438415527,0.24741339683532715,-0.10498303174972534,-0.08185756206512451,0.2344616949558258,0.6341891884803772,34751,34751,34751,94839,100.0,100.0,70.0,-70.0,34751,True,
ndvi,data/NDVI/ECO_L2T_STARS.002_NDVI-UQ_20250407T093954_aid0001_32N.tif,ECO_L2T_STARS.002_NDVI-UQ_20250407T093954_aid0001_32N.tif,2025-04-07T09:39:54,2025-04-07,2025,4,7,9,39,54,2,11.0,midday_afternoon,20250407T093954,filename_YYYYMMDDTHHMMSS,True,EPSG:32632,32632,303,313,GTiff,float32,,"[579360.0, 5158510.0, 600570.0, 5180420.0]",0.012812662869691849,0.010730061680078506,0.0008572983206249774,0.3602737784385681,0.01834378018975258,0.0008586787735112011,0.0008626783383078873,0.01416833233088255,0.042097121477127075,34751,34751,34751,94839,100.0,100.0,70.0,-70.0,34751,True,
ndvi,data/NDVI/ECO_L2T_STARS.002_NDVI_20250407T093954_aid0001_32N.tif,ECO_L2T_STARS.002_NDVI_20250407T093954_aid0001_32N.tif,2025-04-07T09:39:54,2025-04-07,2025,4,7,9,39,54,2,11.0,midday_afternoon,20250407T093954,filename_YYYYMMDDTHHMMSS,True,EPSG:32632,32632,303,313,GTiff,float32,,"[579360.0, 5158510.0, 600570.0, 5180420.0]",0.11885010451078415,-0.03385557606816292,-0.5177070498466492,0.9994939565658569,0.27138984203338623,-0.10212092101573944,-0.07863429188728333,0.2702762186527252,0.7039501667022705,34749,34749,34751,94839,99.99424476993468,99.99424476993468,70.0,-70.0,34751,True,
ndvi,data/NDVI/ECO_L2T_STARS.002_NDVI-UQ_20250409T125547_aid0001_32N.tif,ECO_L2T_STARS.002_NDVI-UQ_20250409T125547_aid0001_32N.tif,2025-04-09T12:55:47,2025-04-09,2025,4,9,12,55,47,2,14.0,midday_afternoon,20250409T125547,filename_YYYYMMDDTHHMMSS,True,EPSG:32632,32632,303,313,GTiff,float32,,"[579360.0, 5158510.0, 600570.0, 5180420.0]",0.02399500459432602,0.014168648980557919,0.001223509549163282,0.4911607503890991,0.03410493955016136,0.008774405345320702,0.011936036869883537,0.02001800760626793,0.07624803483486176,34751,34751,34751,94839,100.0,100.0,70.0,-70.0,34751,True,
ndvi,data/NDVI/ECO_L2T_STARS.002_NDVI_20250409T125547_aid0001_32N.tif,ECO_L2T_STARS.002_NDVI_20250409T125547_aid0001_32N.tif,2025-04-09T12:55:47,2025-04-09,2025,4,9,12,55,47,2,14.0,midday_afternoon,20250409T125547,filename_YYYYMMDDTHHMMSS,True,EPSG:32632,32632,303,313,GTiff,float32,,"[579360.0, 5158510.0, 600570.0, 5180420.0]",0.1107332706451416,-0.03640475124120712,-0.525255024433136,0.9983001947402954,0.26698511838912964,-0.10902151465415955,-0.0798439159989357,0.2535352110862732,0.6918506026268005,34748,34748,34751,94839,99.99136715490202,99.99136715490202,70.0,-70.0,34751,True,
ndvi,data/NDVI/ECO_L2T_STARS.002_NDVI-UQ_20250410T085402_aid0001_32N.tif,ECO_L2T_STARS.002_NDVI-UQ_20250410T085402_aid0001_32N.tif,2025-04-10T08:54:02,2025-04-10,2025,4,10,8,54,2,2,10.0,morning,20250410T085402,filename_YYYYMMDDTHHMMSS,True,EPSG:32632,32632,303,313,GTiff,float32,,"[579360.0, 5158510.0, 600570.0, 5180420.0]",0.002089175395667553,0.0009172862628474832,0.0007245675660669804,0.20947109162807465,0.005989428143948317,0.0008847078424878418,0.0008886898867785931,0.0009789192117750645,0.01082125399261713,34751,34751,34751,94839,100.0,100.0,70.0,-70.0,34751,True,
ndvi,data/NDVI/ECO_L2T_STARS.002_NDVI_20250410T085402_aid0001_32N.tif,ECO_L2T_STARS.002_NDVI_20250410T085402_aid0001_32N.tif,2025-04-10T08:54:02,2025-04-10,2025,4,10,8,54,2,2,10.0,morning,20250410T085402,filename_YYYYMMDDTHHMMSS,True,EPSG:32632,32632,303,313,GTiff,float32,,"[579360.0, 5158510.0, 600570.0, 5180420.0]",0.14330850541591644,-0.016563983634114265,-0.9099079966545105,0.9947161078453064,0.2915450930595398,-0.09955232590436935,-0.0740869790315628,0.3064468502998352,0.7525785565376282,34743,34743,34751,94839,99.97697907973871,99.97697907973871,70.0,-70.0,34751,True,
ndvi,data/NDVI/ECO_L2T_STARS.002_NDVI-UQ_20250411T080621_aid0001_32N.tif,ECO_L2T_STARS.002_NDVI-UQ_20250411T080621_aid0001_32N.tif,2025-04-11T08:06:21,2025-04-11,2025,4,11,8,6,21,2,10.0,morning,20250411T080621,filename_YYYYMMDDTHHMMSS,True,EPSG:32632,32632,303,313,GTiff,float32,,"[579360.0, 5158510.0, 600570.0, 5180420.0]",0.012283515185117722,0.007952529937028885,0.0015286250272765756,0.20538775622844696,0.015810485929250717,0.004255345091223717,0.0063005900010466576,0.01004200242459774,0.03513321280479431,34751,34751,34751,94839,100.0,100.0,70.0,-70.0,34751,True,
ndvi,data/NDVI/ECO_L2T_STARS.002_NDVI_20250411T080621_aid0001_32N.tif,ECO_L2T_STARS.002_NDVI_20250411T080621_aid0001_32N.tif,2025-04-11T08:06:21,2025-04-11,2025,4,11,8,6,21,2,10.0,morning,20250411T080621,filename_YYYYMMDDTHHMMSS,True,EPSG:32632,32632,303,313,GTiff,float32,,"[579360.0, 5158510.0, 600570.0, 5180420.0]",0.14658750593662262,-0.01657997816801071,-0.9071909785270691,0.9962691068649292,0.2982511520385742,-0.10084597766399384,-0.07446130365133286,0.3140331506729126,0.7755535244941711,34688,34688,34751,94839,99.81871025294237,99.81871025294237,70.0,-70.0,34751,True,
ndvi,data/NDVI/ECO_L2T_STARS.002_NDVI-UQ_20250412T120912_aid0001_32N.tif,ECO_L2T_STARS.002_NDVI-UQ_20250412T120912_aid0001_32N.tif,2025-04-12T12:09:12,2025-04-12,2025,4,12,12,9,12,2,14.0,midday_afternoon,20250412T120912,filename_YYYYMMDDTHHMMSS,True,EPSG:32632,32632,303,313,GTiff,float32,,"[579360.0, 5158510.0, 600570.0, 5180420.0]",0.008651191368699074,0.0037681141402572393,0.0006395715172402561,0.2885824739933014,0.01614643633365631,0.0008572875522077084,0.0008671042742207646,0.009995227679610252,0.03365154564380646,34751,34751,34751,94839,100.0,100.0,70.0,-70.0,34751,True,
ndvi,data/NDVI/ECO_L2T_STARS.002_NDVI_20250412T120912_aid0001_32N.tif,ECO_L2T_STARS.002_NDVI_20250412T120912_aid0001_32N.tif,2025-04-12T12:09:12,2025-04-12,2025,4,12,12,9,12,2,14.0,midday_afternoon,20250412T120912,filename_YYYYMMDDTHHMMSS,True,EPSG:32632,32632,303,313,GTiff,float32,,"[579360.0, 5158510.0, 600570.0, 5180420.0]",0.14790818095207214,-0.009355463087558746,-0.9053374528884888,0.9997457265853882,0.2990550994873047,-0.11318822205066681,-0.07992436736822128,0.34122413396835327,0.7552317976951599,34569,34569,34751,94839,99.47627406405572,99.47627406405572,70.0,-70.0,34751,True,
ndvi,data/NDVI/ECO_L2T_STARS.002_NDVI-UQ_20250412T121003_aid0001_32N.tif,ECO_L2T_STARS.002_NDVI-UQ_20250412T121003_aid0001_32N.tif,2025-04-12T12:10:03,2025-04-12,2025,4,12,12,10,3,2,14.0,midday_afternoon,20250412T121003,filename_YYYYMMDDTHHMMSS,True,EPSG:32632,32632,8,313,GTiff,float32,,"[600000.0, 5158510.0, 600560.0, 5180420.0]",0.00087208446348086,0.0008666302310302854,0.0008627849165350199,0.0008958751568570733,1.2385019545035902e-05,0.0008627964998595417,0.0008629501098766923,0.0008913896162994206,0.000894079334102571,94,94,94,2504,100.0,100.0,70.0,-70.0,94,True,
ndvi,data/NDVI/ECO_L2T_STARS.002_NDVI_20250412T121003_aid0001_32N.tif,ECO_L2T_STARS.002_NDVI_20250412T121003_aid0001_32N.tif,2025-04-12T12:10:03,2025-04-12,2025,4,12,12,10,3,2,14.0,midday_afternoon,20250412T121003,filename_YYYYMMDDTHHMMSS,True,EPSG:32632,32632,8,313,GTiff,float32,,"[600000.0, 5158510.0, 600560.0, 5180420.0]",-0.08141563087701797,-0.1025751605629921,-0.11878455430269241,0.30836573243141174,0.07047511637210846,-0.11298497766256332,-0.10701847821474075,-0.0877537876367569,0.02457805909216404,94,94,94,2504,100.0,100.0,70.0,-70.0,94,True,
ndvi,data/NDVI/ECO_L2T_STARS.002_NDVI-UQ_20250415T063039_aid0001_32N.tif,ECO_L2T_STARS.002_NDVI-UQ_20250415T063039_aid0001_32N.tif,2025-04-15T06:30:39,2025-04-15,2025,4,15,6,30,39,2,8.0,morning,20250415T063039,filename_YYYYMMDDTHHMMSS,True,EPSG:32632,32632,303,313,GTiff,float32,,"[579360.0, 5158510.0, 600570.0, 5180420.0]",0.02389473468065262,0.017098110169172287,0.0008829450816847384,0.3573630750179291,0.02828007936477661,0.0034978874027729034,0.009229608811438084,0.023501800373196602,0.07449326664209366,34751,34751,34751,94839,100.0,100.0,70.0,-70.0,34751,True,
ndvi,data/NDVI/ECO_L2T_STARS.002_NDVI_20250415T063039_aid0001_32N.tif,ECO_L2T_STARS.002_NDVI_20250415T063039_aid0001_32N.tif,2025-04-15T06:30:39,2025-04-15,2025,4,15,6,30,39,2,8.0,morning,20250415T063039,filename_YYYYMMDDTHHMMSS,True,EPSG:32632,32632,303,313,GTiff,float32,,"[579360.0, 5158510.0, 600570.0, 5180420.0]",0.14760440587997437,-0.011342333629727364,-0.8940184712409973,0.9999121427536011,0.30075788497924805,-0.11348653584718704,-0.07909342646598816,0.3396146297454834,0.7598332166671753,34434,34434,34751,94839,99.08779603464649,99.08779603464649,70.0,-70.0,34751,True,
ndvi,data/NDVI/ECO_L2T_STARS.002_NDVI-UQ_20250415T063131_aid0001_32N.tif,ECO_L2T_STARS.002_NDVI-UQ_20250415T063131_aid0001_32N.tif,2025-04-15T06:31:31,2025-04-15,2025,4,15,6,31,31,2,8.0,morning,20250415T063131,filename_YYYYMMDDTHHMMSS,True,EPSG:32632,32632,8,313,GTiff,float32,,"[600000.0, 5158510.0, 600560.0, 5180420.0]",0.007902489975094795,0.005419124849140644,0.004823219496756792,0.017343660816550255,0.0042745862156152725,0.004921005107462406,0.005121318157762289,0.009278649464249611,0.01734342984855175,94,94,94,2504,100.0,100.0,70.0,-70.0,94,True,
ndvi,data/NDVI/ECO_L2T_STARS.002_NDVI_20250415T063131_aid0001_32N.tif,ECO_L2T_STARS.002_NDVI_20250415T063131_aid0001_32N.tif,2025-04-15T06:31:31,2025-04-15,2025,4,15,6,31,31,2,8.0,morning,20250415T063131,filename_YYYYMMDDTHHMMSS,True,EPSG:32632,32632,8,313,GTiff,float32,,"[600000.0, 5158510.0, 600560.0, 5180420.0]",-0.08110442012548447,-0.1022019311785698,-0.11841873824596405,0.30836573243141174,0.07040603458881378,-0.11267588287591934,-0.1066960021853447,-0.08737257868051529,0.02474900335073471,94,94,94,2504,100.0,100.0,70.0,-70.0,94,True,
ndvi,data/NDVI/ECO_L2T_STARS.002_NDVI-UQ_20250417T063142_aid0001_32N.tif,ECO_L2T_STARS.002_NDVI-UQ_20250417T063142_aid0001_32N.tif,2025-04-17T06:31:42,2025-04-17,2025,4,17,6,31,42,2,8.0,morning,20250417T063142,filename_YYYYMMDDTHHMMSS,True,EPSG:32632,32632,303,313,GTiff,float32,,"[579360.0, 5158510.0, 600570.0, 5180420.0]",0.022844836115837097,0.019112994894385338,0.0007063533994369209,0.3018554151058197,0.02710147015750408,0.002208784921094775,0.0063284276984632015,0.024088773876428604,0.07772962003946304,34751,34751,34751,94839,100.0,100.0,70.0,-70.0,34751,True,
ndvi,data/NDVI/ECO_L2T_STARS.002_NDVI_20250417T063142_aid0001_32N.tif,ECO_L2T_STARS.002_NDVI_20250417T063142_aid0001_32N.tif,2025-04-17T06:31:42,2025-04-17,2025,4,17,6,31,42,2,8.0,morning,20250417T063142,filename_YYYYMMDDTHHMMSS,True,EPSG:32632,32632,303,313,GTiff,float32,,"[579360.0, 5158510.0, 600570.0, 5180420.0]",0.15515707433223724,0.01347905583679676,-0.9067435264587402,0.9997024536132812,0.29444262385368347,-0.11080071330070496,-0.07509976625442505,0.3314136266708374,0.7554638981819153,34484,34484,34751,94839,99.23167678627954,99.23167678627954,70.0,-70.0,34751,True,
ndvi,data/NDVI/ECO_L2T_STARS.002_NDVI-UQ_20250418T054400_aid0001_32N.tif,ECO_L2T_STARS.002_NDVI-UQ_20250418T054400_aid0001_32N.tif,2025-04-18T05:44:00,2025-04-18,2025,4,18,5,44,0,2,7.0,morning,20250418T054400,filename_YYYYMMDDTHHMMSS,True,EPSG:32632,32632,303,313,GTiff,float32,,"[579360.0, 5158510.0, 600570.0, 5180420.0]",0.021939394995570183,0.018534086644649506,0.0009959033923223615,0.6608964800834656,0.02359156124293804,0.001974252052605152,0.010053545236587524,0.02601839043200016,0.06308940052986145,34751,34751,34751,94839,100.0,100.0,70.0,-70.0,34751,True,
ndvi,data/NDVI/ECO_L2T_STARS.002_NDVI_20250418T054400_aid0001_32N.tif,ECO_L2T_STARS.002_NDVI_20250418T054400_aid0001_32N.tif,2025-04-18T05:44:00,2025-04-18,2025,4,18,5,44,0,2,7.0,morning,20250418T054400,filename_YYYYMMDDTHHMMSS,True,EPSG:32632,32632,303,313,GTiff,float32,,"[579360.0, 5158510.0, 600570.0, 5180420.0]",0.16925622522830963,0.15071940422058105,-0.9471321105957031,0.9788304567337036,0.2296779453754425,-0.102731853723526,-0.031094301491975784,0.28303202986717224,0.6639384627342224,34748,34748,34751,94839,99.99136715490202,99.99136715490202,70.0,-70.0,34751,True,
ndvi,data/NDVI/ECO_L2T_STARS.002_NDVI-UQ_20250423T081045_aid0001_32N.tif,ECO_L2T_STARS.002_NDVI-UQ_20250423T081045_aid0001_32N.tif,2025-04-23T08:10:45,2025-04-23,2025,4,23,8,10,45,2,10.0,morning,20250423T081045,filename_YYYYMMDDTHHMMSS,True,EPSG:32632,32632,303,313,GTiff,float32,,"[579360.0, 5158510.0, 600570.0, 5180420.0]",0.02147037535905838,0.021002402529120445,0.0018335627391934395,0.4327131509780884,0.018460409715771675,0.010049480944871902,0.010049481876194477,0.025902338325977325,0.038137663155794144,34751,34751,34751,94839,100.0,100.0,70.0,-70.0,34751,True,
ndvi,data/NDVI/ECO_L2T_STARS.002_NDVI_20250423T081045_aid0001_32N.tif,ECO_L2T_STARS.002_NDVI_20250423T081045_aid0001_32N.tif,2025-04-23T08:10:45,2025-04-23,2025,4,23,8,10,45,2,10.0,morning,20250423T081045,filename_YYYYMMDDTHHMMSS,True,EPSG:32632,32632,303,313,GTiff,float32,,"[579360.0, 5158510.0, 600570.0, 5180420.0]",0.2041330337524414,0.12004474550485611,-0.2518085837364197,0.9974778294563293,0.2580852508544922,-0.07487816363573074,-0.017413929104804993,0.34052035212516785,0.7098307013511658,34735,34735,34751,94839,99.95395815947742,99.95395815947742,70.0,-70.0,34751,True,
ndvi,data/NDVI/ECO_L2T_STARS.002_NDVI-UQ_20250516T175254_aid0001_32N.tif,ECO_L2T_STARS.002_NDVI-UQ_20250516T175254_aid0001_32N.tif,2025-05-16T17:52:54,2025-05-16,2025,5,16,17,52,54,2,19.0,evening,20250516T175254,filename_YYYYMMDDTHHMMSS,True,EPSG:32632,32632,303,313,GTiff,float32,,"[579360.0, 5158510.0, 600570.0, 5180420.0]",0.027950333431363106,0.029999999329447746,0.007036506198346615,0.029999999329447746,0.003828849410638213,0.01906905695796013,0.02751917764544487,0.029999999329447746,0.029999999329447746,34751,34751,34751,94839,100.0,100.0,70.0,-70.0,34751,True,
ndvi,data/NDVI/ECO_L2T_STARS.002_NDVI_20250516T175254_aid0001_32N.tif,ECO_L2T_STARS.002_NDVI_20250516T175254_aid0001_32N.tif,2025-05-16T17:52:54,2025-05-16,2025,5,16,17,52,54,2,19.0,evening,20250516T175254,filename_YYYYMMDDTHHMMSS,True,EPSG:32632,32632,303,313,GTiff,float32,,"[579360.0, 5158510.0, 600570.0, 5180420.0]",0.27694207429885864,0.30000001192092896,-0.7247893810272217,0.9985111355781555,0.17606280744075775,-0.049299731850624084,0.24259693920612335,0.30000001192092896,0.6322614550590515,34750,34750,34751,94839,99.99712238496734,99.99712238496734,70.0,-70.0,34751,True,
ndvi,data/NDVI/ECO_L2T_STARS.002_NDVI-UQ_20250524T144152_aid0001_32N.tif,ECO_L2T_STARS.002_NDVI-UQ_20250524T144152_aid0001_32N.tif,2025-05-24T14:41:52,2025-05-24,2025,5,24,14,41,52,2,16.0,evening,20250524T144152,filename_YYYYMMDDTHHMMSS,True,EPSG:32632,32632,303,313,GTiff,float32,,"[579360.0, 5158510.0, 600570.0, 5180420.0]",0.02737858146429062,0.029999999329447746,0.0009368023020215333,0.029999999329447746,0.0071582249365746975,0.00099654751829803,0.029999999329447746,0.029999999329447746,0.029999999329447746,34751,34751,34751,94839,100.0,100.0,70.0,-70.0,34751,True,
ndvi,data/NDVI/ECO_L2T_STARS.002_NDVI_20250524T144152_aid0001_32N.tif,ECO_L2T_STARS.002_NDVI_20250524T144152_aid0001_32N.tif,2025-05-24T14:41:52,2025-05-24,2025,5,24,14,41,52,2,16.0,evening,20250524T144152,filename_YYYYMMDDTHHMMSS,True,EPSG:32632,32632,303,313,GTiff,float32,,"[579360.0, 5158510.0, 600570.0, 5180420.0]",0.298896461725235,0.30000001192092896,-0.1429559886455536,0.9861460328102112,0.11899778991937637,0.060034822672605515,0.30000001192092896,0.30000001192092896,0.5237817764282227,34750,34750,34751,94839,99.99712238496734,99.99712238496734,70.0,-70.0,34751,True,
ndvi,data/NDVI/ECO_L2T_STARS.002_NDVI-UQ_20250526T144312_aid0001_32N.tif,ECO_L2T_STARS.002_NDVI-UQ_20250526T144312_aid0001_32N.tif,2025-05-26T14:43:12,2025-05-26,2025,5,26,14,43,12,2,16.0,evening,20250526T144312,filename_YYYYMMDDTHHMMSS,True,EPSG:32632,32632,8,313,GTiff,float32,,"[600000.0, 5158510.0, 600560.0, 5180420.0]",0.01936372183263302,0.014177394099533558,0.014177313074469566,0.04899991676211357,0.012397710233926773,0.014177328906953335,0.014177394099533558,0.014177396893501282,0.04899991676211357,94,94,94,2504,100.0,100.0,70.0,-70.0,94,True,
ndvi,data/NDVI/ECO_L2T_STARS.002_NDVI_20250526T144312_aid0001_32N.tif,ECO_L2T_STARS.002_NDVI_20250526T144312_aid0001_32N.tif,2025-05-26T14:43:12,2025-05-26,2025,5,26,14,43,12,2,16.0,evening,20250526T144312,filename_YYYYMMDDTHHMMSS,True,EPSG:32632,32632,8,313,GTiff,float32,,"[600000.0, 5158510.0, 600560.0, 5180420.0]",-0.009913344867527485,-0.02156372368335724,-0.08519533276557922,0.5087375640869141,0.07346265017986298,-0.05524272844195366,-0.023693600669503212,-0.019455380737781525,0.02943470887839794,94,94,94,2504,100.0,100.0,70.0,-70.0,94,True,
ndvi,data/NDVI/ECO_L2T_STARS.002_NDVI-UQ_20250530T130618_aid0001_32N.tif,ECO_L2T_STARS.002_NDVI-UQ_20250530T130618_aid0001_32N.tif,2025-05-30T13:06:18,2025-05-30,2025,5,30,13,6,18,2,15.0,midday_afternoon,20250530T130618,filename_YYYYMMDDTHHMMSS,True,EPSG:32632,32632,303,313,GTiff,float32,,"[579360.0, 5158510.0, 600570.0, 5180420.0]",0.006928958930075169,0.0009960945462808013,0.0009302888647653162,0.029999999329447746,0.009765740483999252,0.0009959593880921602,0.000996081274934113,0.01366098877042532,0.02819034457206726,34751,34751,34751,94839,100.0,100.0,70.0,-70.0,34751,True,
ndvi,data/NDVI/ECO_L2T_STARS.002_NDVI_20250530T130618_aid0001_32N.tif,ECO_L2T_STARS.002_NDVI_20250530T130618_aid0001_32N.tif,2025-05-30T13:06:18,2025-05-30,2025,5,30,13,6,18,2,15.0,midday_afternoon,20250530T130618,filename_YYYYMMDDTHHMMSS,True,EPSG:32632,32632,303,313,GTiff,float32,,"[579360.0, 5158510.0, 600570.0, 5180420.0]",0.3207407593727112,0.30815020203590393,-0.3548077344894409,0.995668888092041,0.29386427998542786,-0.09362123906612396,0.026389947161078453,0.6085613965988159,0.7361494898796082,34751,34751,34751,94839,100.0,100.0,70.0,-70.0,34751,True,
ndvi,data/NDVI/ECO_L2T_STARS.002_NDVI-UQ_20250531T121805_aid0001_32N.tif,ECO_L2T_STARS.002_NDVI-UQ_20250531T121805_aid0001_32N.tif,2025-05-31T12:18:05,2025-05-31,2025,5,31,12,18,5,2,14.0,midday_afternoon,20250531T121805,filename_YYYYMMDDTHHMMSS,True,EPSG:32632,32632,303,313,GTiff,float32,,"[579360.0, 5158510.0, 600570.0, 5180420.0]",0.007135849911719561,0.0009990244871005416,0.0008369788411073387,0.03162277489900589,0.00919547863304615,0.000845248403493315,0.0008457327494397759,0.01004948653280735,0.028998613357543945,34751,34751,34751,94839,100.0,100.0,70.0,-70.0,34751,True,
ndvi,data/NDVI/ECO_L2T_STARS.002_NDVI_20250531T121805_aid0001_32N.tif,ECO_L2T_STARS.002_NDVI_20250531T121805_aid0001_32N.tif,2025-05-31T12:18:05,2025-05-31,2025,5,31,12,18,5,2,14.0,midday_afternoon,20250531T121805,filename_YYYYMMDDTHHMMSS,True,EPSG:32632,32632,303,313,GTiff,float32,,"[579360.0, 5158510.0, 600570.0, 5180420.0]",0.30755168199539185,0.2985617220401764,-0.7659497857093811,0.9468902349472046,0.29847151041030884,-0.1123800128698349,0.024148933589458466,0.6042963862419128,0.7406229376792908,34751,34751,34751,94839,100.0,100.0,70.0,-70.0,34751,True,
ndvi,data/NDVI/ECO_L2T_STARS.002_NDVI-UQ_20250602T153239_aid0001_32N.tif,ECO_L2T_STARS.002_NDVI-UQ_20250602T153239_aid0001_32N.tif,2025-06-02T15:32:39,2025-06-02,2025,6,2,15,32,39,2,17.0,evening,20250602T153239,filename_YYYYMMDDTHHMMSS,True,EPSG:32632,32632,303,313,GTiff,float32,,"[579360.0, 5158510.0, 600570.0, 5180420.0]",0.01733456738293171,0.014177377335727215,0.007049390580505133,0.03464101627469063,0.005752943456172943,0.014167358167469501,0.014167385175824165,0.0173491258174181,0.0322272889316082,34751,34751,34751,94839,100.0,100.0,70.0,-70.0,34751,True,
ndvi,data/NDVI/ECO_L2T_STARS.002_NDVI_20250602T153239_aid0001_32N.tif,ECO_L2T_STARS.002_NDVI_20250602T153239_aid0001_32N.tif,2025-06-02T15:32:39,2025-06-02,2025,6,2,15,32,39,2,17.0,evening,20250602T153239,filename_YYYYMMDDTHHMMSS,True,EPSG:32632,32632,303,313,GTiff,float32,,"[579360.0, 5158510.0, 600570.0, 5180420.0]",0.3073529899120331,0.2976107895374298,-0.7659497857093811,0.9468902349472046,0.2984219193458557,-0.11240384727716446,0.02393738180398941,0.6038438081741333,0.7406721711158752,34751,34751,34751,94839,100.0,100.0,70.0,-70.0,34751,True,
ndvi,data/NDVI/ECO_L2T_STARS.002_NDVI-UQ_20250603T112957_aid0001_32N.tif,ECO_L2T_STARS.002_NDVI-UQ_20250603T112957_aid0001_32N.tif,2025-06-03T11:29:57,2025-06-03,2025,6,3,11,29,57,2,13.0,midday_afternoon,20250603T112957,filename_YYYYMMDDTHHMMSS,True,EPSG:32632,32632,303,313,GTiff,float32,,"[579360.0, 5158510.0, 600570.0, 5180420.0]",0.019992496818304062,0.01734928786754608,0.0009976762812584639,0.036055512726306915,0.005469049792736769,0.016729101538658142,0.01734112575650215,0.02002478949725628,0.03370942920446396,34751,34751,34751,94839,100.0,100.0,70.0,-70.0,34751,True,
ndvi,data/NDVI/ECO_L2T_STARS.002_NDVI_20250603T112957_aid0001_32N.tif,ECO_L2T_STARS.002_NDVI_20250603T112957_aid0001_32N.tif,2025-06-03T11:29:57,2025-06-03,2025,6,3,11,29,57,2,13.0,midday_afternoon,20250603T112957,filename_YYYYMMDDTHHMMSS,True,EPSG:32632,32632,303,313,GTiff,float32,,"[579360.0, 5158510.0, 600570.0, 5180420.0]",0.3086075782775879,0.29883137345314026,-0.7659497857093811,0.9508458971977234,0.29953035712242126,-0.11238907277584076,0.02412852644920349,0.6057378649711609,0.7434307336807251,34751,34751,34751,94839,100.0,100.0,70.0,-70.0,34751,True,
ndvi,data/NDVI/ECO_L2T_STARS.002_NDVI-UQ_20250604T104125_aid0001_32N.tif,ECO_L2T_STARS.002_NDVI-UQ_20250604T104125_aid0001_32N.tif,2025-06-04T10:41:25,2025-06-04,2025,6,4,10,41,25,2,12.0,midday_afternoon,20250604T104125,filename_YYYYMMDDTHHMMSS,True,EPSG:32632,32632,303,313,GTiff,float32,,"[579360.0, 5158510.0, 600570.0, 5180420.0]",0.021376678720116615,0.020024776458740234,0.010039068758487701,0.029999999329447746,0.003292172448709607,0.017316777259111404,0.020017853006720543,0.022382838651537895,0.028551723808050156,34751,34751,34751,94839,100.0,100.0,70.0,-70.0,34751,True,
ndvi,data/NDVI/ECO_L2T_STARS.002_NDVI_20250604T104125_aid0001_32N.tif,ECO_L2T_STARS.002_NDVI_20250604T104125_aid0001_32N.tif,2025-06-04T10:41:25,2025-06-04,2025,6,4,10,41,25,2,12.0,midday_afternoon,20250604T104125,filename_YYYYMMDDTHHMMSS,True,EPSG:32632,32632,303,313,GTiff,float32,,"[579360.0, 5158510.0, 600570.0, 5180420.0]",0.31285572052001953,0.30000001192092896,-0.7660878896713257,0.9997191429138184,0.2977055609226227,-0.11203481256961823,0.0357528030872345,0.6068927645683289,0.7437987923622131,34731,34731,34751,94839,99.94244769934679,99.94244769934679,70.0,-70.0,34751,True,
ndvi,data/NDVI/ECO_L2T_STARS.002_NDVI-UQ_20250606T104116_aid0001_32N.tif,ECO_L2T_STARS.002_NDVI-UQ_20250606T104116_aid0001_32N.tif,2025-06-06T10:41:16,2025-06-06,2025,6,6,10,41,16,2,12.0,midday_afternoon,20250606T104116,filename_YYYYMMDDTHHMMSS,True,EPSG:32632,32632,303,313,GTiff,float32,,"[579360.0, 5158510.0, 600570.0, 5180420.0]",0.025354813784360886,0.024515124037861824,0.012550576590001583,0.029999999329447746,0.0022929504048079252,0.02225162461400032,0.024509476497769356,0.026476234197616577,0.029540427029132843,34751,34751,34751,94839,100.0,100.0,70.0,-70.0,34751,True,
ndvi,data/NDVI/ECO_L2T_STARS.002_NDVI_20250606T104116_aid0001_32N.tif,ECO_L2T_STARS.002_NDVI_20250606T104116_aid0001_32N.tif,2025-06-06T10:41:16,2025-06-06,2025,6,6,10,41,16,2,12.0,midday_afternoon,20250606T104116,filename_YYYYMMDDTHHMMSS,True,EPSG:32632,32632,303,313,GTiff,float32,,"[579360.0, 5158510.0, 600570.0, 5180420.0]",0.313841849565506,0.30000001192092896,-0.7661277055740356,0.9982988834381104,0.29605624079704285,-0.11213322728872299,0.042687274515628815,0.6054472923278809,0.7437316179275513,34724,34724,34751,94839,99.92230439411816,99.92230439411816,70.0,-70.0,34751,True,
ndvi,data/NDVI/ECO_L2T_STARS.002_NDVI-UQ_20250606T135544_aid0001_32N.tif,ECO_L2T_STARS.002_NDVI-UQ_20250606T135544_aid0001_32N.tif,2025-06-06T13:55:44,2025-06-06,2025,6,6,13,55,44,2,15.0,midday_afternoon,20250606T135544,filename_YYYYMMDDTHHMMSS,True,EPSG:32632,32632,8,313,GTiff,float32,,"[600000.0, 5158510.0, 600560.0, 5180420.0]",0.025500109419226646,0.024717524647712708,0.024509534239768982,0.029555952176451683,0.0015512426616623998,0.02450961247086525,0.02451051026582718,0.02544448897242546,0.02910499833524227,94,94,94,2504,100.0,100.0,70.0,-70.0,94,True,
ndvi,data/NDVI/ECO_L2T_STARS.002_NDVI_20250606T135544_aid0001_32N.tif,ECO_L2T_STARS.002_NDVI_20250606T135544_aid0001_32N.tif,2025-06-06T13:55:44,2025-06-06,2025,6,6,13,55,44,2,15.0,midday_afternoon,20250606T135544,filename_YYYYMMDDTHHMMSS,True,EPSG:32632,32632,8,313,GTiff,float32,,"[600000.0, 5158510.0, 600560.0, 5180420.0]",-0.007260642945766449,-0.10194475203752518,-0.12552565336227417,0.7221121191978455,0.22254447638988495,-0.12165926396846771,-0.11436998844146729,-0.07012360543012619,0.5216613411903381,94,94,94,2504,100.0,100.0,70.0,-70.0,94,True,
ndvi,data/NDVI/ECO_L2T_STARS.002_NDVI-UQ_20250608T090514_aid0001_32N.tif,ECO_L2T_STARS.002_NDVI-UQ_20250608T090514_aid0001_32N.tif,2025-06-08T09:05:14,2025-06-08,2025,6,8,9,5,14,2,11.0,midday_afternoon,20250608T090514,filename_YYYYMMDDTHHMMSS,True,EPSG:32632,32632,303,313,GTiff,float32,,"[579360.0, 5158510.0, 600570.0, 5180420.0]",0.030214080587029457,0.029999999329447746,0.013008205220103264,0.30815619230270386,0.010443408042192459,0.026659278199076653,0.029999999329447746,0.029999999329447746,0.029999999329447746,34751,34751,34751,94839,100.0,100.0,70.0,-70.0,34751,True,
ndvi,data/NDVI/ECO_L2T_STARS.002_NDVI_20250608T090514_aid0001_32N.tif,ECO_L2T_STARS.002_NDVI_20250608T090514_aid0001_32N.tif,2025-06-08T09:05:14,2025-06-08,2025,6,8,9,5,14,2,11.0,midday_afternoon,20250608T090514,filename_YYYYMMDDTHHMMSS,True,EPSG:32632,32632,303,313,GTiff,float32,,"[579360.0, 5158510.0, 600570.0, 5180420.0]",0.3202432096004486,0.30000001192092896,0.07661048322916031,0.9502461552619934,0.08065896481275558,0.30000001192092896,0.30000001192092896,0.30000001192092896,0.5218403339385986,34751,34751,34751,94839,100.0,100.0,70.0,-70.0,34751,True,
ndvi,data/NDVI/ECO_L2T_STARS.002_NDVI-UQ_20250610T090403_aid0001_32N.tif,ECO_L2T_STARS.002_NDVI-UQ_20250610T090403_aid0001_32N.tif,2025-06-10T09:04:03,2025-06-10,2025,6,10,9,4,3,2,11.0,midday_afternoon,20250610T090403,filename_YYYYMMDDTHHMMSS,True,EPSG:32632,32632,303,313,GTiff,float32,,"[579360.0, 5158510.0, 600570.0, 5180420.0]",0.03339241445064545,0.03163847699761391,0.016141464933753014,0.25999096035957336,0.010905089788138866,0.02523266151547432,0.031634069979190826,0.03318120166659355,0.04319844767451286,34751,34751,34751,94839,100.0,100.0,70.0,-70.0,34751,True,
ndvi,data/NDVI/ECO_L2T_STARS.002_NDVI_20250610T090403_aid0001_32N.tif,ECO_L2T_STARS.002_NDVI_20250610T090403_aid0001_32N.tif,2025-06-10T09:04:03,2025-06-10,2025,6,10,9,4,3,2,11.0,midday_afternoon,20250610T090403,filename_YYYYMMDDTHHMMSS,True,EPSG:32632,32632,303,313,GTiff,float32,,"[579360.0, 5158510.0, 600570.0, 5180420.0]",0.3065129518508911,0.29767125844955444,-0.8683179020881653,0.9921532869338989,0.29767048358917236,-0.11235523968935013,0.025493323802947998,0.5929245948791504,0.745393693447113,34747,34747,34751,94839,99.98848953986935,99.98848953986935,70.0,-70.0,34751,True,
ndvi,data/NDVI/ECO_L2T_STARS.002_NDVI-UQ_20250611T081542_aid0001_32N.tif,ECO_L2T_STARS.002_NDVI-UQ_20250611T081542_aid0001_32N.tif,2025-06-11T08:15:42,2025-06-11,2025,6,11,8,15,42,2,10.0,morning,20250611T081542,filename_YYYYMMDDTHHMMSS,True,EPSG:32632,32632,303,313,GTiff,float32,,"[579360.0, 5158510.0, 600570.0, 5180420.0]",0.022716820240020752,0.029999999329447746,0.0009960777824744582,0.029999999329447746,0.010729720816016197,0.0009960811585187912,0.018990542739629745,0.029999999329447746,0.029999999329447746,34751,34751,34751,94839,100.0,100.0,70.0,-70.0,34751,True,
ndvi,data/NDVI/ECO_L2T_STARS.002_NDVI_20250611T081542_aid0001_32N.tif,ECO_L2T_STARS.002_NDVI_20250611T081542_aid0001_32N.tif,2025-06-11T08:15:42,2025-06-11,2025,6,11,8,15,42,2,10.0,morning,20250611T081542,filename_YYYYMMDDTHHMMSS,True,EPSG:32632,32632,303,313,GTiff,float32,,"[579360.0, 5158510.0, 600570.0, 5180420.0]",0.3774990141391754,0.30000001192092896,-0.09324110299348831,0.9387508034706116,0.1519077718257904,0.21678000688552856,0.30000001192092896,0.4629039466381073,0.6927800178527832,34751,34751,34751,94839,100.0,100.0,70.0,-70.0,34751,True,
ndvi,data/NDVI/ECO_L2T_STARS.002_NDVI-UQ_20250613T112956_aid0001_32N.tif,ECO_L2T_STARS.002_NDVI-UQ_20250613T112956_aid0001_32N.tif,2025-06-13T11:29:56,2025-06-13,2025,6,13,11,29,56,2,13.0,midday_afternoon,20250613T112956,filename_YYYYMMDDTHHMMSS,True,EPSG:32632,32632,303,313,GTiff,float32,,"[579360.0, 5158510.0, 600570.0, 5180420.0]",0.023332778364419937,0.03149760141968727,0.0008784726378507912,0.08619760721921921,0.01277589425444603,0.0008785194950178266,0.01574619673192501,0.033166248351335526,0.033166248351335526,34751,34751,34751,94839,100.0,100.0,70.0,-70.0,34751,True,
ndvi,data/NDVI/ECO_L2T_STARS.002_NDVI_20250613T112956_aid0001_32N.tif,ECO_L2T_STARS.002_NDVI_20250613T112956_aid0001_32N.tif,2025-06-13T11:29:56,2025-06-13,2025,6,13,11,29,56,2,13.0,midday_afternoon,20250613T112956,filename_YYYYMMDDTHHMMSS,True,EPSG:32632,32632,303,313,GTiff,float32,,"[579360.0, 5158510.0, 600570.0, 5180420.0]",0.39006221294403076,0.30000001192092896,-0.09164026379585266,0.9918391704559326,0.16229167580604553,0.18647658824920654,0.30000001192092896,0.49142977595329285,0.7093915939331055,34747,34747,34751,94839,99.98848953986935,99.98848953986935,70.0,-70.0,34751,True,
ndvi,data/NDVI/ECO_L2T_STARS.002_NDVI-UQ_20250618T054920_aid0001_32N.tif,ECO_L2T_STARS.002_NDVI-UQ_20250618T054920_aid0001_32N.tif,2025-06-18T05:49:20,2025-06-18,2025,6,18,5,49,20,2,7.0,morning,20250618T054920,filename_YYYYMMDDTHHMMSS,True,EPSG:32632,32632,303,313,GTiff,float32,,"[579360.0, 5158510.0, 600570.0, 5180420.0]",0.044479742646217346,0.03791077807545662,0.004246929194778204,0.5710173845291138,0.0463651642203331,0.013070303946733475,0.02238296903669834,0.03999999910593033,0.12811437249183655,34751,34751,34751,94839,100.0,100.0,70.0,-70.0,34751,True,
ndvi,data/NDVI/ECO_L2T_STARS.002_NDVI_20250618T054920_aid0001_32N.tif,ECO_L2T_STARS.002_NDVI_20250618T054920_aid0001_32N.tif,2025-06-18T05:49:20,2025-06-18,2025,6,18,5,49,20,2,7.0,morning,20250618T054920,filename_YYYYMMDDTHHMMSS,True,EPSG:32632,32632,303,313,GTiff,float32,,"[579360.0, 5158510.0, 600570.0, 5180420.0]",0.4277637004852295,0.3403935432434082,-0.9277066588401794,0.9994558095932007,0.2052101045846939,0.15983130037784576,0.30000001192092896,0.5870199203491211,0.7924704551696777,34648,34648,34751,94839,99.70360565163593,99.70360565163593,70.0,-70.0,34751,True,
ndvi,data/NDVI/ECO_L2T_STARS.002_NDVI-UQ_20250620T041215_aid0001_32N.tif,ECO_L2T_STARS.002_NDVI-UQ_20250620T041215_aid0001_32N.tif,2025-06-20T04:12:15,2025-06-20,2025,6,20,4,12,15,2,6.0,morning,20250620T041215,filename_YYYYMMDDTHHMMSS,True,EPSG:32632,32632,303,313,GTiff,float32,,"[579360.0, 5158510.0, 600570.0, 5180420.0]",0.025087283924221992,0.013985135592520237,0.0018847320461645722,0.4409586489200592,0.027472050860524178,0.005660283379256725,0.008893041871488094,0.03986494243144989,0.057581860572099686,34751,34751,34751,94839,100.0,100.0,70.0,-70.0,34751,True,
ndvi,data/NDVI/ECO_L2T_STARS.002_NDVI_20250620T041215_aid0001_32N.tif,ECO_L2T_STARS.002_NDVI_20250620T041215_aid0001_32N.tif,2025-06-20T04:12:15,2025-06-20,2025,6,20,4,12,15,2,6.0,morning,20250620T041215,filename_YYYYMMDDTHHMMSS,True,EPSG:32632,32632,303,313,GTiff,float32,,"[579360.0, 5158510.0, 600570.0, 5180420.0]",0.43550246953964233,0.3981322646141052,-0.9348183274269104,0.993843138217926,0.23421606421470642,0.0899432972073555,0.2528161406517029,0.6610799431800842,0.7889379262924194,34736,34736,34751,94839,99.95683577451008,99.95683577451008,70.0,-70.0,34751,True,
ndvi,data/NDVI/ECO_L2T_STARS.002_NDVI-UQ_20250621T081446_aid0001_32N.tif,ECO_L2T_STARS.002_NDVI-UQ_20250621T081446_aid0001_32N.tif,2025-06-21T08:14:46,2025-06-21,2025,6,21,8,14,46,2,10.0,morning,20250621T081446,filename_YYYYMMDDTHHMMSS,True,EPSG:32632,32632,303,313,GTiff,float32,,"[579360.0, 5158510.0, 600570.0, 5180420.0]",0.029940087348222733,0.01974794827401638,0.0009571958216838539,0.4773707985877991,0.0334489569067955,0.0009999587200582027,0.011905305087566376,0.04218579828739166,0.0727611780166626,34751,34751,34751,94839,100.0,100.0,70.0,-70.0,34751,True,
ndvi,data/NDVI/ECO_L2T_STARS.002_NDVI_20250621T081446_aid0001_32N.tif,ECO_L2T_STARS.002_NDVI_20250621T081446_aid0001_32N.tif,2025-06-21T08:14:46,2025-06-21,2025,6,21,8,14,46,2,10.0,morning,20250621T081446,filename_YYYYMMDDTHHMMSS,True,EPSG:32632,32632,303,313,GTiff,float32,,"[579360.0, 5158510.0, 600570.0, 5180420.0]",0.4352896511554718,0.40319758653640747,-0.9348183274269104,0.9930881857872009,0.236988365650177,0.08352058380842209,0.24834802746772766,0.6576235890388489,0.7938803434371948,34734,34734,34751,94839,99.95108054444476,99.95108054444476,70.0,-70.0,34751,True,
ndvi,data/NDVI/ECO_L2T_STARS.002_NDVI-UQ_20250621T081538_aid0001_32N.tif,ECO_L2T_STARS.002_NDVI-UQ_20250621T081538_aid0001_32N.tif,2025-06-21T08:15:38,2025-06-21,2025,6,21,8,15,38,2,10.0,morning,20250621T081538,filename_YYYYMMDDTHHMMSS,True,EPSG:32632,32632,8,313,GTiff,float32,,"[600000.0, 5158510.0, 600560.0, 5180420.0]",0.03719211742281914,0.0453198179602623,0.0009916953276842833,0.04641231521964073,0.01569228805601597,0.0009924588957801461,0.032395776361227036,0.04573545232415199,0.04607854038476944,94,94,94,2504,100.0,100.0,70.0,-70.0,94,True,
ndvi,data/NDVI/ECO_L2T_STARS.002_NDVI_20250621T081538_aid0001_32N.tif,ECO_L2T_STARS.002_NDVI_20250621T081538_aid0001_32N.tif,2025-06-21T08:15:38,2025-06-21,2025,6,21,8,15,38,2,10.0,morning,20250621T081538,filename_YYYYMMDDTHHMMSS,True,EPSG:32632,32632,8,313,GTiff,float32,,"[600000.0, 5158510.0, 600560.0, 5180420.0]",0.04071029648184776,-0.03681492060422897,-0.11768612265586853,0.7170140743255615,0.2156652808189392,-0.10774228721857071,-0.06720448285341263,-0.010301860049366951,0.5513211488723755,94,94,94,2504,100.0,100.0,70.0,-70.0,94,True,
ndvi,data/NDVI/ECO_L2T_STARS.002_NDVI-UQ_20250622T041234_aid0001_32N.tif,ECO_L2T_STARS.002_NDVI-UQ_20250622T041234_aid0001_32N.tif,2025-06-22T04:12:34,2025-06-22,2025,6,22,4,12,34,2,6.0,morning,20250622T041234,filename_YYYYMMDDTHHMMSS,True,EPSG:32632,32632,303,313,GTiff,float32,,"[579360.0, 5158510.0, 600570.0, 5180420.0]",0.0382029227912426,0.028603220358490944,0.004231793340295553,0.6758866906166077,0.04133600369095802,0.010510590858757496,0.015361540019512177,0.04463003948330879,0.09764909744262695,34751,34751,34751,94839,100.0,100.0,70.0,-70.0,34751,True,
ndvi,data/NDVI/ECO_L2T_STARS.002_NDVI_20250622T041234_aid0001_32N.tif,ECO_L2T_STARS.002_NDVI_20250622T041234_aid0001_32N.tif,2025-06-22T04:12:34,2025-06-22,2025,6,22,4,12,34,2,6.0,morning,20250622T041234,filename_YYYYMMDDTHHMMSS,True,EPSG:32632,32632,303,313,GTiff,float32,,"[579360.0, 5158510.0, 600570.0, 5180420.0]",0.4484831690788269,0.41739532351493835,-0.9348183274269104,0.9992035627365112,0.24560880661010742,0.08704955130815506,0.25176021456718445,0.6741754412651062,0.8299098014831543,34583,34583,34751,94839,99.51656067451296,99.51656067451296,70.0,-70.0,34751,True,
ndvi,data/NDVI/ECO_L2T_STARS.002_NDVI-UQ_20250623T081424_aid0001_32N.tif,ECO_L2T_STARS.002_NDVI-UQ_20250623T081424_aid0001_32N.tif,2025-06-23T08:14:24,2025-06-23,2025,6,23,8,14,24,2,10.0,morning,20250623T081424,filename_YYYYMMDDTHHMMSS,True,EPSG:32632,32632,303,313,GTiff,float32,,"[579360.0, 5158510.0, 600570.0, 5180420.0]",0.0429764948785305,0.03163547441363335,0.0009978667367249727,0.7609261274337769,0.047441061586141586,0.012190358713269234,0.01740439422428608,0.04582575708627701,0.11690795421600342,34751,34751,34751,94839,100.0,100.0,70.0,-70.0,34751,True,
ndvi,data/NDVI/ECO_L2T_STARS.002_NDVI_20250623T081424_aid0001_32N.tif,ECO_L2T_STARS.002_NDVI_20250623T081424_aid0001_32N.tif,2025-06-23T08:14:24,2025-06-23,2025,6,23,8,14,24,2,10.0,morning,20250623T081424,filename_YYYYMMDDTHHMMSS,True,EPSG:32632,32632,303,313,GTiff,float32,,"[579360.0, 5158510.0, 600570.0, 5180420.0]",0.44718506932258606,0.4159558415412903,-0.9348183274269104,0.9998024702072144,0.24712570011615753,0.08482994139194489,0.249099001288414,0.6721177697181702,0.8342244625091553,34498,34498,34751,94839,99.27196339673678,99.27196339673678,70.0,-70.0,34751,True,
ndvi,data/NDVI/ECO_L2T_STARS.002_NDVI-UQ_20250624T072630_aid0001_32N.tif,ECO_L2T_STARS.002_NDVI-UQ_20250624T072630_aid0001_32N.tif,2025-06-24T07:26:30,2025-06-24,2025,6,24,7,26,30,2,9.0,morning,20250624T072630,filename_YYYYMMDDTHHMMSS,True,EPSG:32632,32632,303,313,GTiff,float32,,"[579360.0, 5158510.0, 600570.0, 5180420.0]",0.02166029065847397,0.0009999467292800546,0.0008910149917937815,0.5717516541481018,0.03635074943304062,0.0009972674306482077,0.0009988126112148166,0.03927796334028244,0.074531689286232,34751,34751,34751,94839,100.0,100.0,70.0,-70.0,34751,True,
ndvi,data/NDVI/ECO_L2T_STARS.002_NDVI_20250624T072630_aid0001_32N.tif,ECO_L2T_STARS.002_NDVI_20250624T072630_aid0001_32N.tif,2025-06-24T07:26:30,2025-06-24,2025,6,24,7,26,30,2,9.0,morning,20250624T072630,filename_YYYYMMDDTHHMMSS,True,EPSG:32632,32632,303,313,GTiff,float32,,"[579360.0, 5158510.0, 600570.0, 5180420.0]",0.4283970594406128,0.39133408665657043,-0.8284974098205566,0.9990642070770264,0.24682913720607758,0.07981432974338531,0.21841555833816528,0.6733425855636597,0.7907211780548096,34607,34607,34751,94839,99.58562343529682,99.58562343529682,70.0,-70.0,34751,True,
ndvi,data/NDVI/ECO_L2T_STARS.002_NDVI-UQ_20250629T045926_aid0001_32N.tif,ECO_L2T_STARS.002_NDVI-UQ_20250629T045926_aid0001_32N.tif,2025-06-29T04:59:26,2025-06-29,2025,6,29,4,59,26,2,6.0,morning,20250629T045926,filename_YYYYMMDDTHHMMSS,True,EPSG:32632,32632,303,313,GTiff,float32,,"[579360.0, 5158510.0, 600570.0, 5180420.0]",0.07418961077928543,0.051821835339069366,0.006526577286422253,0.9649679660797119,0.0711023285984993,0.016277849674224854,0.03163857385516167,0.09147904068231583,0.19877779483795166,34748,34748,34751,94839,99.99136715490202,99.99136715490202,70.0,-70.0,34751,True,
ndvi,data/NDVI/ECO_L2T_STARS.002_NDVI_20250629T045926_aid0001_32N.tif,ECO_L2T_STARS.002_NDVI_20250629T045926_aid0001_32N.tif,2025-06-29T04:59:26,2025-06-29,2025,6,29,4,59,26,2,6.0,morning,20250629T045926,filename_YYYYMMDDTHHMMSS,True,EPSG:32632,32632,303,313,GTiff,float32,,"[579360.0, 5158510.0, 600570.0, 5180420.0]",0.42739689350128174,0.3890582323074341,-0.9982651472091675,0.9989553093910217,0.2564598023891449,0.06454713642597198,0.21320095658302307,0.667273998260498,0.8203104138374329,34555,34555,34751,94839,99.43598745359846,99.43598745359846,70.0,-70.0,34751,True,
